# LOINC codes gated by their CLASS — generated, do not hand-edit.
#
# <LOINC_NUM>  TAB  <CLASS>
#
# DERIVATION.  From `loinc_axis.csv` inside the shipped bundle
# (loinc-2.82+2026.08.28-af2524b7a285), selecting CLASS matching:
#
#     ^(RAD|OB\.US|DENTAL|CELLMARK|NIH\.)
#
# Regenerate with `python -m scripts.gen_class_gate`.
#
# WHY A CLASS GATE, ON TOP OF `loinc_skip.txt` AND THE AXIS RULE.
# `engine._axis_gated` rejects a candidate on PROPERTY/SCALE/SYSTEM, which
# catches a code that is the wrong KIND of thing. It cannot catch a code that
# is a perfectly ordinary measurement from a DISCIPLINE a printed lab report
# never contains. Two measured wrong answers were exactly that:
#
#     癌胚抗原 / carcinoembryonic antigen -> 17188-4  CLASS=CELLMARK
#         *CD66e cells/cells in Blood* — the flow-cytometry cell-surface
#         marker, not the serum tumour marker 2039-6 (CLASS=CHEM). Only the
#         abbreviation `CEA` reached the right one.
#     骨量 -> 34019-0  CLASS=DENTAL
#         a bone volume measured in a tooth space.
#
# `RAD` alone is 7039 codes and is the single largest block of
# reachable rows that cannot appear as a row on a lab report.
#
# WHAT IS DELIBERATELY NOT GATED, and it is the same lesson as `^Patient`:
# consumer and wearable metrics live in classes that look "not lab".
#   H&P.HX    sleep duration 93832-4, deep sleep 93831-6
#   EKG.MEAS  heart-rate variability 76643-6
#   CLIN      step count 41950-7, HRV SDNN 112429-6
#   BDYWGT.*  body bone mass 101685-6, percentage of body fat 41982-0
# A first attempt gated H&P.* and EKG.* and lost all five.
#
# MEASURED: 217 terms from `test_engine_coverage.py`'s CASES and
# QUALITATIVE_READINGS, zero collateral damage. Blocks 10045 of
# 97314 codes (10.3%).
#
# The right long-term home for this is `loinc_skip.txt` INSIDE the bundle,
# regenerated by `scripts/vocabulary_build.py` at the next bundle build; it
# lives here because that rebuild needs the LOINC source release.
#
# CLASS breakdown: RAD=7039, CELLMARK=1544, OB.US=776, NIH.COGNITIVE=333, DENTAL=304, NIH.MOTOR=48, NIH.SENSORY=1
100225-2	RAD
100349-0	RAD
100369-8	RAD
100430-8	CELLMARK
100431-6	CELLMARK
100432-4	CELLMARK
100433-2	CELLMARK
100655-0	RAD
100760-8	RAD
100852-3	RAD
100853-1	RAD
100875-4	OB.US
100876-2	OB.US
100879-6	RAD
100880-4	RAD
100881-2	RAD
100882-0	RAD
100883-8	RAD
100884-6	RAD
100991-9	CELLMARK
100992-7	CELLMARK
100993-5	CELLMARK
101117-0	CELLMARK
101118-8	CELLMARK
101119-6	CELLMARK
101147-7	CELLMARK
101148-5	CELLMARK
101301-0	RAD
101582-5	RAD
101682-3	CELLMARK
101804-3	RAD
101805-0	RAD
102030-4	CELLMARK
102031-2	CELLMARK
103156-6	CELLMARK
103157-4	CELLMARK
103158-2	CELLMARK
103159-0	CELLMARK
103160-8	CELLMARK
103161-6	CELLMARK
103203-6	CELLMARK
103228-3	RAD
103229-1	RAD
103230-9	RAD
103231-7	RAD
103232-5	RAD
103233-3	RAD
103234-1	RAD
103235-8	RAD
103236-6	RAD
103237-4	RAD
103238-2	RAD
103239-0	RAD
103240-8	RAD
103241-6	RAD
103242-4	RAD
103243-2	RAD
103244-0	RAD
103245-7	RAD
103246-5	RAD
103247-3	RAD
103248-1	RAD
103249-9	RAD
103250-7	RAD
103251-5	RAD
103252-3	RAD
103253-1	RAD
103254-9	RAD
103255-6	RAD
103256-4	RAD
103257-2	RAD
103258-0	RAD
103259-8	RAD
103260-6	RAD
103261-4	RAD
103262-2	RAD
103263-0	RAD
103264-8	RAD
103265-5	RAD
103266-3	RAD
103267-1	RAD
103268-9	RAD
103269-7	RAD
103270-5	RAD
103271-3	RAD
103272-1	RAD
103273-9	RAD
103274-7	RAD
103275-4	RAD
103276-2	RAD
103277-0	RAD
103278-8	RAD
103279-6	RAD
103280-4	RAD
103281-2	RAD
103282-0	RAD
103283-8	RAD
103284-6	RAD
103285-3	RAD
103286-1	RAD
103287-9	RAD
103288-7	RAD
103289-5	RAD
103290-3	RAD
103291-1	RAD
103292-9	RAD
103293-7	RAD
103294-5	RAD
103295-2	RAD
103296-0	RAD
103297-8	RAD
103298-6	RAD
103299-4	RAD
103300-0	RAD
103301-8	RAD
103302-6	RAD
103303-4	RAD
103304-2	RAD
103305-9	RAD
103306-7	RAD
103307-5	RAD
103308-3	RAD
103309-1	RAD
103310-9	RAD
103311-7	RAD
103312-5	RAD
103313-3	RAD
103314-1	RAD
103315-8	RAD
103316-6	RAD
103317-4	RAD
103318-2	RAD
103319-0	RAD
103320-8	RAD
103321-6	RAD
103322-4	RAD
103323-2	RAD
103324-0	RAD
103325-7	RAD
103326-5	RAD
103327-3	RAD
103328-1	RAD
103329-9	RAD
103330-7	RAD
103331-5	RAD
103332-3	RAD
103333-1	RAD
103334-9	RAD
103335-6	RAD
103336-4	RAD
103337-2	RAD
103338-0	RAD
103339-8	RAD
103340-6	RAD
103341-4	RAD
103342-2	RAD
103343-0	RAD
103344-8	RAD
103345-5	RAD
103346-3	RAD
103347-1	RAD
103348-9	RAD
103349-7	RAD
103350-5	RAD
103351-3	RAD
103352-1	RAD
103353-9	RAD
103354-7	RAD
103355-4	RAD
103356-2	RAD
103357-0	RAD
103358-8	RAD
103359-6	RAD
103360-4	RAD
103361-2	RAD
103362-0	RAD
103363-8	RAD
103364-6	RAD
103365-3	RAD
103366-1	RAD
103367-9	RAD
103368-7	RAD
103369-5	RAD
103370-3	RAD
103371-1	RAD
103372-9	RAD
103373-7	RAD
103374-5	RAD
103375-2	RAD
103376-0	RAD
103377-8	RAD
103378-6	RAD
103379-4	RAD
103380-2	RAD
103381-0	RAD
103382-8	RAD
103383-6	RAD
103384-4	RAD
103385-1	RAD
103386-9	RAD
103387-7	RAD
103388-5	RAD
103389-3	RAD
103390-1	RAD
103391-9	RAD
103392-7	RAD
103393-5	RAD
103394-3	RAD
103395-0	RAD
103396-8	RAD
103397-6	RAD
103398-4	RAD
103399-2	RAD
103400-8	RAD
103401-6	RAD
103402-4	RAD
103403-2	RAD
103404-0	RAD
103405-7	RAD
103406-5	RAD
103407-3	RAD
103408-1	RAD
103409-9	RAD
103410-7	RAD
103411-5	RAD
103412-3	RAD
103413-1	RAD
103414-9	RAD
103415-6	RAD
103416-4	RAD
103417-2	RAD
103418-0	RAD
103419-8	RAD
103420-6	RAD
103421-4	RAD
103422-2	RAD
103423-0	RAD
103424-8	RAD
103425-5	RAD
103426-3	RAD
103427-1	RAD
103428-9	RAD
103429-7	RAD
103430-5	RAD
103431-3	RAD
103432-1	RAD
103433-9	RAD
103434-7	RAD
103435-4	RAD
103436-2	RAD
103437-0	RAD
103438-8	RAD
103439-6	RAD
103440-4	RAD
103441-2	RAD
103442-0	RAD
103443-8	RAD
103444-6	RAD
103445-3	RAD
103446-1	RAD
103447-9	RAD
103448-7	RAD
103449-5	RAD
103450-3	RAD
103451-1	RAD
103452-9	RAD
103453-7	RAD
103454-5	RAD
103455-2	RAD
103456-0	RAD
103457-8	RAD
103458-6	RAD
103459-4	RAD
103460-2	RAD
103461-0	RAD
103462-8	RAD
103463-6	RAD
103464-4	RAD
103465-1	RAD
103466-9	RAD
103467-7	RAD
103468-5	RAD
103469-3	RAD
103470-1	RAD
103471-9	RAD
103472-7	RAD
103473-5	RAD
103474-3	RAD
103475-0	RAD
103476-8	RAD
103477-6	RAD
103478-4	RAD
103479-2	RAD
103480-0	RAD
103481-8	RAD
103482-6	RAD
103483-4	RAD
103484-2	RAD
103485-9	RAD
103486-7	RAD
103487-5	RAD
103488-3	RAD
103489-1	RAD
103490-9	RAD
103491-7	RAD
103492-5	RAD
103493-3	RAD
103494-1	RAD
103495-8	RAD
103496-6	RAD
103497-4	RAD
103498-2	RAD
103499-0	RAD
103500-5	RAD
103501-3	RAD
103502-1	RAD
103503-9	RAD
103504-7	RAD
103505-4	RAD
103506-2	RAD
103507-0	RAD
103508-8	RAD
103509-6	RAD
103510-4	RAD
103511-2	RAD
103512-0	RAD
103513-8	RAD
103514-6	RAD
103515-3	RAD
103516-1	RAD
103517-9	RAD
103518-7	RAD
103519-5	RAD
103520-3	RAD
103521-1	RAD
103522-9	RAD
103523-7	RAD
103524-5	RAD
103525-2	RAD
103526-0	RAD
103527-8	RAD
103528-6	RAD
103529-4	RAD
103530-2	RAD
103531-0	RAD
103532-8	RAD
103533-6	RAD
103534-4	RAD
103535-1	RAD
103536-9	RAD
103537-7	RAD
103538-5	RAD
103539-3	RAD
103540-1	RAD
103541-9	RAD
103665-6	CELLMARK
103666-4	CELLMARK
103681-3	CELLMARK
103682-1	CELLMARK
103683-9	CELLMARK
103848-8	RAD
103849-6	RAD
103850-4	RAD
103851-2	RAD
103852-0	RAD
103853-8	RAD
103854-6	RAD
103855-3	RAD
103856-1	RAD
103857-9	RAD
103858-7	RAD
103859-5	RAD
103860-3	RAD
103861-1	RAD
103862-9	RAD
103863-7	RAD
103864-5	RAD
103865-2	RAD
103866-0	RAD
103867-8	RAD
103868-6	RAD
103869-4	RAD
103870-2	RAD
103871-0	RAD
103872-8	RAD
103873-6	RAD
103874-4	RAD
103875-1	RAD
103876-9	RAD
103877-7	RAD
103878-5	RAD
103879-3	RAD
103880-1	RAD
103881-9	RAD
103882-7	RAD
103883-5	RAD
103884-3	RAD
103885-0	RAD
103886-8	RAD
103887-6	RAD
103888-4	RAD
103889-2	RAD
103890-0	RAD
103891-8	RAD
103892-6	RAD
103893-4	RAD
103894-2	RAD
103895-9	RAD
103896-7	RAD
103897-5	RAD
103898-3	RAD
103899-1	RAD
103900-7	RAD
103901-5	RAD
103902-3	RAD
103903-1	RAD
103904-9	RAD
103905-6	RAD
103906-4	RAD
103907-2	RAD
103908-0	RAD
103909-8	RAD
103910-6	RAD
103911-4	RAD
103912-2	RAD
103913-0	RAD
103914-8	RAD
103915-5	RAD
103916-3	RAD
103917-1	RAD
103918-9	RAD
103919-7	RAD
103920-5	RAD
103921-3	RAD
103922-1	RAD
103923-9	RAD
103924-7	RAD
103925-4	RAD
103926-2	RAD
103927-0	RAD
103928-8	RAD
103943-7	RAD
103944-5	RAD
103945-2	RAD
104065-8	RAD
104128-4	RAD
104129-2	RAD
104130-0	RAD
104131-8	RAD
104215-9	RAD
104216-7	RAD
104260-5	CELLMARK
10429-9	CELLMARK
10430-7	CELLMARK
10431-5	CELLMARK
104317-3	CELLMARK
104318-1	CELLMARK
104319-9	CELLMARK
10432-3	CELLMARK
104322-3	CELLMARK
10433-1	CELLMARK
10434-9	CELLMARK
10435-6	CELLMARK
10436-4	CELLMARK
10437-2	CELLMARK
10438-0	CELLMARK
10439-8	CELLMARK
10441-4	CELLMARK
10442-2	CELLMARK
10443-0	CELLMARK
10444-8	CELLMARK
10445-5	CELLMARK
10446-3	CELLMARK
10447-1	CELLMARK
10448-9	CELLMARK
104633-3	RAD
104694-5	CELLMARK
10479-4	CELLMARK
104867-7	RAD
104868-5	RAD
104869-3	RAD
104870-1	RAD
104937-8	RAD
104938-6	RAD
104939-4	RAD
104940-2	RAD
104941-0	RAD
104942-8	RAD
104943-6	RAD
104944-4	RAD
104945-1	RAD
104946-9	RAD
105128-3	RAD
105129-1	RAD
105130-9	RAD
105131-7	RAD
105132-5	RAD
105133-3	RAD
105134-1	RAD
105135-8	RAD
105136-6	RAD
105137-4	RAD
105138-2	RAD
105139-0	RAD
105140-8	RAD
105141-6	RAD
105142-4	RAD
105143-2	RAD
105144-0	RAD
105145-7	RAD
105146-5	RAD
105147-3	RAD
105148-1	RAD
105149-9	RAD
105150-7	RAD
105151-5	RAD
105152-3	RAD
105153-1	RAD
105154-9	RAD
105155-6	RAD
105156-4	RAD
105157-2	RAD
105158-0	RAD
105159-8	RAD
105160-6	RAD
105161-4	RAD
105162-2	RAD
105163-0	RAD
105164-8	RAD
105165-5	RAD
105166-3	RAD
105167-1	RAD
105168-9	RAD
105169-7	RAD
105170-5	RAD
105171-3	RAD
105172-1	RAD
105173-9	RAD
105174-7	RAD
105420-4	RAD
105421-2	RAD
105422-0	RAD
106251-2	RAD
106252-0	RAD
106253-8	RAD
106254-6	RAD
106255-3	RAD
106256-1	RAD
106257-9	RAD
106258-7	RAD
106259-5	RAD
106260-3	RAD
106261-1	RAD
106262-9	RAD
106263-7	RAD
106264-5	RAD
106265-2	RAD
106266-0	RAD
106267-8	RAD
106268-6	RAD
106269-4	RAD
106270-2	RAD
106271-0	RAD
106272-8	RAD
106273-6	RAD
106274-4	RAD
106275-1	RAD
106276-9	RAD
106277-7	RAD
106278-5	RAD
106279-3	RAD
106280-1	RAD
106281-9	RAD
106282-7	RAD
106283-5	RAD
106284-3	RAD
106285-0	RAD
106286-8	RAD
106287-6	RAD
106288-4	RAD
106289-2	RAD
106290-0	RAD
106291-8	RAD
106292-6	RAD
106293-4	RAD
106294-2	RAD
106302-3	RAD
106303-1	RAD
106304-9	RAD
106305-6	RAD
106306-4	RAD
106307-2	RAD
106308-0	RAD
106309-8	RAD
106310-6	RAD
106311-4	RAD
106312-2	RAD
106313-0	RAD
106314-8	RAD
106315-5	RAD
106316-3	RAD
106317-1	RAD
106318-9	RAD
106319-7	RAD
106320-5	RAD
106321-3	RAD
106322-1	RAD
106323-9	RAD
106324-7	RAD
106325-4	RAD
106326-2	RAD
106327-0	RAD
106328-8	RAD
106329-6	RAD
106330-4	RAD
106331-2	RAD
106332-0	RAD
106333-8	RAD
106334-6	RAD
106335-3	RAD
106336-1	RAD
106337-9	RAD
106338-7	RAD
106814-7	RAD
106815-4	RAD
106816-2	RAD
106817-0	RAD
106818-8	RAD
106819-6	RAD
106820-4	RAD
106821-2	RAD
106822-0	RAD
106823-8	RAD
106824-6	RAD
106825-3	RAD
106826-1	RAD
106827-9	RAD
106828-7	RAD
106829-5	RAD
106830-3	RAD
106831-1	RAD
106832-9	RAD
106833-7	RAD
106834-5	RAD
106837-8	RAD
106839-4	RAD
106840-2	RAD
106844-4	RAD
106845-1	RAD
106846-9	RAD
106847-7	RAD
106848-5	RAD
106849-3	RAD
106850-1	RAD
106851-9	RAD
106852-7	RAD
106853-5	RAD
106854-3	RAD
106856-8	RAD
106857-6	RAD
106907-9	CELLMARK
106908-7	CELLMARK
106909-5	CELLMARK
106920-2	CELLMARK
106943-4	CELLMARK
106944-2	CELLMARK
106945-9	CELLMARK
106946-7	CELLMARK
106947-5	CELLMARK
106948-3	CELLMARK
106949-1	CELLMARK
106950-9	CELLMARK
106951-7	CELLMARK
106952-5	CELLMARK
106953-3	CELLMARK
106954-1	CELLMARK
106955-8	CELLMARK
106956-6	CELLMARK
106957-4	CELLMARK
106958-2	CELLMARK
106959-0	CELLMARK
106960-8	CELLMARK
106961-6	CELLMARK
106962-4	CELLMARK
106963-2	CELLMARK
106964-0	CELLMARK
107033-3	CELLMARK
107034-1	CELLMARK
107035-8	CELLMARK
107036-6	CELLMARK
107037-4	CELLMARK
107038-2	CELLMARK
107039-0	CELLMARK
107040-8	CELLMARK
107041-6	CELLMARK
107042-4	CELLMARK
107043-2	CELLMARK
107044-0	CELLMARK
107045-7	CELLMARK
107046-5	CELLMARK
107047-3	CELLMARK
107048-1	CELLMARK
107049-9	CELLMARK
107050-7	CELLMARK
107052-3	CELLMARK
107053-1	CELLMARK
107054-9	CELLMARK
107055-6	CELLMARK
107056-4	CELLMARK
107057-2	CELLMARK
107058-0	CELLMARK
107059-8	CELLMARK
107060-6	CELLMARK
107061-4	CELLMARK
107062-2	CELLMARK
107063-0	CELLMARK
107064-8	CELLMARK
107065-5	CELLMARK
107066-3	CELLMARK
107067-1	CELLMARK
107068-9	CELLMARK
107069-7	CELLMARK
107070-5	CELLMARK
107071-3	CELLMARK
107072-1	CELLMARK
107073-9	CELLMARK
107074-7	CELLMARK
107075-4	CELLMARK
107076-2	CELLMARK
107077-0	CELLMARK
107078-8	CELLMARK
107079-6	CELLMARK
107080-4	CELLMARK
107081-2	CELLMARK
107082-0	CELLMARK
107083-8	CELLMARK
107238-8	CELLMARK
107258-6	RAD
107259-4	RAD
107262-8	RAD
107263-6	RAD
107264-4	RAD
107265-1	RAD
107266-9	RAD
107267-7	RAD
107268-5	RAD
107269-3	RAD
107270-1	RAD
107271-9	RAD
107272-7	RAD
107273-5	RAD
107274-3	RAD
107275-0	RAD
107276-8	RAD
107277-6	RAD
107278-4	RAD
107279-2	RAD
107280-0	RAD
107290-9	RAD
107291-7	RAD
107292-5	RAD
107293-3	RAD
107294-1	RAD
107295-8	RAD
107296-6	RAD
107297-4	RAD
107298-2	RAD
107299-0	RAD
107300-6	RAD
107301-4	RAD
107302-2	RAD
107303-0	RAD
107304-8	RAD
107305-5	RAD
107306-3	RAD
107307-1	RAD
107370-9	CELLMARK
107371-7	CELLMARK
107373-3	RAD
107374-1	RAD
107375-8	RAD
107379-0	RAD
107380-8	RAD
107381-6	RAD
107382-4	RAD
107383-2	RAD
107384-0	RAD
107385-7	RAD
107386-5	RAD
107387-3	RAD
107388-1	RAD
107390-7	RAD
107391-5	RAD
107393-1	RAD
107403-8	RAD
107404-6	RAD
107405-3	RAD
107406-1	RAD
107407-9	RAD
107408-7	RAD
107409-5	RAD
107410-3	RAD
107411-1	RAD
107412-9	RAD
107413-7	RAD
107414-5	RAD
107415-2	RAD
107416-0	RAD
107417-8	RAD
107418-6	RAD
107419-4	RAD
107420-2	RAD
107421-0	RAD
107422-8	RAD
107423-6	RAD
107424-4	RAD
107425-1	RAD
107426-9	RAD
107427-7	RAD
107428-5	RAD
107429-3	RAD
107430-1	RAD
107432-7	RAD
107433-5	RAD
107434-3	RAD
107435-0	RAD
107437-6	RAD
107439-2	RAD
107440-0	RAD
107441-8	RAD
107442-6	RAD
107443-4	RAD
107614-0	CELLMARK
107615-7	CELLMARK
108266-8	CELLMARK
108267-6	CELLMARK
108347-6	RAD
108348-4	RAD
11130-2	CELLMARK
111475-0	RAD
111476-8	RAD
111477-6	RAD
112301-7	CELLMARK
11525-3	RAD
11612-9	OB.US
11613-7	OB.US
11614-5	OB.US
11615-2	OB.US
11616-0	OB.US
11617-8	OB.US
11618-6	OB.US
11619-4	OB.US
11620-2	OB.US
11621-0	OB.US
11622-8	OB.US
11623-6	OB.US
11624-4	OB.US
11625-1	OB.US
11626-9	OB.US
11627-7	OB.US
11628-5	OB.US
11629-3	OB.US
11630-1	OB.US
11631-9	OB.US
11632-7	OB.US
11633-5	OB.US
11634-3	OB.US
11635-0	OB.US
11636-8	OB.US
11637-6	OB.US
11638-4	OB.US
11639-2	OB.US
11640-0	OB.US
11641-8	OB.US
11643-4	OB.US
11645-9	OB.US
11647-5	OB.US
11649-1	OB.US
11651-7	OB.US
11653-3	OB.US
11654-1	OB.US
11655-8	OB.US
11656-6	OB.US
11657-4	OB.US
11658-2	OB.US
11659-0	OB.US
11660-8	OB.US
11661-6	OB.US
11662-4	OB.US
11663-2	OB.US
11664-0	OB.US
11665-7	OB.US
11666-5	OB.US
11667-3	OB.US
11668-1	OB.US
11669-9	OB.US
11670-7	OB.US
11671-5	OB.US
11672-3	OB.US
11673-1	OB.US
11674-9	OB.US
11675-6	OB.US
11676-4	OB.US
11677-2	OB.US
11679-8	OB.US
11681-4	OB.US
11683-0	OB.US
11684-8	OB.US
11685-5	OB.US
11686-3	OB.US
11687-1	OB.US
11688-9	OB.US
11689-7	OB.US
11690-5	OB.US
11691-3	OB.US
11692-1	OB.US
11693-9	OB.US
11694-7	OB.US
11695-4	OB.US
11696-2	OB.US
11697-0	OB.US
11698-8	OB.US
11699-6	OB.US
11700-2	OB.US
11701-0	OB.US
11702-8	OB.US
11703-6	OB.US
11704-4	OB.US
11705-1	OB.US
11707-7	OB.US
11709-3	OB.US
11711-9	OB.US
11713-5	OB.US
11715-0	OB.US
11717-6	OB.US
11718-4	OB.US
11719-2	OB.US
11720-0	OB.US
11721-8	OB.US
11722-6	OB.US
11723-4	OB.US
11724-2	OB.US
11725-9	OB.US
11726-7	OB.US
11727-5	OB.US
11728-3	OB.US
11729-1	OB.US
11730-9	OB.US
11731-7	OB.US
11732-5	OB.US
11733-3	OB.US
11734-1	OB.US
11735-8	OB.US
11736-6	OB.US
11737-4	OB.US
11738-2	OB.US
11739-0	OB.US
11740-8	OB.US
11741-6	OB.US
11742-4	OB.US
11743-2	OB.US
11744-0	OB.US
11745-7	OB.US
11746-5	OB.US
11747-3	OB.US
11748-1	OB.US
11749-9	OB.US
11750-7	OB.US
11751-5	OB.US
11752-3	OB.US
11753-1	OB.US
11754-9	OB.US
11755-6	OB.US
11756-4	OB.US
11757-2	OB.US
11758-0	OB.US
11759-8	OB.US
11760-6	OB.US
11761-4	OB.US
11762-2	OB.US
11763-0	OB.US
11764-8	OB.US
11765-5	OB.US
11766-3	OB.US
11768-9	OB.US
11769-7	OB.US
11770-5	OB.US
11771-3	OB.US
11772-1	OB.US
11773-9	OB.US
11774-7	OB.US
11775-4	OB.US
11776-2	OB.US
11777-0	OB.US
11778-8	OB.US
11779-6	OB.US
11780-4	OB.US
11781-2	OB.US
11782-0	OB.US
11783-8	OB.US
11784-6	OB.US
11785-3	OB.US
11786-1	OB.US
11787-9	OB.US
11788-7	OB.US
11789-5	OB.US
11790-3	OB.US
11791-1	OB.US
11792-9	OB.US
11793-7	OB.US
11794-5	OB.US
11796-0	OB.US
11798-6	OB.US
11800-0	OB.US
11802-6	OB.US
11803-4	OB.US
11804-2	OB.US
11805-9	OB.US
11806-7	OB.US
11807-5	OB.US
11808-3	OB.US
11809-1	OB.US
11810-9	OB.US
11811-7	OB.US
11812-5	OB.US
11813-3	OB.US
11814-1	OB.US
11815-8	OB.US
11816-6	OB.US
11817-4	OB.US
11818-2	OB.US
11819-0	OB.US
11820-8	OB.US
11821-6	OB.US
11822-4	OB.US
11823-2	OB.US
11824-0	OB.US
11825-7	OB.US
11826-5	OB.US
11827-3	OB.US
11828-1	OB.US
11829-9	OB.US
11830-7	OB.US
11831-5	OB.US
11832-3	OB.US
11833-1	OB.US
11834-9	OB.US
11835-6	OB.US
11836-4	OB.US
11837-2	OB.US
11838-0	OB.US
11839-8	OB.US
11840-6	OB.US
11841-4	OB.US
11842-2	OB.US
11843-0	OB.US
11844-8	OB.US
11845-5	OB.US
11846-3	OB.US
11847-1	OB.US
11848-9	OB.US
11849-7	OB.US
11850-5	OB.US
11851-3	OB.US
11852-1	OB.US
11853-9	OB.US
11854-7	OB.US
11855-4	OB.US
11856-2	OB.US
11857-0	OB.US
11858-8	OB.US
11859-6	OB.US
11860-4	OB.US
11861-2	OB.US
11862-0	OB.US
11863-8	OB.US
11864-6	OB.US
11865-3	OB.US
11866-1	OB.US
11868-7	OB.US
11869-5	OB.US
11870-3	OB.US
11871-1	OB.US
11872-9	OB.US
11873-7	OB.US
11874-5	OB.US
11875-2	OB.US
11876-0	OB.US
11877-8	OB.US
11878-6	OB.US
11879-4	OB.US
11880-2	OB.US
11881-0	OB.US
11882-8	OB.US
11883-6	OB.US
11884-4	OB.US
11885-1	OB.US
11886-9	OB.US
11887-7	OB.US
11888-5	OB.US
11889-3	OB.US
11890-1	OB.US
11891-9	OB.US
11892-7	OB.US
11893-5	OB.US
11894-3	OB.US
11895-0	OB.US
11896-8	OB.US
11897-6	OB.US
11898-4	OB.US
11899-2	OB.US
11900-8	OB.US
11901-6	OB.US
11902-4	OB.US
11903-2	OB.US
11904-0	OB.US
11905-7	OB.US
11906-5	OB.US
11907-3	OB.US
11908-1	OB.US
11909-9	OB.US
11910-7	OB.US
11911-5	OB.US
11912-3	OB.US
11913-1	OB.US
11914-9	OB.US
11915-6	OB.US
11916-4	OB.US
11917-2	OB.US
11918-0	OB.US
11919-8	OB.US
11920-6	OB.US
11921-4	OB.US
11922-2	OB.US
11923-0	OB.US
11924-8	OB.US
11925-5	OB.US
11926-3	OB.US
11927-1	OB.US
11928-9	OB.US
11929-7	OB.US
11930-5	OB.US
11931-3	OB.US
11932-1	OB.US
11933-9	OB.US
11934-7	OB.US
11935-4	OB.US
11936-2	OB.US
11937-0	OB.US
11938-8	OB.US
11939-6	OB.US
11940-4	OB.US
11941-2	OB.US
11942-0	OB.US
11943-8	OB.US
11944-6	OB.US
11945-3	OB.US
11946-1	OB.US
11947-9	OB.US
11948-7	OB.US
11949-5	OB.US
11950-3	OB.US
11951-1	OB.US
11952-9	OB.US
11953-7	OB.US
11954-5	OB.US
11956-0	OB.US
11957-8	OB.US
11958-6	OB.US
11959-4	OB.US
11960-2	OB.US
11961-0	OB.US
11962-8	OB.US
11963-6	OB.US
11964-4	OB.US
11965-1	OB.US
11966-9	OB.US
11967-7	OB.US
11968-5	OB.US
11969-3	OB.US
11970-1	OB.US
11971-9	OB.US
11972-7	OB.US
11973-5	OB.US
11974-3	OB.US
11975-0	OB.US
11976-8	OB.US
11977-6	OB.US
11978-4	OB.US
11979-2	OB.US
11980-0	OB.US
11981-8	OB.US
11982-6	OB.US
11983-4	OB.US
11984-2	OB.US
11985-9	OB.US
11986-7	OB.US
11987-5	OB.US
11988-3	OB.US
11989-1	OB.US
11990-9	OB.US
11991-7	OB.US
11992-5	OB.US
11993-3	OB.US
11994-1	OB.US
11995-8	OB.US
11996-6	OB.US
11997-4	OB.US
11998-2	OB.US
11999-0	OB.US
12000-6	OB.US
12001-4	OB.US
12002-2	OB.US
12003-0	OB.US
12004-8	OB.US
12005-5	OB.US
12006-3	OB.US
12007-1	OB.US
12008-9	OB.US
12009-7	OB.US
12010-5	OB.US
12011-3	OB.US
12012-1	OB.US
12014-7	OB.US
12016-2	OB.US
12017-0	OB.US
12018-8	OB.US
12019-6	OB.US
12020-4	OB.US
12021-2	OB.US
12022-0	OB.US
12023-8	OB.US
12024-6	OB.US
12025-3	OB.US
12026-1	OB.US
12027-9	OB.US
12028-7	OB.US
12029-5	OB.US
12030-3	OB.US
12031-1	OB.US
12032-9	OB.US
12033-7	OB.US
12034-5	OB.US
12035-2	OB.US
12036-0	OB.US
12037-8	OB.US
12038-6	OB.US
12039-4	OB.US
12040-2	OB.US
12041-0	OB.US
12042-8	OB.US
12043-6	OB.US
12044-4	OB.US
12045-1	OB.US
12046-9	OB.US
12047-7	OB.US
12048-5	OB.US
12049-3	OB.US
12050-1	OB.US
12051-9	OB.US
12052-7	OB.US
12053-5	OB.US
12054-3	OB.US
12055-0	OB.US
12056-8	OB.US
12057-6	OB.US
12058-4	OB.US
12059-2	OB.US
12060-0	OB.US
12061-8	OB.US
12062-6	OB.US
12063-4	OB.US
12064-2	OB.US
12065-9	OB.US
12066-7	OB.US
12067-5	OB.US
12068-3	OB.US
12069-1	OB.US
12070-9	OB.US
12071-7	OB.US
12072-5	OB.US
12073-3	OB.US
12074-1	OB.US
12075-8	OB.US
12076-6	OB.US
12077-4	OB.US
12078-2	OB.US
12079-0	OB.US
12080-8	OB.US
12081-6	OB.US
12082-4	OB.US
12083-2	OB.US
12084-0	OB.US
12085-7	OB.US
12086-5	OB.US
12087-3	OB.US
12088-1	OB.US
12089-9	OB.US
12090-7	OB.US
12091-5	OB.US
12092-3	OB.US
12093-1	OB.US
12094-9	OB.US
12095-6	OB.US
12096-4	OB.US
12097-2	OB.US
12098-0	OB.US
12099-8	OB.US
12100-4	OB.US
12101-2	OB.US
12102-0	OB.US
12103-8	OB.US
12104-6	OB.US
12105-3	OB.US
12106-1	OB.US
12107-9	OB.US
12108-7	OB.US
12109-5	OB.US
12110-3	OB.US
12111-1	OB.US
12112-9	OB.US
12113-7	OB.US
12114-5	OB.US
12115-2	OB.US
12116-0	OB.US
12117-8	OB.US
12118-6	OB.US
12119-4	OB.US
12120-2	OB.US
12121-0	OB.US
12122-8	OB.US
12123-6	OB.US
12124-4	OB.US
12125-1	OB.US
12126-9	OB.US
12128-5	OB.US
12129-3	OB.US
12130-1	OB.US
12131-9	OB.US
12132-7	OB.US
12133-5	OB.US
12134-3	OB.US
12135-0	OB.US
12136-8	OB.US
12137-6	OB.US
12138-4	OB.US
12139-2	OB.US
12140-0	OB.US
12141-8	OB.US
12142-6	OB.US
12143-4	OB.US
12144-2	OB.US
12145-9	OB.US
12146-7	OB.US
12147-5	OB.US
12148-3	OB.US
12149-1	OB.US
12150-9	OB.US
12151-7	OB.US
12152-5	OB.US
12153-3	OB.US
12154-1	OB.US
12155-8	OB.US
12156-6	OB.US
12157-4	OB.US
12158-2	OB.US
12159-0	OB.US
12160-8	OB.US
12161-6	OB.US
12162-4	OB.US
12163-2	OB.US
12164-0	OB.US
12165-7	OB.US
12166-5	OB.US
12167-3	OB.US
12168-1	OB.US
12169-9	OB.US
12170-7	OB.US
12171-5	OB.US
13331-4	CELLMARK
13332-2	CELLMARK
13333-0	CELLMARK
13334-8	CELLMARK
13335-5	CELLMARK
13336-3	CELLMARK
13337-1	CELLMARK
13338-9	CELLMARK
13339-7	CELLMARK
13340-5	CELLMARK
13341-3	CELLMARK
13342-1	CELLMARK
13343-9	CELLMARK
13344-7	CELLMARK
13345-4	CELLMARK
13346-2	CELLMARK
13837-0	CELLMARK
13838-8	CELLMARK
13839-6	CELLMARK
13840-4	CELLMARK
13841-2	CELLMARK
13842-0	CELLMARK
13843-8	CELLMARK
13844-6	CELLMARK
13845-3	CELLMARK
13846-1	CELLMARK
13847-9	CELLMARK
13848-7	CELLMARK
13850-3	CELLMARK
13851-1	CELLMARK
14017-8	CELLMARK
14018-6	CELLMARK
14108-5	CELLMARK
14109-3	CELLMARK
14112-7	CELLMARK
14113-5	CELLMARK
14135-8	CELLMARK
14136-6	CELLMARK
14961-7	CELLMARK
14962-5	CELLMARK
14963-3	CELLMARK
14964-1	CELLMARK
14965-8	CELLMARK
14966-6	CELLMARK
14967-4	CELLMARK
14968-2	CELLMARK
14969-0	CELLMARK
15193-6	CELLMARK
15194-4	CELLMARK
15195-1	CELLMARK
15196-9	CELLMARK
16106-7	CELLMARK
16107-5	CELLMARK
17096-9	CELLMARK
17097-7	CELLMARK
17098-5	CELLMARK
17099-3	CELLMARK
17100-9	CELLMARK
17101-7	CELLMARK
17102-5	CELLMARK
17103-3	CELLMARK
17104-1	CELLMARK
17105-8	CELLMARK
17106-6	CELLMARK
17107-4	CELLMARK
17108-2	CELLMARK
17109-0	CELLMARK
17110-8	CELLMARK
17111-6	CELLMARK
17112-4	CELLMARK
17113-2	CELLMARK
17114-0	CELLMARK
17115-7	CELLMARK
17116-5	CELLMARK
17117-3	CELLMARK
17118-1	CELLMARK
17119-9	CELLMARK
17120-7	CELLMARK
17121-5	CELLMARK
17122-3	CELLMARK
17123-1	CELLMARK
17124-9	CELLMARK
17125-6	CELLMARK
17126-4	CELLMARK
17127-2	CELLMARK
17128-0	CELLMARK
17129-8	CELLMARK
17130-6	CELLMARK
17131-4	CELLMARK
17132-2	CELLMARK
17133-0	CELLMARK
17135-5	CELLMARK
17136-3	CELLMARK
17137-1	CELLMARK
17138-9	CELLMARK
17139-7	CELLMARK
17140-5	CELLMARK
17141-3	CELLMARK
17142-1	CELLMARK
17143-9	CELLMARK
17144-7	CELLMARK
17146-2	CELLMARK
17147-0	CELLMARK
17148-8	CELLMARK
17149-6	CELLMARK
17150-4	CELLMARK
17151-2	CELLMARK
17152-0	CELLMARK
17153-8	CELLMARK
17154-6	CELLMARK
17155-3	CELLMARK
17156-1	CELLMARK
17157-9	CELLMARK
17158-7	CELLMARK
17159-5	CELLMARK
17160-3	CELLMARK
17161-1	CELLMARK
17162-9	CELLMARK
17163-7	CELLMARK
17164-5	CELLMARK
17165-2	CELLMARK
17166-0	CELLMARK
17167-8	CELLMARK
17168-6	CELLMARK
17169-4	CELLMARK
17170-2	CELLMARK
17171-0	CELLMARK
17172-8	CELLMARK
17173-6	CELLMARK
17174-4	CELLMARK
17175-1	CELLMARK
17176-9	CELLMARK
17177-7	CELLMARK
17178-5	CELLMARK
17179-3	CELLMARK
17180-1	CELLMARK
17181-9	CELLMARK
17182-7	CELLMARK
17183-5	CELLMARK
17184-3	CELLMARK
17185-0	CELLMARK
17186-8	CELLMARK
17187-6	CELLMARK
17188-4	CELLMARK
17189-2	CELLMARK
17190-0	CELLMARK
17191-8	CELLMARK
17192-6	CELLMARK
17193-4	CELLMARK
17194-2	CELLMARK
17195-9	CELLMARK
17196-7	CELLMARK
17197-5	CELLMARK
17198-3	CELLMARK
17199-1	CELLMARK
17200-7	CELLMARK
17201-5	CELLMARK
17202-3	CELLMARK
17203-1	CELLMARK
17204-9	CELLMARK
17205-6	CELLMARK
17206-4	CELLMARK
17207-2	CELLMARK
17208-0	CELLMARK
17209-8	CELLMARK
17210-6	CELLMARK
17211-4	CELLMARK
17212-2	CELLMARK
17213-0	CELLMARK
17214-8	CELLMARK
17215-5	CELLMARK
17216-3	CELLMARK
17217-1	CELLMARK
17218-9	CELLMARK
17219-7	CELLMARK
17220-5	CELLMARK
17221-3	CELLMARK
17222-1	CELLMARK
17224-7	CELLMARK
17225-4	CELLMARK
17226-2	CELLMARK
17822-8	CELLMARK
17823-6	CELLMARK
17824-4	CELLMARK
17825-1	CELLMARK
17826-9	CELLMARK
17827-7	CELLMARK
17828-5	CELLMARK
17829-3	CELLMARK
18185-9	OB.US
18266-7	CELLMARK
18267-5	CELLMARK
18268-3	CELLMARK
18283-2	CELLMARK
18284-0	CELLMARK
18285-7	CELLMARK
18349-1	CELLMARK
18350-9	CELLMARK
18847-4	OB.US
18848-2	OB.US
18849-0	OB.US
18850-8	OB.US
18851-6	OB.US
19021-5	OB.US
19078-5	CELLMARK
19079-3	CELLMARK
19099-1	CELLMARK
19122-1	CELLMARK
20402-4	CELLMARK
20476-8	CELLMARK
20477-6	CELLMARK
20478-4	CELLMARK
20503-9	CELLMARK
20584-9	CELLMARK
20586-4	CELLMARK
20587-2	CELLMARK
20588-0	CELLMARK
20589-8	CELLMARK
20590-6	CELLMARK
20591-4	CELLMARK
20592-2	CELLMARK
20593-0	CELLMARK
20594-8	CELLMARK
20595-5	CELLMARK
20596-3	CELLMARK
20597-1	CELLMARK
20598-9	CELLMARK
20599-7	CELLMARK
20600-3	CELLMARK
20601-1	CELLMARK
20602-9	CELLMARK
20603-7	CELLMARK
20604-5	CELLMARK
20607-8	CELLMARK
20608-6	CELLMARK
20609-4	CELLMARK
20610-2	CELLMARK
20611-0	CELLMARK
20612-8	CELLMARK
20615-1	CELLMARK
20616-9	CELLMARK
20617-7	CELLMARK
20618-5	CELLMARK
20619-3	CELLMARK
20620-1	CELLMARK
20628-4	CELLMARK
20631-8	CELLMARK
20632-6	CELLMARK
21010-4	CELLMARK
21011-2	CELLMARK
21012-0	CELLMARK
21013-8	CELLMARK
21014-6	CELLMARK
21015-3	CELLMARK
21016-1	CELLMARK
21017-9	CELLMARK
21018-7	CELLMARK
21154-0	CELLMARK
21166-4	CELLMARK
21167-2	CELLMARK
21169-8	CELLMARK
21171-4	CELLMARK
21172-2	CELLMARK
21299-3	OB.US
21374-4	CELLMARK
21375-1	CELLMARK
24467-3	CELLMARK
24468-1	CELLMARK
24531-6	RAD
24532-4	RAD
24533-2	RAD
24534-0	RAD
24535-7	RAD
24536-5	RAD
24537-3	RAD
24538-1	RAD
24539-9	RAD
24540-7	RAD
24541-5	RAD
24542-3	RAD
24543-1	RAD
24544-9	RAD
24545-6	RAD
24547-2	RAD
24548-0	RAD
24549-8	RAD
24550-6	RAD
24551-4	RAD
24552-2	RAD
24553-0	RAD
24554-8	RAD
24555-5	RAD
24556-3	RAD
24557-1	RAD
24558-9	RAD
24559-7	RAD
24560-5	RAD
24561-3	RAD
24562-1	RAD
24563-9	RAD
24564-7	RAD
24566-2	RAD
24568-8	RAD
24569-6	RAD
24570-4	RAD
24571-2	RAD
24572-0	RAD
24573-8	RAD
24574-6	RAD
24575-3	RAD
24576-1	RAD
24577-9	RAD
24578-7	RAD
24579-5	RAD
24580-3	RAD
24581-1	RAD
24582-9	RAD
24583-7	RAD
24584-5	RAD
24585-2	RAD
24586-0	RAD
24587-8	RAD
24588-6	RAD
24589-4	RAD
24590-2	RAD
24591-0	RAD
24593-6	RAD
24594-4	RAD
24595-1	RAD
24596-9	RAD
24597-7	RAD
24598-5	RAD
24599-3	RAD
24600-9	RAD
24601-7	RAD
24602-5	RAD
24603-3	RAD
24604-1	RAD
24605-8	RAD
24606-6	RAD
24609-0	RAD
24610-8	RAD
24612-4	RAD
24614-0	RAD
24615-7	RAD
24616-5	RAD
24617-3	RAD
24619-9	RAD
24620-7	RAD
24621-5	RAD
24622-3	RAD
24623-1	RAD
24624-9	RAD
24625-6	RAD
24626-4	RAD
24627-2	RAD
24628-0	RAD
24629-8	RAD
24630-6	RAD
24631-4	RAD
24632-2	RAD
24634-8	RAD
24635-5	RAD
24636-3	RAD
24637-1	RAD
24638-9	RAD
24639-7	RAD
24640-5	RAD
24641-3	RAD
24642-1	RAD
24643-9	RAD
24644-7	RAD
24645-4	RAD
24646-2	RAD
24647-0	RAD
24648-8	RAD
24649-6	RAD
24650-4	RAD
24651-2	RAD
24652-0	RAD
24653-8	RAD
24654-6	RAD
24656-1	RAD
24657-9	RAD
24658-7	RAD
24659-5	RAD
24660-3	RAD
24661-1	RAD
24662-9	RAD
24663-7	RAD
24664-5	RAD
24665-2	RAD
24666-0	RAD
24667-8	RAD
24668-6	RAD
24669-4	RAD
24670-2	RAD
24671-0	RAD
24672-8	RAD
24674-4	RAD
24675-1	RAD
24676-9	RAD
24677-7	RAD
24678-5	RAD
24679-3	RAD
24680-1	RAD
24681-9	RAD
24682-7	RAD
24683-5	RAD
24684-3	RAD
24685-0	RAD
24686-8	RAD
24687-6	RAD
24688-4	RAD
24689-2	RAD
24690-0	RAD
24691-8	RAD
24692-6	RAD
24693-4	RAD
24694-2	RAD
24695-9	RAD
24696-7	RAD
24697-5	RAD
24698-3	RAD
24699-1	RAD
24700-7	RAD
24701-5	RAD
24702-3	RAD
24703-1	RAD
24704-9	RAD
24705-6	RAD
24706-4	RAD
24707-2	RAD
24708-0	RAD
24709-8	RAD
24710-6	RAD
24711-4	RAD
24712-2	RAD
24713-0	RAD
24714-8	RAD
24715-5	RAD
24716-3	RAD
24718-9	RAD
24719-7	RAD
24720-5	RAD
24721-3	RAD
24722-1	RAD
24723-9	RAD
24724-7	RAD
24725-4	RAD
24726-2	RAD
24727-0	RAD
24728-8	RAD
24729-6	RAD
24730-4	RAD
24731-2	RAD
24732-0	RAD
24733-8	RAD
24734-6	RAD
24735-3	RAD
24740-3	RAD
24745-2	RAD
24748-6	RAD
24750-2	RAD
24751-0	RAD
24752-8	RAD
24753-6	RAD
24755-1	RAD
24756-9	RAD
24760-1	RAD
24761-9	RAD
24762-7	RAD
24764-3	RAD
24765-0	RAD
24766-8	RAD
24767-6	RAD
24769-2	RAD
24770-0	RAD
24771-8	RAD
24772-6	RAD
24773-4	RAD
24776-7	RAD
24778-3	RAD
24779-1	RAD
24780-9	RAD
24781-7	RAD
24782-5	RAD
24783-3	RAD
24784-1	RAD
24787-4	RAD
24788-2	RAD
24789-0	RAD
24790-8	RAD
24792-4	RAD
24793-2	RAD
24794-0	RAD
24795-7	RAD
24796-5	RAD
24797-3	RAD
24798-1	RAD
24799-9	RAD
24800-5	RAD
24801-3	RAD
24802-1	RAD
24803-9	RAD
24804-7	RAD
24805-4	RAD
24806-2	RAD
24807-0	RAD
24809-6	RAD
24811-2	RAD
24812-0	RAD
24813-8	RAD
24814-6	RAD
24815-3	RAD
24816-1	RAD
24817-9	RAD
24818-7	RAD
24820-3	RAD
24821-1	RAD
24822-9	RAD
24823-7	RAD
24824-5	RAD
24825-2	RAD
24826-0	RAD
24827-8	RAD
24828-6	RAD
24829-4	RAD
24830-2	RAD
24831-0	RAD
24832-8	RAD
24833-6	RAD
24834-4	RAD
24835-1	RAD
24836-9	RAD
24837-7	RAD
24838-5	RAD
24839-3	RAD
24840-1	RAD
24841-9	RAD
24842-7	RAD
24843-5	RAD
24844-3	RAD
24845-0	RAD
24846-8	RAD
24848-4	RAD
24849-2	RAD
24850-0	RAD
24851-8	RAD
24852-6	RAD
24854-2	RAD
24855-9	RAD
24856-7	RAD
24857-5	RAD
24858-3	RAD
24859-1	RAD
24860-9	RAD
24861-7	RAD
24862-5	RAD
24863-3	RAD
24864-1	RAD
24865-8	RAD
24866-6	RAD
24867-4	RAD
24868-2	RAD
24869-0	RAD
24870-8	RAD
24871-6	RAD
24872-4	RAD
24873-2	RAD
24874-0	RAD
24876-5	RAD
24877-3	RAD
24878-1	RAD
24879-9	RAD
24880-7	RAD
24881-5	RAD
24882-3	RAD
24883-1	RAD
24884-9	RAD
24887-2	RAD
24888-0	RAD
24889-8	RAD
24890-6	RAD
24891-4	RAD
24892-2	RAD
24893-0	RAD
24894-8	RAD
24896-3	RAD
24899-7	RAD
24900-3	RAD
24901-1	RAD
24902-9	RAD
24903-7	RAD
24904-5	RAD
24905-2	RAD
24906-0	RAD
24907-8	RAD
24908-6	RAD
24909-4	RAD
24910-2	RAD
24911-0	RAD
24912-8	RAD
24913-6	RAD
24914-4	RAD
24915-1	RAD
24916-9	RAD
24917-7	RAD
24918-5	RAD
24919-3	RAD
24920-1	RAD
24921-9	RAD
24922-7	RAD
24923-5	RAD
24924-3	RAD
24925-0	RAD
24929-2	RAD
24930-0	RAD
24931-8	RAD
24932-6	RAD
24933-4	RAD
24934-2	RAD
24935-9	RAD
24936-7	RAD
24937-5	RAD
24938-3	RAD
24939-1	RAD
24940-9	RAD
24941-7	RAD
24942-5	RAD
24943-3	RAD
24944-1	RAD
24945-8	RAD
24946-6	RAD
24947-4	RAD
24948-2	RAD
24963-1	RAD
24964-9	RAD
24965-6	RAD
24966-4	RAD
24967-2	RAD
24968-0	RAD
24969-8	RAD
24970-6	RAD
24971-4	RAD
24972-2	RAD
24973-0	RAD
24974-8	RAD
24975-5	RAD
24977-1	RAD
24978-9	RAD
24979-7	RAD
24980-5	RAD
24981-3	RAD
24982-1	RAD
24983-9	RAD
24984-7	RAD
24985-4	RAD
24988-8	RAD
24989-6	RAD
24990-4	RAD
24991-2	RAD
24992-0	RAD
24994-6	RAD
24995-3	RAD
24996-1	RAD
24997-9	RAD
24998-7	RAD
24999-5	RAD
25000-1	RAD
25001-9	RAD
25002-7	RAD
25003-5	RAD
25006-8	RAD
25007-6	RAD
25008-4	RAD
25009-2	RAD
25010-0	RAD
25011-8	RAD
25013-4	RAD
25016-7	RAD
25017-5	RAD
25018-3	RAD
25019-1	RAD
25020-9	RAD
25022-5	RAD
25023-3	RAD
25024-1	RAD
25025-8	RAD
25026-6	RAD
25027-4	RAD
25028-2	RAD
25029-0	RAD
25030-8	RAD
25031-6	RAD
25032-4	RAD
25033-2	RAD
25034-0	RAD
25035-7	RAD
25036-5	RAD
25039-9	RAD
25043-1	RAD
25044-9	RAD
25045-6	RAD
25046-4	RAD
25047-2	RAD
25053-0	RAD
25054-8	RAD
25056-3	RAD
25057-1	RAD
25058-9	RAD
25059-7	RAD
25060-5	RAD
25061-3	RAD
25062-1	RAD
25063-9	RAD
25064-7	RAD
25065-4	RAD
25066-2	RAD
25067-0	RAD
25068-8	RAD
25069-6	RAD
25070-4	RAD
25071-2	RAD
25072-0	RAD
25073-8	RAD
25074-6	RAD
25076-1	RAD
25077-9	RAD
25078-7	RAD
25079-5	RAD
25080-3	RAD
25081-1	RAD
25164-5	CELLMARK
25165-2	CELLMARK
26064-6	RAD
26065-3	RAD
26066-1	RAD
26067-9	RAD
26068-7	RAD
26069-5	RAD
26070-3	RAD
26071-1	RAD
26072-9	RAD
26073-7	RAD
26074-5	RAD
26075-2	RAD
26076-0	RAD
26077-8	RAD
26078-6	RAD
26079-4	RAD
26080-2	RAD
26081-0	RAD
26082-8	RAD
26083-6	RAD
26084-4	RAD
26085-1	RAD
26086-9	RAD
26087-7	RAD
26088-5	RAD
26089-3	RAD
26090-1	RAD
26091-9	RAD
26092-7	RAD
26093-5	RAD
26094-3	RAD
26095-0	RAD
26096-8	RAD
26097-6	RAD
26098-4	RAD
26099-2	RAD
26100-8	RAD
26101-6	RAD
26102-4	RAD
26106-5	RAD
26107-3	RAD
26108-1	RAD
26109-9	RAD
26110-7	RAD
26111-5	RAD
26112-3	RAD
26113-1	RAD
26114-9	RAD
26115-6	RAD
26116-4	RAD
26117-2	RAD
26118-0	RAD
26120-6	RAD
26122-2	RAD
26124-8	RAD
26125-5	RAD
26126-3	RAD
26127-1	RAD
26128-9	RAD
26129-7	RAD
26130-5	RAD
26131-3	RAD
26132-1	RAD
26133-9	RAD
26134-7	RAD
26135-4	RAD
26136-2	RAD
26137-0	RAD
26138-8	RAD
26139-6	RAD
26140-4	RAD
26141-2	RAD
26142-0	RAD
26143-8	RAD
26144-6	RAD
26146-1	RAD
26148-7	RAD
26150-3	RAD
26151-1	RAD
26152-9	RAD
26153-7	RAD
26154-5	RAD
26155-2	RAD
26156-0	RAD
26157-8	RAD
26158-6	RAD
26159-4	RAD
26160-2	RAD
26161-0	RAD
26162-8	RAD
26163-6	RAD
26164-4	RAD
26165-1	RAD
26166-9	RAD
26167-7	RAD
26168-5	RAD
26169-3	RAD
26170-1	RAD
26171-9	RAD
26172-7	RAD
26173-5	RAD
26174-3	RAD
26175-0	RAD
26176-8	RAD
26177-6	RAD
26178-4	RAD
26179-2	RAD
26180-0	RAD
26181-8	RAD
26182-6	RAD
26183-4	RAD
26184-2	RAD
26185-9	RAD
26186-7	RAD
26187-5	RAD
26188-3	RAD
26189-1	RAD
26190-9	RAD
26191-7	RAD
26192-5	RAD
26193-3	RAD
26194-1	RAD
26195-8	RAD
26196-6	RAD
26197-4	RAD
26198-2	RAD
26199-0	RAD
26200-6	RAD
26201-4	RAD
26202-2	RAD
26203-0	RAD
26204-8	RAD
26205-5	RAD
26206-3	RAD
26207-1	RAD
26208-9	RAD
26209-7	RAD
26210-5	RAD
26211-3	RAD
26212-1	RAD
26213-9	RAD
26214-7	RAD
26215-4	RAD
26216-2	RAD
26217-0	RAD
26218-8	RAD
26219-6	RAD
26220-4	RAD
26221-2	RAD
26222-0	RAD
26223-8	RAD
26224-6	RAD
26225-3	RAD
26226-1	RAD
26227-9	RAD
26228-7	RAD
26229-5	RAD
26230-3	RAD
26231-1	RAD
26232-9	RAD
26233-7	RAD
26234-5	RAD
26235-2	RAD
26236-0	RAD
26237-8	RAD
26238-6	RAD
26239-4	RAD
26240-2	RAD
26241-0	RAD
26242-8	RAD
26243-6	RAD
26244-4	RAD
26245-1	RAD
26246-9	RAD
26247-7	RAD
26248-5	RAD
26249-3	RAD
26250-1	RAD
26251-9	RAD
26252-7	RAD
26253-5	RAD
26254-3	RAD
26255-0	RAD
26256-8	RAD
26257-6	RAD
26258-4	RAD
26259-2	RAD
26260-0	RAD
26261-8	RAD
26262-6	RAD
26263-4	RAD
26264-2	RAD
26265-9	RAD
26266-7	RAD
26267-5	RAD
26268-3	RAD
26269-1	RAD
26270-9	RAD
26271-7	RAD
26272-5	RAD
26273-3	RAD
26277-4	RAD
26278-2	RAD
26279-0	RAD
26280-8	RAD
26281-6	RAD
26282-4	RAD
26283-2	RAD
26284-0	RAD
26285-7	RAD
26286-5	RAD
26287-3	RAD
26288-1	RAD
26289-9	RAD
26290-7	RAD
26291-5	RAD
26292-3	RAD
26293-1	RAD
26294-9	RAD
26295-6	RAD
26296-4	RAD
26297-2	RAD
26298-0	RAD
26299-8	RAD
26300-4	RAD
26301-2	RAD
26302-0	RAD
26303-8	RAD
26304-6	RAD
26305-3	RAD
26306-1	RAD
26307-9	RAD
26308-7	RAD
26309-5	RAD
26310-3	RAD
26311-1	RAD
26312-9	RAD
26313-7	RAD
26314-5	RAD
26315-2	RAD
26316-0	RAD
26317-8	RAD
26318-6	RAD
26319-4	RAD
26320-2	RAD
26321-0	RAD
26322-8	RAD
26323-6	RAD
26324-4	RAD
26325-1	RAD
26326-9	RAD
26327-7	RAD
26328-5	RAD
26329-3	RAD
26330-1	RAD
26331-9	RAD
26332-7	RAD
26333-5	RAD
26334-3	RAD
26335-0	RAD
26336-8	RAD
26337-6	RAD
26338-4	RAD
26339-2	RAD
26340-0	RAD
26341-8	RAD
26342-6	RAD
26343-4	RAD
26344-2	RAD
26345-9	RAD
26346-7	RAD
26347-5	RAD
26348-3	RAD
26349-1	RAD
26350-9	RAD
26351-7	RAD
26352-5	RAD
26353-3	RAD
26354-1	RAD
26355-8	RAD
26356-6	RAD
26357-4	RAD
26358-2	RAD
26359-0	RAD
26360-8	RAD
26364-0	RAD
26365-7	RAD
26366-5	RAD
26370-7	RAD
26371-5	RAD
26372-3	RAD
26379-8	RAD
26380-6	RAD
26381-4	RAD
26382-2	RAD
26383-0	RAD
26384-8	RAD
26385-5	RAD
26386-3	RAD
26387-1	RAD
26388-9	RAD
26389-7	RAD
26390-5	RAD
26391-3	RAD
26392-1	RAD
26393-9	RAD
26394-7	RAD
26395-4	RAD
26396-2	RAD
26397-0	RAD
26398-8	RAD
26399-6	RAD
26400-2	RAD
26401-0	RAD
26402-8	RAD
26556-1	CELLMARK
26557-9	CELLMARK
26558-7	CELLMARK
26559-5	CELLMARK
26560-3	CELLMARK
26561-1	CELLMARK
26562-9	CELLMARK
26563-7	CELLMARK
26564-5	CELLMARK
26565-2	CELLMARK
26566-0	CELLMARK
26567-8	CELLMARK
26568-6	CELLMARK
26569-4	CELLMARK
26570-2	CELLMARK
26571-0	CELLMARK
26572-8	CELLMARK
26573-6	CELLMARK
26615-5	CELLMARK
26616-3	CELLMARK
26728-6	CELLMARK
26759-1	CELLMARK
26858-1	CELLMARK
26921-7	CELLMARK
26982-9	CELLMARK
26983-7	CELLMARK
26997-7	CELLMARK
27011-6	CELLMARK
27023-1	CELLMARK
27071-0	CELLMARK
27876-2	CELLMARK
27877-0	CELLMARK
27878-8	CELLMARK
27879-6	CELLMARK
27893-7	CELLMARK
28561-9	RAD
28564-3	RAD
28565-0	RAD
28567-6	RAD
28576-7	RAD
28582-5	RAD
28614-6	RAD
29252-4	RAD
29340-7	CELLMARK
29341-5	CELLMARK
29350-6	CELLMARK
29593-1	CELLMARK
29594-9	CELLMARK
29596-4	CELLMARK
29603-8	CELLMARK
29617-8	CELLMARK
29633-5	CELLMARK
30113-5	CELLMARK
30114-3	CELLMARK
30115-0	CELLMARK
30116-8	CELLMARK
30117-6	CELLMARK
30118-4	CELLMARK
30119-2	CELLMARK
30120-0	CELLMARK
30320-6	CELLMARK
30364-4	CELLMARK
30365-1	CELLMARK
30578-9	RAD
30579-7	RAD
30580-5	RAD
30581-3	RAD
30582-1	RAD
30583-9	RAD
30584-7	RAD
30585-4	RAD
30586-2	RAD
30587-0	RAD
30588-8	RAD
30589-6	RAD
30590-4	RAD
30591-2	RAD
30592-0	RAD
30593-8	RAD
30594-6	RAD
30595-3	RAD
30596-1	RAD
30597-9	RAD
30598-7	RAD
30600-1	RAD
30601-9	RAD
30602-7	RAD
30603-5	RAD
30604-3	RAD
30605-0	RAD
30606-8	RAD
30607-6	RAD
30608-4	RAD
30609-2	RAD
30610-0	RAD
30611-8	RAD
30612-6	RAD
30613-4	RAD
30614-2	RAD
30615-9	RAD
30616-7	RAD
30619-1	RAD
30620-9	RAD
30621-7	RAD
30622-5	RAD
30623-3	RAD
30624-1	RAD
30625-8	RAD
30626-6	RAD
30627-4	RAD
30628-2	RAD
30630-8	RAD
30631-6	RAD
30632-4	RAD
30633-2	RAD
30634-0	RAD
30636-5	RAD
30637-3	RAD
30638-1	RAD
30639-9	RAD
30640-7	RAD
30641-5	RAD
30642-3	RAD
30643-1	RAD
30644-9	RAD
30645-6	RAD
30646-4	RAD
30647-2	RAD
30648-0	RAD
30649-8	RAD
30650-6	RAD
30651-4	RAD
30652-2	RAD
30653-0	RAD
30654-8	RAD
30655-5	RAD
30656-3	RAD
30657-1	RAD
30658-9	RAD
30659-7	RAD
30660-5	RAD
30661-3	RAD
30662-1	RAD
30663-9	RAD
30664-7	RAD
30665-4	RAD
30666-2	RAD
30667-0	RAD
30668-8	RAD
30669-6	RAD
30670-4	RAD
30671-2	RAD
30672-0	RAD
30673-8	RAD
30674-6	RAD
30675-3	RAD
30678-7	RAD
30679-5	RAD
30680-3	RAD
30681-1	RAD
30682-9	RAD
30683-7	RAD
30684-5	RAD
30685-2	RAD
30686-0	RAD
30687-8	RAD
30688-6	RAD
30689-4	RAD
30690-2	RAD
30691-0	RAD
30692-8	RAD
30693-6	RAD
30694-4	RAD
30695-1	RAD
30696-9	RAD
30697-7	RAD
30698-5	RAD
30699-3	RAD
30701-7	RAD
30702-5	RAD
30703-3	RAD
30704-1	RAD
30705-8	RAD
30706-6	RAD
30707-4	OB.US
30708-2	OB.US
30709-0	RAD
30710-8	RAD
30711-6	RAD
30712-4	RAD
30714-0	RAD
30715-7	RAD
30716-5	RAD
30717-3	RAD
30719-9	RAD
30720-7	RAD
30721-5	RAD
30722-3	RAD
30723-1	RAD
30724-9	RAD
30725-6	RAD
30726-4	RAD
30727-2	RAD
30729-8	RAD
30730-6	RAD
30731-4	RAD
30733-0	RAD
30734-8	RAD
30735-5	RAD
30736-3	RAD
30737-1	RAD
30738-9	RAD
30739-7	RAD
30740-5	RAD
30741-3	RAD
30742-1	RAD
30743-9	RAD
30744-7	RAD
30745-4	RAD
30746-2	RAD
30747-0	RAD
30748-8	RAD
30749-6	RAD
30750-4	RAD
30751-2	RAD
30752-0	RAD
30753-8	RAD
30754-6	RAD
30755-3	RAD
30756-1	RAD
30757-9	RAD
30758-7	RAD
30759-5	RAD
30760-3	RAD
30762-9	RAD
30763-7	RAD
30764-5	RAD
30765-2	RAD
30766-0	RAD
30767-8	RAD
30768-6	RAD
30769-4	RAD
30770-2	RAD
30771-0	RAD
30772-8	RAD
30773-6	RAD
30774-4	RAD
30775-1	RAD
30776-9	RAD
30777-7	RAD
30778-5	RAD
30779-3	RAD
30780-1	RAD
30781-9	RAD
30782-7	RAD
30783-5	RAD
30784-3	RAD
30785-0	RAD
30786-8	RAD
30787-6	RAD
30788-4	RAD
30789-2	RAD
30790-0	RAD
30791-8	RAD
30792-6	RAD
30793-4	RAD
30794-2	RAD
30795-9	RAD
30796-7	RAD
30797-5	RAD
30799-1	RAD
30800-7	RAD
30801-5	RAD
30802-3	RAD
30803-1	RAD
30804-9	RAD
30805-6	RAD
30807-2	RAD
30808-0	RAD
30809-8	RAD
30810-6	RAD
30811-4	RAD
30812-2	RAD
30813-0	RAD
30814-8	RAD
30815-5	RAD
30816-3	RAD
30817-1	RAD
30818-9	RAD
30819-7	RAD
30820-5	RAD
30821-3	RAD
30822-1	RAD
30823-9	RAD
30824-7	RAD
30825-4	RAD
30828-8	RAD
30829-6	RAD
30830-4	RAD
30831-2	RAD
30832-0	RAD
30833-8	RAD
30834-6	RAD
30836-1	RAD
30837-9	RAD
30838-7	RAD
30839-5	RAD
30840-3	RAD
30841-1	RAD
30842-9	RAD
30843-7	RAD
30844-5	RAD
30845-2	RAD
30846-0	RAD
30847-8	RAD
30848-6	RAD
30849-4	RAD
30850-2	RAD
30851-0	RAD
30852-8	RAD
30853-6	RAD
30854-4	RAD
30855-1	RAD
30856-9	RAD
30857-7	RAD
30858-5	RAD
30859-3	RAD
30860-1	RAD
30861-9	RAD
30862-7	RAD
30864-3	RAD
30865-0	RAD
30866-8	RAD
30867-6	RAD
30868-4	RAD
30869-2	RAD
30870-0	RAD
30871-8	RAD
30872-6	RAD
30873-4	RAD
30874-2	RAD
30875-9	RAD
30876-7	RAD
30877-5	RAD
30878-3	RAD
30880-9	RAD
30881-7	RAD
30882-5	RAD
30883-3	RAD
30884-1	RAD
30885-8	RAD
30887-4	RAD
30888-2	RAD
30889-0	RAD
30890-8	RAD
30892-4	RAD
31074-8	CELLMARK
31113-4	CELLMARK
31119-1	CELLMARK
31120-9	CELLMARK
31122-5	CELLMARK
31123-3	CELLMARK
31124-1	CELLMARK
31125-8	CELLMARK
31126-6	CELLMARK
31127-4	CELLMARK
31128-2	CELLMARK
31129-0	CELLMARK
32493-9	CELLMARK
32494-7	CELLMARK
32495-4	CELLMARK
32496-2	CELLMARK
32497-0	CELLMARK
32498-8	CELLMARK
32499-6	CELLMARK
32500-1	CELLMARK
32501-9	CELLMARK
32502-7	CELLMARK
32503-5	CELLMARK
32504-3	CELLMARK
32505-0	CELLMARK
32506-8	CELLMARK
32507-6	CELLMARK
32508-4	CELLMARK
32509-2	CELLMARK
32510-0	CELLMARK
32511-8	CELLMARK
32512-6	CELLMARK
32513-4	CELLMARK
32514-2	CELLMARK
32515-9	CELLMARK
32516-7	CELLMARK
32517-5	CELLMARK
32518-3	CELLMARK
32519-1	CELLMARK
32520-9	CELLMARK
32521-7	CELLMARK
32522-5	CELLMARK
32523-3	CELLMARK
32524-1	CELLMARK
32525-8	CELLMARK
32526-6	CELLMARK
32527-4	CELLMARK
32528-2	CELLMARK
32529-0	CELLMARK
32530-8	CELLMARK
32531-6	CELLMARK
32532-4	CELLMARK
32533-2	CELLMARK
32534-0	CELLMARK
32535-7	CELLMARK
32536-5	CELLMARK
32537-3	CELLMARK
32562-1	CELLMARK
32563-9	CELLMARK
32564-7	CELLMARK
32601-7	CELLMARK
32742-9	CELLMARK
32743-7	CELLMARK
32744-5	CELLMARK
32745-2	CELLMARK
32746-0	CELLMARK
32747-8	CELLMARK
32748-6	CELLMARK
32749-4	CELLMARK
32750-2	CELLMARK
32751-0	CELLMARK
32752-8	CELLMARK
32755-1	CELLMARK
32756-9	CELLMARK
32757-7	CELLMARK
32758-5	CELLMARK
32759-3	CELLMARK
32760-1	CELLMARK
32772-6	CELLMARK
32773-4	CELLMARK
32855-9	CELLMARK
32856-7	CELLMARK
32857-5	CELLMARK
32858-3	CELLMARK
32859-1	CELLMARK
32860-9	CELLMARK
32861-7	CELLMARK
32864-1	DENTAL
32865-8	DENTAL
32866-6	DENTAL
32867-4	DENTAL
32868-2	DENTAL
32869-0	DENTAL
32870-8	DENTAL
32871-6	DENTAL
32872-4	DENTAL
32873-2	DENTAL
32874-0	DENTAL
32875-7	DENTAL
32876-5	DENTAL
32877-3	DENTAL
32878-1	DENTAL
32879-9	DENTAL
32880-7	DENTAL
32881-5	DENTAL
32882-3	DENTAL
32883-1	DENTAL
32884-9	DENTAL
32885-6	DENTAL
32886-4	DENTAL
32887-2	DENTAL
32888-0	DENTAL
32889-8	DENTAL
32890-6	DENTAL
32891-4	DENTAL
32892-2	DENTAL
32893-0	DENTAL
32894-8	DENTAL
32895-5	DENTAL
32896-3	DENTAL
32897-1	DENTAL
32898-9	DENTAL
32899-7	DENTAL
32900-3	DENTAL
32901-1	DENTAL
32902-9	DENTAL
32903-7	DENTAL
32904-5	DENTAL
32905-2	DENTAL
32906-0	DENTAL
32907-8	DENTAL
32908-6	DENTAL
32909-4	DENTAL
32910-2	DENTAL
32911-0	DENTAL
32912-8	DENTAL
32913-6	DENTAL
32914-4	DENTAL
32915-1	DENTAL
32916-9	DENTAL
32917-7	DENTAL
32918-5	DENTAL
32919-3	DENTAL
32920-1	DENTAL
32921-9	DENTAL
32922-7	DENTAL
32923-5	DENTAL
32924-3	DENTAL
32925-0	DENTAL
32926-8	DENTAL
32927-6	DENTAL
32928-4	DENTAL
32929-2	DENTAL
32930-0	DENTAL
32931-8	DENTAL
32932-6	DENTAL
32933-4	DENTAL
32934-2	DENTAL
32935-9	DENTAL
32936-7	DENTAL
32937-5	DENTAL
32938-3	DENTAL
32939-1	DENTAL
32940-9	DENTAL
32941-7	DENTAL
32942-5	DENTAL
32943-3	DENTAL
32944-1	DENTAL
32945-8	DENTAL
32946-6	DENTAL
32947-4	DENTAL
32948-2	DENTAL
32949-0	DENTAL
32950-8	DENTAL
32951-6	DENTAL
32952-4	DENTAL
32953-2	DENTAL
32954-0	DENTAL
32955-7	DENTAL
32956-5	DENTAL
32957-3	DENTAL
32958-1	DENTAL
32959-9	DENTAL
32960-7	DENTAL
32961-5	DENTAL
32962-3	DENTAL
32963-1	DENTAL
32964-9	DENTAL
32965-6	DENTAL
32966-4	DENTAL
32967-2	DENTAL
32968-0	DENTAL
32969-8	DENTAL
32970-6	DENTAL
32971-4	DENTAL
32972-2	DENTAL
32973-0	DENTAL
32974-8	DENTAL
32975-5	DENTAL
32976-3	DENTAL
32977-1	DENTAL
32978-9	DENTAL
32979-7	DENTAL
32980-5	DENTAL
32981-3	DENTAL
32982-1	DENTAL
32983-9	DENTAL
32984-7	DENTAL
32985-4	DENTAL
32986-2	DENTAL
32987-0	DENTAL
32988-8	DENTAL
32989-6	DENTAL
32990-4	DENTAL
32991-2	DENTAL
32992-0	DENTAL
32993-8	DENTAL
32994-6	DENTAL
33023-3	CELLMARK
33029-0	CELLMARK
33030-8	CELLMARK
33033-2	CELLMARK
33034-0	CELLMARK
33055-5	CELLMARK
33065-4	OB.US
33066-2	OB.US
33067-0	OB.US
33068-8	OB.US
33069-6	OB.US
33070-4	OB.US
33071-2	OB.US
33072-0	OB.US
33073-8	OB.US
33074-6	OB.US
33075-3	OB.US
33076-1	OB.US
33077-9	OB.US
33078-7	OB.US
33079-5	OB.US
33080-3	OB.US
33081-1	OB.US
33082-9	OB.US
33083-7	OB.US
33084-5	OB.US
33085-2	OB.US
33086-0	OB.US
33087-8	OB.US
33088-6	OB.US
33089-4	OB.US
33090-2	OB.US
33091-0	OB.US
33092-8	OB.US
33093-6	OB.US
33094-4	OB.US
33095-1	OB.US
33096-9	OB.US
33097-7	OB.US
33098-5	OB.US
33099-3	OB.US
33100-9	OB.US
33101-7	OB.US
33102-5	OB.US
33103-3	OB.US
33104-1	OB.US
33105-8	OB.US
33106-6	OB.US
33107-4	OB.US
33108-2	OB.US
33109-0	OB.US
33110-8	OB.US
33111-6	OB.US
33112-4	OB.US
33113-2	OB.US
33114-0	OB.US
33115-7	OB.US
33116-5	OB.US
33117-3	OB.US
33118-1	OB.US
33119-9	OB.US
33120-7	OB.US
33121-5	OB.US
33122-3	OB.US
33123-1	OB.US
33124-9	OB.US
33125-6	OB.US
33126-4	OB.US
33127-2	OB.US
33128-0	OB.US
33129-8	OB.US
33130-6	OB.US
33131-4	OB.US
33132-2	OB.US
33133-0	OB.US
33134-8	OB.US
33135-5	OB.US
33136-3	OB.US
33137-1	OB.US
33138-9	OB.US
33139-7	OB.US
33140-5	OB.US
33141-3	OB.US
33142-1	OB.US
33143-9	OB.US
33144-7	OB.US
33145-4	OB.US
33146-2	OB.US
33147-0	OB.US
33148-8	OB.US
33149-6	OB.US
33150-4	OB.US
33151-2	OB.US
33152-0	OB.US
33153-8	OB.US
33154-6	OB.US
33155-3	OB.US
33156-1	OB.US
33157-9	OB.US
33158-7	OB.US
33159-5	OB.US
33160-3	OB.US
33161-1	OB.US
33162-9	OB.US
33163-7	OB.US
33164-5	OB.US
33165-2	OB.US
33166-0	OB.US
33167-8	OB.US
33168-6	OB.US
33169-4	OB.US
33170-2	OB.US
33171-0	OB.US
33172-8	OB.US
33173-6	OB.US
33174-4	OB.US
33175-1	OB.US
33176-9	OB.US
33177-7	OB.US
33178-5	OB.US
33179-3	OB.US
33180-1	OB.US
33181-9	OB.US
33184-3	OB.US
33185-0	OB.US
33186-8	OB.US
33187-6	OB.US
33188-4	OB.US
33189-2	OB.US
33190-0	OB.US
33191-8	OB.US
33192-6	OB.US
33193-4	CELLMARK
33194-2	CELLMARK
33195-9	CELLMARK
33196-7	OB.US
33197-5	OB.US
33198-3	OB.US
33199-1	OB.US
33201-5	CELLMARK
33202-3	CELLMARK
33205-6	CELLMARK
33206-4	CELLMARK
33207-2	CELLMARK
33208-0	CELLMARK
33209-8	CELLMARK
33250-2	CELLMARK
33537-2	OB.US
33538-0	OB.US
33539-8	OB.US
33540-6	OB.US
33541-4	OB.US
33542-2	OB.US
33543-0	OB.US
33544-8	OB.US
33545-5	OB.US
33546-3	OB.US
33556-2	OB.US
33582-8	CELLMARK
33586-9	CELLMARK
33592-7	CELLMARK
33595-0	CELLMARK
33596-8	CELLMARK
33601-6	CELLMARK
33617-2	CELLMARK
33652-9	CELLMARK
33662-8	CELLMARK
33663-6	CELLMARK
33664-4	CELLMARK
33775-8	CELLMARK
33777-4	CELLMARK
33778-2	CELLMARK
33991-1	CELLMARK
33992-9	DENTAL
33993-7	DENTAL
33994-5	DENTAL
33995-2	DENTAL
33996-0	DENTAL
33997-8	DENTAL
33998-6	DENTAL
34000-0	DENTAL
34001-8	DENTAL
34002-6	DENTAL
34003-4	DENTAL
34004-2	DENTAL
34005-9	DENTAL
34006-7	DENTAL
34007-5	DENTAL
34008-3	DENTAL
34009-1	DENTAL
34010-9	DENTAL
34011-7	DENTAL
34012-5	DENTAL
34013-3	DENTAL
34014-1	DENTAL
34015-8	DENTAL
34016-6	DENTAL
34017-4	DENTAL
34018-2	DENTAL
34019-0	DENTAL
34020-8	DENTAL
34021-6	DENTAL
34022-4	DENTAL
34023-2	DENTAL
34024-0	DENTAL
34025-7	DENTAL
34026-5	DENTAL
34027-3	DENTAL
34028-1	DENTAL
34029-9	DENTAL
34030-7	DENTAL
34031-5	DENTAL
34032-3	DENTAL
34033-1	DENTAL
34034-9	DENTAL
34035-6	DENTAL
34036-4	DENTAL
34037-2	DENTAL
34038-0	DENTAL
34039-8	DENTAL
34040-6	DENTAL
34041-4	DENTAL
34042-2	DENTAL
34043-0	DENTAL
34044-8	DENTAL
34045-5	DENTAL
34046-3	DENTAL
34047-1	DENTAL
34048-9	DENTAL
34049-7	DENTAL
34050-5	DENTAL
34051-3	DENTAL
34052-1	DENTAL
34151-1	CELLMARK
34475-4	CELLMARK
34622-1	CELLMARK
34634-6	CELLMARK
34929-0	CELLMARK
34930-8	CELLMARK
34931-6	CELLMARK
34932-4	CELLMARK
34933-2	CELLMARK
34934-0	CELLMARK
34935-7	CELLMARK
34936-5	CELLMARK
34962-1	CELLMARK
34963-9	CELLMARK
35468-8	CELLMARK
35640-2	CELLMARK
35641-0	CELLMARK
35653-5	CELLMARK
35881-2	RAD
35882-0	RAD
35883-8	RAD
35884-6	RAD
35885-3	RAD
35886-1	RAD
35887-9	RAD
35888-7	RAD
35889-5	RAD
35890-3	RAD
35891-1	RAD
35892-9	RAD
35893-7	RAD
35894-5	RAD
35895-2	RAD
35896-0	RAD
35897-8	RAD
35898-6	RAD
35899-4	RAD
35900-0	RAD
35901-8	RAD
35902-6	RAD
35903-4	RAD
35904-2	RAD
35905-9	RAD
35906-7	RAD
35907-5	RAD
35908-3	RAD
35909-1	RAD
35910-9	RAD
35911-7	RAD
35912-5	RAD
35913-3	RAD
35914-1	RAD
35915-8	RAD
35916-6	RAD
35917-4	RAD
35918-2	RAD
35919-0	RAD
35920-8	RAD
35921-6	RAD
35922-4	RAD
35923-2	RAD
35924-0	RAD
35925-7	RAD
35926-5	RAD
35927-3	RAD
35928-1	RAD
35929-9	RAD
35930-7	RAD
35931-5	RAD
35932-3	RAD
35934-9	RAD
35935-6	RAD
35937-2	RAD
35938-0	RAD
35939-8	RAD
35940-6	RAD
35941-4	RAD
35942-2	RAD
35943-0	RAD
35944-8	RAD
35945-5	RAD
35946-3	RAD
35947-1	RAD
35948-9	RAD
35949-7	RAD
35950-5	RAD
35951-3	RAD
35952-1	RAD
35953-9	RAD
35954-7	RAD
35955-4	RAD
35956-2	RAD
35957-0	RAD
35958-8	RAD
35959-6	RAD
35960-4	RAD
35961-2	RAD
35962-0	RAD
35963-8	RAD
35964-6	RAD
35965-3	RAD
35966-1	RAD
35967-9	RAD
35968-7	RAD
35969-5	RAD
35970-3	RAD
35971-1	RAD
35972-9	RAD
35973-7	RAD
35974-5	RAD
35975-2	RAD
35976-0	RAD
35977-8	RAD
35978-6	RAD
35979-4	RAD
35980-2	RAD
35981-0	RAD
35982-8	RAD
35983-6	RAD
35984-4	RAD
35985-1	RAD
35986-9	RAD
35987-7	RAD
35988-5	RAD
35989-3	RAD
35990-1	RAD
35991-9	RAD
35992-7	RAD
35993-5	RAD
35994-3	RAD
35995-0	RAD
35996-8	RAD
35997-6	RAD
35998-4	RAD
35999-2	RAD
36000-8	RAD
36001-6	RAD
36002-4	RAD
36003-2	RAD
36004-0	RAD
36005-7	RAD
36006-5	RAD
36007-3	RAD
36008-1	RAD
36009-9	RAD
36011-5	RAD
36012-3	RAD
36013-1	RAD
36014-9	RAD
36015-6	RAD
36016-4	RAD
36017-2	RAD
36018-0	RAD
36019-8	RAD
36020-6	RAD
36021-4	RAD
36022-2	RAD
36023-0	RAD
36024-8	RAD
36025-5	RAD
36026-3	RAD
36027-1	RAD
36028-9	RAD
36029-7	RAD
36030-5	RAD
36031-3	RAD
36032-1	RAD
36033-9	RAD
36034-7	RAD
36035-4	RAD
36036-2	RAD
36037-0	RAD
36038-8	RAD
36039-6	RAD
36040-4	RAD
36041-2	RAD
36042-0	RAD
36043-8	RAD
36044-6	RAD
36045-3	RAD
36046-1	RAD
36047-9	RAD
36048-7	RAD
36049-5	RAD
36050-3	RAD
36051-1	RAD
36052-9	RAD
36053-7	RAD
36054-5	RAD
36055-2	RAD
36056-0	RAD
36057-8	RAD
36058-6	RAD
36059-4	RAD
36060-2	RAD
36061-0	RAD
36062-8	RAD
36063-6	RAD
36064-4	RAD
36065-1	RAD
36066-9	RAD
36068-5	RAD
36069-3	RAD
36070-1	RAD
36071-9	RAD
36072-7	RAD
36073-5	RAD
36074-3	RAD
36075-0	RAD
36076-8	RAD
36077-6	RAD
36078-4	RAD
36079-2	RAD
36080-0	RAD
36081-8	RAD
36082-6	RAD
36083-4	RAD
36084-2	RAD
36085-9	RAD
36086-7	RAD
36087-5	RAD
36088-3	RAD
36089-1	RAD
36090-9	RAD
36091-7	RAD
36092-5	RAD
36093-3	RAD
36094-1	RAD
36095-8	RAD
36096-6	RAD
36097-4	RAD
36098-2	RAD
36099-0	RAD
36100-6	RAD
36101-4	RAD
36102-2	RAD
36103-0	RAD
36104-8	RAD
36105-5	RAD
36106-3	RAD
36107-1	RAD
36108-9	RAD
36109-7	RAD
36110-5	RAD
36111-3	RAD
36112-1	RAD
36113-9	RAD
36114-7	RAD
36115-4	RAD
36116-2	RAD
36117-0	RAD
36118-8	RAD
36119-6	RAD
36120-4	RAD
36121-2	RAD
36122-0	RAD
36123-8	RAD
36124-6	RAD
36125-3	RAD
36126-1	RAD
36127-9	RAD
36128-7	RAD
36129-5	RAD
36130-3	RAD
36131-1	RAD
36132-9	RAD
36134-5	RAD
36135-2	RAD
36136-0	RAD
36137-8	RAD
36138-6	RAD
36139-4	RAD
36140-2	RAD
36141-0	RAD
36142-8	RAD
36143-6	RAD
36144-4	RAD
36145-1	RAD
36146-9	RAD
36147-7	RAD
36148-5	RAD
36149-3	RAD
36150-1	RAD
36151-9	RAD
36152-7	RAD
36155-0	RAD
36156-8	RAD
36157-6	RAD
36158-4	RAD
36159-2	RAD
36160-0	RAD
36161-8	RAD
36162-6	RAD
36163-4	RAD
36164-2	RAD
36165-9	RAD
36166-7	RAD
36167-5	RAD
36168-3	RAD
36169-1	RAD
36170-9	RAD
36171-7	RAD
36172-5	RAD
36173-3	RAD
36174-1	RAD
36175-8	RAD
36176-6	RAD
36177-4	RAD
36178-2	RAD
36179-0	RAD
36180-8	RAD
36181-6	RAD
36182-4	RAD
36183-2	RAD
36184-0	RAD
36185-7	RAD
36186-5	RAD
36187-3	RAD
36188-1	RAD
36189-9	RAD
36190-7	RAD
36191-5	RAD
36192-3	RAD
36193-1	RAD
36194-9	RAD
36195-6	RAD
36196-4	RAD
36197-2	RAD
36199-8	RAD
36200-4	RAD
36201-2	RAD
36202-0	RAD
36203-8	RAD
36204-6	RAD
36205-3	RAD
36206-1	RAD
36207-9	RAD
36208-7	RAD
36209-5	RAD
36210-3	RAD
36211-1	RAD
36212-9	RAD
36213-7	RAD
36214-5	RAD
36215-2	RAD
36216-0	RAD
36217-8	RAD
36218-6	RAD
36219-4	RAD
36220-2	RAD
36221-0	RAD
36222-8	RAD
36223-6	RAD
36224-4	RAD
36225-1	RAD
36226-9	RAD
36227-7	RAD
36228-5	RAD
36229-3	RAD
36230-1	RAD
36231-9	RAD
36232-7	RAD
36233-5	RAD
36234-3	RAD
36235-0	RAD
36236-8	RAD
36237-6	RAD
36238-4	RAD
36239-2	RAD
36240-0	RAD
36241-8	RAD
36242-6	RAD
36243-4	RAD
36244-2	RAD
36245-9	RAD
36246-7	RAD
36247-5	RAD
36248-3	RAD
36249-1	RAD
36250-9	RAD
36251-7	RAD
36252-5	RAD
36253-3	RAD
36254-1	RAD
36255-8	RAD
36257-4	RAD
36258-2	RAD
36259-0	RAD
36260-8	RAD
36261-6	RAD
36262-4	RAD
36263-2	RAD
36264-0	RAD
36265-7	RAD
36266-5	RAD
36267-3	RAD
36268-1	RAD
36269-9	RAD
36270-7	RAD
36271-5	RAD
36272-3	RAD
36273-1	RAD
36274-9	RAD
36275-6	RAD
36276-4	RAD
36277-2	RAD
36278-0	RAD
36279-8	RAD
36282-2	RAD
36283-0	RAD
36284-8	RAD
36285-5	RAD
36286-3	RAD
36287-1	RAD
36288-9	RAD
36289-7	RAD
36290-5	RAD
36291-3	RAD
36292-1	RAD
36293-9	RAD
36294-7	RAD
36295-4	RAD
36296-2	RAD
36297-0	RAD
36298-8	RAD
36299-6	RAD
36300-2	RAD
36301-0	RAD
36302-8	RAD
36303-6	RAD
36304-4	RAD
36305-1	RAD
36306-9	RAD
36307-7	RAD
36308-5	RAD
36309-3	RAD
36310-1	RAD
36311-9	RAD
36312-7	RAD
36313-5	RAD
36314-3	RAD
36315-0	RAD
36316-8	RAD
36317-6	RAD
36318-4	RAD
36319-2	RAD
36320-0	RAD
36321-8	RAD
36322-6	RAD
36323-4	RAD
36324-2	RAD
36325-9	RAD
36326-7	RAD
36327-5	RAD
36328-3	RAD
36329-1	RAD
36330-9	RAD
36331-7	RAD
36332-5	RAD
36333-3	RAD
36334-1	RAD
36335-8	RAD
36336-6	RAD
36337-4	RAD
36338-2	RAD
36339-0	RAD
36340-8	RAD
36341-6	RAD
36342-4	RAD
36343-2	RAD
36344-0	RAD
36345-7	RAD
36346-5	RAD
36347-3	RAD
36348-1	RAD
36349-9	RAD
36350-7	RAD
36351-5	RAD
36352-3	RAD
36353-1	RAD
36354-9	RAD
36355-6	RAD
36356-4	RAD
36357-2	RAD
36359-8	RAD
36360-6	RAD
36361-4	RAD
36362-2	RAD
36363-0	RAD
36364-8	RAD
36365-5	RAD
36366-3	RAD
36367-1	RAD
36368-9	RAD
36369-7	RAD
36370-5	RAD
36371-3	RAD
36372-1	RAD
36373-9	RAD
36374-7	RAD
36375-4	RAD
36376-2	RAD
36377-0	RAD
36378-8	RAD
36379-6	RAD
36380-4	RAD
36381-2	RAD
36382-0	RAD
36383-8	RAD
36384-6	RAD
36385-3	RAD
36387-9	RAD
36388-7	RAD
36389-5	RAD
36390-3	RAD
36391-1	RAD
36392-9	RAD
36393-7	RAD
36394-5	RAD
36395-2	RAD
36396-0	RAD
36397-8	RAD
36398-6	RAD
36401-8	RAD
36402-6	RAD
36403-4	RAD
36404-2	RAD
36405-9	RAD
36406-7	RAD
36407-5	RAD
36408-3	RAD
36409-1	RAD
36410-9	RAD
36411-7	RAD
36412-5	RAD
36413-3	RAD
36414-1	RAD
36415-8	RAD
36416-6	RAD
36417-4	RAD
36418-2	RAD
36419-0	RAD
36420-8	RAD
36421-6	RAD
36422-4	RAD
36423-2	RAD
36424-0	RAD
36425-7	RAD
36426-5	RAD
36427-3	RAD
36428-1	RAD
36429-9	RAD
36430-7	RAD
36431-5	RAD
36432-3	RAD
36433-1	RAD
36434-9	RAD
36435-6	RAD
36436-4	RAD
36437-2	RAD
36438-0	RAD
36439-8	RAD
36442-2	RAD
36443-0	RAD
36444-8	RAD
36445-5	RAD
36446-3	RAD
36447-1	RAD
36448-9	RAD
36449-7	RAD
36450-5	RAD
36451-3	RAD
36452-1	RAD
36453-9	RAD
36454-7	RAD
36455-4	RAD
36456-2	RAD
36457-0	RAD
36458-8	RAD
36459-6	RAD
36460-4	RAD
36461-2	RAD
36462-0	RAD
36463-8	RAD
36464-6	RAD
36465-3	RAD
36466-1	RAD
36467-9	RAD
36468-7	RAD
36469-5	RAD
36470-3	RAD
36471-1	RAD
36472-9	RAD
36473-7	RAD
36474-5	RAD
36475-2	RAD
36476-0	RAD
36477-8	RAD
36478-6	RAD
36479-4	RAD
36480-2	RAD
36481-0	RAD
36482-8	RAD
36484-4	RAD
36485-1	RAD
36486-9	RAD
36487-7	RAD
36488-5	RAD
36489-3	RAD
36490-1	RAD
36491-9	RAD
36492-7	RAD
36493-5	RAD
36494-3	RAD
36495-0	RAD
36496-8	RAD
36497-6	RAD
36498-4	RAD
36499-2	RAD
36500-7	RAD
36501-5	RAD
36502-3	RAD
36503-1	RAD
36504-9	RAD
36505-6	RAD
36506-4	RAD
36507-2	RAD
36508-0	RAD
36509-8	RAD
36510-6	RAD
36511-4	RAD
36512-2	RAD
36513-0	RAD
36514-8	RAD
36515-5	RAD
36516-3	RAD
36517-1	RAD
36518-9	RAD
36519-7	RAD
36520-5	RAD
36521-3	RAD
36522-1	RAD
36523-9	RAD
36524-7	RAD
36525-4	RAD
36526-2	RAD
36527-0	RAD
36528-8	RAD
36529-6	RAD
36532-0	RAD
36533-8	RAD
36534-6	RAD
36535-3	RAD
36536-1	RAD
36537-9	RAD
36538-7	RAD
36539-5	RAD
36540-3	RAD
36541-1	RAD
36542-9	RAD
36543-7	RAD
36544-5	RAD
36545-2	RAD
36546-0	RAD
36547-8	RAD
36548-6	RAD
36549-4	RAD
36550-2	RAD
36551-0	RAD
36554-4	RAD
36555-1	RAD
36556-9	RAD
36557-7	RAD
36558-5	RAD
36559-3	RAD
36560-1	RAD
36561-9	RAD
36563-5	RAD
36564-3	RAD
36565-0	RAD
36566-8	RAD
36567-6	RAD
36568-4	RAD
36569-2	RAD
36570-0	RAD
36571-8	RAD
36572-6	RAD
36573-4	RAD
36574-2	RAD
36575-9	RAD
36576-7	RAD
36577-5	RAD
36578-3	RAD
36579-1	RAD
36580-9	RAD
36581-7	RAD
36582-5	RAD
36583-3	RAD
36584-1	RAD
36585-8	RAD
36586-6	RAD
36587-4	RAD
36588-2	RAD
36589-0	RAD
36590-8	RAD
36591-6	RAD
36592-4	RAD
36593-2	RAD
36594-0	RAD
36595-7	RAD
36596-5	RAD
36597-3	RAD
36598-1	RAD
36599-9	RAD
36600-5	RAD
36601-3	RAD
36602-1	RAD
36603-9	RAD
36604-7	RAD
36605-4	RAD
36606-2	RAD
36607-0	RAD
36608-8	RAD
36609-6	RAD
36610-4	RAD
36611-2	RAD
36612-0	RAD
36613-8	RAD
36614-6	RAD
36615-3	RAD
36616-1	RAD
36617-9	RAD
36618-7	RAD
36619-5	RAD
36620-3	RAD
36621-1	RAD
36622-9	RAD
36623-7	RAD
36624-5	RAD
36625-2	RAD
36626-0	RAD
36627-8	RAD
36628-6	RAD
36629-4	RAD
36630-2	RAD
36631-0	RAD
36632-8	RAD
36633-6	RAD
36634-4	RAD
36635-1	RAD
36636-9	RAD
36637-7	RAD
36638-5	RAD
36639-3	RAD
36640-1	RAD
36641-9	RAD
36642-7	RAD
36643-5	RAD
36644-3	RAD
36645-0	RAD
36646-8	RAD
36647-6	RAD
36648-4	RAD
36649-2	RAD
36650-0	RAD
36651-8	RAD
36652-6	RAD
36653-4	RAD
36654-2	RAD
36655-9	RAD
36656-7	RAD
36657-5	RAD
36658-3	RAD
36659-1	RAD
36660-9	RAD
36661-7	RAD
36662-5	RAD
36663-3	RAD
36664-1	RAD
36665-8	RAD
36666-6	RAD
36667-4	RAD
36668-2	RAD
36669-0	RAD
36670-8	RAD
36671-6	RAD
36672-4	RAD
36673-2	RAD
36674-0	RAD
36675-7	RAD
36676-5	RAD
36677-3	RAD
36678-1	RAD
36679-9	RAD
36680-7	RAD
36681-5	RAD
36682-3	RAD
36683-1	RAD
36684-9	RAD
36685-6	RAD
36686-4	RAD
36687-2	RAD
36688-0	RAD
36689-8	RAD
36690-6	RAD
36691-4	RAD
36692-2	RAD
36693-0	RAD
36694-8	RAD
36695-5	RAD
36696-3	RAD
36697-1	RAD
36698-9	RAD
36699-7	RAD
36700-3	RAD
36701-1	RAD
36702-9	RAD
36703-7	RAD
36704-5	RAD
36705-2	RAD
36706-0	RAD
36707-8	RAD
36708-6	RAD
36709-4	RAD
36710-2	RAD
36711-0	RAD
36712-8	RAD
36713-6	RAD
36714-4	RAD
36715-1	RAD
36716-9	RAD
36717-7	RAD
36718-5	RAD
36719-3	RAD
36720-1	RAD
36721-9	RAD
36722-7	RAD
36723-5	RAD
36724-3	RAD
36725-0	RAD
36726-8	RAD
36727-6	RAD
36728-4	RAD
36729-2	RAD
36730-0	RAD
36731-8	RAD
36732-6	RAD
36733-4	RAD
36734-2	RAD
36735-9	RAD
36736-7	RAD
36737-5	RAD
36738-3	RAD
36739-1	RAD
36740-9	RAD
36741-7	RAD
36742-5	RAD
36743-3	RAD
36744-1	RAD
36745-8	RAD
36746-6	RAD
36747-4	RAD
36748-2	RAD
36749-0	RAD
36750-8	RAD
36751-6	RAD
36752-4	RAD
36753-2	RAD
36754-0	RAD
36755-7	RAD
36756-5	RAD
36757-3	RAD
36758-1	RAD
36759-9	RAD
36760-7	RAD
36761-5	RAD
36762-3	RAD
36763-1	RAD
36764-9	RAD
36765-6	RAD
36766-4	RAD
36767-2	RAD
36768-0	RAD
36769-8	RAD
36770-6	RAD
36771-4	RAD
36772-2	RAD
36773-0	RAD
36774-8	RAD
36775-5	RAD
36776-3	RAD
36777-1	RAD
36778-9	RAD
36779-7	RAD
36780-5	RAD
36781-3	RAD
36782-1	RAD
36783-9	RAD
36784-7	RAD
36785-4	RAD
36786-2	RAD
36787-0	RAD
36788-8	RAD
36789-6	RAD
36790-4	RAD
36791-2	RAD
36792-0	RAD
36794-6	RAD
36795-3	RAD
36796-1	RAD
36797-9	RAD
36798-7	RAD
36799-5	RAD
36800-1	RAD
36801-9	RAD
36802-7	RAD
36803-5	RAD
36804-3	RAD
36805-0	RAD
36806-8	RAD
36807-6	RAD
36808-4	RAD
36809-2	RAD
36811-8	RAD
36812-6	RAD
36813-4	RAD
36814-2	RAD
36815-9	RAD
36816-7	RAD
36817-5	RAD
36818-3	RAD
36819-1	RAD
36820-9	RAD
36821-7	RAD
36822-5	RAD
36823-3	RAD
36824-1	RAD
36825-8	RAD
36826-6	RAD
36827-4	RAD
36828-2	RAD
36830-8	RAD
36831-6	RAD
36832-4	RAD
36833-2	RAD
36834-0	RAD
36835-7	RAD
36837-3	RAD
36838-1	RAD
36839-9	RAD
36840-7	RAD
36841-5	RAD
36842-3	RAD
36843-1	RAD
36844-9	RAD
36845-6	RAD
36846-4	RAD
36847-2	RAD
36848-0	RAD
36849-8	RAD
36850-6	RAD
36851-4	RAD
36852-2	RAD
36853-0	RAD
36854-8	RAD
36855-5	RAD
36857-1	RAD
36858-9	RAD
36859-7	RAD
36860-5	RAD
36861-3	RAD
36862-1	RAD
36863-9	RAD
36864-7	RAD
36865-4	RAD
36866-2	RAD
36867-0	RAD
36868-8	RAD
36869-6	RAD
36870-4	RAD
36871-2	RAD
36872-0	RAD
36873-8	RAD
36874-6	RAD
36875-3	RAD
36876-1	RAD
36877-9	RAD
36878-7	RAD
36879-5	RAD
36881-1	RAD
36882-9	RAD
36883-7	RAD
36886-0	RAD
36887-8	RAD
36890-2	RAD
36893-6	RAD
36894-4	RAD
36927-2	RAD
36928-0	RAD
36929-8	RAD
36930-6	RAD
36931-4	RAD
36932-2	RAD
36933-0	RAD
36936-3	RAD
36937-1	RAD
36938-9	RAD
36941-3	RAD
36942-1	RAD
36943-9	RAD
36944-7	RAD
36945-4	RAD
36946-2	RAD
36947-0	RAD
36948-8	RAD
36949-6	RAD
36950-4	RAD
36951-2	RAD
36952-0	RAD
36953-8	RAD
36954-6	RAD
36955-3	RAD
36956-1	RAD
36958-7	RAD
36959-5	RAD
36960-3	RAD
36961-1	RAD
36962-9	RAD
36963-7	RAD
36964-5	RAD
36965-2	RAD
36966-0	RAD
36967-8	RAD
36968-6	RAD
36971-0	RAD
36972-8	RAD
36973-6	RAD
36974-4	RAD
36975-1	RAD
36976-9	RAD
36977-7	RAD
36978-5	RAD
36979-3	RAD
36980-1	RAD
36981-9	RAD
36982-7	RAD
36983-5	RAD
36984-3	RAD
36985-0	RAD
36986-8	RAD
36987-6	RAD
36988-4	RAD
36989-2	RAD
36990-0	RAD
36991-8	RAD
36992-6	RAD
36993-4	RAD
36994-2	RAD
36995-9	RAD
36996-7	RAD
36997-5	RAD
36998-3	RAD
36999-1	RAD
37000-7	RAD
37001-5	RAD
37002-3	RAD
37003-1	RAD
37004-9	RAD
37005-6	RAD
37006-4	RAD
37007-2	RAD
37008-0	RAD
37009-8	RAD
37010-6	RAD
37011-4	RAD
37012-2	RAD
37013-0	RAD
37014-8	RAD
37015-5	RAD
37016-3	RAD
37017-1	RAD
37018-9	RAD
37019-7	RAD
37020-5	RAD
37021-3	RAD
37022-1	RAD
37023-9	RAD
37024-7	RAD
37025-4	RAD
37026-2	RAD
37027-0	RAD
37028-8	RAD
37029-6	RAD
37030-4	RAD
37031-2	RAD
37032-0	RAD
37033-8	RAD
37034-6	RAD
37035-3	RAD
37037-9	RAD
37038-7	RAD
37039-5	RAD
37040-3	RAD
37041-1	RAD
37042-9	RAD
37043-7	RAD
37044-5	RAD
37045-2	RAD
37046-0	RAD
37047-8	RAD
37048-6	RAD
37049-4	RAD
37050-2	RAD
37051-0	RAD
37052-8	RAD
37053-6	RAD
37054-4	RAD
37055-1	RAD
37056-9	RAD
37057-7	RAD
37058-5	RAD
37059-3	RAD
37060-1	RAD
37062-7	RAD
37063-5	RAD
37064-3	RAD
37066-8	RAD
37067-6	RAD
37068-4	RAD
37069-2	RAD
37070-0	RAD
37071-8	RAD
37072-6	RAD
37073-4	RAD
37074-2	RAD
37075-9	RAD
37076-7	RAD
37077-5	RAD
37078-3	RAD
37079-1	RAD
37080-9	RAD
37081-7	RAD
37082-5	RAD
37083-3	RAD
37084-1	RAD
37085-8	RAD
37086-6	RAD
37087-4	RAD
37088-2	RAD
37089-0	RAD
37090-8	RAD
37091-6	RAD
37092-4	RAD
37093-2	RAD
37094-0	RAD
37095-7	RAD
37096-5	RAD
37097-3	RAD
37098-1	RAD
37099-9	RAD
37100-5	RAD
37101-3	RAD
37102-1	RAD
37103-9	RAD
37104-7	RAD
37105-4	RAD
37106-2	RAD
37107-0	RAD
37108-8	RAD
37109-6	RAD
37110-4	RAD
37111-2	RAD
37112-0	RAD
37113-8	RAD
37114-6	RAD
37115-3	RAD
37116-1	RAD
37117-9	RAD
37118-7	RAD
37119-5	RAD
37120-3	RAD
37121-1	RAD
37122-9	RAD
37123-7	RAD
37124-5	RAD
37125-2	RAD
37126-0	RAD
37127-8	RAD
37128-6	RAD
37131-0	RAD
37132-8	RAD
37133-6	RAD
37134-4	RAD
37135-1	RAD
37136-9	RAD
37137-7	RAD
37138-5	RAD
37139-3	RAD
37140-1	RAD
37141-9	RAD
37142-7	RAD
37143-5	RAD
37144-3	RAD
37145-0	RAD
37146-8	RAD
37147-6	RAD
37148-4	RAD
37149-2	RAD
37150-0	RAD
37151-8	RAD
37152-6	RAD
37153-4	RAD
37154-2	RAD
37155-9	RAD
37156-7	RAD
37157-5	RAD
37158-3	RAD
37160-9	RAD
37161-7	RAD
37162-5	RAD
37163-3	RAD
37164-1	RAD
37165-8	RAD
37166-6	RAD
37167-4	RAD
37168-2	RAD
37169-0	RAD
37170-8	RAD
37171-6	RAD
37172-4	RAD
37173-2	RAD
37174-0	RAD
37175-7	RAD
37176-5	RAD
37177-3	RAD
37178-1	RAD
37179-9	RAD
37180-7	RAD
37181-5	RAD
37182-3	RAD
37183-1	RAD
37184-9	RAD
37185-6	RAD
37186-4	RAD
37187-2	RAD
37188-0	RAD
37189-8	RAD
37190-6	RAD
37191-4	RAD
37192-2	RAD
37193-0	RAD
37195-5	RAD
37196-3	RAD
37198-9	RAD
37199-7	RAD
37200-3	RAD
37201-1	RAD
37202-9	RAD
37203-7	RAD
37204-5	RAD
37205-2	RAD
37206-0	RAD
37207-8	RAD
37208-6	RAD
37209-4	RAD
37210-2	RAD
37211-0	RAD
37212-8	RAD
37213-6	RAD
37214-4	RAD
37215-1	RAD
37217-7	RAD
37218-5	RAD
37219-3	RAD
37220-1	RAD
37221-9	RAD
37222-7	RAD
37223-5	RAD
37224-3	RAD
37225-0	RAD
37226-8	RAD
37227-6	RAD
37228-4	RAD
37229-2	RAD
37230-0	RAD
37231-8	RAD
37232-6	RAD
37233-4	RAD
37234-2	RAD
37235-9	RAD
37237-5	RAD
37238-3	RAD
37239-1	RAD
37240-9	RAD
37241-7	RAD
37242-5	RAD
37243-3	RAD
37244-1	RAD
37245-8	RAD
37246-6	RAD
37247-4	RAD
37248-2	RAD
37249-0	RAD
37253-2	RAD
37254-0	RAD
37256-5	RAD
37257-3	RAD
37259-9	RAD
37260-7	RAD
37261-5	RAD
37265-6	RAD
37266-4	RAD
37267-2	RAD
37268-0	RAD
37269-8	RAD
37270-6	RAD
37271-4	RAD
37272-2	RAD
37277-1	RAD
37278-9	RAD
37279-7	RAD
37280-5	RAD
37281-3	RAD
37282-1	RAD
37283-9	RAD
37284-7	RAD
37285-4	RAD
37286-2	RAD
37287-0	RAD
37288-8	RAD
37293-8	RAD
37297-9	RAD
37298-7	RAD
37299-5	RAD
37300-1	RAD
37302-7	RAD
37303-5	RAD
37304-3	RAD
37319-1	RAD
37320-9	RAD
37321-7	RAD
37323-3	RAD
37324-1	RAD
37325-8	RAD
37332-4	RAD
37338-1	RAD
37340-7	RAD
37341-5	RAD
37342-3	RAD
37348-0	RAD
37350-6	RAD
37351-4	RAD
37353-0	RAD
37355-5	RAD
37356-3	RAD
37357-1	RAD
37361-3	RAD
37362-1	RAD
37364-7	RAD
37365-4	RAD
37379-5	RAD
37380-3	RAD
37381-1	RAD
37384-5	RAD
37387-8	RAD
37388-6	RAD
37389-4	RAD
37390-2	RAD
37391-0	RAD
37392-8	RAD
37393-6	RAD
37394-4	RAD
37395-1	RAD
37396-9	RAD
37397-7	RAD
37398-5	RAD
37399-3	RAD
37401-7	RAD
37402-5	RAD
37403-3	RAD
37404-1	RAD
37405-8	RAD
37406-6	RAD
37407-4	RAD
37409-0	RAD
37410-8	RAD
37411-6	RAD
37412-4	RAD
37413-2	RAD
37414-0	RAD
37415-7	RAD
37416-5	RAD
37419-9	RAD
37421-5	RAD
37422-3	RAD
37423-1	RAD
37426-4	RAD
37428-0	RAD
37429-8	RAD
37430-6	RAD
37431-4	RAD
37432-2	RAD
37433-0	RAD
37434-8	RAD
37435-5	RAD
37437-1	RAD
37439-7	RAD
37440-5	RAD
37441-3	RAD
37442-1	RAD
37443-9	RAD
37444-7	RAD
37445-4	RAD
37446-2	RAD
37447-0	RAD
37448-8	RAD
37449-6	RAD
37450-4	RAD
37451-2	RAD
37452-0	RAD
37453-8	RAD
37454-6	RAD
37455-3	RAD
37457-9	RAD
37458-7	RAD
37459-5	RAD
37460-3	RAD
37461-1	RAD
37462-9	RAD
37463-7	RAD
37464-5	RAD
37465-2	RAD
37466-0	RAD
37467-8	RAD
37468-6	RAD
37469-4	RAD
37470-2	RAD
37471-0	RAD
37472-8	RAD
37473-6	RAD
37474-4	RAD
37475-1	RAD
37476-9	RAD
37477-7	RAD
37481-9	RAD
37482-7	RAD
37483-5	RAD
37484-3	RAD
37485-0	RAD
37486-8	RAD
37487-6	RAD
37488-4	RAD
37489-2	RAD
37490-0	RAD
37491-8	RAD
37492-6	RAD
37493-4	RAD
37494-2	RAD
37495-9	RAD
37496-7	RAD
37497-5	RAD
37498-3	RAD
37500-6	RAD
37501-4	RAD
37502-2	RAD
37503-0	RAD
37505-5	RAD
37506-3	RAD
37507-1	RAD
37508-9	RAD
37509-7	RAD
37510-5	RAD
37511-3	RAD
37512-1	RAD
37513-9	RAD
37514-7	RAD
37515-4	RAD
37516-2	RAD
37517-0	RAD
37518-8	RAD
37519-6	RAD
37520-4	RAD
37521-2	RAD
37522-0	RAD
37523-8	RAD
37524-6	RAD
37530-3	RAD
37531-1	RAD
37532-9	RAD
37533-7	RAD
37534-5	RAD
37535-2	RAD
37538-6	RAD
37539-4	RAD
37540-2	RAD
37541-0	RAD
37542-8	RAD
37543-6	RAD
37544-4	RAD
37545-1	RAD
37546-9	RAD
37547-7	RAD
37548-5	RAD
37549-3	RAD
37550-1	RAD
37551-9	RAD
37552-7	RAD
37553-5	RAD
37554-3	RAD
37555-0	RAD
37556-8	RAD
37557-6	RAD
37558-4	RAD
37559-2	RAD
37560-0	RAD
37561-8	RAD
37562-6	RAD
37563-4	RAD
37564-2	RAD
37565-9	RAD
37566-7	RAD
37567-5	RAD
37568-3	RAD
37569-1	RAD
37570-9	RAD
37571-7	RAD
37574-1	RAD
37575-8	RAD
37576-6	RAD
37577-4	RAD
37578-2	RAD
37579-0	RAD
37580-8	RAD
37581-6	RAD
37582-4	RAD
37583-2	RAD
37584-0	RAD
37585-7	RAD
37586-5	RAD
37587-3	RAD
37588-1	RAD
37589-9	RAD
37590-7	RAD
37594-9	RAD
37595-6	RAD
37596-4	RAD
37597-2	RAD
37598-0	RAD
37599-8	RAD
37600-4	RAD
37601-2	RAD
37602-0	RAD
37604-6	RAD
37605-3	RAD
37606-1	RAD
37607-9	RAD
37608-7	RAD
37609-5	RAD
37611-1	RAD
37612-9	RAD
37613-7	RAD
37614-5	RAD
37615-2	RAD
37616-0	RAD
37617-8	RAD
37618-6	RAD
37619-4	RAD
37620-2	RAD
37621-0	RAD
37622-8	RAD
37623-6	RAD
37624-4	RAD
37625-1	RAD
37626-9	RAD
37627-7	RAD
37628-5	RAD
37629-3	RAD
37630-1	RAD
37631-9	RAD
37632-7	RAD
37633-5	RAD
37634-3	RAD
37635-0	RAD
37636-8	RAD
37637-6	RAD
37639-2	RAD
37640-0	RAD
37641-8	RAD
37642-6	RAD
37643-4	RAD
37644-2	RAD
37645-9	RAD
37646-7	RAD
37647-5	RAD
37648-3	RAD
37649-1	RAD
37650-9	RAD
37651-7	RAD
37652-5	RAD
37653-3	RAD
37654-1	RAD
37655-8	RAD
37656-6	RAD
37658-2	RAD
37659-0	RAD
37660-8	RAD
37661-6	RAD
37662-4	RAD
37663-2	RAD
37664-0	RAD
37665-7	RAD
37666-5	RAD
37667-3	RAD
37668-1	RAD
37669-9	RAD
37670-7	RAD
37671-5	RAD
37672-3	RAD
37673-1	RAD
37674-9	RAD
37675-6	RAD
37676-4	RAD
37677-2	RAD
37678-0	RAD
37679-8	RAD
37680-6	RAD
37681-4	RAD
37682-2	RAD
37683-0	RAD
37684-8	RAD
37685-5	RAD
37686-3	RAD
37687-1	RAD
37688-9	RAD
37689-7	RAD
37690-5	RAD
37691-3	RAD
37692-1	RAD
37693-9	RAD
37694-7	RAD
37695-4	RAD
37696-2	RAD
37697-0	RAD
37698-8	RAD
37699-6	RAD
37700-2	RAD
37701-0	RAD
37702-8	RAD
37703-6	RAD
37704-4	RAD
37705-1	RAD
37706-9	RAD
37707-7	RAD
37708-5	RAD
37709-3	RAD
37710-1	RAD
37711-9	RAD
37712-7	RAD
37713-5	RAD
37714-3	RAD
37715-0	RAD
37716-8	RAD
37717-6	RAD
37718-4	RAD
37719-2	RAD
37720-0	RAD
37721-8	RAD
37722-6	RAD
37723-4	RAD
37724-2	RAD
37725-9	RAD
37726-7	RAD
37727-5	RAD
37728-3	RAD
37729-1	RAD
37730-9	RAD
37731-7	RAD
37732-5	RAD
37733-3	RAD
37734-1	RAD
37735-8	RAD
37736-6	RAD
37737-4	RAD
37738-2	RAD
37739-0	RAD
37740-8	RAD
37741-6	RAD
37742-4	RAD
37743-2	RAD
37744-0	RAD
37745-7	RAD
37746-5	RAD
37747-3	RAD
37748-1	RAD
37749-9	RAD
37750-7	RAD
37751-5	RAD
37752-3	RAD
37753-1	RAD
37754-9	RAD
37755-6	RAD
37756-4	RAD
37757-2	RAD
37758-0	RAD
37759-8	RAD
37760-6	RAD
37761-4	RAD
37762-2	RAD
37763-0	RAD
37764-8	RAD
37765-5	RAD
37766-3	RAD
37767-1	RAD
37768-9	RAD
37769-7	RAD
37770-5	RAD
37771-3	RAD
37772-1	RAD
37773-9	RAD
37774-7	RAD
37775-4	RAD
37776-2	RAD
37777-0	RAD
37778-8	RAD
37779-6	RAD
37780-4	RAD
37781-2	RAD
37782-0	RAD
37783-8	RAD
37784-6	RAD
37785-3	RAD
37786-1	RAD
37787-9	RAD
37788-7	RAD
37789-5	RAD
37790-3	RAD
37791-1	RAD
37792-9	RAD
37793-7	RAD
37794-5	RAD
37795-2	RAD
37796-0	RAD
37797-8	RAD
37798-6	RAD
37799-4	RAD
37800-0	RAD
37801-8	RAD
37802-6	RAD
37803-4	RAD
37804-2	RAD
37805-9	RAD
37806-7	RAD
37807-5	RAD
37808-3	RAD
37809-1	RAD
37810-9	RAD
37811-7	RAD
37812-5	RAD
37813-3	RAD
37814-1	RAD
37815-8	RAD
37816-6	RAD
37817-4	RAD
37818-2	RAD
37819-0	RAD
37820-8	RAD
37821-6	RAD
37822-4	RAD
37823-2	RAD
37824-0	RAD
37825-7	RAD
37826-5	RAD
37827-3	RAD
37828-1	RAD
37829-9	RAD
37830-7	RAD
37831-5	RAD
37832-3	RAD
37833-1	RAD
37834-9	RAD
37835-6	RAD
37836-4	RAD
37839-8	RAD
37840-6	RAD
37841-4	RAD
37842-2	RAD
37843-0	RAD
37844-8	RAD
37845-5	RAD
37846-3	RAD
37847-1	RAD
37848-9	RAD
37849-7	RAD
37850-5	RAD
37851-3	RAD
37852-1	RAD
37853-9	RAD
37854-7	RAD
37855-4	RAD
37856-2	RAD
37857-0	RAD
37858-8	RAD
37859-6	RAD
37860-4	RAD
37861-2	RAD
37862-0	RAD
37863-8	RAD
37864-6	RAD
37866-1	RAD
37867-9	RAD
37868-7	RAD
37869-5	RAD
37870-3	RAD
37871-1	RAD
37872-9	RAD
37874-5	RAD
37880-2	RAD
37881-0	RAD
37882-8	RAD
37883-6	RAD
37884-4	RAD
37885-1	RAD
37886-9	RAD
37887-7	RAD
37888-5	RAD
37889-3	RAD
37890-1	RAD
37891-9	RAD
37892-7	RAD
37893-5	RAD
37894-3	RAD
37895-0	RAD
37896-8	RAD
37897-6	RAD
37898-4	RAD
37899-2	RAD
37901-6	RAD
37902-4	RAD
37903-2	RAD
37904-0	RAD
37905-7	RAD
37906-5	RAD
37907-3	RAD
37908-1	RAD
37909-9	RAD
37910-7	RAD
37911-5	RAD
37912-3	RAD
37913-1	RAD
37914-9	RAD
37915-6	RAD
37917-2	RAD
37918-0	RAD
37919-8	RAD
37920-6	RAD
37921-4	RAD
37922-2	RAD
37923-0	RAD
37924-8	RAD
37925-5	RAD
37926-3	RAD
37927-1	RAD
37928-9	RAD
37929-7	RAD
37930-5	RAD
37931-3	RAD
37932-1	RAD
37933-9	RAD
37934-7	RAD
37935-4	RAD
37936-2	RAD
37937-0	RAD
37938-8	RAD
37939-6	RAD
37940-4	RAD
37941-2	RAD
37942-0	RAD
37943-8	RAD
37944-6	RAD
37945-3	RAD
37947-9	RAD
37948-7	RAD
37949-5	RAD
37950-3	RAD
37952-9	RAD
37953-7	RAD
37958-6	RAD
37959-4	RAD
37960-2	RAD
37961-0	RAD
37962-8	RAD
37963-6	RAD
37964-4	RAD
37965-1	RAD
37966-9	RAD
37967-7	RAD
37968-5	RAD
37969-3	RAD
37970-1	RAD
37971-9	RAD
37972-7	RAD
37973-5	RAD
37974-3	RAD
37975-0	RAD
37976-8	RAD
37977-6	RAD
37979-2	RAD
37980-0	RAD
37981-8	RAD
37994-1	RAD
37995-8	RAD
37996-6	RAD
37997-4	RAD
37998-2	RAD
37999-0	RAD
38000-6	RAD
38001-4	RAD
38002-2	RAD
38003-0	RAD
38004-8	RAD
38006-3	RAD
38007-1	RAD
38008-9	RAD
38009-7	RAD
38010-5	RAD
38011-3	RAD
38012-1	RAD
38013-9	RAD
38014-7	RAD
38015-4	RAD
38016-2	RAD
38017-0	RAD
38018-8	RAD
38019-6	RAD
38020-4	RAD
38021-2	RAD
38022-0	RAD
38023-8	RAD
38024-6	RAD
38025-3	RAD
38026-1	RAD
38030-3	RAD
38032-9	RAD
38033-7	RAD
38034-5	RAD
38035-2	RAD
38036-0	RAD
38037-8	RAD
38038-6	RAD
38039-4	RAD
38040-2	RAD
38041-0	RAD
38042-8	RAD
38043-6	RAD
38044-4	RAD
38045-1	RAD
38046-9	RAD
38047-7	RAD
38048-5	RAD
38049-3	RAD
38050-1	RAD
38051-9	RAD
38052-7	RAD
38053-5	RAD
38054-3	RAD
38057-6	RAD
38058-4	RAD
38061-8	RAD
38062-6	RAD
38064-2	RAD
38065-9	RAD
38066-7	RAD
38068-3	RAD
38069-1	RAD
38070-9	RAD
38071-7	RAD
38072-5	RAD
38073-3	RAD
38074-1	RAD
38079-0	RAD
38080-8	RAD
38082-4	RAD
38083-2	RAD
38084-0	RAD
38086-5	RAD
38087-3	RAD
38088-1	RAD
38089-9	RAD
38090-7	RAD
38091-5	RAD
38092-3	RAD
38093-1	RAD
38094-9	RAD
38095-6	RAD
38096-4	RAD
38097-2	RAD
38098-0	RAD
38099-8	RAD
38100-4	RAD
38101-2	RAD
38102-0	RAD
38103-8	RAD
38104-6	RAD
38105-3	RAD
38107-9	RAD
38108-7	RAD
38112-9	RAD
38114-5	RAD
38115-2	RAD
38116-0	RAD
38117-8	RAD
38118-6	RAD
38119-4	RAD
38120-2	RAD
38121-0	RAD
38123-6	RAD
38124-4	RAD
38125-1	RAD
38126-9	RAD
38128-5	RAD
38129-3	RAD
38130-1	RAD
38131-9	RAD
38132-7	RAD
38133-5	RAD
38134-3	RAD
38135-0	RAD
38136-8	RAD
38137-6	RAD
38138-4	RAD
38139-2	RAD
38140-0	RAD
38141-8	RAD
38142-6	RAD
38143-4	RAD
38144-2	RAD
38145-9	RAD
38146-7	RAD
38147-5	RAD
38148-3	RAD
38149-1	RAD
38150-9	RAD
38151-7	RAD
38152-5	RAD
38153-3	RAD
38154-1	RAD
38155-8	RAD
38156-6	RAD
38170-7	CELLMARK
38171-5	CELLMARK
38181-4	RAD
38231-7	CELLMARK
38232-5	CELLMARK
38233-3	CELLMARK
38234-1	CELLMARK
38235-8	CELLMARK
38236-6	CELLMARK
38237-4	CELLMARK
38238-2	CELLMARK
38239-0	CELLMARK
38240-8	CELLMARK
38241-6	CELLMARK
38242-4	CELLMARK
38261-4	RAD
38262-2	RAD
38263-0	RAD
38264-8	RAD
38265-5	RAD
38266-3	RAD
38267-1	RAD
38268-9	RAD
38419-8	CELLMARK
38435-4	CELLMARK
38510-4	CELLMARK
38511-2	CELLMARK
38512-0	CELLMARK
38513-8	CELLMARK
38514-6	CELLMARK
38515-3	CELLMARK
38516-1	CELLMARK
38765-4	RAD
38766-2	RAD
38767-0	RAD
38768-8	RAD
38769-6	RAD
38770-4	RAD
38771-2	RAD
38772-0	RAD
38773-8	RAD
38774-6	RAD
38775-3	RAD
38776-1	RAD
38777-9	RAD
38778-7	RAD
38779-5	RAD
38780-3	RAD
38781-1	RAD
38782-9	RAD
38783-7	RAD
38784-5	RAD
38785-2	RAD
38786-0	RAD
38787-8	RAD
38788-6	RAD
38789-4	RAD
38790-2	RAD
38791-0	RAD
38793-6	RAD
38794-4	RAD
38795-1	RAD
38796-9	RAD
38797-7	RAD
38798-5	RAD
38799-3	RAD
38801-7	RAD
38802-5	RAD
38803-3	RAD
38804-1	RAD
38805-8	RAD
38806-6	RAD
38807-4	RAD
38808-2	RAD
38810-8	RAD
38811-6	RAD
38812-4	RAD
38813-2	RAD
38814-0	RAD
38815-7	RAD
38816-5	RAD
38817-3	RAD
38818-1	RAD
38819-9	RAD
38820-7	RAD
38821-5	RAD
38822-3	RAD
38824-9	RAD
38825-6	RAD
38826-4	RAD
38827-2	RAD
38828-0	RAD
38829-8	RAD
38830-6	RAD
38831-4	RAD
38832-2	RAD
38833-0	RAD
38834-8	RAD
38835-5	RAD
38836-3	RAD
38837-1	RAD
38838-9	RAD
38839-7	RAD
38840-5	RAD
38841-3	RAD
38842-1	RAD
38843-9	RAD
38844-7	RAD
38845-4	RAD
38846-2	RAD
38847-0	RAD
38848-8	RAD
38849-6	RAD
38850-4	RAD
38851-2	RAD
38852-0	RAD
38853-8	RAD
38854-6	RAD
38855-3	RAD
38856-1	RAD
38857-9	RAD
38858-7	RAD
38859-5	RAD
38860-3	RAD
38861-1	RAD
38862-9	RAD
38863-7	RAD
38864-5	RAD
38865-2	RAD
38866-0	RAD
38867-8	RAD
38868-6	RAD
38869-4	RAD
38870-2	RAD
38871-0	RAD
38872-8	RAD
38874-4	RAD
38894-2	CELLMARK
39026-0	RAD
39027-8	RAD
39028-6	RAD
39029-4	RAD
39030-2	RAD
39031-0	RAD
39032-8	RAD
39033-6	RAD
39034-4	RAD
39036-9	RAD
39037-7	RAD
39038-5	RAD
39039-3	RAD
39040-1	RAD
39042-7	RAD
39044-3	RAD
39045-0	RAD
39046-8	RAD
39047-6	RAD
39048-4	RAD
39049-2	RAD
39050-0	RAD
39051-8	RAD
39053-4	RAD
39054-2	RAD
39055-9	RAD
39056-7	RAD
39057-5	RAD
39058-3	RAD
39060-9	RAD
39061-7	RAD
39062-5	RAD
39063-3	RAD
39064-1	RAD
39065-8	RAD
39066-6	RAD
39067-4	RAD
39068-2	RAD
39069-0	RAD
39071-6	RAD
39072-4	RAD
39073-2	RAD
39074-0	RAD
39075-7	RAD
39076-5	RAD
39077-3	RAD
39078-1	RAD
39079-9	RAD
39093-0	RAD
39094-8	RAD
39095-5	RAD
39096-3	RAD
39097-1	RAD
39098-9	RAD
39099-7	RAD
39138-3	RAD
39139-1	RAD
39140-9	RAD
39141-7	RAD
39142-5	RAD
39144-1	RAD
39145-8	RAD
39146-6	RAD
39147-4	RAD
39148-2	RAD
39149-0	RAD
39151-6	RAD
39291-0	RAD
39292-8	RAD
39293-6	RAD
39321-5	RAD
39323-1	RAD
39324-9	RAD
39325-6	RAD
39326-4	RAD
39327-2	RAD
39328-0	RAD
39329-8	RAD
39330-6	RAD
39331-4	RAD
39332-2	RAD
39333-0	RAD
39334-8	RAD
39335-5	RAD
39336-3	RAD
39337-1	RAD
39338-9	RAD
39339-7	RAD
39340-5	RAD
39341-3	RAD
39343-9	RAD
39344-7	RAD
39345-4	RAD
39346-2	RAD
39347-0	RAD
39348-8	RAD
39349-6	RAD
39350-4	RAD
39351-2	RAD
39352-0	RAD
39353-8	RAD
39359-5	RAD
39360-3	RAD
39361-1	RAD
39362-9	RAD
39363-7	RAD
39364-5	RAD
39365-2	RAD
39366-0	RAD
39367-8	RAD
39368-6	RAD
39369-4	RAD
39370-2	RAD
39371-0	RAD
39372-8	RAD
39373-6	RAD
39374-4	RAD
39375-1	RAD
39376-9	RAD
39377-7	RAD
39378-5	RAD
39379-3	RAD
39380-1	RAD
39381-9	RAD
39382-7	RAD
39383-5	RAD
39384-3	RAD
39385-0	RAD
39386-8	RAD
39387-6	RAD
39388-4	RAD
39389-2	RAD
39390-0	RAD
39391-8	RAD
39392-6	RAD
39393-4	RAD
39394-2	RAD
39395-9	RAD
39396-7	RAD
39397-5	RAD
39398-3	RAD
39399-1	RAD
39400-7	RAD
39401-5	RAD
39402-3	RAD
39403-1	RAD
39404-9	RAD
39405-6	RAD
39406-4	RAD
39407-2	RAD
39408-0	RAD
39409-8	RAD
39410-6	RAD
39411-4	RAD
39412-2	RAD
39413-0	RAD
39414-8	RAD
39415-5	RAD
39416-3	RAD
39418-9	RAD
39419-7	RAD
39420-5	RAD
39421-3	RAD
39422-1	RAD
39423-9	RAD
39424-7	RAD
39425-4	RAD
39426-2	RAD
39427-0	RAD
39428-8	RAD
39429-6	RAD
39430-4	RAD
39431-2	RAD
39432-0	RAD
39433-8	RAD
39434-6	RAD
39435-3	RAD
39436-1	RAD
39437-9	RAD
39439-5	RAD
39440-3	RAD
39441-1	RAD
39442-9	RAD
39443-7	RAD
39444-5	RAD
39445-2	RAD
39446-0	RAD
39447-8	RAD
39448-6	RAD
39449-4	RAD
39450-2	RAD
39451-0	RAD
39452-8	RAD
39453-6	RAD
39454-4	RAD
39489-0	RAD
39490-8	RAD
39491-6	RAD
39492-4	RAD
39493-2	RAD
39494-0	RAD
39495-7	RAD
39496-5	RAD
39497-3	RAD
39498-1	RAD
39499-9	RAD
39500-4	RAD
39501-2	RAD
39502-0	RAD
39503-8	RAD
39504-6	RAD
39505-3	RAD
39506-1	RAD
39507-9	RAD
39508-7	RAD
39509-5	RAD
39510-3	RAD
39511-1	RAD
39512-9	RAD
39513-7	RAD
39514-5	RAD
39515-2	RAD
39516-0	RAD
39517-8	RAD
39518-6	RAD
39519-4	RAD
39520-2	RAD
39521-0	RAD
39522-8	RAD
39523-6	RAD
39524-4	RAD
39525-1	RAD
39526-9	RAD
39527-7	RAD
39619-2	RAD
39620-0	RAD
39621-8	RAD
39622-6	RAD
39623-4	RAD
39624-2	RAD
39625-9	RAD
39626-7	RAD
39627-5	RAD
39628-3	RAD
39629-1	RAD
39630-9	RAD
39631-7	RAD
39632-5	RAD
39634-1	RAD
39635-8	RAD
39636-6	RAD
39637-4	RAD
39638-2	RAD
39639-0	RAD
39640-8	RAD
39641-6	RAD
39642-4	RAD
39643-2	RAD
39644-0	RAD
39645-7	RAD
39646-5	RAD
39647-3	RAD
39648-1	RAD
39649-9	RAD
39650-7	RAD
39651-5	RAD
39652-3	RAD
39653-1	RAD
39654-9	RAD
39655-6	RAD
39656-4	RAD
39657-2	RAD
39658-0	RAD
39660-6	RAD
39661-4	RAD
39662-2	RAD
39663-0	RAD
39664-8	RAD
39665-5	RAD
39666-3	RAD
39667-1	RAD
39668-9	RAD
39669-7	RAD
39670-5	RAD
39671-3	RAD
39672-1	RAD
39673-9	RAD
39674-7	RAD
39675-4	RAD
39677-0	RAD
39678-8	RAD
39679-6	RAD
39680-4	RAD
39681-2	RAD
39682-0	RAD
39683-8	RAD
39684-6	RAD
39685-3	RAD
39686-1	RAD
39687-9	RAD
39688-7	RAD
39689-5	RAD
39690-3	RAD
39691-1	RAD
39692-9	RAD
39693-7	RAD
39694-5	RAD
39695-2	RAD
39696-0	RAD
39697-8	RAD
39698-6	RAD
39699-4	RAD
39700-0	RAD
39701-8	RAD
39702-6	RAD
39703-4	RAD
39704-2	RAD
39705-9	RAD
39707-5	RAD
39708-3	RAD
39709-1	RAD
39710-9	RAD
39711-7	RAD
39712-5	RAD
39713-3	RAD
39714-1	RAD
39715-8	RAD
39716-6	RAD
39718-2	RAD
39719-0	RAD
39720-8	RAD
39722-4	RAD
39723-2	RAD
39724-0	RAD
39725-7	RAD
39726-5	RAD
39727-3	RAD
39728-1	RAD
39729-9	RAD
39730-7	RAD
39731-5	RAD
39732-3	RAD
39733-1	RAD
39734-9	RAD
39735-6	RAD
39736-4	RAD
39737-2	RAD
39738-0	RAD
39739-8	RAD
39740-6	RAD
39741-4	RAD
39742-2	RAD
39743-0	RAD
39744-8	RAD
39745-5	RAD
39746-3	RAD
39747-1	RAD
39748-9	RAD
39749-7	RAD
39750-5	RAD
39751-3	RAD
39752-1	RAD
39753-9	RAD
39754-7	RAD
39755-4	RAD
39756-2	RAD
39757-0	RAD
39758-8	RAD
39759-6	RAD
39760-4	RAD
39761-2	RAD
39762-0	RAD
39763-8	RAD
39764-6	RAD
39765-3	RAD
39766-1	RAD
39767-9	RAD
39768-7	RAD
39769-5	RAD
39770-3	RAD
39811-5	RAD
39812-3	RAD
39813-1	RAD
39816-4	RAD
39818-0	RAD
39819-8	RAD
39820-6	RAD
39821-4	RAD
39822-2	RAD
39823-0	RAD
39824-8	RAD
39825-5	RAD
39826-3	RAD
39827-1	RAD
39828-9	RAD
39829-7	RAD
39830-5	RAD
39831-3	RAD
39834-7	RAD
39837-0	RAD
39838-8	RAD
39839-6	RAD
39840-4	RAD
39841-2	RAD
39842-0	RAD
39843-8	RAD
39844-6	RAD
39845-3	RAD
39846-1	RAD
39847-9	RAD
39848-7	RAD
39849-5	RAD
39850-3	RAD
39851-1	RAD
39852-9	RAD
39856-0	RAD
39857-8	RAD
39858-6	RAD
39859-4	RAD
39860-2	RAD
39861-0	RAD
39862-8	RAD
39863-6	RAD
39864-4	RAD
39865-1	RAD
39866-9	RAD
39867-7	RAD
39868-5	RAD
39869-3	RAD
39870-1	RAD
39871-9	RAD
39872-7	RAD
39873-5	RAD
39874-3	RAD
39875-0	RAD
39876-8	RAD
39877-6	RAD
39879-2	RAD
39880-0	RAD
39881-8	RAD
39882-6	RAD
39883-4	RAD
39884-2	RAD
39885-9	RAD
39886-7	RAD
39887-5	RAD
39888-3	RAD
39889-1	RAD
39890-9	RAD
39891-7	RAD
39892-5	RAD
39893-3	RAD
39895-8	RAD
39897-4	RAD
39898-2	RAD
39899-0	RAD
39901-4	RAD
39902-2	RAD
39904-8	RAD
39905-5	RAD
39906-3	RAD
39907-1	RAD
39908-9	RAD
39909-7	RAD
39910-5	RAD
39912-1	RAD
39913-9	RAD
39914-7	RAD
39915-4	RAD
39916-2	RAD
39917-0	RAD
39918-8	RAD
39919-6	RAD
39920-4	RAD
39921-2	RAD
39922-0	RAD
39923-8	RAD
39924-6	RAD
39925-3	RAD
39927-9	RAD
39928-7	RAD
39929-5	RAD
39930-3	RAD
39931-1	RAD
39932-9	RAD
39933-7	RAD
39934-5	RAD
39935-2	RAD
39936-0	RAD
39937-8	RAD
39938-6	RAD
39939-4	RAD
39940-2	RAD
39942-8	RAD
39944-4	RAD
39946-9	RAD
39947-7	RAD
39949-3	RAD
39950-1	RAD
39951-9	RAD
39952-7	RAD
39953-5	RAD
39954-3	RAD
40551-4	CELLMARK
40552-2	CELLMARK
40553-0	CELLMARK
40554-8	CELLMARK
40555-5	CELLMARK
40623-1	CELLMARK
40624-9	CELLMARK
40861-7	CELLMARK
40880-7	CELLMARK
40881-5	CELLMARK
40882-3	CELLMARK
40883-1	CELLMARK
40884-9	CELLMARK
40885-6	CELLMARK
40886-4	CELLMARK
40887-2	CELLMARK
40888-0	CELLMARK
40889-8	CELLMARK
40890-6	CELLMARK
40891-4	CELLMARK
40892-2	CELLMARK
40893-0	CELLMARK
40894-8	CELLMARK
40895-5	CELLMARK
40896-3	CELLMARK
40897-1	CELLMARK
40898-9	CELLMARK
40899-7	CELLMARK
40900-3	CELLMARK
41770-9	RAD
41771-7	RAD
41772-5	RAD
41773-3	RAD
41774-1	RAD
41775-8	RAD
41776-6	RAD
41777-4	RAD
41778-2	RAD
41779-0	RAD
41782-4	RAD
41783-2	RAD
41784-0	RAD
41785-7	RAD
41786-5	RAD
41787-3	RAD
41788-1	RAD
41789-9	RAD
41790-7	RAD
41791-5	RAD
41792-3	RAD
41793-1	RAD
41797-2	RAD
41798-0	RAD
41799-8	RAD
41800-4	RAD
41801-2	RAD
41802-0	RAD
41803-8	RAD
41806-1	RAD
41807-9	RAD
41808-7	RAD
41809-5	RAD
41811-1	RAD
41812-9	RAD
41813-7	RAD
41814-5	RAD
41815-2	RAD
41816-0	RAD
41817-8	RAD
41818-6	RAD
41819-4	RAD
41820-2	RAD
41823-6	RAD
41824-4	RAD
41825-1	RAD
41826-9	RAD
41827-7	RAD
41828-5	RAD
41829-3	RAD
41830-1	RAD
41831-9	RAD
41832-7	RAD
41833-5	RAD
41834-3	RAD
41835-0	RAD
41836-8	RAD
41837-6	RAD
41838-4	RAD
41994-5	CELLMARK
42007-5	RAD
42008-3	RAD
42009-1	RAD
42010-9	RAD
42011-7	RAD
42012-5	RAD
42014-1	RAD
42017-4	RAD
42019-0	RAD
42020-8	RAD
42021-6	RAD
42132-1	RAD
42133-9	RAD
42134-7	RAD
42135-4	RAD
42136-2	RAD
42137-0	RAD
42138-8	OB.US
42140-4	RAD
42141-2	RAD
42143-8	RAD
42144-6	RAD
42145-3	RAD
42146-1	RAD
42147-9	RAD
42148-7	RAD
42149-5	RAD
42150-3	RAD
42151-1	RAD
42152-9	RAD
42153-7	RAD
42156-0	RAD
42157-8	RAD
42158-6	RAD
42159-4	RAD
42160-2	RAD
42161-0	RAD
42163-6	RAD
42164-4	RAD
42165-1	RAD
42166-9	RAD
42167-7	RAD
42170-1	RAD
42171-9	RAD
42175-0	RAD
42188-3	CELLMARK
42189-1	CELLMARK
42193-3	CELLMARK
42260-0	RAD
42261-8	RAD
42262-6	RAD
42263-4	RAD
42265-9	RAD
42268-3	RAD
42269-1	RAD
42270-9	RAD
42271-7	RAD
42272-5	RAD
42273-3	RAD
42274-1	RAD
42275-8	RAD
42276-6	RAD
42277-4	RAD
42278-2	RAD
42279-0	RAD
42280-8	RAD
42281-6	RAD
42282-4	RAD
42283-2	RAD
42284-0	RAD
42285-7	RAD
42286-5	RAD
42287-3	RAD
42291-5	RAD
42292-3	RAD
42293-1	RAD
42294-9	RAD
42295-6	RAD
42296-4	RAD
42297-2	RAD
42298-0	RAD
42299-8	RAD
42300-4	RAD
42301-2	RAD
42302-0	RAD
42303-8	RAD
42304-6	RAD
42305-3	RAD
42306-1	RAD
42308-7	RAD
42309-5	RAD
42310-3	RAD
42311-1	RAD
42312-9	RAD
42313-7	RAD
42314-5	RAD
42333-5	RAD
42334-3	RAD
42335-0	RAD
42377-2	RAD
42378-0	RAD
42379-8	RAD
42380-6	RAD
42381-4	RAD
42382-2	RAD
42385-5	RAD
42386-3	RAD
42387-1	RAD
42388-9	RAD
42389-7	RAD
42390-5	RAD
42391-3	RAD
42392-1	RAD
42393-9	RAD
42394-7	RAD
42395-4	RAD
42396-2	RAD
42397-0	RAD
42398-8	RAD
42399-6	RAD
42400-2	RAD
42401-0	RAD
42402-8	RAD
42403-6	RAD
42404-4	RAD
42405-1	RAD
42406-9	RAD
42407-7	RAD
42408-5	RAD
42409-3	RAD
42410-1	RAD
42411-9	RAD
42412-7	RAD
42413-5	RAD
42414-3	RAD
42415-0	RAD
42416-8	RAD
42417-6	RAD
42418-4	RAD
42419-2	RAD
42420-0	RAD
42421-8	RAD
42422-6	RAD
42423-4	RAD
42424-2	RAD
42425-9	RAD
42426-7	RAD
42427-5	RAD
42428-3	RAD
42429-1	RAD
42430-9	RAD
42431-7	RAD
42432-5	RAD
42433-3	RAD
42434-1	RAD
42435-8	RAD
42436-6	RAD
42437-4	RAD
42438-2	RAD
42439-0	RAD
42441-6	RAD
42443-2	RAD
42444-0	RAD
42445-7	RAD
42446-5	RAD
42447-3	RAD
42448-1	RAD
42449-9	RAD
42450-7	RAD
42451-5	OB.US
42452-3	OB.US
42453-1	OB.US
42454-9	OB.US
42455-6	RAD
42456-4	RAD
42457-2	RAD
42458-0	RAD
42459-8	RAD
42460-6	RAD
42461-4	RAD
42462-2	RAD
42463-0	RAD
42464-8	OB.US
42465-5	OB.US
42466-3	OB.US
42467-1	OB.US
42468-9	RAD
42469-7	RAD
42470-5	RAD
42471-3	RAD
42472-1	RAD
42473-9	RAD
42474-7	RAD
42475-4	RAD
42476-2	RAD
42477-0	RAD
42478-8	RAD
42479-6	OB.US
42480-4	OB.US
42608-0	CELLMARK
42619-7	CELLMARK
42620-5	CELLMARK
42622-1	CELLMARK
42628-8	CELLMARK
42680-9	RAD
42681-7	RAD
42684-1	RAD
42685-8	RAD
42686-6	RAD
42687-4	RAD
42691-6	RAD
42692-4	RAD
42693-2	RAD
42694-0	RAD
42695-7	RAD
42696-5	RAD
42697-3	RAD
42698-1	RAD
42699-9	RAD
42700-5	RAD
42701-3	RAD
42702-1	RAD
42703-9	RAD
42704-7	OB.US
42705-4	RAD
42706-2	RAD
42707-0	RAD
42708-8	RAD
42709-6	RAD
42710-4	RAD
42711-2	RAD
42735-1	CELLMARK
42736-9	CELLMARK
42737-7	CELLMARK
42738-5	CELLMARK
42759-1	CELLMARK
42776-5	RAD
42811-0	RAD
42812-8	RAD
42813-6	RAD
42814-4	RAD
42817-7	CELLMARK
42818-5	CELLMARK
42864-9	CELLMARK
42865-6	CELLMARK
42866-4	CELLMARK
42867-2	CELLMARK
42868-0	CELLMARK
42869-8	CELLMARK
42870-6	CELLMARK
42871-4	CELLMARK
42872-2	CELLMARK
42873-0	CELLMARK
42874-8	CELLMARK
42875-5	CELLMARK
42876-3	CELLMARK
42877-1	CELLMARK
42878-9	CELLMARK
42879-7	CELLMARK
42880-5	CELLMARK
42881-3	CELLMARK
42882-1	CELLMARK
42883-9	CELLMARK
42884-7	CELLMARK
42885-4	CELLMARK
42886-2	CELLMARK
42887-0	CELLMARK
42888-8	CELLMARK
42889-6	CELLMARK
42890-4	CELLMARK
42930-8	CELLMARK
42932-4	CELLMARK
42933-2	CELLMARK
42934-0	CELLMARK
43273-2	CELLMARK
43274-0	CELLMARK
43275-7	CELLMARK
43444-9	RAD
43445-6	RAD
43448-0	RAD
43449-8	RAD
43450-6	RAD
43451-4	RAD
43452-2	RAD
43453-0	RAD
43454-8	RAD
43455-5	RAD
43456-3	RAD
43457-1	RAD
43458-9	RAD
43459-7	RAD
43461-3	RAD
43463-9	RAD
43466-2	RAD
43467-0	RAD
43468-8	RAD
43469-6	RAD
43470-4	RAD
43471-2	RAD
43472-0	RAD
43473-8	RAD
43474-6	RAD
43475-3	RAD
43476-1	RAD
43477-9	RAD
43478-7	RAD
43479-5	RAD
43480-3	RAD
43481-1	RAD
43482-9	RAD
43483-7	RAD
43485-2	RAD
43486-0	RAD
43487-8	RAD
43488-6	RAD
43489-4	RAD
43490-2	RAD
43491-0	RAD
43492-8	RAD
43493-6	RAD
43494-4	RAD
43495-1	RAD
43496-9	RAD
43497-7	RAD
43498-5	RAD
43499-3	RAD
43500-8	RAD
43501-6	RAD
43502-4	RAD
43504-0	RAD
43505-7	RAD
43506-5	RAD
43507-3	RAD
43508-1	RAD
43509-9	RAD
43510-7	RAD
43511-5	RAD
43512-3	RAD
43513-1	RAD
43514-9	RAD
43515-6	RAD
43516-4	RAD
43517-2	RAD
43518-0	RAD
43519-8	RAD
43521-4	RAD
43522-2	RAD
43523-0	RAD
43524-8	RAD
43525-5	RAD
43526-3	RAD
43528-9	RAD
43529-7	RAD
43530-5	RAD
43532-1	RAD
43536-2	RAD
43537-0	RAD
43538-8	RAD
43539-6	RAD
43543-8	RAD
43550-3	RAD
43552-9	RAD
43554-5	RAD
43555-2	RAD
43556-0	RAD
43557-8	RAD
43558-6	RAD
43559-4	RAD
43561-0	RAD
43562-8	RAD
43563-6	RAD
43564-4	RAD
43565-1	RAD
43566-9	RAD
43567-7	RAD
43569-3	RAD
43570-1	RAD
43572-7	RAD
43574-3	RAD
43641-0	RAD
43642-8	RAD
43643-6	RAD
43644-4	RAD
43645-1	RAD
43646-9	RAD
43647-7	RAD
43648-5	RAD
43649-3	RAD
43650-1	RAD
43651-9	RAD
43652-7	RAD
43653-5	RAD
43654-3	RAD
43655-0	RAD
43656-8	RAD
43657-6	RAD
43658-4	RAD
43659-2	RAD
43660-0	RAD
43661-8	RAD
43662-6	RAD
43663-4	RAD
43664-2	RAD
43665-9	RAD
43666-7	RAD
43667-5	RAD
43669-1	RAD
43670-9	RAD
43671-7	RAD
43672-5	RAD
43673-3	RAD
43756-6	RAD
43757-4	RAD
43758-2	RAD
43759-0	RAD
43760-8	RAD
43761-6	RAD
43762-4	RAD
43763-2	RAD
43764-0	RAD
43765-7	RAD
43766-5	RAD
43767-3	RAD
43768-1	RAD
43769-9	RAD
43770-7	RAD
43771-5	RAD
43772-3	RAD
43773-1	RAD
43774-9	RAD
43775-6	RAD
43776-4	RAD
43777-2	RAD
43778-0	RAD
43779-8	RAD
43780-6	RAD
43781-4	RAD
43782-2	RAD
43783-0	RAD
43784-8	RAD
43785-5	RAD
43787-1	RAD
43788-9	RAD
43789-7	RAD
43790-5	RAD
43791-3	RAD
43792-1	RAD
43793-9	RAD
43794-7	RAD
43795-4	RAD
43796-2	RAD
43797-0	RAD
43856-4	CELLMARK
43935-6	CELLMARK
43936-4	CELLMARK
43937-2	CELLMARK
43938-0	CELLMARK
43944-8	CELLMARK
43945-5	CELLMARK
43946-3	CELLMARK
43947-1	CELLMARK
43948-9	CELLMARK
43949-7	CELLMARK
43950-5	CELLMARK
43951-3	CELLMARK
43952-1	CELLMARK
43953-9	CELLMARK
43954-7	CELLMARK
43955-4	CELLMARK
43956-2	CELLMARK
43957-0	CELLMARK
43958-8	CELLMARK
43959-6	CELLMARK
43960-4	CELLMARK
43961-2	CELLMARK
43962-0	CELLMARK
43963-8	CELLMARK
43964-6	CELLMARK
43965-3	CELLMARK
43966-1	CELLMARK
43967-9	CELLMARK
43968-7	CELLMARK
43969-5	CELLMARK
43970-3	CELLMARK
43971-1	CELLMARK
43972-9	CELLMARK
43993-5	OB.US
44007-3	CELLMARK
44056-0	CELLMARK
44057-8	CELLMARK
44058-6	CELLMARK
44059-4	CELLMARK
44060-2	CELLMARK
44061-0	CELLMARK
44062-8	CELLMARK
44063-6	CELLMARK
44064-4	CELLMARK
44065-1	CELLMARK
44066-9	CELLMARK
44067-7	CELLMARK
44068-5	CELLMARK
44069-3	CELLMARK
44070-1	CELLMARK
44071-9	CELLMARK
44072-7	CELLMARK
44073-5	CELLMARK
44101-4	RAD
44103-0	RAD
44104-8	RAD
44105-5	RAD
44106-3	RAD
44107-1	RAD
44108-9	RAD
44109-7	RAD
44110-5	RAD
44111-3	RAD
44112-1	RAD
44113-9	RAD
44114-7	RAD
44115-4	RAD
44116-2	RAD
44117-0	RAD
44118-8	RAD
44119-6	RAD
44122-0	RAD
44123-8	RAD
44124-6	RAD
44125-3	RAD
44126-1	RAD
44127-9	RAD
44128-7	RAD
44129-5	RAD
44130-3	RAD
44131-1	RAD
44132-9	RAD
44133-7	RAD
44134-5	RAD
44135-2	RAD
44136-0	RAD
44137-8	RAD
44138-6	RAD
44139-4	RAD
44140-2	RAD
44141-0	RAD
44142-8	RAD
44143-6	RAD
44144-4	RAD
44145-1	RAD
44146-9	RAD
44147-7	RAD
44148-5	RAD
44149-3	RAD
44150-1	RAD
44151-9	RAD
44152-7	RAD
44153-5	RAD
44154-3	RAD
44155-0	RAD
44156-8	RAD
44157-6	RAD
44158-4	RAD
44159-2	RAD
44160-0	RAD
44161-8	RAD
44162-6	RAD
44163-4	RAD
44164-2	RAD
44166-7	RAD
44167-5	RAD
44168-3	RAD
44169-1	RAD
44172-5	RAD
44173-3	RAD
44174-1	RAD
44175-8	RAD
44176-6	RAD
44177-4	RAD
44178-2	RAD
44179-0	RAD
44181-6	RAD
44182-4	RAD
44183-2	RAD
44184-0	RAD
44185-7	RAD
44186-5	RAD
44187-3	RAD
44188-1	RAD
44189-9	RAD
44190-7	RAD
44191-5	RAD
44192-3	RAD
44193-1	RAD
44195-6	RAD
44196-4	RAD
44197-2	RAD
44198-0	RAD
44199-8	RAD
44201-2	RAD
44202-0	RAD
44203-8	RAD
44205-3	RAD
44206-1	RAD
44208-7	RAD
44209-5	RAD
44210-3	RAD
44211-1	RAD
44212-9	RAD
44213-7	RAD
44214-5	RAD
44215-2	RAD
44216-0	RAD
44217-8	RAD
44218-6	RAD
44219-4	RAD
44220-2	RAD
44221-0	RAD
44223-6	RAD
44224-4	RAD
44225-1	RAD
44226-9	RAD
44227-7	RAD
44228-5	RAD
44229-3	RAD
44230-1	RAD
44231-9	RAD
44232-7	RAD
44233-5	RAD
44234-3	RAD
44235-0	RAD
44236-8	RAD
44237-6	RAD
44239-2	RAD
44240-0	RAD
45193-0	CELLMARK
45265-6	CELLMARK
45266-4	CELLMARK
45267-2	CELLMARK
46080-8	CELLMARK
46231-7	CELLMARK
46232-5	CELLMARK
46233-3	CELLMARK
46234-1	CELLMARK
46235-8	CELLMARK
46237-4	CELLMARK
46238-2	CELLMARK
46278-8	RAD
46279-6	RAD
46283-8	RAD
46284-6	RAD
46285-3	RAD
46288-7	RAD
46289-5	RAD
46290-3	RAD
46291-1	RAD
46292-9	RAD
46293-7	RAD
46294-5	RAD
46295-2	RAD
46296-0	RAD
46297-8	RAD
46298-6	RAD
46299-4	RAD
46301-8	RAD
46302-6	RAD
46303-4	RAD
46304-2	RAD
46305-9	RAD
46306-7	RAD
46307-5	RAD
46308-3	RAD
46309-1	RAD
46310-9	RAD
46311-7	RAD
46312-5	RAD
46313-3	RAD
46314-1	RAD
46315-8	RAD
46316-6	RAD
46317-4	RAD
46318-2	RAD
46319-0	RAD
46320-8	RAD
46321-6	RAD
46322-4	RAD
46323-2	RAD
46324-0	RAD
46325-7	RAD
46326-5	RAD
46327-3	RAD
46328-1	RAD
46329-9	RAD
46330-7	RAD
46331-5	RAD
46332-3	RAD
46333-1	RAD
46335-6	RAD
46336-4	RAD
46337-2	RAD
46338-0	RAD
46339-8	RAD
46340-6	RAD
46341-4	RAD
46343-0	RAD
46344-8	RAD
46345-5	RAD
46346-3	RAD
46347-1	RAD
46348-9	RAD
46349-7	RAD
46350-5	RAD
46351-3	RAD
46352-1	RAD
46356-2	RAD
46357-0	RAD
46358-8	RAD
46359-6	RAD
46360-4	RAD
46361-2	RAD
46362-0	RAD
46363-8	RAD
46364-6	RAD
46365-3	RAD
46366-1	RAD
46369-5	RAD
46370-3	RAD
46371-1	RAD
46372-9	RAD
46373-7	RAD
46374-5	RAD
46375-2	RAD
46376-0	RAD
46377-8	RAD
46378-6	RAD
46379-4	RAD
46380-2	RAD
46381-0	RAD
46382-8	RAD
46383-6	RAD
46384-4	RAD
46385-1	RAD
46386-9	RAD
46387-7	RAD
46388-5	RAD
46389-3	RAD
46390-1	RAD
46391-9	RAD
46392-7	RAD
46393-5	RAD
46395-0	RAD
46396-8	RAD
46722-5	CELLMARK
46960-1	CELLMARK
46961-9	CELLMARK
46966-8	CELLMARK
46967-6	CELLMARK
46968-4	CELLMARK
47013-8	CELLMARK
47014-6	CELLMARK
47015-3	CELLMARK
47016-1	CELLMARK
47017-9	CELLMARK
47018-7	CELLMARK
47019-5	CELLMARK
47020-3	CELLMARK
47022-9	CELLMARK
47023-7	CELLMARK
47366-0	RAD
47367-8	RAD
47368-6	RAD
47370-2	RAD
47371-0	RAD
47372-8	RAD
47373-6	RAD
47374-4	RAD
47375-1	RAD
47376-9	RAD
47377-7	RAD
47378-5	RAD
47379-3	RAD
47380-1	RAD
47381-9	RAD
47382-7	RAD
47399-1	CELLMARK
47983-2	RAD
47984-0	RAD
47986-5	RAD
47987-3	RAD
48433-7	RAD
48434-5	RAD
48435-2	RAD
48436-0	RAD
48439-4	RAD
48440-2	RAD
48441-0	RAD
48443-6	RAD
48444-4	RAD
48445-1	RAD
48446-9	RAD
48447-7	RAD
48448-5	RAD
48449-3	RAD
48450-1	RAD
48451-9	RAD
48452-7	RAD
48453-5	RAD
48454-3	RAD
48455-0	RAD
48456-8	RAD
48457-6	RAD
48458-4	RAD
48459-2	RAD
48460-0	RAD
48461-8	RAD
48462-6	RAD
48463-4	RAD
48464-2	RAD
48465-9	RAD
48466-7	RAD
48467-5	RAD
48468-3	RAD
48469-1	RAD
48470-9	RAD
48471-7	RAD
48472-5	RAD
48473-3	RAD
48474-1	RAD
48475-8	RAD
48476-6	RAD
48477-4	RAD
48478-2	RAD
48479-0	RAD
48480-8	RAD
48481-6	RAD
48482-4	RAD
48483-2	RAD
48484-0	RAD
48485-7	RAD
48486-5	RAD
48487-3	RAD
48488-1	RAD
48489-9	RAD
48490-7	RAD
48491-5	RAD
48492-3	RAD
48584-7	RAD
48585-4	RAD
48687-8	RAD
48688-6	RAD
48689-4	RAD
48690-2	RAD
48691-0	RAD
48692-8	RAD
48693-6	RAD
48694-4	RAD
48695-1	RAD
48696-9	RAD
48697-7	RAD
48698-5	RAD
48699-3	RAD
48735-5	RAD
48736-3	RAD
48737-1	RAD
48738-9	RAD
48739-7	RAD
48740-5	RAD
48742-1	RAD
48743-9	RAD
48746-2	RAD
48747-0	RAD
48749-6	RAD
49025-0	CELLMARK
49031-8	CELLMARK
49035-9	OB.US
49051-6	OB.US
49052-4	OB.US
49088-8	OB.US
49118-3	RAD
49312-2	CELLMARK
49313-0	CELLMARK
49314-8	CELLMARK
49492-2	CELLMARK
49493-0	CELLMARK
49494-8	CELLMARK
49507-7	RAD
49508-5	OB.US
49509-3	RAD
49510-1	RAD
49511-9	RAD
49512-7	RAD
49513-5	OB.US
49550-7	CELLMARK
49565-5	RAD
49566-3	RAD
49567-1	RAD
49568-9	RAD
49569-7	RAD
49570-5	RAD
49571-3	RAD
49599-4	CELLMARK
49625-7	CELLMARK
49679-4	CELLMARK
49680-2	CELLMARK
49681-0	CELLMARK
49835-2	CELLMARK
49840-2	CELLMARK
49841-0	CELLMARK
49842-8	CELLMARK
50640-2	CELLMARK
50641-0	CELLMARK
50664-2	CELLMARK
50665-9	CELLMARK
50723-6	CELLMARK
50755-8	RAD
50783-0	CELLMARK
50784-8	CELLMARK
50785-5	CELLMARK
50972-9	CELLMARK
50973-7	CELLMARK
50974-5	CELLMARK
50975-2	CELLMARK
50976-0	CELLMARK
51009-9	CELLMARK
51010-7	CELLMARK
51011-5	CELLMARK
51012-3	CELLMARK
51013-1	CELLMARK
51014-9	CELLMARK
51015-6	CELLMARK
51016-4	CELLMARK
51017-2	CELLMARK
51018-0	CELLMARK
51019-8	CELLMARK
51020-6	CELLMARK
51021-4	CELLMARK
51022-2	CELLMARK
51023-0	CELLMARK
51024-8	CELLMARK
51025-5	CELLMARK
51026-3	CELLMARK
51027-1	CELLMARK
51028-9	CELLMARK
51029-7	CELLMARK
51030-5	CELLMARK
51031-3	CELLMARK
51032-1	CELLMARK
51033-9	CELLMARK
51034-7	CELLMARK
51035-4	CELLMARK
51036-2	CELLMARK
51037-0	CELLMARK
51038-8	CELLMARK
51039-6	CELLMARK
51040-4	CELLMARK
51041-2	CELLMARK
51042-0	CELLMARK
51043-8	CELLMARK
51044-6	CELLMARK
51045-3	CELLMARK
51046-1	CELLMARK
51047-9	CELLMARK
51048-7	CELLMARK
51049-5	CELLMARK
51050-3	CELLMARK
51051-1	CELLMARK
51052-9	CELLMARK
51053-7	CELLMARK
51054-5	CELLMARK
51055-2	CELLMARK
51056-0	CELLMARK
51057-8	CELLMARK
51058-6	CELLMARK
51059-4	CELLMARK
51060-2	CELLMARK
51061-0	CELLMARK
51062-8	CELLMARK
51063-6	CELLMARK
51064-4	CELLMARK
51065-1	CELLMARK
51066-9	CELLMARK
51067-7	CELLMARK
51068-5	CELLMARK
51069-3	CELLMARK
51070-1	CELLMARK
51071-9	CELLMARK
51072-7	CELLMARK
51073-5	CELLMARK
51074-3	CELLMARK
51075-0	CELLMARK
51076-8	CELLMARK
51077-6	CELLMARK
51078-4	CELLMARK
51079-2	CELLMARK
51080-0	CELLMARK
51081-8	CELLMARK
51082-6	CELLMARK
51083-4	CELLMARK
51084-2	CELLMARK
51085-9	CELLMARK
51086-7	CELLMARK
51087-5	CELLMARK
51088-3	CELLMARK
51089-1	CELLMARK
51090-9	CELLMARK
51091-7	CELLMARK
51092-5	CELLMARK
51093-3	CELLMARK
51094-1	CELLMARK
51095-8	CELLMARK
51096-6	CELLMARK
51097-4	CELLMARK
51098-2	CELLMARK
51099-0	CELLMARK
51100-6	CELLMARK
51101-4	CELLMARK
51102-2	CELLMARK
51103-0	CELLMARK
51104-8	CELLMARK
51105-5	CELLMARK
51106-3	CELLMARK
51107-1	CELLMARK
51108-9	CELLMARK
51109-7	CELLMARK
51110-5	CELLMARK
51111-3	CELLMARK
51112-1	CELLMARK
51113-9	CELLMARK
51114-7	CELLMARK
51115-4	CELLMARK
51116-2	CELLMARK
51117-0	CELLMARK
51118-8	CELLMARK
51119-6	CELLMARK
51120-4	CELLMARK
51121-2	CELLMARK
51122-0	CELLMARK
51123-8	CELLMARK
51124-6	CELLMARK
51125-3	CELLMARK
51126-1	CELLMARK
51127-9	CELLMARK
51128-7	CELLMARK
51129-5	CELLMARK
51130-3	CELLMARK
51131-1	CELLMARK
51132-9	CELLMARK
51133-7	CELLMARK
51134-5	CELLMARK
51135-2	CELLMARK
51136-0	CELLMARK
51137-8	CELLMARK
51138-6	CELLMARK
51139-4	CELLMARK
51140-2	CELLMARK
51141-0	CELLMARK
51142-8	CELLMARK
51143-6	CELLMARK
51144-4	CELLMARK
51145-1	CELLMARK
51146-9	CELLMARK
51147-7	CELLMARK
51148-5	CELLMARK
51149-3	CELLMARK
51150-1	CELLMARK
51151-9	CELLMARK
51152-7	CELLMARK
51153-5	CELLMARK
51154-3	CELLMARK
51155-0	CELLMARK
51156-8	CELLMARK
51157-6	CELLMARK
51158-4	CELLMARK
51159-2	CELLMARK
51160-0	CELLMARK
51161-8	CELLMARK
51162-6	CELLMARK
51163-4	CELLMARK
51164-2	CELLMARK
51165-9	CELLMARK
51166-7	CELLMARK
51167-5	CELLMARK
51168-3	CELLMARK
51169-1	CELLMARK
51170-9	CELLMARK
51171-7	CELLMARK
51172-5	CELLMARK
51173-3	CELLMARK
51174-1	CELLMARK
51175-8	CELLMARK
51176-6	CELLMARK
51177-4	CELLMARK
51178-2	CELLMARK
51179-0	CELLMARK
51180-8	CELLMARK
51181-6	CELLMARK
51182-4	CELLMARK
51183-2	CELLMARK
51184-0	CELLMARK
51185-7	CELLMARK
51186-5	CELLMARK
51187-3	CELLMARK
51188-1	CELLMARK
51214-5	CELLMARK
51215-2	CELLMARK
51216-0	CELLMARK
51217-8	CELLMARK
51218-6	CELLMARK
51219-4	CELLMARK
51220-2	CELLMARK
51221-0	CELLMARK
51222-8	CELLMARK
51223-6	CELLMARK
51224-4	CELLMARK
51225-1	CELLMARK
51226-9	CELLMARK
51227-7	CELLMARK
51228-5	CELLMARK
51229-3	CELLMARK
51230-1	CELLMARK
51231-9	CELLMARK
51232-7	CELLMARK
51233-5	CELLMARK
51234-3	CELLMARK
51235-0	CELLMARK
51236-8	CELLMARK
51237-6	CELLMARK
51238-4	CELLMARK
51239-2	CELLMARK
51240-0	CELLMARK
51241-8	CELLMARK
51242-6	CELLMARK
51243-4	CELLMARK
51244-2	CELLMARK
51245-9	CELLMARK
51246-7	CELLMARK
51247-5	CELLMARK
51248-3	CELLMARK
51249-1	CELLMARK
51250-9	CELLMARK
51251-7	CELLMARK
51252-5	CELLMARK
51253-3	CELLMARK
51254-1	CELLMARK
51255-8	CELLMARK
51256-6	CELLMARK
51257-4	CELLMARK
51258-2	CELLMARK
51259-0	CELLMARK
51260-8	CELLMARK
51261-6	CELLMARK
51262-4	CELLMARK
51263-2	CELLMARK
51264-0	CELLMARK
51265-7	CELLMARK
51266-5	CELLMARK
51267-3	CELLMARK
51268-1	CELLMARK
51269-9	CELLMARK
51270-7	CELLMARK
51271-5	CELLMARK
51272-3	CELLMARK
51273-1	CELLMARK
51274-9	CELLMARK
51275-6	CELLMARK
51276-4	CELLMARK
51277-2	CELLMARK
51278-0	CELLMARK
51279-8	CELLMARK
51280-6	CELLMARK
51281-4	CELLMARK
51282-2	CELLMARK
51283-0	CELLMARK
51284-8	CELLMARK
51285-5	CELLMARK
51286-3	CELLMARK
51287-1	CELLMARK
51288-9	CELLMARK
51289-7	CELLMARK
51290-5	CELLMARK
51291-3	CELLMARK
51292-1	CELLMARK
51293-9	CELLMARK
51294-7	CELLMARK
51295-4	CELLMARK
51296-2	CELLMARK
51297-0	CELLMARK
51298-8	CELLMARK
51299-6	CELLMARK
51300-2	CELLMARK
51302-8	CELLMARK
51303-6	CELLMARK
51304-4	CELLMARK
51305-1	CELLMARK
51306-9	CELLMARK
51307-7	CELLMARK
51308-5	CELLMARK
51309-3	CELLMARK
51310-1	CELLMARK
51311-9	CELLMARK
51312-7	CELLMARK
51313-5	CELLMARK
51314-3	CELLMARK
51315-0	CELLMARK
51316-8	CELLMARK
51317-6	CELLMARK
51318-4	CELLMARK
51319-2	CELLMARK
51320-0	CELLMARK
51321-8	CELLMARK
51322-6	CELLMARK
51323-4	CELLMARK
51324-2	CELLMARK
51325-9	CELLMARK
51326-7	CELLMARK
51327-5	CELLMARK
51328-3	CELLMARK
51329-1	CELLMARK
51330-9	CELLMARK
51331-7	CELLMARK
51332-5	CELLMARK
51333-3	CELLMARK
51334-1	CELLMARK
51335-8	CELLMARK
51336-6	CELLMARK
51337-4	CELLMARK
51338-2	CELLMARK
51339-0	CELLMARK
51340-8	CELLMARK
51341-6	CELLMARK
51342-4	CELLMARK
51343-2	CELLMARK
51344-0	CELLMARK
51345-7	CELLMARK
51346-5	CELLMARK
51347-3	CELLMARK
51348-1	CELLMARK
51349-9	CELLMARK
51350-7	CELLMARK
51351-5	CELLMARK
51352-3	CELLMARK
51353-1	CELLMARK
51354-9	CELLMARK
51355-6	CELLMARK
51356-4	CELLMARK
51357-2	CELLMARK
51358-0	CELLMARK
51359-8	CELLMARK
51360-6	CELLMARK
51361-4	CELLMARK
51362-2	CELLMARK
51363-0	CELLMARK
51364-8	CELLMARK
51365-5	CELLMARK
51366-3	CELLMARK
51367-1	CELLMARK
51368-9	CELLMARK
51369-7	CELLMARK
51370-5	CELLMARK
51371-3	CELLMARK
51372-1	CELLMARK
51373-9	CELLMARK
51374-7	CELLMARK
51375-4	CELLMARK
51376-2	CELLMARK
51377-0	CELLMARK
51378-8	CELLMARK
51379-6	CELLMARK
51380-4	CELLMARK
51381-2	CELLMARK
51387-9	RAD
51388-7	RAD
51389-5	RAD
51391-1	RAD
51392-9	RAD
51394-5	RAD
51395-2	RAD
51396-0	CELLMARK
51397-8	CELLMARK
51398-6	CELLMARK
51399-4	CELLMARK
51400-0	CELLMARK
51401-8	CELLMARK
51402-6	CELLMARK
51403-4	CELLMARK
51404-2	CELLMARK
51405-9	CELLMARK
51443-0	CELLMARK
51444-8	CELLMARK
51445-5	CELLMARK
51446-3	CELLMARK
51447-1	CELLMARK
51755-7	CELLMARK
52790-3	RAD
52791-1	RAD
52873-7	CELLMARK
52874-5	CELLMARK
52875-2	CELLMARK
52876-0	CELLMARK
52877-8	CELLMARK
52878-6	CELLMARK
52879-4	CELLMARK
52880-2	CELLMARK
52881-0	CELLMARK
52882-8	CELLMARK
52883-6	CELLMARK
52884-4	CELLMARK
52885-1	CELLMARK
52991-7	CELLMARK
52992-5	CELLMARK
52993-3	CELLMARK
52994-1	CELLMARK
52995-8	CELLMARK
52996-6	CELLMARK
52997-4	CELLMARK
52998-2	CELLMARK
53618-5	CELLMARK
53619-3	CELLMARK
53626-8	RAD
53638-3	CELLMARK
53639-1	CELLMARK
53655-7	OB.US
53656-5	OB.US
53657-3	OB.US
53658-1	OB.US
53659-9	OB.US
53660-7	OB.US
53661-5	OB.US
53662-3	OB.US
53663-1	OB.US
53664-9	OB.US
53665-6	OB.US
53666-4	OB.US
53667-2	OB.US
53668-0	OB.US
53669-8	OB.US
53670-6	OB.US
53671-4	OB.US
53672-2	OB.US
53673-0	OB.US
53674-8	OB.US
53675-5	OB.US
53676-3	OB.US
53677-1	OB.US
53678-9	OB.US
53679-7	OB.US
53680-5	OB.US
53681-3	OB.US
53682-1	OB.US
53683-9	OB.US
53684-7	OB.US
53685-4	OB.US
53686-2	OB.US
53687-0	OB.US
53688-8	OB.US
53689-6	OB.US
53690-4	OB.US
53691-2	OB.US
53692-0	OB.US
53693-8	OB.US
53694-6	OB.US
53695-3	OB.US
53696-1	OB.US
53697-9	OB.US
53698-7	OB.US
53699-5	OB.US
53700-1	OB.US
53701-9	OB.US
53768-8	CELLMARK
53769-6	CELLMARK
53830-6	CELLMARK
53831-4	CELLMARK
53832-2	CELLMARK
53936-1	CELLMARK
54218-3	CELLMARK
54220-9	CELLMARK
54221-7	CELLMARK
54222-5	CELLMARK
54223-3	CELLMARK
54224-1	CELLMARK
55090-5	CELLMARK
55364-4	CELLMARK
55365-1	CELLMARK
55366-9	CELLMARK
55431-1	CELLMARK
5559-0	CELLMARK
5565-7	CELLMARK
56028-4	CELLMARK
56029-2	CELLMARK
56127-4	CELLMARK
56145-6	CELLMARK
56773-5	CELLMARK
56775-0	CELLMARK
56889-9	CELLMARK
56890-7	CELLMARK
56891-5	CELLMARK
56892-3	CELLMARK
56893-1	CELLMARK
56894-9	CELLMARK
56895-6	CELLMARK
56896-4	CELLMARK
56897-2	CELLMARK
56898-0	CELLMARK
56899-8	CELLMARK
56900-4	CELLMARK
56907-9	CELLMARK
57062-2	OB.US
57063-0	OB.US
57064-8	OB.US
57065-5	OB.US
57066-3	OB.US
57067-1	OB.US
57393-1	CELLMARK
57394-9	CELLMARK
57395-6	CELLMARK
57396-4	CELLMARK
57397-2	CELLMARK
57398-0	CELLMARK
57399-8	CELLMARK
57400-4	CELLMARK
57401-2	CELLMARK
57402-0	CELLMARK
57403-8	CELLMARK
57404-6	CELLMARK
57405-3	CELLMARK
57406-1	CELLMARK
57407-9	CELLMARK
57408-7	CELLMARK
57409-5	CELLMARK
57417-8	CELLMARK
57418-6	CELLMARK
57419-4	CELLMARK
57420-2	CELLMARK
57421-0	CELLMARK
57422-8	CELLMARK
57423-6	CELLMARK
57424-4	CELLMARK
57425-1	CELLMARK
57426-9	CELLMARK
57427-7	CELLMARK
57428-5	CELLMARK
57429-3	CELLMARK
57430-1	CELLMARK
57432-7	CELLMARK
57433-5	CELLMARK
57435-0	CELLMARK
57437-6	CELLMARK
57438-4	CELLMARK
57439-2	CELLMARK
57460-8	CELLMARK
57461-6	CELLMARK
57736-1	CELLMARK
57740-3	CELLMARK
57762-7	CELLMARK
57822-9	RAD
57823-7	RAD
58740-2	RAD
58741-0	RAD
58742-8	RAD
58743-6	RAD
58744-4	RAD
58746-9	RAD
58747-7	RAD
58748-5	RAD
58749-3	RAD
58750-1	RAD
58920-0	CELLMARK
58939-0	CELLMARK
59030-7	CELLMARK
59031-5	CELLMARK
59035-6	CELLMARK
59042-2	CELLMARK
59136-2	CELLMARK
59137-0	CELLMARK
59138-8	CELLMARK
59139-6	CELLMARK
59140-4	CELLMARK
59141-2	CELLMARK
59142-0	CELLMARK
59143-8	CELLMARK
59144-6	CELLMARK
59145-3	CELLMARK
59146-1	CELLMARK
59147-9	CELLMARK
60345-6	CELLMARK
60346-4	CELLMARK
60347-2	CELLMARK
60434-8	CELLMARK
60435-5	CELLMARK
60436-3	CELLMARK
60437-1	CELLMARK
60439-7	CELLMARK
60456-1	CELLMARK
60457-9	CELLMARK
60477-7	OB.US
60515-4	RAD
60527-9	RAD
60554-3	CELLMARK
60594-9	DENTAL
60595-6	DENTAL
60596-4	DENTAL
60597-2	DENTAL
60598-0	DENTAL
60599-8	DENTAL
60600-4	DENTAL
60601-2	DENTAL
60602-0	DENTAL
60603-8	DENTAL
60604-6	DENTAL
60605-3	DENTAL
60606-1	DENTAL
60607-9	DENTAL
60608-7	DENTAL
60609-5	DENTAL
60610-3	DENTAL
60611-1	DENTAL
60612-9	DENTAL
60613-7	DENTAL
60614-5	DENTAL
60615-2	DENTAL
60616-0	DENTAL
60617-8	DENTAL
60618-6	DENTAL
60619-4	DENTAL
60620-2	DENTAL
60621-0	DENTAL
60622-8	DENTAL
60623-6	DENTAL
60624-4	DENTAL
60625-1	DENTAL
60626-9	DENTAL
60627-7	DENTAL
60628-5	DENTAL
60629-3	DENTAL
60630-1	DENTAL
60631-9	DENTAL
60632-7	DENTAL
60633-5	DENTAL
60634-3	DENTAL
60635-0	DENTAL
60636-8	DENTAL
60637-6	DENTAL
60638-4	DENTAL
60639-2	DENTAL
60640-0	DENTAL
60641-8	DENTAL
60642-6	DENTAL
60643-4	DENTAL
60644-2	DENTAL
60645-9	DENTAL
60646-7	DENTAL
60647-5	DENTAL
60648-3	DENTAL
60649-1	DENTAL
60650-9	DENTAL
60651-7	DENTAL
60652-5	DENTAL
60653-3	DENTAL
60654-1	DENTAL
60655-8	DENTAL
60656-6	DENTAL
60657-4	DENTAL
60658-2	DENTAL
60659-0	DENTAL
60660-8	DENTAL
60661-6	DENTAL
60662-4	DENTAL
60663-2	DENTAL
60664-0	DENTAL
60665-7	DENTAL
60666-5	DENTAL
60667-3	DENTAL
60668-1	DENTAL
60669-9	DENTAL
60670-7	DENTAL
60671-5	DENTAL
60672-3	DENTAL
60673-1	DENTAL
60674-9	DENTAL
60675-6	DENTAL
60686-3	DENTAL
61118-6	CELLMARK
61119-4	CELLMARK
61121-0	CELLMARK
61122-8	CELLMARK
61123-6	CELLMARK
61124-4	CELLMARK
61125-1	CELLMARK
61126-9	CELLMARK
61178-0	CELLMARK
61183-0	CELLMARK
62252-2	CELLMARK
62443-7	DENTAL
62444-5	DENTAL
62445-2	DENTAL
62446-0	RAD
62447-8	RAD
62448-6	RAD
62449-4	RAD
62450-2	RAD
62451-0	RAD
62452-8	RAD
62491-6	RAD
62492-4	RAD
62494-0	RAD
63446-9	CELLMARK
63447-7	CELLMARK
63448-5	CELLMARK
63449-3	CELLMARK
63450-1	CELLMARK
63451-9	CELLMARK
63452-7	CELLMARK
64051-6	RAD
64052-4	RAD
64140-7	RAD
64141-5	RAD
64993-9	RAD
64995-4	RAD
64996-2	RAD
64997-0	RAD
64998-8	RAD
64999-6	RAD
65000-2	RAD
65761-9	CELLMARK
65797-3	RAD
65798-1	RAD
65799-9	RAD
65800-5	RAD
65801-3	RAD
67127-1	CELLMARK
67128-9	CELLMARK
67717-9	RAD
68945-5	CELLMARK
69054-5	RAD
69055-2	RAD
69056-0	RAD
69057-8	RAD
69058-6	RAD
69059-4	RAD
69060-2	RAD
69061-0	RAD
69062-8	RAD
69063-6	RAD
69064-4	RAD
69065-1	RAD
69066-9	RAD
69067-7	RAD
69068-5	RAD
69069-3	RAD
69070-1	RAD
69071-9	RAD
69072-7	RAD
69073-5	RAD
69074-3	RAD
69075-0	RAD
69076-8	RAD
69077-6	RAD
69078-4	RAD
69079-2	RAD
69080-0	RAD
69081-8	RAD
69083-4	RAD
69084-2	RAD
69087-5	RAD
69088-3	RAD
69089-1	RAD
69090-9	RAD
69091-7	RAD
69092-5	RAD
69093-3	RAD
69094-1	RAD
69095-8	RAD
69096-6	RAD
69102-2	RAD
69103-0	RAD
69104-8	RAD
69105-5	RAD
69106-3	RAD
69107-1	RAD
69109-7	RAD
69110-5	RAD
69111-3	RAD
69112-1	RAD
69113-9	RAD
69114-7	RAD
69115-4	RAD
69116-2	RAD
69117-0	RAD
69118-8	RAD
69119-6	RAD
69120-4	RAD
69121-2	RAD
69122-0	RAD
69123-8	RAD
69124-6	RAD
69127-9	RAD
69129-5	RAD
69130-3	RAD
69131-1	RAD
69132-9	RAD
69133-7	RAD
69134-5	RAD
69135-2	RAD
69136-0	RAD
69137-8	RAD
69138-6	RAD
69139-4	RAD
69140-2	RAD
69141-0	RAD
69142-8	RAD
69143-6	RAD
69144-4	RAD
69145-1	RAD
69146-9	RAD
69147-7	RAD
69148-5	RAD
69149-3	RAD
69150-1	RAD
69151-9	RAD
69152-7	RAD
69153-5	RAD
69154-3	RAD
69155-0	RAD
69156-8	RAD
69157-6	RAD
69158-4	RAD
69159-2	RAD
69161-8	RAD
69162-6	RAD
69163-4	RAD
69164-2	RAD
69165-9	RAD
69166-7	RAD
69167-5	RAD
69168-3	RAD
69169-1	RAD
69170-9	RAD
69171-7	RAD
69172-5	RAD
69173-3	RAD
69174-1	RAD
69175-8	RAD
69176-6	RAD
69177-4	RAD
69178-2	RAD
69179-0	RAD
69180-8	RAD
69181-6	RAD
69182-4	RAD
69183-2	RAD
69184-0	RAD
69185-7	RAD
69186-5	RAD
69187-3	RAD
69188-1	RAD
69189-9	RAD
69190-7	RAD
69191-5	RAD
69192-3	RAD
69193-1	RAD
69194-9	RAD
69195-6	RAD
69196-4	RAD
69197-2	RAD
69198-0	RAD
69199-8	RAD
69200-4	RAD
69201-2	RAD
69202-0	RAD
69203-8	RAD
69204-6	RAD
69205-3	RAD
69206-1	RAD
69207-9	RAD
69208-7	RAD
69209-5	RAD
69210-3	RAD
69211-1	RAD
69212-9	RAD
69213-7	RAD
69214-5	RAD
69215-2	RAD
69216-0	RAD
69217-8	RAD
69218-6	RAD
69219-4	RAD
69220-2	RAD
69221-0	RAD
69222-8	RAD
69223-6	RAD
69226-9	RAD
69229-3	RAD
69230-1	RAD
69231-9	RAD
69232-7	RAD
69233-5	RAD
69234-3	RAD
69235-0	RAD
69236-8	RAD
69237-6	RAD
69238-4	RAD
69239-2	RAD
69241-8	RAD
69242-6	RAD
69243-4	RAD
69244-2	RAD
69248-3	RAD
69249-1	RAD
69250-9	RAD
69251-7	RAD
69252-5	RAD
69253-3	RAD
69254-1	RAD
69255-8	RAD
69256-6	RAD
69257-4	RAD
69258-2	RAD
69259-0	RAD
69260-8	RAD
69261-6	RAD
69262-4	RAD
69263-2	RAD
69264-0	RAD
69265-7	RAD
69266-5	RAD
69267-3	RAD
69268-1	RAD
69269-9	RAD
69270-7	RAD
69271-5	RAD
69272-3	RAD
69273-1	RAD
69274-9	RAD
69275-6	RAD
69276-4	RAD
69277-2	RAD
69278-0	RAD
69279-8	RAD
69280-6	RAD
69281-4	RAD
69282-2	RAD
69283-0	RAD
69284-8	RAD
69285-5	RAD
69286-3	RAD
69287-1	RAD
69292-1	RAD
69293-9	RAD
69294-7	RAD
69295-4	RAD
69296-2	RAD
69297-0	RAD
69298-8	RAD
69299-6	RAD
69300-2	RAD
69301-0	RAD
69302-8	RAD
69303-6	RAD
69304-4	RAD
69305-1	RAD
69306-9	RAD
69307-7	RAD
69308-5	RAD
69309-3	RAD
69310-1	RAD
69311-9	RAD
69312-7	RAD
69313-5	RAD
69314-3	RAD
69315-0	RAD
69316-8	RAD
69317-6	RAD
69318-4	RAD
69319-2	RAD
69320-0	RAD
69321-8	RAD
69385-3	RAD
69387-9	RAD
69388-7	RAD
69389-5	RAD
69390-3	RAD
69391-1	RAD
69392-9	RAD
69393-7	RAD
69394-5	RAD
69395-2	RAD
69396-0	RAD
69397-8	RAD
69398-6	RAD
69399-4	RAD
69400-0	RAD
69402-6	RAD
69908-2	RAD
70915-4	RAD
70916-2	RAD
70917-0	RAD
70918-8	RAD
70919-6	RAD
70920-4	RAD
70921-2	RAD
70922-0	RAD
70923-8	RAD
70924-6	RAD
70925-3	RAD
70926-1	RAD
70927-9	RAD
70931-1	RAD
70932-9	RAD
70933-7	RAD
72137-3	RAD
72138-1	RAD
72139-9	RAD
72140-7	RAD
72141-5	RAD
72142-3	RAD
72221-5	OB.US
72238-9	RAD
72239-7	RAD
72240-5	RAD
72241-3	RAD
72242-1	RAD
72243-9	RAD
72244-7	RAD
72245-4	RAD
72246-2	RAD
72247-0	RAD
72248-8	RAD
72249-6	RAD
72250-4	RAD
72251-2	RAD
72252-0	RAD
72253-8	RAD
72254-6	RAD
72256-1	RAD
72528-3	RAD
72529-1	RAD
72530-9	RAD
72531-7	RAD
72532-5	RAD
72533-3	RAD
72534-1	RAD
72535-8	RAD
72536-6	RAD
72537-4	RAD
72538-2	RAD
72539-0	RAD
72540-8	RAD
72541-6	RAD
72542-4	RAD
72543-2	RAD
72544-0	RAD
72545-7	RAD
72546-5	RAD
72547-3	RAD
72548-1	RAD
72549-9	RAD
72550-7	RAD
72551-5	RAD
72552-3	RAD
72553-1	RAD
72554-9	RAD
72642-2	RAD
72643-0	RAD
72644-8	RAD
72645-5	RAD
72830-3	RAD
72831-1	RAD
72832-9	RAD
72876-6	RAD
73810-4	CELLMARK
73898-9	CELLMARK
73899-7	CELLMARK
73900-3	CELLMARK
73901-1	CELLMARK
73902-9	CELLMARK
73903-7	CELLMARK
73904-5	CELLMARK
73974-8	CELLMARK
73975-5	CELLMARK
73976-3	CELLMARK
74049-8	DENTAL
74837-6	CELLMARK
74838-4	CELLMARK
74839-2	CELLMARK
74840-0	CELLMARK
74841-8	CELLMARK
74842-6	CELLMARK
75023-2	CELLMARK
75669-2	RAD
75670-0	RAD
75671-8	RAD
75672-6	RAD
75708-8	CELLMARK
75746-8	RAD
75747-6	RAD
75748-4	RAD
75749-2	RAD
75750-0	RAD
75751-8	RAD
75752-6	RAD
75816-9	RAD
75817-7	RAD
75818-5	RAD
75853-2	RAD
76514-9	OB.US
77311-9	RAD
77448-9	RAD
77451-3	RAD
77456-2	RAD
77457-0	RAD
77458-8	RAD
77466-1	RAD
77467-9	RAD
77468-7	RAD
77469-5	RAD
77470-3	RAD
77471-1	RAD
77615-3	RAD
77942-1	CELLMARK
77944-7	CELLMARK
77946-2	CELLMARK
77947-0	CELLMARK
77948-8	CELLMARK
78031-2	RAD
78032-0	RAD
78037-9	RAD
78038-7	RAD
78973-5	RAD
79065-9	RAD
79066-7	RAD
79067-5	RAD
79068-3	RAD
79069-1	RAD
79071-7	RAD
79072-5	RAD
79073-3	RAD
79074-1	RAD
79075-8	RAD
79076-6	RAD
79077-4	RAD
79078-2	RAD
79079-0	RAD
79080-8	RAD
79081-6	RAD
79082-4	RAD
79083-2	RAD
79084-0	RAD
79085-7	RAD
79086-5	RAD
79087-3	RAD
79088-1	RAD
79089-9	RAD
79090-7	RAD
79091-5	RAD
79092-3	RAD
79093-1	RAD
79094-9	RAD
79095-6	RAD
79096-4	RAD
79097-2	RAD
79098-0	RAD
79099-8	RAD
79101-2	RAD
79103-8	RAD
79186-3	CELLMARK
79187-1	CELLMARK
79349-7	RAD
79350-5	RAD
79351-3	RAD
79352-1	RAD
79353-9	RAD
79354-7	RAD
79355-4	RAD
79356-2	RAD
79357-0	RAD
79358-8	RAD
79359-6	RAD
79360-4	RAD
79361-2	RAD
79362-0	RAD
79363-8	RAD
79364-6	RAD
79365-3	RAD
79366-1	RAD
79367-9	RAD
79368-7	RAD
79369-5	RAD
79370-3	RAD
79371-1	RAD
79372-9	RAD
79373-7	RAD
79374-5	RAD
80222-3	CELLMARK
80223-1	CELLMARK
80414-6	OB.US
80415-3	OB.US
80416-1	OB.US
80495-5	RAD
80496-3	RAD
80497-1	RAD
80498-9	RAD
80499-7	RAD
80500-2	RAD
80501-0	RAD
80502-8	RAD
80503-6	RAD
80504-4	RAD
80505-1	RAD
80506-9	RAD
80507-7	RAD
80508-5	RAD
80509-3	RAD
80510-1	RAD
80511-9	RAD
80512-7	RAD
80513-5	RAD
80514-3	RAD
80583-8	RAD
80584-6	RAD
80585-3	RAD
80699-2	CELLMARK
80700-8	CELLMARK
80701-6	CELLMARK
80702-4	CELLMARK
80703-2	CELLMARK
80704-0	CELLMARK
80705-7	CELLMARK
80706-5	CELLMARK
80707-3	CELLMARK
80708-1	CELLMARK
80709-9	CELLMARK
80710-7	CELLMARK
80711-5	CELLMARK
80712-3	CELLMARK
80713-1	CELLMARK
80714-9	CELLMARK
80719-8	CELLMARK
80722-2	CELLMARK
80723-0	CELLMARK
80833-7	RAD
80834-5	RAD
80835-2	RAD
80836-0	RAD
80837-8	RAD
80838-6	RAD
80839-4	RAD
80840-2	RAD
80841-0	RAD
80842-8	RAD
80843-6	RAD
80844-4	RAD
80846-9	RAD
80847-7	RAD
80848-5	RAD
80850-1	RAD
80851-9	RAD
80852-7	RAD
80853-5	RAD
80854-3	RAD
80855-0	RAD
80856-8	RAD
80857-6	RAD
80858-4	RAD
80859-2	RAD
80860-0	RAD
80861-8	RAD
80862-6	RAD
80863-4	RAD
80864-2	RAD
80865-9	RAD
80866-7	RAD
80867-5	RAD
80868-3	RAD
80869-1	RAD
80870-9	RAD
80871-7	RAD
80872-5	RAD
80873-3	RAD
80874-1	RAD
80875-8	RAD
80876-6	RAD
80877-4	RAD
80878-2	RAD
80879-0	RAD
80880-8	RAD
80881-6	RAD
80882-4	RAD
80895-6	RAD
80896-4	RAD
80897-2	RAD
80898-0	RAD
80932-7	RAD
80933-5	RAD
80934-3	RAD
80935-0	RAD
80936-8	RAD
80937-6	RAD
80938-4	RAD
80939-2	RAD
80940-0	RAD
80941-8	RAD
80942-6	RAD
80943-4	RAD
80944-2	RAD
80945-9	RAD
80946-7	RAD
80947-5	RAD
80948-3	RAD
80949-1	RAD
80950-9	RAD
80951-7	RAD
80952-5	RAD
80953-3	RAD
80954-1	RAD
80955-8	RAD
80956-6	RAD
80990-5	RAD
80991-3	RAD
8101-8	CELLMARK
8102-6	CELLMARK
8103-4	CELLMARK
8104-2	CELLMARK
8105-9	CELLMARK
8106-7	CELLMARK
8107-5	CELLMARK
8108-3	CELLMARK
8109-1	CELLMARK
8110-9	CELLMARK
8111-7	CELLMARK
8112-5	CELLMARK
8113-3	CELLMARK
8114-1	CELLMARK
8115-8	CELLMARK
81158-8	RAD
81159-6	RAD
8116-6	CELLMARK
81160-4	RAD
81161-2	RAD
81162-0	RAD
81163-8	RAD
81164-6	RAD
81165-3	RAD
8117-4	CELLMARK
8118-2	CELLMARK
8119-0	CELLMARK
8120-8	CELLMARK
81206-5	RAD
8121-6	CELLMARK
8122-4	CELLMARK
8123-2	CELLMARK
8124-0	CELLMARK
8125-7	CELLMARK
8126-5	CELLMARK
8130-7	CELLMARK
8131-5	CELLMARK
8132-3	CELLMARK
8133-1	CELLMARK
8134-9	CELLMARK
8135-6	CELLMARK
8136-4	CELLMARK
81542-3	RAD
81543-1	RAD
81544-9	RAD
81545-6	RAD
81546-4	RAD
81547-2	RAD
81548-0	RAD
81549-8	RAD
81550-6	RAD
81551-4	RAD
81552-2	RAD
81553-0	RAD
81554-8	RAD
81555-5	RAD
81556-3	RAD
81557-1	RAD
81558-9	RAD
81559-7	RAD
81560-5	RAD
81561-3	RAD
81562-1	RAD
81563-9	RAD
81564-7	RAD
81565-4	RAD
81566-2	RAD
81567-0	RAD
81568-8	RAD
81569-6	RAD
81570-4	RAD
81571-2	RAD
81572-0	RAD
81573-8	RAD
81574-6	RAD
81575-3	RAD
81576-1	RAD
81577-9	RAD
81578-7	RAD
81579-5	RAD
81580-3	RAD
81581-1	RAD
81582-9	RAD
81583-7	RAD
81584-5	RAD
81585-2	RAD
81586-0	RAD
81587-8	RAD
81588-6	RAD
81589-4	RAD
81590-2	RAD
81591-0	RAD
81592-8	RAD
81593-6	RAD
81594-4	RAD
81595-1	RAD
81596-9	RAD
81597-7	RAD
81598-5	RAD
81599-3	RAD
81600-9	RAD
81601-7	RAD
81602-5	RAD
81603-3	RAD
81604-1	RAD
81605-8	RAD
81606-6	RAD
81607-4	RAD
81608-2	RAD
81609-0	RAD
81610-8	RAD
81611-6	RAD
81612-4	RAD
81613-2	RAD
81894-8	RAD
82123-1	RAD
82124-9	RAD
82126-4	RAD
82128-0	RAD
82129-8	RAD
82130-6	RAD
82131-4	RAD
82132-2	RAD
82133-0	RAD
82136-3	RAD
82676-8	RAD
82677-6	RAD
82678-4	RAD
82679-2	RAD
82680-0	RAD
82681-8	RAD
82682-6	RAD
82683-4	RAD
82684-2	RAD
82685-9	RAD
82686-7	RAD
82687-5	RAD
82688-3	RAD
82689-1	RAD
82690-9	RAD
82691-7	RAD
82692-5	RAD
82693-3	RAD
82694-1	RAD
82695-8	RAD
82696-6	RAD
82697-4	RAD
82698-2	RAD
82699-0	RAD
82700-6	RAD
82701-4	RAD
82702-2	RAD
82703-0	RAD
82704-8	RAD
82705-5	RAD
82706-3	RAD
82707-1	RAD
82708-9	RAD
82709-7	RAD
82710-5	RAD
82711-3	RAD
82712-1	RAD
82713-9	RAD
82714-7	RAD
82715-4	RAD
82716-2	RAD
82717-0	RAD
82718-8	RAD
82742-8	RAD
82743-6	CELLMARK
82744-4	CELLMARK
82800-4	RAD
82801-2	RAD
82802-0	RAD
82803-8	RAD
82804-6	RAD
82805-3	RAD
82806-1	RAD
82807-9	RAD
82808-7	RAD
82809-5	RAD
8294-1	RAD
8295-8	RAD
8296-6	RAD
83012-5	RAD
83013-3	RAD
83014-1	RAD
83015-8	RAD
83016-6	RAD
83017-4	RAD
83018-2	RAD
83019-0	RAD
83020-8	RAD
83021-6	RAD
83022-4	RAD
83023-2	RAD
83024-0	RAD
83025-7	RAD
83026-5	RAD
83027-3	RAD
83028-1	RAD
83029-9	RAD
83030-7	RAD
83031-5	RAD
83032-3	RAD
83033-1	RAD
83034-9	RAD
83035-6	RAD
83036-4	RAD
83037-2	RAD
83038-0	RAD
83039-8	RAD
83040-6	RAD
83041-4	RAD
83042-2	RAD
83043-0	RAD
83044-8	RAD
83045-5	RAD
83046-3	RAD
83047-1	RAD
83048-9	RAD
83049-7	RAD
83050-5	RAD
83051-3	RAD
83146-1	NIH.MOTOR
83147-9	NIH.MOTOR
83148-7	NIH.MOTOR
83149-5	NIH.MOTOR
83150-3	NIH.MOTOR
83151-1	NIH.MOTOR
83152-9	NIH.MOTOR
83153-7	NIH.MOTOR
83154-5	NIH.MOTOR
83155-2	NIH.MOTOR
83156-0	NIH.MOTOR
83157-8	NIH.MOTOR
83158-6	NIH.MOTOR
83159-4	NIH.MOTOR
83160-2	NIH.MOTOR
83161-0	NIH.MOTOR
83162-8	NIH.MOTOR
83163-6	NIH.MOTOR
83164-4	NIH.MOTOR
83165-1	NIH.MOTOR
83166-9	NIH.MOTOR
83167-7	NIH.MOTOR
83168-5	NIH.MOTOR
83169-3	NIH.MOTOR
83170-1	NIH.MOTOR
83171-9	NIH.MOTOR
83172-7	NIH.MOTOR
83173-5	NIH.MOTOR
83174-3	NIH.MOTOR
83175-0	NIH.MOTOR
83176-8	NIH.MOTOR
83177-6	NIH.MOTOR
83178-4	NIH.MOTOR
83179-2	NIH.MOTOR
83289-9	RAD
83290-7	RAD
83291-5	RAD
83292-3	RAD
83293-1	RAD
83294-9	RAD
83295-6	RAD
83296-4	RAD
83297-2	RAD
83298-0	RAD
83299-8	RAD
83300-4	RAD
83301-2	RAD
83302-0	RAD
83303-8	RAD
83304-6	RAD
83305-3	RAD
83306-1	RAD
83307-9	RAD
83308-7	RAD
83309-5	RAD
83310-3	RAD
83446-5	NIH.SENSORY
84415-9	NIH.MOTOR
84416-7	NIH.MOTOR
84417-5	NIH.MOTOR
84418-3	NIH.MOTOR
84419-1	NIH.MOTOR
84420-9	NIH.MOTOR
84421-7	NIH.MOTOR
84422-5	NIH.MOTOR
84423-3	NIH.MOTOR
84424-1	NIH.MOTOR
84425-8	NIH.MOTOR
84426-6	NIH.MOTOR
84427-4	NIH.MOTOR
84439-9	NIH.COGNITIVE
84440-7	NIH.COGNITIVE
84441-5	NIH.COGNITIVE
84442-3	NIH.COGNITIVE
84443-1	NIH.COGNITIVE
84444-9	NIH.COGNITIVE
84445-6	NIH.COGNITIVE
84446-4	NIH.COGNITIVE
84447-2	NIH.COGNITIVE
84448-0	NIH.COGNITIVE
84449-8	NIH.COGNITIVE
84450-6	NIH.COGNITIVE
84451-4	NIH.COGNITIVE
84452-2	NIH.COGNITIVE
84453-0	NIH.COGNITIVE
84454-8	NIH.COGNITIVE
84455-5	NIH.COGNITIVE
84456-3	NIH.COGNITIVE
84457-1	NIH.COGNITIVE
84458-9	NIH.COGNITIVE
84459-7	NIH.COGNITIVE
84460-5	NIH.COGNITIVE
84461-3	NIH.COGNITIVE
84462-1	NIH.COGNITIVE
84463-9	NIH.COGNITIVE
84464-7	NIH.COGNITIVE
84465-4	NIH.COGNITIVE
84466-2	NIH.COGNITIVE
84467-0	NIH.COGNITIVE
84468-8	NIH.COGNITIVE
84469-6	NIH.COGNITIVE
84470-4	NIH.COGNITIVE
84471-2	NIH.COGNITIVE
84472-0	NIH.COGNITIVE
84473-8	NIH.COGNITIVE
84474-6	NIH.COGNITIVE
84475-3	NIH.COGNITIVE
84476-1	NIH.COGNITIVE
84477-9	NIH.COGNITIVE
84478-7	NIH.COGNITIVE
84479-5	NIH.COGNITIVE
84480-3	NIH.COGNITIVE
84481-1	NIH.COGNITIVE
84482-9	NIH.COGNITIVE
84483-7	NIH.COGNITIVE
84484-5	NIH.COGNITIVE
84485-2	NIH.COGNITIVE
84486-0	NIH.COGNITIVE
84487-8	NIH.COGNITIVE
84488-6	NIH.COGNITIVE
84489-4	NIH.COGNITIVE
84490-2	NIH.COGNITIVE
84491-0	NIH.COGNITIVE
84492-8	NIH.COGNITIVE
84493-6	NIH.COGNITIVE
84494-4	NIH.COGNITIVE
84495-1	NIH.COGNITIVE
84496-9	NIH.COGNITIVE
84497-7	NIH.COGNITIVE
84498-5	NIH.COGNITIVE
84499-3	NIH.COGNITIVE
84500-8	NIH.COGNITIVE
84501-6	NIH.COGNITIVE
84502-4	NIH.COGNITIVE
84503-2	NIH.COGNITIVE
84504-0	NIH.COGNITIVE
84505-7	NIH.COGNITIVE
84506-5	NIH.COGNITIVE
84507-3	NIH.COGNITIVE
84508-1	NIH.COGNITIVE
84509-9	NIH.COGNITIVE
84510-7	NIH.COGNITIVE
84511-5	NIH.COGNITIVE
84512-3	NIH.COGNITIVE
84513-1	NIH.COGNITIVE
84514-9	NIH.COGNITIVE
84515-6	NIH.COGNITIVE
84516-4	NIH.COGNITIVE
84517-2	NIH.COGNITIVE
84518-0	NIH.COGNITIVE
84519-8	NIH.COGNITIVE
84520-6	NIH.COGNITIVE
84521-4	NIH.COGNITIVE
84522-2	NIH.COGNITIVE
84523-0	NIH.COGNITIVE
84524-8	NIH.COGNITIVE
84525-5	NIH.COGNITIVE
84526-3	NIH.COGNITIVE
84527-1	NIH.COGNITIVE
84528-9	NIH.COGNITIVE
84529-7	NIH.COGNITIVE
84530-5	NIH.COGNITIVE
84531-3	NIH.COGNITIVE
84532-1	NIH.COGNITIVE
84533-9	NIH.COGNITIVE
84534-7	NIH.COGNITIVE
84535-4	NIH.COGNITIVE
84536-2	NIH.COGNITIVE
84537-0	NIH.COGNITIVE
84538-8	NIH.COGNITIVE
84539-6	NIH.COGNITIVE
84540-4	NIH.COGNITIVE
84541-2	NIH.COGNITIVE
84542-0	NIH.COGNITIVE
84543-8	NIH.COGNITIVE
84544-6	NIH.COGNITIVE
84545-3	NIH.COGNITIVE
84546-1	NIH.COGNITIVE
84547-9	NIH.COGNITIVE
84548-7	NIH.COGNITIVE
84549-5	NIH.COGNITIVE
84550-3	NIH.COGNITIVE
84551-1	NIH.COGNITIVE
84552-9	NIH.COGNITIVE
84553-7	NIH.COGNITIVE
84554-5	NIH.COGNITIVE
84555-2	NIH.COGNITIVE
84556-0	NIH.COGNITIVE
84557-8	NIH.COGNITIVE
84558-6	NIH.COGNITIVE
84559-4	NIH.COGNITIVE
84560-2	NIH.COGNITIVE
84561-0	NIH.COGNITIVE
84562-8	NIH.COGNITIVE
84563-6	NIH.COGNITIVE
84564-4	NIH.COGNITIVE
84565-1	NIH.COGNITIVE
84566-9	NIH.COGNITIVE
84567-7	NIH.COGNITIVE
84568-5	NIH.COGNITIVE
84569-3	NIH.COGNITIVE
84570-1	NIH.COGNITIVE
84571-9	NIH.COGNITIVE
84572-7	NIH.COGNITIVE
84573-5	NIH.COGNITIVE
84574-3	NIH.COGNITIVE
84575-0	NIH.COGNITIVE
84576-8	NIH.COGNITIVE
84577-6	NIH.COGNITIVE
84578-4	NIH.COGNITIVE
84579-2	NIH.COGNITIVE
84580-0	NIH.COGNITIVE
84581-8	NIH.COGNITIVE
84582-6	NIH.COGNITIVE
84583-4	NIH.COGNITIVE
84584-2	NIH.COGNITIVE
84585-9	NIH.COGNITIVE
84586-7	NIH.COGNITIVE
84587-5	NIH.COGNITIVE
84588-3	NIH.COGNITIVE
84589-1	NIH.COGNITIVE
84590-9	NIH.COGNITIVE
84591-7	NIH.COGNITIVE
84592-5	NIH.COGNITIVE
84593-3	NIH.COGNITIVE
84594-1	NIH.COGNITIVE
84595-8	NIH.COGNITIVE
84596-6	NIH.COGNITIVE
84597-4	NIH.COGNITIVE
84598-2	NIH.COGNITIVE
84599-0	NIH.COGNITIVE
84600-6	NIH.COGNITIVE
84601-4	NIH.COGNITIVE
84602-2	NIH.COGNITIVE
84603-0	NIH.COGNITIVE
84604-8	NIH.COGNITIVE
84605-5	NIH.COGNITIVE
84606-3	NIH.COGNITIVE
84607-1	NIH.COGNITIVE
84608-9	NIH.COGNITIVE
84609-7	NIH.COGNITIVE
84610-5	NIH.COGNITIVE
84611-3	NIH.COGNITIVE
84612-1	NIH.COGNITIVE
84613-9	NIH.COGNITIVE
84614-7	NIH.COGNITIVE
84615-4	NIH.COGNITIVE
84616-2	NIH.COGNITIVE
84617-0	NIH.COGNITIVE
84618-8	NIH.COGNITIVE
84619-6	NIH.COGNITIVE
84620-4	NIH.COGNITIVE
84621-2	NIH.COGNITIVE
84622-0	NIH.COGNITIVE
84623-8	NIH.COGNITIVE
84624-6	NIH.COGNITIVE
84625-3	NIH.COGNITIVE
84626-1	NIH.COGNITIVE
84627-9	NIH.COGNITIVE
84628-7	NIH.COGNITIVE
84629-5	NIH.COGNITIVE
84630-3	NIH.COGNITIVE
84631-1	NIH.COGNITIVE
84632-9	NIH.COGNITIVE
84633-7	NIH.COGNITIVE
84634-5	NIH.COGNITIVE
84635-2	NIH.COGNITIVE
84636-0	NIH.COGNITIVE
84637-8	NIH.COGNITIVE
84638-6	NIH.COGNITIVE
84639-4	NIH.COGNITIVE
84640-2	NIH.COGNITIVE
84641-0	NIH.COGNITIVE
84642-8	NIH.COGNITIVE
84643-6	NIH.COGNITIVE
84644-4	NIH.COGNITIVE
84645-1	NIH.COGNITIVE
84646-9	NIH.COGNITIVE
84647-7	NIH.COGNITIVE
84648-5	NIH.COGNITIVE
84649-3	NIH.COGNITIVE
84650-1	NIH.COGNITIVE
84651-9	NIH.COGNITIVE
84652-7	NIH.COGNITIVE
84653-5	NIH.COGNITIVE
84654-3	NIH.COGNITIVE
84655-0	NIH.COGNITIVE
84656-8	NIH.COGNITIVE
84657-6	NIH.COGNITIVE
84658-4	NIH.COGNITIVE
84659-2	NIH.COGNITIVE
84660-0	NIH.COGNITIVE
84661-8	NIH.COGNITIVE
84662-6	NIH.COGNITIVE
84663-4	NIH.COGNITIVE
84664-2	NIH.COGNITIVE
84665-9	NIH.COGNITIVE
84666-7	NIH.COGNITIVE
84667-5	NIH.COGNITIVE
84668-3	NIH.COGNITIVE
84669-1	NIH.COGNITIVE
84670-9	NIH.COGNITIVE
84671-7	NIH.COGNITIVE
84672-5	NIH.COGNITIVE
84673-3	NIH.COGNITIVE
84674-1	NIH.COGNITIVE
84675-8	NIH.COGNITIVE
84676-6	NIH.COGNITIVE
84677-4	NIH.COGNITIVE
84678-2	NIH.COGNITIVE
84679-0	NIH.COGNITIVE
84680-8	NIH.COGNITIVE
84681-6	NIH.COGNITIVE
84682-4	NIH.COGNITIVE
84683-2	NIH.COGNITIVE
84684-0	NIH.COGNITIVE
84685-7	NIH.COGNITIVE
84686-5	NIH.COGNITIVE
84687-3	NIH.COGNITIVE
84688-1	NIH.COGNITIVE
84689-9	NIH.COGNITIVE
84690-7	NIH.COGNITIVE
84691-5	NIH.COGNITIVE
84692-3	NIH.COGNITIVE
84693-1	NIH.COGNITIVE
84694-9	NIH.COGNITIVE
84695-6	NIH.COGNITIVE
84696-4	NIH.COGNITIVE
84697-2	NIH.COGNITIVE
84698-0	NIH.COGNITIVE
84699-8	NIH.COGNITIVE
84700-4	NIH.COGNITIVE
84701-2	NIH.COGNITIVE
84702-0	NIH.COGNITIVE
84703-8	NIH.COGNITIVE
84704-6	NIH.COGNITIVE
84705-3	NIH.COGNITIVE
84706-1	NIH.COGNITIVE
84707-9	NIH.COGNITIVE
84708-7	NIH.COGNITIVE
84709-5	NIH.COGNITIVE
84710-3	NIH.COGNITIVE
84711-1	NIH.COGNITIVE
84712-9	NIH.COGNITIVE
84713-7	NIH.COGNITIVE
84714-5	NIH.COGNITIVE
84715-2	NIH.COGNITIVE
84716-0	NIH.COGNITIVE
84717-8	NIH.COGNITIVE
84718-6	NIH.COGNITIVE
84719-4	NIH.COGNITIVE
84720-2	NIH.COGNITIVE
84721-0	NIH.COGNITIVE
84722-8	NIH.COGNITIVE
84723-6	NIH.COGNITIVE
84724-4	NIH.COGNITIVE
84725-1	NIH.COGNITIVE
84726-9	NIH.COGNITIVE
84727-7	NIH.COGNITIVE
84728-5	NIH.COGNITIVE
84729-3	NIH.COGNITIVE
84730-1	NIH.COGNITIVE
84731-9	NIH.COGNITIVE
84732-7	NIH.COGNITIVE
84733-5	NIH.COGNITIVE
84734-3	NIH.COGNITIVE
84735-0	NIH.COGNITIVE
84736-8	NIH.COGNITIVE
84737-6	NIH.COGNITIVE
84738-4	NIH.COGNITIVE
84739-2	NIH.COGNITIVE
84740-0	NIH.COGNITIVE
84741-8	NIH.COGNITIVE
84742-6	NIH.COGNITIVE
84743-4	NIH.COGNITIVE
84744-2	NIH.COGNITIVE
84745-9	NIH.COGNITIVE
84746-7	NIH.COGNITIVE
84747-5	NIH.COGNITIVE
84748-3	NIH.COGNITIVE
84749-1	NIH.COGNITIVE
84750-9	NIH.COGNITIVE
84751-7	NIH.COGNITIVE
84752-5	NIH.COGNITIVE
84753-3	NIH.COGNITIVE
84754-1	NIH.COGNITIVE
84755-8	NIH.COGNITIVE
84756-6	NIH.COGNITIVE
84757-4	NIH.COGNITIVE
84758-2	NIH.COGNITIVE
84759-0	NIH.COGNITIVE
84760-8	NIH.COGNITIVE
84761-6	NIH.COGNITIVE
84762-4	NIH.COGNITIVE
84763-2	NIH.COGNITIVE
84764-0	NIH.COGNITIVE
84765-7	NIH.COGNITIVE
84766-5	NIH.COGNITIVE
84767-3	NIH.COGNITIVE
84768-1	NIH.COGNITIVE
84769-9	NIH.COGNITIVE
84770-7	NIH.COGNITIVE
84771-5	NIH.COGNITIVE
85040-4	RAD
85041-2	RAD
85151-9	RAD
85270-7	DENTAL
85271-5	DENTAL
85272-3	DENTAL
85385-3	RAD
85386-1	RAD
85387-9	RAD
85388-7	RAD
85389-5	RAD
85390-3	RAD
85391-1	RAD
85392-9	RAD
85393-7	RAD
85394-5	RAD
85789-6	CELLMARK
85790-4	CELLMARK
85791-2	CELLMARK
85792-0	CELLMARK
86348-0	RAD
86350-6	RAD
86351-4	RAD
86352-2	RAD
86353-0	RAD
86354-8	RAD
86355-5	RAD
86356-3	RAD
86357-1	RAD
86358-9	RAD
86360-5	RAD
86361-3	RAD
86362-1	RAD
86363-9	RAD
86364-7	RAD
86365-4	RAD
86366-2	RAD
86367-0	RAD
86368-8	RAD
86369-6	RAD
86370-4	RAD
86371-2	RAD
86372-0	RAD
86373-8	RAD
86374-6	RAD
86375-3	RAD
86376-1	RAD
86377-9	RAD
86378-7	RAD
86379-5	RAD
86380-3	RAD
86381-1	RAD
86382-9	RAD
86383-7	RAD
86384-5	RAD
86385-2	RAD
86386-0	RAD
86387-8	RAD
86388-6	RAD
86389-4	RAD
86390-2	RAD
86391-0	RAD
86392-8	RAD
86393-6	RAD
86394-4	RAD
86395-1	RAD
86396-9	RAD
86397-7	RAD
86398-5	RAD
86399-3	RAD
86400-9	RAD
86401-7	RAD
86402-5	RAD
86403-3	RAD
86404-1	RAD
86405-8	RAD
86406-6	RAD
86407-4	RAD
86408-2	RAD
86409-0	RAD
86410-8	RAD
86411-6	RAD
86412-4	RAD
86413-2	RAD
86414-0	RAD
86415-7	RAD
86416-5	RAD
86417-3	RAD
86418-1	RAD
86419-9	RAD
86420-7	RAD
86421-5	RAD
86422-3	RAD
86423-1	RAD
86424-9	RAD
86425-6	RAD
86426-4	RAD
86427-2	RAD
86428-0	RAD
86429-8	RAD
86430-6	RAD
86431-4	RAD
86432-2	RAD
86433-0	RAD
86434-8	RAD
86435-5	RAD
86436-3	RAD
86437-1	RAD
86438-9	RAD
86439-7	RAD
86440-5	RAD
86441-3	RAD
86442-1	RAD
86443-9	RAD
86460-3	RAD
86461-1	RAD
86462-9	RAD
86463-7	RAD
86464-5	RAD
86956-0	RAD
86957-8	RAD
86958-6	RAD
86959-4	RAD
86960-2	RAD
86961-0	RAD
86962-8	RAD
86963-6	RAD
86964-4	RAD
86965-1	RAD
86966-9	RAD
86967-7	RAD
86968-5	RAD
86969-3	RAD
86970-1	RAD
86971-9	RAD
86972-7	RAD
86973-5	RAD
86974-3	RAD
86975-0	RAD
86976-8	RAD
86977-6	RAD
86978-4	RAD
86979-2	RAD
86980-0	RAD
86981-8	RAD
86982-6	RAD
86983-4	RAD
86984-2	RAD
86985-9	RAD
86986-7	RAD
86987-5	RAD
86988-3	RAD
86989-1	RAD
86990-9	RAD
86991-7	RAD
86992-5	RAD
86993-3	RAD
86994-1	RAD
86995-8	RAD
86996-6	RAD
86997-4	RAD
86998-2	RAD
86999-0	RAD
87000-6	RAD
87001-4	RAD
87002-2	RAD
87003-0	RAD
87004-8	RAD
87005-5	RAD
87006-3	RAD
87007-1	RAD
87008-9	RAD
87009-7	RAD
87010-5	RAD
87011-3	RAD
87012-1	RAD
87013-9	RAD
87014-7	RAD
87015-4	RAD
87016-2	RAD
87017-0	RAD
87018-8	RAD
87019-6	RAD
87020-4	RAD
87021-2	RAD
87022-0	RAD
87023-8	RAD
87024-6	RAD
87025-3	RAD
87026-1	RAD
87027-9	RAD
87028-7	RAD
87029-5	RAD
87030-3	RAD
87031-1	RAD
87032-9	RAD
87033-7	RAD
87034-5	RAD
87035-2	RAD
87036-0	RAD
87037-8	RAD
87038-6	RAD
87039-4	RAD
87040-2	RAD
87041-0	RAD
87042-8	RAD
87043-6	RAD
87044-4	RAD
87045-1	RAD
87046-9	RAD
87047-7	RAD
87048-5	RAD
87049-3	RAD
87050-1	RAD
87051-9	RAD
87052-7	RAD
87053-5	RAD
87054-3	RAD
87055-0	RAD
87056-8	RAD
87057-6	RAD
87058-4	RAD
87059-2	RAD
87060-0	RAD
87061-8	RAD
87062-6	RAD
87063-4	RAD
87064-2	RAD
87065-9	RAD
87066-7	RAD
87067-5	RAD
87068-3	RAD
87069-1	RAD
87070-9	RAD
87071-7	RAD
87072-5	RAD
87073-3	RAD
87074-1	RAD
87075-8	RAD
87076-6	RAD
87077-4	RAD
87078-2	RAD
87079-0	RAD
87080-8	RAD
87081-6	RAD
87082-4	RAD
87083-2	RAD
87084-0	RAD
87085-7	RAD
87086-5	RAD
87087-3	RAD
87088-1	RAD
87089-9	RAD
87090-7	RAD
87091-5	RAD
87092-3	RAD
87093-1	RAD
87094-9	RAD
87095-6	RAD
87096-4	RAD
87097-2	RAD
87098-0	RAD
87099-8	RAD
87100-4	RAD
87101-2	RAD
87102-0	RAD
87103-8	RAD
87104-6	RAD
87105-3	RAD
87106-1	RAD
87107-9	RAD
87108-7	RAD
87109-5	RAD
87110-3	RAD
87111-1	RAD
87112-9	RAD
87113-7	RAD
87114-5	RAD
87115-2	RAD
87116-0	RAD
87117-8	RAD
87118-6	RAD
87119-4	RAD
87120-2	RAD
87121-0	RAD
87122-8	RAD
87123-6	RAD
87124-4	RAD
87125-1	RAD
87126-9	RAD
87127-7	RAD
87128-5	RAD
87129-3	RAD
87130-1	RAD
87131-9	RAD
87132-7	RAD
87133-5	RAD
87134-3	RAD
87135-0	RAD
87136-8	RAD
87137-6	RAD
87138-4	RAD
87139-2	RAD
87140-0	RAD
87141-8	RAD
87142-6	RAD
87143-4	RAD
87144-2	RAD
87145-9	RAD
87146-7	RAD
87147-5	RAD
87148-3	RAD
87149-1	RAD
87150-9	RAD
87151-7	RAD
87152-5	RAD
87153-3	RAD
87154-1	RAD
87155-8	RAD
87156-6	RAD
87157-4	RAD
87158-2	RAD
87159-0	RAD
87160-8	RAD
87161-6	RAD
87162-4	RAD
87163-2	RAD
87164-0	RAD
87165-7	RAD
87166-5	RAD
87167-3	RAD
87168-1	RAD
87169-9	RAD
87170-7	RAD
87171-5	RAD
87172-3	RAD
87173-1	RAD
87174-9	RAD
87175-6	RAD
87176-4	RAD
87177-2	RAD
87178-0	RAD
87179-8	RAD
87180-6	RAD
87181-4	RAD
87182-2	RAD
87183-0	RAD
87184-8	RAD
87185-5	RAD
87186-3	RAD
87187-1	RAD
87188-9	RAD
87189-7	RAD
87190-5	RAD
87191-3	RAD
87192-1	RAD
87193-9	RAD
87194-7	RAD
87195-4	RAD
87196-2	RAD
87197-0	RAD
87198-8	RAD
87199-6	RAD
87200-2	RAD
87201-0	RAD
87202-8	RAD
87203-6	RAD
87205-1	RAD
87206-9	RAD
87279-6	RAD
87280-4	RAD
87281-2	RAD
87308-3	RAD
87309-1	RAD
87310-9	RAD
87311-7	RAD
87312-5	RAD
87836-3	RAD
87837-1	RAD
87838-9	RAD
87839-7	RAD
87840-5	RAD
87841-3	RAD
87842-1	RAD
87843-9	RAD
87844-7	RAD
87845-4	RAD
87846-2	RAD
87847-0	RAD
87848-8	RAD
87849-6	RAD
87850-4	RAD
87851-2	RAD
87852-0	RAD
87853-8	RAD
87854-6	RAD
87855-3	RAD
87856-1	RAD
87857-9	RAD
87858-7	RAD
87859-5	RAD
87860-3	RAD
87861-1	RAD
87862-9	RAD
87863-7	RAD
87864-5	RAD
87865-2	RAD
87866-0	RAD
87867-8	RAD
87868-6	RAD
87869-4	RAD
87870-2	RAD
87871-0	RAD
87872-8	RAD
87873-6	RAD
87874-4	RAD
87875-1	RAD
87876-9	RAD
87877-7	RAD
87878-5	RAD
87879-3	RAD
87880-1	RAD
87881-9	RAD
87882-7	RAD
87883-5	RAD
87884-3	RAD
87885-0	RAD
87886-8	RAD
87887-6	RAD
87888-4	RAD
87889-2	RAD
87890-0	RAD
87891-8	RAD
87892-6	RAD
87893-4	RAD
87894-2	RAD
87895-9	RAD
87896-7	RAD
87897-5	RAD
87898-3	RAD
87899-1	RAD
87900-7	RAD
87901-5	RAD
87902-3	RAD
87903-1	RAD
87904-9	RAD
87905-6	RAD
87907-2	RAD
87908-0	RAD
87909-8	RAD
87910-6	RAD
87911-4	RAD
87912-2	RAD
87913-0	RAD
87914-8	RAD
87915-5	RAD
87916-3	RAD
87917-1	RAD
87918-9	RAD
87919-7	RAD
87920-5	RAD
87921-3	RAD
87922-1	RAD
88052-6	CELLMARK
88053-4	CELLMARK
88242-3	RAD
88243-1	RAD
88315-7	RAD
88316-5	RAD
88317-3	RAD
88318-1	RAD
88319-9	RAD
88320-7	RAD
88321-5	RAD
88322-3	RAD
88323-1	RAD
88324-9	RAD
88325-6	RAD
88326-4	RAD
88327-2	RAD
88349-6	RAD
88526-9	RAD
88831-3	RAD
88832-1	RAD
88833-9	RAD
88834-7	RAD
88929-5	RAD
88930-3	RAD
88931-1	RAD
88932-9	RAD
88933-7	RAD
88934-5	RAD
88935-2	RAD
88936-0	RAD
88937-8	RAD
88938-6	RAD
88939-4	RAD
88940-2	RAD
88941-0	RAD
88942-8	RAD
88943-6	RAD
88944-4	RAD
89283-6	RAD
89284-4	RAD
89311-5	CELLMARK
89312-3	CELLMARK
89313-1	CELLMARK
89315-6	CELLMARK
89316-4	CELLMARK
89317-2	CELLMARK
89318-0	CELLMARK
89319-8	CELLMARK
89320-6	CELLMARK
89325-5	CELLMARK
89326-3	CELLMARK
89327-1	CELLMARK
89328-9	CELLMARK
89329-7	CELLMARK
89330-5	CELLMARK
89331-3	CELLMARK
89332-1	CELLMARK
89333-9	CELLMARK
89334-7	CELLMARK
89335-4	CELLMARK
89336-2	CELLMARK
89337-0	CELLMARK
89338-8	CELLMARK
89339-6	CELLMARK
89340-4	CELLMARK
89341-2	CELLMARK
89343-8	CELLMARK
89344-6	CELLMARK
89345-3	CELLMARK
89346-1	CELLMARK
89347-9	CELLMARK
89348-7	CELLMARK
89349-5	CELLMARK
89350-3	CELLMARK
89351-1	CELLMARK
89352-9	CELLMARK
89353-7	CELLMARK
89354-5	CELLMARK
89355-2	CELLMARK
89356-0	CELLMARK
89357-8	CELLMARK
89358-6	CELLMARK
89360-2	CELLMARK
89362-8	CELLMARK
89431-1	CELLMARK
89602-7	RAD
89603-5	RAD
89604-3	RAD
89605-0	RAD
89606-8	RAD
89607-6	RAD
89608-4	RAD
89609-2	RAD
89610-0	RAD
89611-8	RAD
89612-6	RAD
89613-4	RAD
89614-2	RAD
89615-9	RAD
89616-7	RAD
89617-5	RAD
89618-3	RAD
89619-1	RAD
89620-9	RAD
89621-7	RAD
89622-5	RAD
89623-3	RAD
89624-1	RAD
89625-8	RAD
89626-6	RAD
89627-4	RAD
89628-2	RAD
89629-0	RAD
89630-8	RAD
89631-6	RAD
89695-1	RAD
89696-9	RAD
89697-7	RAD
89698-5	RAD
89699-3	RAD
89700-9	RAD
89701-7	RAD
89702-5	RAD
89703-3	RAD
89704-1	RAD
89705-8	RAD
89706-6	RAD
89707-4	RAD
89708-2	RAD
89709-0	RAD
89710-8	RAD
89711-6	RAD
89712-4	RAD
89713-2	RAD
89714-0	RAD
89715-7	RAD
89716-5	RAD
89717-3	RAD
89718-1	RAD
89719-9	RAD
89720-7	RAD
89721-5	RAD
89722-3	RAD
89723-1	RAD
89827-0	RAD
89828-8	RAD
89829-6	RAD
89830-4	RAD
89831-2	RAD
89832-0	RAD
89833-8	RAD
89834-6	RAD
89835-3	RAD
89836-1	RAD
89837-9	RAD
89838-7	RAD
89839-5	RAD
89840-3	RAD
89841-1	RAD
89842-9	RAD
89844-5	RAD
89845-2	RAD
89846-0	RAD
89847-8	RAD
89848-6	RAD
89849-4	RAD
89850-2	RAD
89851-0	RAD
89852-8	RAD
89853-6	RAD
89854-4	RAD
89855-1	RAD
89856-9	RAD
89857-7	RAD
89858-5	RAD
89859-3	RAD
89860-1	RAD
89925-2	RAD
89927-8	RAD
89928-6	RAD
89929-4	RAD
89930-2	RAD
89931-0	RAD
89932-8	RAD
89952-6	RAD
89953-4	RAD
89954-2	RAD
89955-9	RAD
89956-7	RAD
89957-5	RAD
89958-3	RAD
89959-1	RAD
89960-9	RAD
89961-7	RAD
89962-5	RAD
90049-8	RAD
90050-6	RAD
90051-4	RAD
90304-7	CELLMARK
90307-0	RAD
90308-8	RAD
90309-6	RAD
90310-4	RAD
90311-2	RAD
90312-0	RAD
90313-8	RAD
90314-6	RAD
90315-3	RAD
90316-1	RAD
90317-9	RAD
90318-7	RAD
90319-5	RAD
90334-4	RAD
90335-1	RAD
90336-9	RAD
90352-6	RAD
90367-4	OB.US
90368-2	OB.US
90372-4	RAD
90373-2	RAD
90418-5	CELLMARK
90422-7	CELLMARK
90736-0	CELLMARK
90737-8	CELLMARK
90738-6	CELLMARK
90739-4	CELLMARK
90855-8	DENTAL
90856-6	DENTAL
90857-4	DENTAL
90858-2	DENTAL
90859-0	DENTAL
90860-8	DENTAL
90861-6	DENTAL
90862-4	DENTAL
90863-2	DENTAL
90864-0	DENTAL
90865-7	DENTAL
90866-5	DENTAL
90867-3	DENTAL
90868-1	DENTAL
90869-9	DENTAL
90870-7	DENTAL
90871-5	DENTAL
90872-3	DENTAL
90928-3	DENTAL
90929-1	DENTAL
90930-9	DENTAL
90931-7	DENTAL
90932-5	DENTAL
91517-3	RAD
91518-1	RAD
91519-9	RAD
91520-7	RAD
91521-5	RAD
91522-3	RAD
91523-1	RAD
91524-9	RAD
91525-6	RAD
91553-8	NIH.MOTOR
91561-1	RAD
91591-8	RAD
91592-6	RAD
91593-4	RAD
91594-2	RAD
91595-9	RAD
91596-7	RAD
91597-5	RAD
91598-3	RAD
91673-4	CELLMARK
91674-2	CELLMARK
91715-3	RAD
91716-1	RAD
91717-9	RAD
91718-7	RAD
91719-5	RAD
91720-3	RAD
92025-6	RAD
92567-7	RAD
92569-3	RAD
92571-9	RAD
92677-4	RAD
92678-2	RAD
92679-0	RAD
92680-8	RAD
92736-8	CELLMARK
92916-6	RAD
92917-4	RAD
92918-2	RAD
92919-0	RAD
92920-8	RAD
92921-6	RAD
92922-4	RAD
92923-2	RAD
92924-0	RAD
92925-7	RAD
92926-5	RAD
92927-3	RAD
92928-1	RAD
93129-5	RAD
93130-3	RAD
93131-1	RAD
93132-9	RAD
93133-7	RAD
93134-5	RAD
93135-2	RAD
93136-0	RAD
93137-8	RAD
93138-6	RAD
93139-4	RAD
93140-2	RAD
93141-0	RAD
93142-8	RAD
93143-6	RAD
93144-4	RAD
93145-1	RAD
93146-9	RAD
93147-7	RAD
93148-5	RAD
93189-9	RAD
93241-8	RAD
93313-5	CELLMARK
93314-3	CELLMARK
93315-0	CELLMARK
93316-8	CELLMARK
93317-6	CELLMARK
93318-4	CELLMARK
93319-2	CELLMARK
93350-7	CELLMARK
93351-5	CELLMARK
93352-3	CELLMARK
93353-1	CELLMARK
93603-9	RAD
93604-7	RAD
93605-4	RAD
93606-2	RAD
93607-0	RAD
94088-2	RAD
94089-0	RAD
94090-8	RAD
94091-6	RAD
94092-4	RAD
94094-0	RAD
94095-7	RAD
94265-6	CELLMARK
94267-2	CELLMARK
94268-0	CELLMARK
9440-9	CELLMARK
9441-7	CELLMARK
9442-5	CELLMARK
9443-3	CELLMARK
94678-0	RAD
94679-8	RAD
94680-6	RAD
94681-4	RAD
94682-2	RAD
94683-0	RAD
94684-8	RAD
94685-5	RAD
94686-3	RAD
94687-1	RAD
94688-9	RAD
94689-7	CELLMARK
94754-9	CELLMARK
94755-6	CELLMARK
95185-5	CELLMARK
95186-3	CELLMARK
95187-1	CELLMARK
95188-9	CELLMARK
95189-7	CELLMARK
95190-5	CELLMARK
95191-3	CELLMARK
95192-1	CELLMARK
95193-9	CELLMARK
95194-7	CELLMARK
95195-4	CELLMARK
95196-2	CELLMARK
95197-0	CELLMARK
95198-8	CELLMARK
95199-6	CELLMARK
95200-2	CELLMARK
95201-0	CELLMARK
95202-8	CELLMARK
95203-6	CELLMARK
95204-4	CELLMARK
9554-7	CELLMARK
9555-4	CELLMARK
95558-3	RAD
9557-0	CELLMARK
9558-8	CELLMARK
9559-6	CELLMARK
9561-2	CELLMARK
95610-2	RAD
95611-0	RAD
95612-8	RAD
9563-8	CELLMARK
95923-9	RAD
95924-7	RAD
95925-4	RAD
95926-2	RAD
95927-0	RAD
95928-8	RAD
95929-6	RAD
95938-7	OB.US
95939-5	OB.US
95940-3	OB.US
96124-3	OB.US
96125-0	OB.US
96268-8	CELLMARK
96416-3	CELLMARK
96417-1	CELLMARK
96418-9	CELLMARK
96419-7	CELLMARK
96426-2	OB.US
96492-4	CELLMARK
9680-0	CELLMARK
96912-1	RAD
96913-9	RAD
96914-7	RAD
96915-4	RAD
96916-2	RAD
96917-0	RAD
9728-7	CELLMARK
97340-4	RAD
97341-2	RAD
97342-0	RAD
97343-8	RAD
97344-6	RAD
97345-3	RAD
97346-1	RAD
97347-9	RAD
97348-7	RAD
97349-5	RAD
97350-3	RAD
97351-1	RAD
97352-9	RAD
97353-7	RAD
97354-5	RAD
97355-2	RAD
97356-0	RAD
97357-8	RAD
97358-6	RAD
97359-4	RAD
97360-2	RAD
97361-0	RAD
97362-8	RAD
97363-6	RAD
97364-4	RAD
97365-1	RAD
97366-9	RAD
97367-7	RAD
97368-5	RAD
97369-3	RAD
97370-1	RAD
97371-9	RAD
97372-7	RAD
97373-5	RAD
97374-3	RAD
97375-0	RAD
97376-8	RAD
97377-6	RAD
97378-4	RAD
97379-2	RAD
97380-0	RAD
97381-8	RAD
97382-6	RAD
97383-4	RAD
97384-2	RAD
97385-9	RAD
97386-7	RAD
97387-5	RAD
97388-3	RAD
97389-1	RAD
97390-9	RAD
97391-7	RAD
97392-5	RAD
97393-3	RAD
97394-1	RAD
97395-8	RAD
97396-6	RAD
97397-4	RAD
97398-2	RAD
97399-0	RAD
97400-6	RAD
97401-4	RAD
97402-2	RAD
97403-0	RAD
97404-8	RAD
97405-5	RAD
97406-3	RAD
97407-1	RAD
97408-9	RAD
97409-7	RAD
97410-5	RAD
97411-3	RAD
97412-1	RAD
97413-9	RAD
97414-7	RAD
97415-4	RAD
97416-2	RAD
97417-0	RAD
97418-8	RAD
97419-6	RAD
97420-4	RAD
97421-2	RAD
97422-0	RAD
97423-8	RAD
97424-6	RAD
97425-3	RAD
97426-1	RAD
97427-9	RAD
97428-7	RAD
97429-5	RAD
97430-3	RAD
97431-1	RAD
97432-9	RAD
97433-7	RAD
97434-5	RAD
97435-2	RAD
97436-0	RAD
97437-8	RAD
97438-6	RAD
97439-4	RAD
97440-2	RAD
97441-0	RAD
97442-8	RAD
97443-6	RAD
97444-4	RAD
97445-1	RAD
97446-9	RAD
97447-7	RAD
97448-5	RAD
97449-3	RAD
97450-1	RAD
97451-9	RAD
97452-7	RAD
97453-5	RAD
97454-3	RAD
97455-0	RAD
97456-8	RAD
97457-6	RAD
97458-4	RAD
97459-2	RAD
97460-0	RAD
97461-8	RAD
97462-6	RAD
97463-4	RAD
97464-2	RAD
97465-9	RAD
97466-7	RAD
97467-5	RAD
97468-3	RAD
97469-1	RAD
97470-9	RAD
97471-7	RAD
97472-5	RAD
97473-3	RAD
97474-1	RAD
97475-8	RAD
97476-6	RAD
97477-4	RAD
97478-2	RAD
97479-0	RAD
97480-8	RAD
97481-6	RAD
97482-4	RAD
97483-2	RAD
97484-0	RAD
97485-7	RAD
97486-5	RAD
97487-3	RAD
97488-1	RAD
97489-9	RAD
97490-7	RAD
97491-5	RAD
97492-3	RAD
97493-1	RAD
97494-9	RAD
97495-6	RAD
97496-4	RAD
97497-2	RAD
97498-0	RAD
97594-6	CELLMARK
97595-3	CELLMARK
97596-1	CELLMARK
97597-9	CELLMARK
97598-7	CELLMARK
97599-5	CELLMARK
97600-1	CELLMARK
9771-7	CELLMARK
98031-8	OB.US
98032-6	OB.US
98033-4	RAD
98034-2	RAD
98035-9	RAD
98036-7	RAD
98074-8	RAD
98240-5	CELLMARK
98241-3	CELLMARK
98282-7	RAD
98283-5	RAD
98284-3	RAD
98285-0	RAD
98286-8	RAD
98287-6	RAD
98288-4	RAD
98289-2	RAD
98290-0	RAD
98291-8	RAD
98292-6	RAD
98293-4	RAD
98294-2	RAD
98295-9	RAD
98296-7	RAD
98297-5	RAD
98298-3	RAD
98299-1	RAD
98300-7	RAD
98301-5	RAD
98302-3	RAD
98303-1	RAD
98304-9	RAD
98305-6	RAD
98306-4	RAD
98307-2	RAD
98308-0	RAD
98309-8	RAD
98310-6	RAD
98311-4	RAD
98312-2	RAD
98313-0	RAD
98314-8	RAD
98315-5	RAD
98316-3	RAD
98317-1	RAD
98318-9	RAD
98319-7	RAD
98320-5	RAD
98321-3	RAD
98322-1	RAD
98323-9	RAD
98324-7	RAD
98325-4	RAD
98326-2	RAD
98327-0	RAD
98328-8	RAD
98329-6	RAD
98330-4	RAD
98331-2	RAD
98332-0	RAD
98333-8	RAD
98334-6	RAD
98335-3	RAD
98336-1	RAD
98337-9	RAD
98338-7	RAD
98339-5	RAD
98340-3	RAD
98341-1	RAD
98342-9	RAD
98343-7	RAD
98344-5	RAD
98345-2	RAD
98346-0	RAD
98347-8	RAD
98348-6	RAD
98349-4	RAD
98350-2	RAD
98351-0	RAD
98352-8	RAD
98353-6	RAD
98354-4	RAD
98355-1	RAD
98356-9	RAD
98357-7	RAD
98358-5	RAD
98359-3	RAD
98360-1	RAD
98361-9	RAD
98362-7	RAD
98363-5	RAD
98364-3	RAD
98365-0	RAD
98366-8	RAD
9840-0	CELLMARK
98856-8	RAD
98897-2	RAD
98898-0	RAD
98899-8	RAD
98900-4	RAD
99400-4	CELLMARK
99401-2	CELLMARK
99402-0	CELLMARK
99403-8	CELLMARK
99404-6	CELLMARK
99405-3	CELLMARK
99406-1	CELLMARK
99505-0	RAD
99506-8	RAD
99507-6	RAD
99508-4	RAD
99509-2	RAD
99510-0	RAD
99511-8	RAD
99605-8	RAD
99606-6	RAD
99607-4	RAD
99608-2	RAD
99609-0	RAD
99610-8	RAD
99611-6	RAD
99612-4	RAD
99613-2	RAD
99628-0	RAD
99629-8	RAD
99630-6	RAD
99631-4	RAD
99632-2	RAD
99633-0	RAD
99702-3	RAD
99703-1	RAD
99704-9	RAD
99705-6	RAD
99826-0	RAD
99827-8	RAD
