component	chapter	code	kind	preferred	description	inclusions	exclusions	depth
D	A	AD01	infection	Measles	Prodrome with infected conjunctivae, fever, and cough; plus white specks on a red base in the mucous membranes of the cheek (Koplik's spots), or confluent maculopapular eruption spreading over the face and body, or an atypical exanthem in a partially immune person during an epidemic of measles; or serological evidence of acute measles. Transmission is by inhalation of infected respiratory secretions, airborne transmission or direct contact.	complications of measles		0
D	A	AD02	infection	Chickenpox	A vesicular exanthem which appears in successive crops, with the lesions evolving rapidly from superficial papules to vesicles and eventually to scabs.Transmission is by inhalation of infected respiratory secretions, or direct contact with fluid from vesicles.	complications of chickenpox	herpes zoster SD03	0
D	A	AD03	infection	Rubella	An acute exanthem with enlarged lymph nodes, most often suboccipital and post-auricular, with a macular rash on the face, spreading to the trunk and proximal portions of the limbs; or serological evidence of rubella infection. Transmission is commonly by inhalation of infected respiratory secretions, or direct contact.	complications of rubella	roseola infantum AD13	0
D	A	AD04	infection	Infectious mononucleosis	Inflammation of the tonsils/pharynx with lymphadenopathy not confined to the anterior cervical nodes, and either atypical lymphocytes on blood smear or splenomegaly; or abnormal heterophile antibody titre or Epstein-Barr virus titre.Transmission is by direct contact with infected body fluids, commonly through saliva.	glandular fever		0
D	A	AD13	infection	Other specified and unknown viral exanthems		cowpox;fever with rash;unknown viral exanthems	chickenpox AD02;infectious mononucleosis AD04;measles AD01;rubella AD03	0
D	A	AD13.00	infection	Erythema infectiosum (fifth disease)	A condition caused by infection with parvovirus B19 (member of the Erythroparvovirus genus). In children, this condition is characterised by fever and cold-like symptoms initially, followed by a skin rash typically in the facial region. In adolescents and adults, this condition may present with painful and swollen joints. Transmission is by droplet transmission, or vertical transmission.			1
D	A	AD13.01	infection	Exanthema subitum (6th disease/roseola infantum)	A disease caused by an infection with roseolovirus (human herpesvirus type 6 or 7). This disease is characterised by acute fever, followed by macular or maculopapular exanthem in some individuals. Transmission is by inhalation of infected respiratory secretions or direct contact.			1
D	A	AD13.02	infection	Hand foot and mouth disease	Enteroviral vesicular stomatitis, commonly called hand, foot and mouth disease, is a highly contagious enterovirus infection (usually Coxsackievirus A16 or Enterovirus 71). It typically causes a mild febrile illness with sore throat and loss of appetite followed by an eruption of vesicles on the lips, hands and feet. The majority of cases occur in children under the age of five.			1
D	A	AD14	infection	Other specified and unknown viral diseases		adenovirus;Coxsackie diseases;Ross River fever;unknown viral disease	cowpox AD13;erythema infectiosum [fifth disease] AD13;influenza RD07;other viral exanthem AD13	0
D	A	AD14.00	infection	Chikungunya fever	An acute infection caused by a mosquito-borne alphavirus chikungunya virus characterized by rash; fever; joint pains; conjunctivitis; meningoencephalitis; lymphopenia; and thrombocytopenia.			1
D	A	AD14.01	infection	Dengue fever	Dengue is a viral disease transmitted by the bite of a mosquito infected by dengue viruses. It is one disease entity with different clinical presentations and often with unpredictable clinical evolution and outcome. Most patients recover following a self-limiting non-severe clinical course like nausea, vomiting, rash, aches and pains, but a small proportion progress to severe disease, mostly characterized by plasma leakage with or without haemorrhage, although severe haemorrhages or severe organ impairment can occur, with or without dengue shock.			1
D	A	AD14.02	infection	Dengue haemorrhagic fever	Clinical signs include: 1. Severe plasma leakage leading to shock (Dengue shock syndrome - DSS) and/or fluid accumulation with respiratory distress; 2. Severe bleeding as evaluated by clinician; 3. Severe organ involvement: Liver AST or ALT greater than 1000, CNS: impaired consciousness (encephalitis), involvement of other organs, as myocarditis or nephritis.			1
D	A	AD14.03	infection	Ebola virus disease	A severe disease with high case fatality caused by infection with Ebola virus or a closely related virus. Ebola disease is typically characterised by acute onset of fever with non-specific symptoms/signs (e.g., abdominal pain, anorexia, fatigue, malaise, myalgia, sore throat) usually followed several days later by nausea, vomiting, diarrhoea, and occasionally a variable rash. Hiccups may occur. Severe illness may include haemorrhagic manifestations (e.g., bleeding from puncture sites, ecchymoses, petechiae, visceral effusions), encephalopathy, shock/hypotension, multi-organ failure, spontaneous abortion in infected pregnant women. Common laboratory findings include thrombocytopenia, elevated transaminase concentrations, electrolyte abnormalities, and signs of renal dysfunction. Individuals who recover may experience prolonged sequelae (e.g., arthralgia, neurocognitive dysfunction, uveitis sometimes followed by cataract formation), and clinical and subclinical persistent infection may occur in immune-privileged compartments (e.g., CNS, eyes, testes). Person-to-person transmission occurs by direct contact with blood, other bodily fluids, organs, or contaminated surfaces and materials with risk beginning at the onset of clinical signs and increasing with disease severity. Family members, sexual contacts, healthcare providers, and participants in burial ceremonies with direct contact with the deceased are at particular risk. The incubation period typically is 7–11 days (range ≈2–21 days).			1
D	A	AD14.04	infection	Hantavirus disease	An acute zoonotic viral disease characterised by abrupt onset of fever, influenza-like clinical signs (e.g., chills, headache, myalgia, dry cough), gastrointestinal signs (e.g., diffuse abdominal pain, vomiting, diarrhoea), transient troubled vision (acute myopia), lumbalgia due to renal swelling, haemorrhagic manifestations to various degrees sometimes followed by rapidly increasing dyspnoea due to not-cardiogenic acute lung oedema, and/or renal involvement. The latter is characterised by initial, often massive proteinuria and microhaematuria sometimes accompanied by transient renal function impediment. All hantavirus infections are heralded by varying degrees of transient thrombocytopenia, which may serve as an indicator of clinical severity.			1
D	A	AD14.05	infection	Lassa fever	A disease endemic in large parts of sub-Saharan Western Africa caused by infection with Lassa virus. Infection is mild or asymptomatic in most cases, but can cause severe illness or death. After a prodromal period of 7-10 days (sometimes longer), initial symptoms/signs include fever, malaise, headache, sore throat, vomiting, abdominal pain, and diarrhoea. Subsequently, patients develop high fever, extreme lethargy, oedema of head/neck, encephalopathy, pleural effusion, and ascites. Bleeding into the skin, mucosae and underlying tissues occurs in the severest cases. Deafness occurs in many patients, and the disease is often particularly severe in pregnancy. The overall lethality can reach 15% even among hospitalized patients receiving supportive care. Transmission occurs by inhalation, consumption, or direct contact with excretions and bodily fluids from infected rodents. Diagnosis occurs by identification of Lassa virus in blood samples by molecular or serologic methods.			1
D	A	AD14.06	infection	Rabies	A disease caused by infection with the rabies virus. This disease is characterised by fever, and headache, followed by neurological symptoms dominated by a furious or paralytic form.			1
D	A	AD14.07	infection	Yellow fever	A condition caused by an infection with yellow fever virus. This condition is characterised by fever, chills, headache, myalgia, conjunctival congestion, or relative bradycardia. Severe conditions may also present with increasing fever, jaundice, renal failure, or bleeding. Transmission is through the bite of an infected mosquito. Confirmation is by detection of IgM anti-yellow fever virus antibodies in a serum sample.			1
D	A	AD14.08	infection	Zika virus disease	Zika virus infection is caused by the bite of an infected Aedes mosquito. The most common symptoms of Zika virus infection are mild fever and exanthema (skin rash), usually accompanied by conjunctivitis, muscle or joint pain, and general malaise that begins 2-7 days after the bite of the infected mosquito.			1
D	A	AD15	infection	Tuberculosis	Conversion to a positive tuberculin skin test; or demonstration of Mycobacterium tuberculosis on microscopy or culture; or characteristic chest X-ray appearance; or characteristic histological appearance on biopsy. This disease presents with symptoms depending on the site of infection. Transmission is commonly by inhalation of infected respiratory secretions.	late effect of tuberculosis;tuberculosis infection of any body site		0
D	A	AD16	infection	Malaria	Intermittent fever with chills and rigors in resident of, or recent visitor to, a malarial region; or demonstration of malarial parasite forms in the peripheral blood.Transmission is through the bite of an infected mosquito. Confirmation is commonly by identification of the Plasmodium genus in a blood sample.	complications of malaria		0
D	A	AD17	infection	Leishmaniasis	Leishmaniasis is due to infection by vector-borne protozoa from the genus Leishmania. Depending on the Leishmania species involved, the resultant disease picture may range from a localised cutaneous ulcer through extensive mucocutaneous destruction to severe systemic disease.			0
D	A	AD17.00	infection	Cutaneous leishmaniasis	Cutaneous leishmaniasis results from bites by sandflies infected by protozoan parasites of the genus Leishmania. Phlebotomus is the principal vector in the Old World (Mediterranean, North Africa, Ethiopia and Asia), where L. major, L. tropica, L. aethiopica and L. donovani infantum predominate. Other sandflies are responsible for transmitting the New World species, L. mexicana and L. brasiliensis. The commonest presentation is with one or more crusted nodules or ulcers on exposed sites which gradually heal with scarring. Mexican and Ethiopian forms have a tendency to cause diffuse infiltration of the skin; South American forms frequently progress to mucocutaneous leishmaniasis.			1
D	A	AD17.01	infection	Mucocutaneous leishmaniasis	Mucocutaneous leishmaniasis is a secondary infection of nasal and oral mucosae, predominantly by Leishmania braziliensis. It usually first manifests within two years of initial cutaneous infection but often after the latter has healed. It results from lymphatic or haematogenous spread of infection and can cause severe local tissue destruction.			1
D	A	AD17.02	infection	Visceral leishmaniasis	A disease caused by an infection with the protozoan parasite Leishmania. This disease is characterised by biphasic fever, hepatosplenomegaly, pancytopenia, wasting, darkening of the skin, or may be asymptomatic. Transmission is through the bite of an infected female phlebotomine sandfly. Confirmation is by identification of Leishmania from a tissue or blood sample, or detection of antibodies against Leishmania.			1
D	A	AD23	infection	Sepsis	Sepsis as a life-threatening organ dysfunction caused by a dysregulated host response to infection.	urosepsis	puerperal infection or sepsis WD01;sepsis with shock AS52	0
D	A	AD24	infection	Other specified and unknown infectious diseases		brucellosis;Buruli ulcer;leptospirosis;mycoplasma;non-intestinal helminthiases;ornithosis;Q fever;rickettsial disease;toxoplasmosis;unknown infectious disease	meningococcal meningitis ND02;other infection complicating pregnancy/puerperium WD02;perinatal morbidity AD66;puerperal infection/sepsis WD01;viral exanthem, otherwise specified AD13;viral disease, otherwise specified AD14	0
D	A	AD24.00	infection	African trypanosomiasis	A disease caused by an infection with the protozoan parasite Trypanosoma brucei. This disease presents with symptoms depending on the form of the protozoan parasite (Trypanosoma brucei rhodesiense or Trypanosoma brucei gambiense). Transmission is through the bite of an infected tsetse fly. Confirmation is by identification of Trypanosoma brucei in a blood or tissue sample.			1
D	A	AD24.01	infection	Chagas disease (South American trypanosomiasis)	A disease caused by an infection with the protozoan parasite Trypanosoma cruzi. This disease is characterised by fever, headache, lymphadenopathy, pallor, muscle pain, dyspnoea, swelling, or abdominal or chest pain. This disease may also be asymptomatic. Transmission is by direct contact with faeces from an infected triatomine bug, vertical transmission, iatrogenic transmission, or ingestion of contaminated food or water. Confirmation is by identification of Trypanosoma cruzi in a blood sample.			1
D	A	AD24.02	infection	Filariasis	infections with nematodes of the superfamily Filarioidea; presence of living worms in the body is mainly asymptomatic but the death of adult worms leads to granulomatous inflammation and permanent fibrosis; organisms of the genus Elaeophora infect wild elk and domestic sheep causing ischaemic necrosis of the brain, blindness, and dermatosis of the face.			1
D	A	AD24.03	infection	Infection caused by Onchocerca volvulus	Any condition caused by an infection with the parasitic worm Onchocerca volvulus. These conditions are characterised by the presence of firm subcutaneous nodules filled with adult worms, pruritus, long-term corneal inflammation (keratitis), or thickening of the corneal stroma. If untreated, these infections will lead to blindness. Transmission is through the bite of an infected Simulium fly.			1
D	A	AD24.05	infection	Lyme disease	A tick-borne infection by the spirochaete Borrelia burgdorferi, Lyme borreliosis typically presents with a characteristic rash, erythema chronicum migrans, at an average of seven days after a bite from an infected tick. The rash may be accompanied by flu-like symptoms. Disseminated infection may cause meningitis, cranial neuropathies and carditis amongst other manifestations. Late disease, months to years after initial infection, may present with a pauciarticular arthritis or with encephalomyelitis.			1
D	A	AD24.06	infection	Leprosy (Hansen's disease)	A disease caused by an infection with Mycobacterium leprae. This disease commonly presents with a long asymptomatic period followed by granulomatous lesions of the skin, respiratory tract, and peripheral nerves. Transmission is commonly by droplet transmission. Confirmation is by identification of Mycobacterium leprae with skin biopsy.	leprosy sequelae		1
D	A	AD24.07	infection	Loiasis	A disease caused by an infection with the parasitic worm Loa loa. This disease is characterised by Calabar swellings found anywhere on the body (commonly found near joints). This disease may also present with generalised itching, muscle pain, joint pain, fatigue or may be asymptomatic. Transmission is through the bite of an infected fly (genus Chrysops). Confirmation is by identification of adult Loa loa in the skin or eye, Loa loa microfilariae in a blood sample obtained in the day (1000 - 1400), or detection of antibodies against Loa loa in a blood sample.			1
D	A	AD24.08	infection	Lymphatic filariasis	Infestation by filarial nematodes of the genera Wuchereria and Brugii. It is acquired via transcutaneous injection of larvae by mosquitoes previously infested with microfilariae from the blood of a human host. The adult worms live in the lymphatics but release microfilariae into the bloodstream to complete the life cycle of the parasite. Clinical disease occurs in only a minority of those infected. In the acute stage this may present as an acute painful adenolymphangitis with fever. Chronic infestation causes progressive obstruction of lymphatic vessels and can result in disfiguring lymphoedema (elephantiasis), particularly of the genitalia and lower extremities.			1
D	A	AD24.09	infection	Scarlet fever	A disease caused by an infection with the gram-positive bacteria Streptococcus pyogenes. This disease is characterised by a sore throat, fever, and a red rash. Transmission is commonly by inhalation of infected respiratory secretions, direct skin contact, or indirect contact.			1
D	A	AD25	neoplasm	Malignancy	Histological evidence of malignancy.	carcinomatosis when primary site is unknown;secondary or metastatic neoplasm when primary site is unknown		0
D	A	AD26	neoplasm	Other specified benign, uncertain or in situ neoplasms				0
D	A	AD35	trauma	Multiple trauma and injuries		multiple internal injuries		0
D	A	AD36	trauma	Other specified and unknown trauma and injury		road traffic accident	fall of unknown origin AS14;late effect of trauma AD37;multiple trauma AD35	0
D	A	AD37	trauma	Secondary effect of trauma		deformity resulting from previous injury;old amputation	post-traumatic stress disorder PD09;psychological effects of trauma/acute stress reaction PS02;scar of skin SD99;wound infection SD07	0
D	A	AD40	trauma	Poisoning by medical agent	Toxicity or impairment produced by accidental or deliberate overdose of an agent which has remedial properties in its usual dosage.	toxic effect overdose of medical agent	insulin coma TD70;medication abuse PS15;suicide or suicide attempt PD14	0
D	A	AD41	trauma	Adverse effect of medical agent	An adverse effect of a medical agent is an undesired harmful effect resulting from a medication. An adverse effect may be termed a side effect, when judged to be secondary to a main or therapeutic effect.	side effect due to medication in proper dose	analgesic nephropathy UD65;contact dermatitis SD70;insulin coma TD70;medication abuse PS15;poisoning by medical agent AD40;reaction to immunisation/transfusion AD42	0
D	A	AD41.00	trauma	Drug allergy		anaphylaxis due to medication in proper dose		1
D	A	AD41.01	trauma	Drug induced headache				1
D	A	AD41.02	trauma	Spotting using hormonal contraception				1
D	A	AD42	trauma	Complication of medical treatment	An unexpected and undesired effect resulting from surgical or medical or X-ray treatment or other medical management.	immunisation or transfusion reaction;post-surgical lymphoedema;post-operative infection or haemorrhage or wound disruption;problems due to radiation for diagnosis or treatment	adverse effects of medication AD41;dumping syndrome DD99;hypoglycaemia TD70;poisoning by medical agent AD40;post gastric surgery syndromes DD99;post surgical malabsorption DD99	0
D	A	AD42.00	trauma	Adverse effect of vaccination				1
D	A	AD42.01	trauma	Dehiscence episiotomy				1
D	A	AD43	trauma	Side-effect of prosthetic device	Discomfort or impairment or pain or limitation resulting from the fitting or wearing of a device for supplying or amending deficiencies.	side-effect of catheter;side-effect of colostomy;side-effect of gastrostomy;side-effect of heart valve;side-effect of joint replacement;side-effect of organ transplant;side-effect of pacemaker	effect denture/false teeth (prosthetic device) DS19	0
D	A	AD44	trauma	Toxic effect of non-medicinal substance	The nature and effects of chemical (non-medicinal substance), physical or biological poisons on living organisms.	bee sting;general or local toxic effect of carbon monoxide;general or local toxic effect of industrial materials;general or local toxic effect of lead;general or local toxic effect of poisonous animals or insects or plants or snakes;wasp sting	adverse effect medical agent AD41;chronic or acute alcohol abuse (acute alcohol abuse) PS13;chronic or acute alcohol abuse (chronic alcohol abuse) PS12;contact dermatitis SD70;drug abuse PS16;external chemical burns SD41;medication abuse PS15;non-toxic bites/sting insect SD39;non-toxic bites animal/human SD40;poisoning by medical agent AD40;respiratory toxic effects RD99;tobacco abuse PS14	0
D	A	AD44.00	trauma	Poisoning caused by venomous snake				1
D	A	AD45	trauma	Adverse effect of physical factor		adverse effect of cold or lightning or pressure;drowning;hypothermia;jet lag	burn due to radiation SD41;effect of alcohol (chronic alcohol abuse) PS12;effect of alcohol (acute alcohol abuse) PS13;effect of medical radiation AD42;effect of tobacco PS14;snow blindness FD36;sunburn SD66	0
D	A	AD45.00	trauma	Chilblains (perniones)	Chilblains are the result of cold-induced damage principally to the microvasculature of acral skin in susceptible individuals. They are commonest in the winter months in cold, damp climates. They present as itchy or painful red-purple macules, papules or plaques, most commonly affecting the fingers and toes, though other body extremities including the heels, nose and ears can be involved. Because of insulation from core body temperature, other areas, especially the lateral thighs, may be involved in areas where there is a thick layer of subcutaneous fat.			1
D	A	AD45.01	trauma	Heat stroke and sunstroke	Elevation of core body temperature above 40.6 degrees centigrade due to environmental heat exposure and a failure of thermoregulation. This is a potentially fatal disorder, particularly in infants and children.			1
D	A	AD45.02	trauma	Motion sickness	Disorder caused by motion. It includes sea sickness, train sickness, roller coaster rides, rocking chair, hammock swing, car sickness, air sickness, or space motion sickness. Symptoms include nausea, vomiting and/or dizziness.			1
D	A	AD46	trauma	Other specified and unknown allergy or allergic reaction	Allergy is a hypersensitivity reaction initiated by a proven immunologic mechanism.	allergic oedema;allergy to eggs;food allergy;allergy to peanuts;unknown allergy;unknown allergic reaction	allergic rhinitis RD65;allergy resulting from medication AD41;food intolerance DD99;urticaria SD78	0
D	A	AD46.00	trauma	Anaphylactic shock	Anaphylaxis is a severe, life-threatening systemic hypersensitivity reaction characterised by being rapid in onset with potentially life-threatening airway, breathing, or circulatory problems and is usually, although not always, associated with skin and mucosal changes.			1
D	A	AD46.01	trauma	Angioneurotic oedema	Swelling involving the deep dermis, subcutaneous, or submucosal tissues, representing localized edema. Angioedema often occurs in the face, lips, tongue, and larynx.			1
D	A	AD46.02	trauma	Cow's milk protein allergy	Allergic reaction to milk (usually cow's milk) or milk products. Milk hypersensivity should be differentiated from lactose intolerance, an intolerance to milk as a result of congenital deficiency of lactase.		lactose intolerance TD99.05	1
D	A	AD55	congenital	Congenital anomaly, other specified or unknown		chromosome abnormality (Down's syndrome, Marfan's syndrome) and systemic congenital anomalies, not otherwise specified;congenital syphilis;unknown congenital anomaly		0
D	A	AD55.00	congenital	Complete trisomy 21 syndrome (Down syndrome)	Trisomy 21 is a chromosomal abnormality, characterised by the presence of a third (partial or total) copy of chromosome 21, which clinical manifestations include variable intellectual deficiency, muscular hypotonia and joint laxity, often associated with facial dysmorphism and variable malformations (essentially heart and digestive) and a risk of complications (epilepsy, leukemia, auto-immune and endocrine pathologies, earlier aging and Alzheimer disease.			1
D	A	AD65	otherDiagnosis	Premature newborn	Preterm: less than 37 weeks or 259 days gestation.			0
D	A	AD66	otherDiagnosis	Other specified and unknown perinatal morbidity	Morbidity originating in utero or within 7 days of birth.	neonatal sepsis;floppy infant;unknown perinatal morbidity;congenital pneumonia;congenital rubella	congenital condition AD55;congenital hydrocephalus ND55;failure to thrive TS08;premature newborn AD65	0
D	A	AD95	otherDiagnosis	Perinatal mortality	Death in utero or within 7 days of birth.	perinatal and neonatal death		0
D	A	AD95.00	otherDiagnosis	Newborn death				1
D	A	AD95.01	otherDiagnosis	Undelivered in utero foetal death				1
D	A	AD96	otherDiagnosis	Death		natural death AD96.00;unnatural death AD96.01	perinatal mortality AD95	0
D	A	AD96.00	otherDiagnosis	Natural death				1
D	A	AD96.01	otherDiagnosis	Unnatural death				1
D	A	AD99	otherDiagnosis	Other specified or unknown general diseases or conditions of unspecified site		acquired absence of organs;multi-organ failure		0
S	A	AS01	symptom	General pain in multiple sites	Pain is an unpleasant sensory and emotional experience associated with actual or potential tissue damage, or described in terms of such damage. Often, pain serves as a symptom warning of a medical condition or injury. In these cases, treatment of the underlying medical condition is crucial and may resolve the pain. However, pain may persist despite successful management of the condition that initially caused it, or because the underlying medical condition cannot be treated successfully. Chronic pain is pain that persists or recurs for longer than 3 months.		chronic widespread pain (fibromyalgia) LS18	0
S	A	AS02	symptom	Chills	The sudden sensation of being cold. It may be accompanied by shivering.	rigors;shivers	fever AS03	0
S	A	AS03	symptom	Fever	A rise of body temperature above normal.	pyrexia	heat exhaustion/stroke AD45;viral exanthem with fever AD13	0
S	A	AS04	symptom	General weakness or tiredness	A  sense of decrease in power and energy.	asthenia;exhaustion;fatigue;lassitude;lethargy	chronic fatigue syndrome AS05.00;drowsiness AS99;heat exhaustion AD45;jetlag AD45;malaise/feeling ill AS06;postviral fatigue AS05;sleep disturbance PS06	0
S	A	AS05	symptom	Postviral fatigue	Postviral fatigue is characterised by persistent or recurrent fatigue, diffuse musculoskeletal pain, sleep disturbances, and subjective cognitive impairment of 6 months duration or longer. Symptoms are not caused by ongoing exertion; are not relieved by rest; and result in a substantial reduction of previous levels of occupational, educational, social or personal activities. Minor alterations of immune, neuroendocrine, and autonomic function may be associated with postviral fatigue.		weakness/tiredness, general AS04	0
S	A	AS05.00	symptom	Chronic fatigue syndrome	Chronic fatigue syndrome: considerable cultural variations occur in the presentation of this problem, and two main types occur, with substantial overlap. In one type, the main feature is a complaint of increased fatigue after mental effort, often associated with some decrease in occupational performance or coping efficiency in daily tasks. The mental fatiguability is typically described as an unpleasant intrusion of distracting associations or recollections, difficulty in concentrating, and generally inefficient thinking. In the other type, the emphasis is on feelings of bodily or physical weakness and exhaustion after only minimal effort, accompanied by a feeling of muscular aches and pains and inability to relax. In both types a variety of other unpleasant physical feelings is common, such as dizziness, tension headaches, and feelings of general instability. Worry about decreasing mental and bodily well-being, irritability, anhedonia, and varying minor degrees of both depression and anxiety are all common. Sleep is often disturbed in its initial and middle phases but hypersomnia may also be prominent.			1
S	A	AS06	symptom	Feeling ill	Not in good health.	malaise	cachexia TS07;feeling old PS22;malnutrition TD74	0
S	A	AS07	symptom	Fainting	A transient loss of consciousness and postural tone caused by diminished blood flow to the brain.	blackout;collapse;vasovagal attack	coma AS53;feeling faint/giddiness/dizziness NS09	0
S	A	AS08	category	Frailty	Frailty is a personal state that can be reversed, characterised by an increase of vulnerability to internal and external stressors or factors, such as loss of intrinsic capacity.	decline of intrinsic capacity		0
S	A	AS09	symptom	Swelling and generalized edema		lump, mass not specified to a location	enlarged lymph gland BS01;oedema KS04;swelling breast (breast lump/mass female) GS26;swelling joint LS20	0
S	A	AS10	symptom	Sweating problem		diffuse hyperhydrosis;perspiration problem	sweat gland disease SD73	0
S	A	AS10.00	symptom	Localised hyperhidrosis	Excessive sweating in specific and localised body sites.			1
S	A	AS10.01	symptom	Night sweats				1
S	A	AS11	symptom	Bleeding			ecchymosis SD35	0
S	A	AS12	symptom	Chest pain			pain attributed to chest wall LS04;pain attributed to heart KS01;pain attributed to respiratory system RS01	0
S	A	AS13	symptom	Irritable infant		excessively crying infant;restless infant	infantile colic DS01;restless child/adult PS04	0
S	A	AS14	symptom	Fall of unknown origin				0
S	A	AS50	clinicalFinding	Other specified abnormal result investigation		abnormal unexplained hyperglycaemia;abnormal unexplained pathology or imaging results;abnormal thyroid stimulating hormone (TSH) results;uraemia	abnormal cervix smear GS50;abnormal urine test US50;raised erythrocyte  sedimentation rate BS52;unexplained abnormal white cells BS51;vitamin/nutritional deficiency TD73	0
S	A	AS50.00	clinicalFinding	Elevated blood glucose level				1
S	A	AS50.01	clinicalFinding	Subclinical hypothyroidism				1
S	A	AS50.02	clinicalFinding	Subclinical hyperthyroidism				1
S	A	AS52	clinicalFinding	Shock	Shock is a life-threatening medical condition. The circulatory system fails to maintain adequate blood flow, sharply curtailing the delivery of oxygen and nutrients to vital organs.	cardiogenic shock;septic shock;toxic shock syndrome	anaphylacted shock AD46;traumatic shock AD37	0
S	A	AS53	clinicalFinding	Coma	A prolonged state of deep unconsciousness, often caused by severe injury or illness.	stupor	nondiabetic hypoglycaemic coma TD70;post-traumatic coma ND36;syncope AS07;type 1 diabetic coma TD71;type 2 diabetic coma TD72;uremic coma UD99	0
S	A	AS90	complaint	Concern or fear of disease	Concern about or fear of disease in a patient without the disease/until the diagnosis is proven.	fear of death;fear of dying		0
S	A	AS91	complaint	Concern or fear of medical treatment		concern about or fear of the consequences of a drug or medical treatment	adverse effect of drug AD41;complication of medical/surgical treatment AD42	0
S	A	AS92	complaint	Concern about appearance		concerns about height;concerns about size;concerns about weight	concern about appearance during pregnancy WS99.02;concern about appearance of breasts GS90;concern about appearance of ears HS91;prominent nose RS91	0
S	A	AS99	symptom	Other specified general symptoms, complaints and abnormal findings		clumsiness;drowsiness;drowsy		0
S	A	AS99.00	symptom	Cold extremities				1
D	B	BD01	infection	Lymphadenitis acute	One or more inflamed or enlarged and tender or painful lymph nodes in the same anatomical location, of recent onset (less than 6 weeks)	abscess of lymph node		0
D	B	BD02	infection	Other specified or unknown lymphadenitis	Enlarged tender lymph nodes present for more than 6 weeks; or demonstration of enlarged inflamed mesenteric lymph nodes by surgery or sonography or lymphography or otherwise.	mesenteric lymphadenitis;unknown lymphadenitis	acute lymphadenitis BD01;acute lymphangitis SD16	0
D	B	BD03	infection	Asymptomatic HIV-infection	Asymptomatic HIV infection confirmed by laboratory criteria according to country definitions and requirements.			0
D	B	BD04	infection	Symptomatic HIV-infection/AIDS	HIV infection and symptomatic clinical stage including severe or stage 4 clinical disease, also known as AIDS confirmed by laboratory criteria according to country definitions and requirements.			0
D	B	BD25	neoplasm	Malignant neoplasm of blood, blood-forming organs and immune system	Characteristic histological appearance.			0
D	B	BD25.00	neoplasm	Hodgkin lymphoma	Malignant lymphomas, previously known as Hodgkin's disease, characterised by the presence of large tumour cells in an abundant admixture of nonneoplastic cells. There are two distinct subtypes: nodular lymphocyte predominant Hodgkin lymphoma and classical Hodgkin lymphoma. Hodgkin lymphoma involves primarily lymph nodes.			1
D	B	BD25.01	neoplasm	Malignant lymphoma, other classified			Burkitt lymphoma BD25.04	1
D	B	BD25.02	neoplasm	Leukaemia				1
D	B	BD25.03	neoplasm	Plasma cell myeloma	Plasma cells, usually secreting monoclonal immunoglobulin (M-protein) and/or immunoglobulin light chains.			1
D	B	BD25.04	neoplasm	Burkitt lymphoma	A highly aggressive lymphoma composed of monomorphic medium-sized B-cells with basophilic cytoplasm and numerous mitotic figures. It is often associated with the presence of Epstein-Barr virus (EBV) and is commonly seen in AIDS patients. Three morphologic variants are recognised: classical Burkitt lymphoma, Burkitt lymphoma with plasmacytoid differentiation, and atypical Burkitt/Burkitt-like lymphoma. All cases express the MYC translocation [t(8;14)].			1
D	B	BD26	neoplasm	Benign, uncertain or in-situ neoplasm of blood, blood-forming organs and immune system	Characteristic histological appearance.	benign neoplasm of blood;neoplasm of blood not specified as benign or malignant;polycythaemia rubra vera	malignant neoplasm blood, blood-forming organs and immune system BD25	0
D	B	BD35	trauma	Injury of blood, blood-forming organs and immune system	Lesion due to trauma related to blood, blood-forming organs or immune system.			0
D	B	BD35.00	trauma	Traumatic ruptured spleen				1
D	B	BD55	congenital	Congenital anomaly of blood, blood-forming organs and immune system	A disease or condition caused by determinants arising in the antenatal period.	congenital anaemia	haemangioma/lymphangioma SD28;haemophilia BD78;hereditary haemolytic anaemia BD65	0
D	B	BD65	congenital	Hereditary haemolytic anaemia	A disease caused by a genetically inherited mutation.	spherocytosis	congenital blood, blood-forming organs, and immune system BD55	0
D	B	BD65.00	congenital	Haemolytic anaemia due to glucose-6-phosphate dehydrogenase deficiency	Glucose-6-phosphate dehydrogenase (G6PD) deficiency is the most common hereditary erythrocyte enzyme deficiency that can manifest with severe neonatal jaundice which can lead to serious neurological consequences, or, most often, with acute haemolytic anaemia following ingestion of certain foods (fava beans), common drugs (some antimalaria drugs, sulphamides, analgesics), or in the course of an infection, in otherwise asymptomatic individuals.			1
D	B	BD65.01	congenital	Sickle cell disorders or other haemoglobinopathies	Any disorder caused by a HbS mutation in the haemoglobin gene. This disorder is characterised by abnormal rigid sickle-shaped red blood cells decreasing its ability to carry oxygen. This disorder may present with fatigue, shortness of breath, dizziness, headaches, pallor of skin or mucous membranes, and jaundice. This disorder is confirmed by identification of HbS mutation by genetic testing.	sickle cell anaemia		1
D	B	BD65.02	congenital	Thalassaemias	A disease caused by genetically inherited autosomal recessive mutations leading to abnormal production of haemoglobin. This disease is characterised by destruction of red blood cells leading to anaemia and abnormal production of haemoglobin. This disease may present with pallor, jaundice, iron overload, fatigue, or shortness of breath. Confirmation is by identification of mutations through genetic testing.			1
D	B	BD66	otherDiagnosis	Iron deficiency anaemia	Decrease in haemoglobin or haematocrit below levels appropriate for age and sex; plus evidence of blood loss, or microcytic hypochromic red cells by appearance or indices in the absence of thalassaemia, or decreased serum iron and increased iron-binding capacity, or decreased serum ferritin, or reduced haemosiderin in bone marrow, or good response to iron administration.	anaemia due to blood loss	iron deficiency without anaemia TD74	0
D	B	BD67	otherDiagnosis	Vitamin B12 anaemia or folate deficiency anaemia	Macrocytic anaemia by smear/indices plus decreased vitamin B12/folate level/positive Schilling test.		vitamin B12 deficiency without anaemia TD73	0
D	B	BD67.00	otherDiagnosis	Folate deficiency anaemia				1
D	B	BD67.01	otherDiagnosis	Megaloblastic anaemia due to vitamin B12 deficiency	A disease caused by inadequate dietary intake of vitamin B12, impaired absorption of vitamin B12, surgical removal of the small bowel, coeliac disease or inherited mutations affecting absorption of vitamin B12. Vitamin B12 deficiency is characterised by decreased levels of vitamin B12 in the body presenting with or without anaemia. The disease may present with fatigue, pallor, dizziness, seizures, or symptoms of dementia. Confirmation is by identification of decreased levels of vitamin B12 in a blood sample.	pernicious anaemia	vitamin B12 deficiency without anaemia TD73	1
D	B	BD77	otherDiagnosis	Other specified and unknown anaemias		acquired haemolytic anaemia;aplastic anaemia;blood autoimmune disease;megaloblastic anaemia NOS;protein deficiency anaemia;unknown anaemia	anaemia of pregnancy WD84;iron deficiency anaemia BD66;vit B12 anaemia or folate deficiency anaemia BD67	0
D	B	BD77.00	otherDiagnosis	Severe anaemia				1
D	B	BD78	otherDiagnosis	Coagulation defect		abnormal platelets;haemophilia;purpura;thrombocytopenia		0
D	B	BD78.00	otherDiagnosis	Hereditary factor VIII deficiency	A disease caused by a genetically inherited mutation leading to a deficiency in clotting due to lack of factor VIII. This disease is characterised by increasing haemorrhaging and bruising. Confirmation is by identification of mutations by genetic testing.			1
D	B	BD78.01	otherDiagnosis	Hereditary factor IX deficiency	A disease caused by a genetically inherited X-linked recessive trait leading to a defective gene located on the X chromosome. This disease is characterised by low levels of the protein factor IX in the body leading to increased haemorrhaging and bruising due to clotting abnormalities. Confirmation is by identification of recessive trait by genetic testing.			1
D	B	BD78.02	otherDiagnosis	Immune thrombocytopenic purpura	Immune thrombocytopenic purpura (or immune thrombocytopenia; ITP) is an autoimmune coagulation disorder characterised by isolated thrombocytopenia (a platelet count less than 100,000/microL), in the absence of any underlying disorder that may be associated with thrombocytopenia.			1
D	B	BD78.03	otherDiagnosis	Thrombophilia	A disease caused by determinants arising after birth or genetically inherited factors leading to abnormalities in blood. This disease is characterised by abnormality of blood coagulation that increases the risk of thrombosis, clots in blood vessels. This disease may present with deep vein thrombosis or pulmonary embolism. Confirmation is identification of abnormal blood coagulation in a blood sample.			1
D	B	BD99	otherDiagnosis	Other specified or unknown blood, blood-forming organs, immune system diagnoses or diseases		defects in complement system;hypersplenism;other haematological abnormality;secondary polycythaemia	asymptomatic HIV infection BD03;lymphadenitis acute BD01;lymphadenitis chronic/non-specific BD02;lymphoedema KD99;primary inherited erythrocytosis KD99;primary polycythemia BD26;symptomatic HIV infection BD04	0
D	B	BD99.00	otherDiagnosis	Immunodeficiency				1
D	B	BD99.01	otherDiagnosis	Sarcoidosis	Sarcoidosis is a multisystem disorder of unknown cause characterised by the formation of immune granulomas in involved organs. The lung and the lymphatic system are predominantly affected, but virtually every organ may be involved. Other severe manifestations result from cardiac, neurological, ocular, kidney or laryngeal localizations.			1
S	B	BS01	symptom	Lymph gland(s) symptom or complaint	Enlarged and/or painful lymph nodes Enlarged lymph nodes are called lymphadenopathy when there is an abnormal enlargement of lymph nodes.	generalised enlarged lymph nodes;localised enlarged lymph nodes;lymphadenopathy with pain;lymphadenopathy without pain	acute lymphadenitis BD01;lymphadenitis, other specified BD02	0
S	B	BS50	clinicalFinding	Splenomegaly	Splenomegaly is an enlargement of the spleen beyond its normal size.		hypersplenism BD99;hepatomegaly with splenomegaly DS50;splenomegaly with hepatomegaly DS50	0
S	B	BS51	clinicalFinding	Unexplained changes in white blood cells	Unexplained changes in, or abnormal count of white blood cells.	persistent or unexplained neutrophilia;unexplained agranulocytosis;unexplained eosinophilia;unexplained leukocytosis;unexplained lymphocytosis;unexplained neutropenia	leukaemia BD25	0
S	B	BS52	clinicalFinding	Elevated erythrocyte sedimentation rate		red blood cell abnormality	unexplained changes in white blood cell BS51	0
S	B	BS90	complaint	Concern or fear of disease of blood, blood-forming organs and immune system	Concern about or fear of other blood or immune system disease in a patient without actually having the disease, until the diagnosis is proven.			0
S	B	BS99	symptom	Other specified symptoms, complaints or abnormal findings of blood, blood-forming organs and immune system			splenomegaly BS50	0
S	C	CSV	extension	Consent Scale Value	The Consent Scale Value (CSV) is used by a patient or client to express the level of agreement concerning Personality Functions (2R3). Without these values, the Personality Functions have no specific meaning.			0
S	C	CSV.0	extensionCode	NEUTRAL				1
S	C	CSV.1	extensionCode	MODERATELY disagree				1
S	C	CSV.1+	extensionCode	MODERATELY agree				1
S	C	CSV.2	extensionCode	COMPLETELY disagree				1
S	C	CSV.2+	extensionCode	COMPLETELY agree				1
D	D	DD01	infection	Gastrointestinal infection		gastrointestinal infection or dysentery due to Clostridium difficile;gastrointestinal infection or dysentery due to norovirus;gastrointestinal infection or dysentery due to rotavirus	contact with or carrier of infective or parasitic disease AD99;gastroenteritis presumed infection DD05	0
D	D	DD01.00	category	Amoebiasis	Dysentery caused by intestinal amoebic infection, chiefly with entamoeba histolytica. This condition may be associated with amoebic infection of the liver and other distant sites.			1
D	D	DD01.01	infection	Campylobacter				1
D	D	DD01.02	category	Giardia	A condition caused by an infection with the protozoan parasite Giardia. This condition is characterised by gastroenteritis, or may be asymptomatic. Transmission is by the faecal-oral route from the ingestion of contaminated food or water. Confirmation is by identification of Giardia in a faecal sample.			1
D	D	DD01.03	infection	Salmonellosis				1
D	D	DD01.04	infection	Shigella	A disease caused by an infection with the gram-negative bacteria genus Shigella. This disease is characterised by an acute onset of small volume diarrhoea, accompanied by fever and nausea. This disease may also present with toxaemia, vomiting, cramps, and tenesmus. Transmission is by ingestion of contaminated food, or direct contact. Confirmation is by identification of Shigella in a faecal sample.			1
D	D	DD01.05	infection	Typhoid	1. Typhoïd. A condition caused by an infection with the gram-negative bacteria Salmonella typhi. This condition is characterised by an acute sustained fever. This condition may present with weakness, stomach pains, headache, loss of appetite, or flat, rose-coloured spots. Transmission is by the faecal-oral route from the ingestion of contaminated food or water. Confirmation is by identification of Salmonella typhi in a faecal or blood sample. Paratyphoïd fever. A condition caused by an infection with the gram-negative bacteria Salmonella paratyphi. This condition is characterised by an acute sustained fever. The individual may feel weak, have stomach pains, headache, loss of appetite, or a rash of flat, rose-coloured spots. Transmission is by ingestion of contaminated food or water. Confirmation is by identification of Salmonella paratyphi in a faecal or blood sample.	paratyphoid fever		1
D	D	DD01.06	infection	Yersinia enterocolitica	A disease of the intestinal tract, caused by an infection with the gram-negative bacteria Yersinia enterocolitica. This disease commonly presents with a fever, diarrhoea, or abdominal pain. This disease may also lead to a systemic infection. Transmission is by the faecal-oral route from the ingestion of contaminated food or water, or direct contact with infected individuals or animal. Confirmation is by identification of Yersinia enterocolitica in a faecal sample.			1
D	D	DD01.07	infection	Cholera	An acute diarrheal disease endemic whose causative agent is vibrio cholerae. This condition can lead to severe dehydration in a matter of hours unless quickly treated.			1
D	D	DD01.08	infection	Cryptosporidiosis	Intestinal infection with organisms of the genus cryptosporidium. It occurs in both animals and humans. Symptoms include severe DIARRHEA.			1
D	D	DD02	infection	Mumps	A disease caused by an infection with mumps virus. This disease commonly presents with fever, headache, fatigue or eventually parotitis. Transmission is by contact with respiratory secretions, directly or indirectly. It is an acute non-suppurative, non-erythematous, diffuse tender inflammation of one or more salivary glands; or acute mumps infection demonstrated by culture or serology; or orchitis in a person exposed to mumps following appropriate incubation period.	mumps meningitis;mumps orchitis;mumps pancreatitis		0
D	D	DD03	infection	Viral hepatitis	A group of liver diseases caused by infection with one or more of the five hepatitis viruses: hepatitis A virus, hepatitis B virus, hepatitis C virus, hepatitis D virus or hepatitis E virus. Acute infection  is defined as recent and present for less than 6 months. Chronic infection is defined as present for more than 6 months, in which case progression to cirrhosis and liver cancer can occur. Transmission is by the faecal-oral route including water contamination, sexual transmission, blood and body fluid contamination (parenteral spread) and from mother to baby at the time of birth (vertical transmission). Depending on the virus, diagnosis is confirmed by detection of specific viral antigens, anti-viral antibodies or viral nucleic acids in serum.	acute viral hepatitis D;all viral hepatitis	carrier of hepatitis virus AP80;other hepatitis DD81	0
D	D	DD03.00	infection	Acute viral hepatitis A	Acute liver injury and inflammation caused by recent and short-term (less than 6 months) infection with hepatitis A virus (HAV). Transmission is by the faecal-oral route. Diagnosis is confirmed by presence of IgM-anti-HAV in serum. Clinical features, if they occur, are characterised by anorexia, nausea and fever, with jaundice in severer cases.			1
D	D	DD03.01	infection	Acute viral hepatitis B	Acute liver injury and inflammation caused by recent and short-term (less than 6 months) infection with hepatitis B virus (HBV). Transmission is by sexual, blood and body fluid contamination (parenteral spread), and from mother to baby at the time of birth (vertical transmission). Diagnosis is confirmed by presence of recent acquisition of HBsAg, ideally with IgM-anti-HBc in serum. Clinical features, if they occur, are characterised by anorexia, nausea and fever, with jaundice in severe cases.			1
D	D	DD03.02	infection	Acute viral hepatitis C	Acute liver injury and inflammation caused by recent and short-term (less than 6 months) infection with hepatitis C virus (HCV). Transmission is by blood and body fluid contamination (parenteral spread) in most cases, and rarely by sexual spread or from mother to baby at the time of birth (vertical transmission). Diagnosis is confirmed by presence of recent acquisition of anti-HCV with presence of HCV RNA in serum. Clinical features occur in a minority of cases and are characterised by anorexia, nausea and fever, rarely with jaundice. A high proportion of cases (above 70%) develop chronic HCV infection, with liver disease of varying severity.			1
D	D	DD03.03	infection	Acute viral hepatitis E	A disease of the liver, caused by an acute infection with hepatitis E virus. This disease is characterised by nausea. Transmission is commonly by the faecal-oral route. Confirmation is by detection of anti-hepatitis E virus IgM antibodies in an individual's serum.			1
D	D	DD03.04	infection	Chronic viral hepatitis B	A liver disease characterised by liver inflammation and fibrosis caused by more than 6 months of infection with the hepatitis B virus. Even at stage of cirrhosis there are often no symptoms. Otherwise, clinical features include fatigue, hard liver edge and complications of cirrhosis (muscle wasting, ascites, splenomegaly/portal hypertension). Transmission is by blood and body fluid contamination, sexual transmission, and from mother to baby at the time of birth (vertical transmission). Confirmation of the diagnosis is by detection of HBsAg, but assessment of severity, prognosis and indication for treatment requires quantification of HBV DNA in serum.			1
D	D	DD03.05	infection	Chronic viral hepatitis C	A liver disease characterised by liver inflammation and fibrosis caused by more than 6 months of infection with the hepatitis C virus. Even at stage of cirrhosis there may be no symptoms. Otherwise, clinical features include fatigue and impaired quality of life, hard liver edge and complications of cirrhosis (muscle wasting, ascites, splenomegaly/portal hypertension). Chronic hepatitis C increases the risks of type 2 diabetes mellitus and cardiovascular disease, which contribute to increased all-cause mortality. Transmission is by blood and body fluid contamination, rarely by sexual transmission and from mother to baby at the time of birth (vertical transmission). Confirmation of the diagnosis is by detection of HCV RNA in the presence of a positive anti-HCV in serum.			1
D	D	DD03.06	infection	Chronic viral hepatitis D	Inflammation of the liver in humans caused by hepatitits delta virus in conjunction with hepatitis B virus and lasting six months or more.			1
D	D	DD03.07	infection	Chronic viral hepatitis E				1
D	D	DD05	infection	Gastroenteritis presumed infection		diarrhoea or vomiting presumed to be infective;dysentery NOS;food poisoning;gastric flu	other specified and unknown diagnoses or diseases of digestive system DD99;irritable bowel syndrome DD78;non-infective enteritis and gastroenteritis (chronic enteritis/ulcerative colitis) DD79	0
D	D	DD05.00	infection	Diarrhoeal disease				1
D	D	DD06	infection	Perianal abscess	A condition of the anal or rectal region, caused by an infection with a bacterial, viral or fungal source. This condition is characterised by a focal accumulation of purulent material in the anal or rectal region.	ischiorectal abscess	pilonidal abscess SD67	0
D	D	DD07	infection	Intestinal helminths	Either demonstration of helminth in adult form, larvae, or ova; or positive skin tests; or positive serology.			0
D	D	DD07.00	infection	Ascariasis	A disease caused by an infection with the parasitic worm Ascaris lumbricoides. This disease presents with symptoms depending on the extent of the infection, ranging from asymptomatic to intestinal blockage. Transmission is by the faecal-oral route from the ingestion of Ascaris eggs in contaminated food or water. Confirmation is by identification of Ascaris eggs in a faecal sample.			1
D	D	DD07.01	infection	Oxyuriasis	A disease of the intestine, caused by an infection with the parasitic worm Enterobius. This disease is characterised by inflammation of the anus, pruritus, rectal pain, or may be asymptomatic. Transmission is by the faecal-oral route or airborne transmission of the eggs from the parasitic worm. Confirmation is by identification of Enterobius eggs around the perianal region.			1
D	D	DD07.02	infection	Taeniasis	A disease of the intestines, caused by an infection with the adult parasitic worm Taenia. This disease is characterised by abdominal pain, weight loss, diarrhoea, constipation, or may be asymptomatic. Transmission is by ingestion of larval cysts in undercooked beef or pork. Confirmation is by identification of Taenia eggs or proglottids in faecal samples (samples from multiple days).			1
D	D	DD07.05	infection	Schistosomiasis	An infestation caused by helminths of the genus Schistosoma. The clinical features vary according to the species involved but the principal organs affected are the gastrointestinal tract and bladder.			1
D	D	DD07.06	infection	Strongyloidiasis	A disease caused by the parasitic worm Strongyloides. This disease presents with symptoms depending on the site of infection (gastrointestinal tract, pulmonary system, dermis, or systemic), or may be asymptomatic. Transmission is by direct contact through penetration of the skin (generally the feet) with larvae from faecally contaminated soil, or autoinfection of an established infection. Confirmation is by identification of Strongyloides larvae in faecal samples, duodenal fluid samples, sputum, pleural fluid, or tissue samples.			1
D	D	DD07.07	infection	Hookworm disease	A disease caused by an infection with the parasitic worm Ancylostoma. This disease is characterised by pruritus at the site of larval penetration. In mild infections, this disease may be asymptomatic; in moderate to severe infections, this disease may present with cough, pharyngeal irritation during larval migration in airways, iron-deficiency anaemia, abdominal pain, nausea, bloody diarrhoea, fatigue, or delayed development (mental or physical). Transmission is by direct contact with larvae from soil or sand contaminated with dog or cat faeces (by percutaneous migration of larvae), ingestion of larvae, or vertical transmission. Confirmation is by identification of Ancylostoma in a faecal sample.	cutaneous larva migrans		1
D	D	DD07.08	infection	Trichuriasis	A disease of the small intestine, caused by an infection with the parasitic worm Trichuris trichiura. This disease is commonly asymptomatic. This disease may also present with painful diarrhoea (containing a mixture of mucus, water, or blood). Transmission is by the faecal-oral route. Confirmation is by identification of Trichuris trichiura eggs in a faecal sample.			1
D	D	DD07.09	infection	Cysticercosis	A disease caused by an infection of tissue with larval cysts from the parasitic worm Taenia solium. This disease presents with symptoms depending on the site of infection (central nervous system, eye, or muscle). Transmission is through haematogenous spread of larvae to affected tissue after ingestion of Taenia solium eggs (or proglottids) in contaminated food or water. Confirmation is commonly by detection of antibodies against Taenia solium in a blood sample, cerebrospinal fluid, or faeces, and by advanced imaging of affected tissue.			1
D	D	DD07.10	infection	Echinococcosis	An infection caused by the infestation of the larval form of tapeworms of the genus Echinococcus. The liver, lungs, and kidney are the most common areas of infestation.			1
D	D	DD25	neoplasm	Malignant neoplasm of stomach	Characteristic histological appearance.	carcinoma of stomach		0
D	D	DD26	neoplasm	Malignant neoplasm of large intestine	Characteristic histological appearance.	malignant neoplasm of colon;malignant neoplasm of rectum;malignant neoplasm of anus	familial adenomatous polyposis, DD29 when the histology is not cancer	0
D	D	DD27	neoplasm	Malignant neoplasm of pancreas	Characteristic histological appearance.	carcinoma of pancreas		0
D	D	DD28	neoplasm	Other specified or unknown malignant digestive neoplasm	Characteristic histological appearance.	malignant neoplasm of oral cavity;other specified primary malignancies of digestive system;unknown malignant digestive neoplasm	malignant neoplasm stomach DD25;malignant neoplasm colon/rectum DD26;malignant neoplasm pancreas DD27;secondary malignancy of known site (code to site);secondary malignancy of unknown site AD25	0
D	D	DD28.00	neoplasm	Malignant neoplasm of lips/mouth/tongue				1
D	D	DD28.01	neoplasm	Malignant neoplasm of liver				1
D	D	DD28.02	neoplasm	Malignant neoplasm of oesophagus				1
D	D	DD28.03	neoplasm	Malignant neoplasm of pharynx				1
D	D	DD28.04	neoplasm	Malignant neoplasm of salivary glands				1
D	D	DD28.05	neoplasm	Malignant neoplasm of gallbladder and bile ducts				1
D	D	DD29	neoplasm	Benign or uncertain neoplasm or carcinoma in situ neoplasm of digestive system	Characteristic histological appearance.	benign digestive neoplasm;digestive neoplasm not specified as benign or malignant, when histology is not available;polyp of colon;polyp of duodenum;polyp of rectum;polyp of stomach		0
D	D	DD29.00	neoplasm	Familial polyposis syndrome	Intestinal polyposis syndromes can be divided, based on histology, into the broad categories of familial adenomatous polyposis (FAP), hamartomatous polyposis syndromes, and other rare polyposis syndromes, such as hereditary-mixed polyposis syndrome (HMPS).			1
D	D	DD35	trauma	Injury of digestive system		injury to abdominal organ;injury to teeth;injury to tongue	injury male genital GD35;injury pelvic organs female GD35;laceration skin and/or subcutis SD37;multiple organ injuries AD35	0
D	D	DD36	trauma	Foreign body in digestive system		foreign body in digestive tract;foreign body in mouth;foreign body in oesophagus;foreign body in rectum;foreign body swallowed	foreign body in throat/inhaled RD36	0
D	D	DD55	congenital	Congenital anomaly of digestive system		biliary anomaly;Hirschsprung's disease;megacolon;oesophageal atresia	congenital metabolic disorder TD56;haemangioma/lymphangioma SD28	0
D	D	DD55.00	congenital	Cleft lip/gum/palate				1
D	D	DD55.01	congenital	Congenital pyloric stenosis	A not uncommon congenital malformation of the stomach of unknown cause in which there is hypertrophy and hyperplasia of the circular muscle of the pylorus. Symptoms of gastric outlet obstruction usually appear between the third and sixth weeks of life. The anomaly is manifested by intermittent vomiting (which increases in frequency and becomes projectile), regurgitation, weight loss, dehydration, electrolyte imbalance, sometimes a small palpable pyloric mass, and visible peristaltic contractions across the epigastrium; there may also be jaundice. Some cases appear to be familial (possibly of autosomal dominant inheritance).			1
D	D	DD55.02	congenital	Meckels diverticulum	A congenital abnormality characterised by the outpouching or sac formation in the ileum. It is a remnant of the embryonic yolk sac in which the viteline duct failed to close. During early gestation, the omphalomesenteric or vitelline duct connects the fetal yolk sac to the primitive gut. By 7-8 weeks of gestation, this duct is normally completely obliterated. A Meckel diverticulum results when this structure fails to resorb completely.			1
D	D	DD55.03	congenital	Tongue-tie	A condition of the tongue, caused by short, tight, lingual frenulum or fusion of the tongue to the floor of the mouth. This condition is characterised by difficulty in speech articulation due to limitation or restriction in tongue movement.			1
D	D	DD65	otherDiagnosis	Teeth or gum disease or both		dental abscess	teething and/or denture problem DS19;injury to teeth/gum DD35;Vincent's angina DD66	0
D	D	DD65.00	otherDiagnosis	Gingivitis		gingival diseases;periodontal diseases		1
D	D	DD65.01	otherDiagnosis	Temporomandibular joint disorder	This is an umbrella term covering acute or chronic pain, especially in the muscles of mastication and/or inflammation of the temporomandibular joint, which connects the mandible to the skull.			1
D	D	DD65.02	otherDiagnosis	Caries of deciduous teeth	A condition characterised by localised destruction of calcified tissue, initiated on the tooth surface by decalcification of the enamel, followed by the enzymatic lysis of organic structures, resulting in cavity formation.			1
D	D	DD65.03	otherDiagnosis	Caries of permanent teeth				1
D	D	DD66	otherDiagnosis	Mouth, tongue or lip diseases		cheilosis;glossitis;mucocele;parotitis;stomatitis;Vincent's angina	herpes simplex SD04;mumps DD02;other injury digestive system DD35	0
D	D	DD66.00	otherDiagnosis	Angular stomatitis	Angular cheilitis is a common inflammatory skin condition. It affects one or both corners of your mouth and causes irritated, cracked sores. Although painful, angular cheilitis usually isn't serious. Other names for angular cheilitis include angular stomatitis and perleche.			1
D	D	DD66.01	otherDiagnosis	Candidiasis of mouth, oral sprue	A disease of the lips and oral mucous membranes, caused by an infection with the fungi Candida. This disease commonly presents with white patches or plaques on the oral mucous membranes, angular cheilitis, or dysphagia. Transmission is by opportunistic transmission. Confirmation is by identification of Candida in an oral or skin sample.			1
D	D	DD66.02	otherDiagnosis	Oral aphthae	This is a frequent small, shallow, painful ulcerations in the oral mucosa. Recurrent oral ulceration that clinically resembles recurrent aphthous stomatitis but presents atypically, including commencement after adolescence, with fever, with a strong family history, or failing to resolve with age.			1
D	D	DD66.03	otherDiagnosis	Salivary stone	Sialolithiasis is a condition where a calcified mass forms within a salivary gland, usually in the duct of the submandibular gland. The usual symptoms are pain and swelling of the affected salivary gland, both of which get worse when salivary flow is stimulated.			1
D	D	DD67	otherDiagnosis	Gastro-oesophageal reflux disease	A condition which develops when the reflux of stomach contents causes troublesome symptoms and/or complications.		oesophagus disease, other specified DD68	0
D	D	DD67.00	otherDiagnosis	Gastro-oesophageal reflux disease with oesophagitis	Erosive gastro-oesophageal reflux disease is defined endoscopically by visible breaks of the distal oesophageal mucosa.			1
D	D	DD67.01	otherDiagnosis	Gastro-oesophageal reflux disease without oesophagitis	A disease condition in that patients have classic symptoms of gastro-oesophageal reflux disease (GERD), but do not have apparent esophagitis or oesophageal mucosal injury.			1
D	D	DD68	otherDiagnosis	Other specified or unknown oesophagus disease		achalasia;Mallory-Weiss syndrome;oesophagitis;unknown oesophageal disease	cancer of oesophagus DD28;gastro-oesophageal reflux disease DD67;hiatus hernia DD74;oesophageal varices KD99	0
D	D	DD68.00	otherDiagnosis	Barrett's oesophagitis	A condition with damage to the lining of the lower esophagus resulting from chronic acid reflux. Through the process of metaplasia, the squamous cells are replaced by a columnar epithelium with cells resembling those of the intestine or the salmon-pink mucosa of the stomach. Barrett's columnar epithelium is a marker for severe reflux and precursor to adenocarcinoma of the esophagus.	ulcer of esophagus		1
D	D	DD68.01	otherDiagnosis	Benign esophageal stricture	Hindrance of the passage of luminal contents in the oesophagus. Obstruction of oesophagus can be partial or complete, and caused by intrinsic or extrinsic factors.	Oesophageal obstruction		1
D	D	DD68.02	otherDiagnosis	Oesophageal diverticulum	Diverticulum of oesophagus is a disorder having out-pouchings from the oesophageal wall.			1
D	D	DD68.03	otherDiagnosis	Zenker's diverticulum				1
D	D	DD69	otherDiagnosis	Duodenal ulcer	Duodenal ulcer is defined as a distinct breach in the mucosa of the duodenum as a result of caustic effects of acid and pepsin in the lumen. Histologically, duodenal ulcer is identified as necrosis of the mucosa extending through the muscularis mucosae into the submucosa. In the endoscopic or radiological view, there is an appreciable depth of the lesion. When the break of epithelial lining is confined to the mucosa without penetrating through the muscularis mucosae, the superficial lesion is called erosion.	bleeding ulcer;duodenal erosion;obstructing ulcer;perforated ulcer		0
D	D	DD70	otherDiagnosis	Other specified or unknown peptic ulcer	Characteristic imaging or endoscopy findings, or exacerbation of symptoms in a patient with a previously proven ulcer.	acute erosion;gastrojejunal ulcer;unknown peptic ulcer;Zollinger-Ellison syndrome	duodenal ulcer DD69;oesophageal ulcer DD68	0
D	D	DD70.00	otherDiagnosis	Ulcus ventriculi	Gastric ulcer is defined as a distinct breach in the mucosa of the stomach as a result of caustic effects of acid and pepsin in the lumen. Histologically, gastric ulcer is identified as necrosis of the mucosa extending through the muscularis mucosae into the submucosa. In the endoscopic or radiological view, there is an appreciable depth of the lesion. When the break of epithelial lining is confined to the mucosa without penetrating through the muscularis mucosae, the superficial lesion is called ‘erosion’.			1
D	D	DD71	otherDiagnosis	Gastritis or duodenitis or both	Gastritis and duodenitis are injuries of mucosa involving epithelial damage, mucosal inflammation, and epithelial cell regeneration. This does not include any epithelial defect. Gastritis and duodenitis are caused by various factors such as high acid secretion, infectious agents, drugs, chemical agents or autoimmune reaction. Helicobacter pylori can colonize on epithelium and induce gastritis or duodenitis or both.	acute dilatation of stomach;duodenitis;gastritis	gastroenteritis presumed infection DD05;gastrointestinal infection DD01	0
D	D	DD72	otherDiagnosis	Appendicitis	Appendicitis is a condition characterised by inflammation of the vermiform appendix.	appendix abscess;appendix perforation		0
D	D	DD73	otherDiagnosis	Inguinal hernia	A hernia occurs when part of an internal organ bulges through a weak area of muscle. Most hernias occur in the abdomen. Inguinal hernia is the most common type and is in the groin.	inguinal hernia with incarceration;scrotal hernia	femoral hernia DD76;hydrocele GD71	0
D	D	DD74	otherDiagnosis	Hiatus hernia	A hernia that occurs through the foramen in the diaphragm.	diaphragmatic hernia	gastro-oesophageal reflux disease DD67;oesophagitis DD68	0
D	D	DD75	otherDiagnosis	Umbilical hernia	A hernia occurs when part of an internal organ bulges through a weak area of muscle. An umbilical hernia is a protrusion of the peritoneum and fluid, omentum, or a portion of abdominal organ(s) through the umbilical ring. The umbilical ring is the fibrous and muscle tissue around the navel (belly-button). Small hernias usually close spontaneously without treatment by age 1 or 2. Umbilical hernias are usually painless and are common in infants.			0
D	D	DD76	otherDiagnosis	Other specified or unknown abdominal hernia	Demonstration of swelling in the specified area and transmitted impulse with cough, or enlargement on straining, or reducible into the abdomen, or intestinal obstruction.	unknown abdominal hernia;ventral hernia	hiatus hernia DD74;inguinal hernia DD73;umbilical hernia DD75	0
D	D	DD76.00	otherDiagnosis	Femoral hernia	A femoral hernia is a protrusion of a loop of the intestine through a weakened abdominal wall, located in the lower abdomen near the thigh. A hernia occurs when the contents of the abdomen (usually part of the small intestine) push through a weak point or tear the thin muscular wall of the abdomen, which holds the abdominal organs in place. Femoral hernias tend to occur more often in women than in men.			1
D	D	DD76.01	otherDiagnosis	Incisional hernia	A hernia occurs through the weak area on the incision of the past abdominal surgery or major abdominal trauma.			1
D	D	DD77	otherDiagnosis	Diverticular disease	Diverticula are a major burden of illness in an aging population, presenting with bleeding or in form of a diverticulitis. Many are asymptomatic. Most diverticula (pseudodiverticula) occur in the colon, occurrence in the small intestine is also possible, but less frequent.	diverticulitis of intestine;diverticulosis of intestine	Meckel's diverticulum DD55;oesophageal diverticulum DD67	0
D	D	DD78	otherDiagnosis	Irritable bowel syndrome	Irritable bowel syndrome (IBS) is a functional bowel disorder in which abdominal pain or discomfort is associated with defaecation or a change in bowel habit, and with features of disordered defaecation. The pain can be continuous or an intermittent abdominal pain and variable bowel pattern over a period of time; and increased gas, or tender and palpable colon, or history of mucous without blood in stool.	spastic colon	allergic/dietetic/toxic gastroenteritis/colitis DD99;gastroenteritis presumed infection DD05;gastrointestinal infection DD01;regional enteritis DD79;vascular insufficiency of gut DD99	0
D	D	DD79	otherDiagnosis	Inflammatory bowel disease	Inflammatory bowel disease is a group of inflammatory conditions of the intestine of unknown aetiology. The pathogenesis is hypothesized that the mucosal immune system shows an aberrant response towards luminal antigens such as dietary factors and commensal microbiota in genetically susceptible individuals.		non ulcerative proctitis DD99	0
D	D	DD79.00	otherDiagnosis	Regional enteritis	Crohn’s disease is characterised by chronic and relapsing transmural inflammation extending through all layers of the small and/or large intestinal walls and has potential to involve the patient’s entire gastrointestinal tract.			1
D	D	DD79.01	otherDiagnosis	Ulcerative colitis	Ulcerative colitis is a chronic inflammatory disorder of unknown etiology that continuously causes ulcers in the lining of the rectum and colon. Inflammation is histologically restricted to the mucosa.			1
D	D	DD80	otherDiagnosis	Anal fissure or anal fistula or both			perianal abscess DD06	0
D	D	DD80.00	otherDiagnosis	Anal fissure	An anal fissure is a linear break or tear in the mucosa that lines the anal canal. It may occur when hard or large stools are passed after defaecation and typically cause pain and bright red anal bleeding.			1
D	D	DD80.01	otherDiagnosis	Fistula ani	Anal fistula is an abnormal communication, hollow tract lined with granulation tissue connecting the primary opening inside the anal canal to a secondary opening in the perineal skin. They are usually associated with anorectal abscesses, and they are thought to be a chronic condition after an abscess evacuation.	rectal fistula		1
D	D	DD81	otherDiagnosis	Other specified or unknown liver diseases		alcohol hepatitis;autoimmune liver disease;hepatitis NOS;liver failure;portal hypertension;unknown liver diseases	acute viral hepatitis DD03;chronic viral hepatitis DD03;hydatid disease (echinococcosis) DD07	0
D	D	DD81.00	otherDiagnosis	Cirrhosis of liver	Liver disease in which the normal microcirculation, the gross vascular anatomy, and the hepatic architecture have been variably destroyed and altered with fibrous septa surrounding regenerated or regenerating parenchymal nodules.			1
D	D	DD81.01	otherDiagnosis	Steatosis of liver	1 Alcoholic fatty liver is abnormal retention of lipids in liver cells evident as stainable fat (steatosis) due to excessive intake of alcohol. It is the earliest stage of alcoholic liver disease. It is difficult to histologically distinguish between alcoholic fatty liver from non-alcoholic fatty liver. Diagnosis is dependent on history of level of alcohol intake. 2. Non-alcoholic fatty liver (NAFLD) is characterised by fatty liver related to insulin resistance in the absence of significant alcohol consumption. It embraces a pathological spectrum from simple steatosis to steatohepatitis. 10-20% have steatohepatitis (non-alcoholic steatohepatitis: NASH), which can progress to cirrhosis and hepatocellular carcinoma.			1
D	D	DD82	otherDiagnosis	Cholecystitis or cholelithiasis or both	Inflammation of gallbladder wall by infection of various organism and/or unspecified disorders. Cholelithiasis is calculus of gallbladder, cystic duct or bile duct. Most stones in the gallbladder are asymptomatic, but the most common initial symptom is biliary colic before the development of complications, including acute cholecystitis or cholangitis.		primary biliary cholangitis DD82.00;primary sclerosing cholangitis DD82.00	0
D	D	DD82.00	otherDiagnosis	Cholangitis	Inflammation of the biliary ductal system (bile ducts); intrahepatic, extrahepatic, or both.	primary biliary cholangitis;primary sclerosing cholangitis		1
D	D	DD82.01	otherDiagnosis	Cholecystitis	Inflammation of gallbladder wall by infection of various organism and/or unspecified disorders.			1
D	D	DD82.02	otherDiagnosis	Cholelithiasis	Cholelithiasis is calculus of gallbladder, cystic duct or bile duct. Most stones in the gallbladder are asymptomatic, but the most common initial symptom is biliary colic before the development of complications, including acute cholecystitis or cholangitis.	biliary colic		1
D	D	DD83	otherDiagnosis	Coeliac disease	Coeliac disease is a permanent intolerance to gluten proteins that are present in wheat, rye and barley. It is an autoimmune disorder, characterised by a chronic inflammatory state of the small intestinal mucosa and submucosa, which can impair digestion and absorption of nutrients, leading to malnutrition.			0
D	D	DD84	otherDiagnosis	Haemorrhoids	Visualization of varicosities of the venous plexus of the anus or canal, or tender painful blue-coloured localized swelling of acute onset in the perianal area or skin tags in the perianal area.	internal haemorrhoids with or without complications;perianal haematoma;piles;residual haemorrhoidal skin tag;thrombosed external haemorrhoids;varicose veins of anus/rectum		0
D	D	DD99	otherDiagnosis	Other specified or unknown diagnoses or diseases of digestive system		abdominal adhesions;allergic gastroenteropathy;dietetic gastroenteropathy;dumping syndrome;food intolerance;malabsorption syndrome;mesenteric vascular disease;pancreatic disease;secondary megacolon;sprue;toxic gastroenteropathy	antibiotic associated colitis AD41;coeliac disease (non-tropical sprue) DD83;inflammatory bowel disease DD79	0
D	D	DD99.00	otherDiagnosis	Entrapment of intestine in abdominal adhesions	Small bowel obstruction resulting from intraabdominal adhesion due to laparotomy, trauma, and intraabdominal inflammation such as endometriosis.			1
D	D	DD99.01	otherDiagnosis	Ileus	A condition caused by the lack of intestinal peristalsis or intestinal motility without any mechanical obstruction. This interference of the flow of intestinal contents often leads to intestinal obstruction. Ileus may be classified into postoperative, inflammatory, metabolic, neurogenic, and drug-induced.			1
D	D	DD99.02	otherDiagnosis	Intestinal intussusception	1. Intussusception of the large intestine occurs when a segment of bowel invaginatetes, or telescoped, into adjacent distal bowel, leading to obstruction and possibly ischemic injury. Colonic intussusception is a relatively uncommon condition that is most frequent in the early years of life. There are three main varieties: caecocolic, colocolic and sigmoidrectal. 2 Intussusception of the small intestine occurs when a segment of bowel invaginatetes, or telescoped, into adjacent distal bowel, leading to obstruction and possibly ischemic injury.			1
D	D	DD99.03	otherDiagnosis	Pancreatitis	Inflammation of the pancreas. Pathological changes range from oedema to necrosis. While mild cases often recover without complications, severe cases have high mortality due to systemic complications despite intensive treatment.			1
D	D	DD99.04	otherDiagnosis	Peritonitis	Peritonitis is inflammation of the peritoneum, a condition marked by exudations in the peritoneum of serum, fibrin, cells, and pus.			1
S	D	DS01	symptom	General abdominal pain		abdominal colic;abdominal cramps;abdominal discomfort;abdominal pain;acute abdomen;infant colic	biliary colic DD82;dysmenorrhoea GS05;dyspepsia and or indigestion DS07;epigastric ache DS02;flatulence/gas/belching DS08;heartburn DS03;other localized abdominal pain DS06;renal colic US09	0
S	D	DS02	symptom	Epigastric pain		epigastric discomfort;fulness of stomach;stomach ache/pain	dyspepsia and or indigestion DS07;flatulence/gas/belching DS08	0
S	D	DS03	symptom	Heartburn	Substernal pain or burning sensation, usually associated with regurgitation of gastric juice into the esophagus.	acidity;waterbrash	dyspepsia and or indigestion DS07;epigastric pain DS02;gastro-oesophagal reflux disease DD67;oesophagitis DD68	0
S	D	DS04	symptom	Rectal or anal pain		anal spasm;pain on defaecation;proctalgia fugax	impacted feces DS12	0
S	D	DS05	symptom	Perianal itching	Perianal itching is irritation of the skin at the anal margin and surrounding perianal skin which results in the desire to scratch.		itching SS02;scrotum/testis symptom/complaint GS21	0
S	D	DS06	symptom	Other specified localized abdominal pain		colonic pain	abdominal pain, general DS01;biliary colic DD82;dysmenorrhoea GS05;dyspepsia and or indigestion DS07;epigastric pain DS02;flatulence/gas/belching DS08;heartburn DS03;irritable bowel syndrome DD78;renal colic US09	0
S	D	DS07	symptom	Dyspepsia	A condition characterised by upper abdominal symptoms that suggest indigestion (painful, difficult, or disturbed digestion), which may include pain or discomfort of upper abdomen, bloating, feeling of fulness with very little intake of food, nausea and vomiting, heartburn, loss of appetite.		epigastric pain DS02;flatulence/gas/belching DS08;gastro-oesophageal reflux disease DD67;heartburn DS03	0
S	D	DS08	symptom	Flatulence, gas and belching	Production or presence of gas in the gastrointestinal tract which may be expelled through the anus and other conditions associated with the production or presence of gas in the GI tract.	bloating;eructation;gas pains;gaseous distension;passing wind	change in abdominal size DS51;dyspepsia/indigestion DS07	0
S	D	DS09	symptom	Nausea			alcohol induced nausea PS13;feelings of over-eating DS02;loss of appetite TS03;nausea in pregnancy WS02;vomiting DS10	0
S	D	DS10	symptom	Vomiting		emesis;hyperemesis;retching	haematemesis DS14;vomiting in pregnancy WS02	0
S	D	DS11	symptom	Diarrhoea	Diarrhoea is an acute or chronic condition in which there is an increased frequency or decreased consistency of bowel movements, usually with excessive and frequent evacuation of watery faeces. Here diarrhoea is described other than specifically described elsewhere such as in motility disorders of intestine or in functional bowel diseases.	frequent or loose bowel movements;watery stools	change in faeces or bowel movements DS18;melaena DS15	0
S	D	DS12	symptom	Constipation	Constipation is an acute or chronic condition in which bowel movements occur less often than usual or consist of hard, dry stools that are often painful or difficult to pass. Here constipation is described other than specifically described elsewhere such as in motility disorders of intestine or in functional bowel diseases.	faecal impaction	ileus DD99	0
S	D	DS13	symptom	Jaundice	A clinical manifestation of hyperbilirubinaemia of unspecified origin, characterised by the yellowish staining of the skin; mucus membranes and sclera.	icterus;yellow sclera	hematogenous icterus BD77;hemolytic icterus congenital BD65	0
S	D	DS14	symptom	Haematemesis	Vomiting of blood that is either fresh bright red or older 'coffee-ground' in character. Vomiting blood is a regurgitation of blood through the upper gastrointestinal tract and it generally indicates bleeding of the upper gastrointestinal tract.	vomiting of blood	haemoptysis RS14	0
S	D	DS15	symptom	Melaena	It is bloody stools that indicate bleeding from vascular system in the digestive tract. It is also described as black, tarry and foul-smelling stools or red or maroon-coloured stools that contain degraded blood.	black stools;tarry stools	fresh blood in stool DS16	0
S	D	DS16	symptom	Rectal bleeding	Bleeding from anus and anal canal. Bleeding due to specific diseases classified elsewhere (haemorrhoid, cancer, infection etc) are excluded here.	anal bleeding;fresh blood in stool	bleeding/haemorrhage AS11;melaena DS15;positive feces benzidine test AD23	0
S	D	DS17	symptom	Incontinence of bowel	Failure of voluntary control of the anal sphincter, with involuntary passage of faeces and flatus.	faecal incontinence	encopresis PS11	0
S	D	DS18	symptom	Change in faeces and bowel movements	Bowel habits are the time, size, amount, consistency and frequency of bowel movements throughout the day. A change in bowel habits is any alteration in regular bowel habits. For example abnormal stool colour, mucous stool or fat in stool.		constipation DS12;diarrhoea DS11;incontinence of bowel DS17;occult blood in stool AD23	0
S	D	DS19	symptom	Teeth, gum symptom or complaint		accretions;denture problem;deposits;gingival bleeding;teeth grinding;teething;toothache	caries DD65;teeth and/or gum disease DD65	0
S	D	DS20	symptom	Mouth, tongue, lip symptom or complaint		coated tongue;cracked lips;dribbling;sore mouth;swollen lips	dental/gum problem DS19;cheilosis DD66;disturbance of taste NS08;dehydration TS09	0
S	D	DS20.00	symptom	Dry mouth	Xerostomia, dry mouth. This may result from many causes including dehydration, salivary gland dysfunction, suppression of saliva production by drugs (e.g. anticholinergics) or habitual mouth-breathing.			1
S	D	DS20.01	symptom	Glossodynia	Painful sensations in the tongue, including a sensation of burning.			1
S	D	DS20.02	symptom	Halitosis	Halitosis is an oral health condition in which one's mouth emits a foul odour. There are many causes of halitosis such as poor oral hygiene, tobacco and or alcohol, and possibly a medical condition such as respiratory and digestive tract disorders.			1
S	D	DS21	symptom	Swallowing problem	Difficulty in swallowing which may result from neuromuscular disorder or mechanical obstruction. Dysphagia is classified into two distinct types: oropharyngeal dysphagia due to malfunction of the pharynx and upper oesophageal sphincter; and oesophageal dysphagia due to malfunction of the oesophagus.	choking feeling;dysphagia		0
S	D	DS50	clinicalFinding	Hepatomegaly		hepatomegaly with splenomegaly		0
S	D	DS51	clinicalFinding	Abdominal distension or abdominal mass or both	This is a condition in which the abdomen feels full and tight because of swelling of the abdomen, usually due to an increased amount of intestinal gas, but occurs sometimes when fluid, substances or mass are accumulating or expanding the abdomen.	abdominal swelling without mass;lump abdomen	flatulence/gas/belching DS08;hepatomegaly DS50;renal mass US09;splenomegaly BS50	0
S	D	DS51.00	clinicalFinding	Ascites	Accumulation or retention of free fluid in the abdominal peritoneal cavity between the tissues lining the abdomen and abdominal organs. The fluid may be serous, haemorrhagic, or the result of inflammation or tumour metastasis to the peritoneum.			1
S	D	DS90	complaint	Concern or fear of disease of digestive system	Concern about/fear of disease in a patient without the disease/until the diagnosis is proven			0
S	D	DS99	symptom	Other specified or unknown symptoms, complaints, abnormal findings of digestive system				0
D	F	FD01	infection	Infectious conjunctivitis	Presumed or proven infectious inflammation of conjunctiva.	conjunctivitis NOS	allergic conjunctivitis with/without rhinorrhoea FD65;flash burn FD36;other eye inflammation or eye infection FD03;trachoma FD04	0
D	F	FD01.00	infection	Bacterial conjunctivitis	These are infections of the conjunctiva, containing mucus and pus, by several species such as Haemophilus, Streptococcus, Neisseria, and Chlamydia.			1
D	F	FD01.01	infection	Viral conjunctivitis	Inflammation, often mild, of the conjunctiva caused by a variety of viral agents. Conjunctival involvement may be part of a systemic infection.			1
D	F	FD02	infection	Blepharitis or stye or chalazion	Generalized and/or localized inflammation and/or swelling of eyelid and/or tarsal gland.	dermatitis of eyelids;dermatosis of eyelids;eye lid infection	dacryocystitis FD03	0
D	F	FD02.00	infection	Blepharitis	A condition of the eyelid, commonly caused by an infection with a bacterial source. This condition is characterised by pruritus, burning, scratchiness, excessive tearing, or crusty debris around the eyelashes. This condition may also present with lid erythema, collarettes, madarosis, trichiasis, or plugged meibomian glands. Transmission is by direct or indirect contact with an infected individual, endogenous spread, or through fomites.			1
D	F	FD02.01	infection	Chalazion	A chalazion is a small cyst on the eyelid caused by blockage of a meibomian gland.			1
D	F	FD02.02	infection	Hordeolum	An acute focal infection usually by Staphylococcus aureus involving the eyelash follicle and its associated meibomian and Zeis glands. If the principal focus of infection is the follicle, it presents with a painful boil which discharges pus at the eyelid margin (external hordeolum or stye). If the infection is centred on the meibomian gland (internal hordeolum) then suppuration onto the conjunctival surface occurs.			1
D	F	FD03	infection	Other specified or unknown eye infections or inflammations		eye infection of unknown cause;eye inflammation of unknown cause;inflammation of orbit;iritis	corneal ulcer (herpes) FD05;herpes zoster ophthalmicus SD03;measles keratitis AD01;trachoma FD04	0
D	F	FD03.00	infection	Dacryocystitis	Inflammation of the lacrimal sac.			1
D	F	FD03.01	infection	Iridocyclitis	1. Acute or chronic inflammation of the iris and ciliary body characterized by exudates into the anterior chamber, discoloration of the iris, and constricted, sluggish pupil. Symptoms include radiating pain, photophobia, lacrimation, and interference with vision. 2. Inflammation of the anterior uvea comprising the iris, angle structures, and the ciliary body. Manifestations of this disorder include ciliary injection, exudation into the anterior chamber, iris changes, and adhesions between the iris and lens (posterior synechiae). Intraocular pressure may be increased or reduced.	anterior uveitis		1
D	F	FD03.02	infection	Keratitis	Inflammation of the cornea.		Corneal ulcer FD05	1
D	F	FD04	infection	Trachoma	A disease caused by an infection with the gram-negative bacteria Chlamydia trachomatis. This disease is characterised by a roughening of the inner surfaces of the eyes, and inflammation that may lead to superficial vascularisation of the cornea (pannus) and scarring of the conjunctiva. Long term effects include blindness or other visual impairments. Transmission is by direct or indirect contact with the eyes or nose of an infected individual.		infectious conjunctivitis FD01;other eye infection or inflammation FD03	0
D	F	FD05	infection	Corneal ulcer	Loss of epithelial tissue from the surface of the cornea due to progressive erosion and necrosis of the tissue. It is often caused by bacterial, fungal or viral infection.	dendritic ulcer	corneal abrasion/other eye injury FD36	0
D	F	FD05.00	infection	Herpes simplex keratitis dendritic	A form of herpetic keratitis characterized by the formation of small vesicles which break down and coalesce to form recurring dendritic ulcers, characteristically irregular, linear, branching, and ending in knoblike extremities			1
D	F	FD25	neoplasm	Neoplasm of eye or adnexa				0
D	F	FD25.00	neoplasm	Benign neoplasm eye				1
D	F	FD25.01	neoplasm	Malignant tumor of eye				1
D	F	FD25.02	neoplasm	Uncertain neoplasm of eye				1
D	F	FD35	trauma	Contusion or haemorrhage eye or both		hyphaema		0
D	F	FD35.00	trauma	Black eye				1
D	F	FD35.01	trauma	Subconjunctival hemorrhage	A conjunctival haemorrhage is a small haematoma clearly delimited on the conjunctiva itself resulting from a direct blow on the eye. Subconjunctival haemorrhage extends from the orbit, forward and deep to the conjunctiva with no posterior limit.	conjunctival haemorrhage		1
D	F	FD36	trauma	Other specified and unknown injury of eye		flash burn;unknown injury of eye;welder's conjunctivitis	contusion or haemorrhage eye FD35;foreign body in eye FD37	0
D	F	FD36.00	trauma	Corneal abrasion	"A corneal abrasion is a superficial scratch on the clear, protective ""window"" at the front of the eye (cornea)."			1
D	F	FD36.01	trauma	Snow blindness	Snow blindness is a form of photokeratitis that is caused by UV rays reflected off ice and snow.			1
D	F	FD37	trauma	Foreign body in eye			corneal abrasion FD36	0
D	F	FD55	congenital	Congenital stenosis or stricture of lacrimal duct	This is a condition in which a tear duct has failed to open at the time of birth with an overflow of tears without crying, beginning before the age of three months.	congenital dacryostenosis	blocked lacrimal duct in older person FD99;dacryocystitis FD03	0
D	F	FD56	congenital	Other specified or unknown congenital anomaly of eye		coloboma;unknown congenital anomaly of eye	congenital stenosis or stricture of lacrimal duct FD55	0
D	F	FD65	otherDiagnosis	Allergic conjunctivitis	Allergic conjunctivitis is an IgE-mediated response due to the exposure of seasonal or perennial allergens in sensitised patients. The allergen-induced inflammatory response of the conjunctiva results in the release of histamine and other mediators. Symptoms consist of redness (mainly due to vasodilation of the peripheral small blood vessels), oedema (swelling) of the conjunctiva, itching, and increased lacrimation (production of tears).	acute atopic conjunctivitis;allergic conjunctivitis with rhinorrhoea;allergic conjunctivitis without rhinorrhoea	bacterial/viral conjunctivitis FD01;flash burn FD36;trachoma FD04	0
D	F	FD66	otherDiagnosis	Detached retina	Retinal breaks are full thickness openings in the neurosensory retina that can be in the form of a hole, a tear or a retinal dialysis. Retinal detachment is a condition in which the retina peels away from its underlying layer of support tissue.			0
D	F	FD67	otherDiagnosis	Retinopathy	Any damage to the retina which may cause visual impairment.		macula degeneration RD68	0
D	F	FD67.00	otherDiagnosis	Arteriosclerotic retinopathy		hypertensive retinopathy		1
D	F	FD67.01	otherDiagnosis	Diabetic retinopathy	A condition characterised as a disease of the retina (retinopathy) involving damage to the small blood vessels in the retina which is due to chronically high blood glucose levels in people with diabetes.			1
D	F	FD68	otherDiagnosis	Macular degeneration	Degenerative changes in the retina usually of older adults, which results in a loss of vision in the center of the visual field (the macula lutea) because of damage to the retina. It occurs in dry and wet forms.		detached retina FD66	0
D	F	FD69	otherDiagnosis	Disorders of refraction and accommodation	Visual deficit correctible with an appropriate lens.		partial or complete blindness FD72	0
D	F	FD69.00	otherDiagnosis	Astigmatism	Unequal curvature of the refractive surfaces of the eye. Thus a point source of light cannot be brought to a point focus on the retina but is spread over a more or less diffuse area. This results from the radius of curvature in one plane being longer or shorter than the radius at right angles to it.			1
D	F	FD69.01	otherDiagnosis	Hypermetropia	A refractive error in which rays of light entering the eye parallel to the optic axis are brought to a focus behind the retina, as a result of the eyeball being too short from front to back. It is also called farsightedness because the near point is more distant than it is in emmetropia with an equal amplitude of accommodation.			1
D	F	FD69.02	otherDiagnosis	Myopia	A refractive error in which rays of light entering the eye parallel to the optic axis are brought to a focus in front of the retina when ocular accommodation is relaxed. This usually results from the eyeball being too long from front to back, but can be caused by an overly curved cornea, a lens with increased optical power, or both. It is also called nearsightedness.			1
D	F	FD69.03	otherDiagnosis	Presbyopia	The normal decreasing elasticity of the crystalline lens that leads to loss of accommodation.			1
D	F	FD70	otherDiagnosis	Cataract	Cataract is a clouding of the lens inside the eye which leads to a decrease in vision. It is the most common cause of blindness and is conventionally treated with surgery. Visual loss occurs because opacification of the lens obstructs light from passing and being focused on to the retina at the back of the eye.		congenital cataract FD56	0
D	F	FD70.00	otherDiagnosis	Senile cataract	A senile cataract is a clouding of the lens of the eye, which impedes the passage of light, related to ageing, and that occurs usually starting from the age of 40.			1
D	F	FD71	otherDiagnosis	Glaucoma	An ocular disease, occurring in many forms, having as its primary characteristics an unstable or a sustained increase in the intraocular pressure which the eye cannot withstand without damage to its structure or impairment of its function.		congenital glaucoma FD56	0
D	F	FD71.00	otherDiagnosis	Narrow-angle glaucoma	Primary angle closure glaucoma is a condition described as angle closure or/and peripheral anterior synechiae with elevated intraocular pressure and evidence of optic nerve damage.			1
D	F	FD71.01	otherDiagnosis	Open-angle glaucoma	Primary open-angle glaucoma is a chronic progressive optic neuropathy with characteristic morphological changes at the optic nerve head and retinal nerve fibre layer in the absence of other ocular disease or congenital anomalies. Progressive retinal ganglion cell death and visual field loss are associated with these changes. Anterior chamber angle appearance is normal and major risk factors include level of intraocular pressure and older age.			1
D	F	FD71.02	otherDiagnosis	Raised intraocular pressure	A condition in which the intraocular pressure is elevated above normal and which may lead to glaucoma.			1
D	F	FD71.03	otherDiagnosis	Secondary glaucoma				1
D	F	FD72	otherDiagnosis	Blindness		partial or complete blindness of both eyes	blurred vision or temporary blindness FS05;colour or night blindness FD99;refractive errors FD69;snow blindness FD36;severe visual impairment	0
D	F	FD73	otherDiagnosis	Strabismus	Lack of parallelism of visual axis of the eyes demonstrated at medical examination.	cross-eye;squint		0
D	F	FD74	otherDiagnosis	Pterygium	Pterygium is a benign growth of the conjunctiva extending onto cornea that is characterised by elastotic degeneration of collagen (actinic elastosis) and fibrovascular proliferation.			0
D	F	FD99	otherDiagnosis	Other specified or unknown diagnosis or diseases of eye and adnexa		amblyopia;arcus senilis;blindness one eye;colour blindness;corneal opacity;disorder of orbit;ingrowing eyelash;lazy eye;night blindness;papilloedema		0
D	F	FD99.00	otherDiagnosis	Ectropion	The turning outward (eversion) of the edge of the eyelid, resulting in the exposure of the palpebral conjunctiva.			1
D	F	FD99.01	otherDiagnosis	Entropion	The turning inward (inversion) of the edge of the eyelid.			1
D	F	FD99.02	otherDiagnosis	Episcleritis	Episcleritis is a benign, self-limiting inflammatory disease affecting part of the eye called the episclera. The episclera is a thin layer of tissue that lies between the conjunctiva and the connective tissue layer that forms the white of the eye (sclera). Episcleritis is a common condition, and is characterised by the abrupt onset of mild eye pain and redness.			1
D	F	FD99.03	otherDiagnosis	Scleritis	Inflammation of the white, opaque, fibrous, outer tunic of the eyeball. Can be associated with uveitis.			1
D	F	FD99.04	otherDiagnosis	Posterior vitreous detachment	Detachment of the corpus vitreum (vitreos body) from its normal attachments, especially the retina, due to shrinkage from degenerative or inflammatory conditions, trauma, myopia, or senility.			1
S	F	FS01	symptom	Eye pain			abnormal eye sensations FS07	0
S	F	FS02	symptom	Red eye		bloodshot		0
S	F	FS03	symptom	Eye discharge		lacrimation;purulent discharge		0
S	F	FS03.00	symptom	Watery eye	Epiphora is overflow of tears onto the face. A clinical sign or condition that constitutes insufficient tear film drainage from the eyes in that tears will drain down the face rather than through the nasolacrimal system.			1
S	F	FS04	symptom	Visual floaters or spots	Floaters are dark spots or shapes that seem to float in front of the retinal image.	fixed/floating spots in the visual field		0
S	F	FS05	symptom	Decreased visual acuity	A decreased vision for sensing form and contour, distant or near, for one or both eyes.	blurred vision;difficulty reading;reduced vision;visual loss;weak eyes	blindness one eye FD72;night blindness FD99;permanent blindness FD72;refractive errors FD69;snow blindness FD36	0
S	F	FS06	symptom	Other specified visual disturbances		diplopia;eye strain;photophobia;scotoma and dazzle when symptoms confined to eyes;temporary blindness NOS	night blindness FD99;permanent blindness FD72;refractive errors FD69;snow blindness FD36	0
S	F	FS07	symptom	Dry eye or other abnormal eye sensations		burning eye;itchy eye	eye pain FS01	0
S	F	FS07.00	symptom	Dry eye (syndrome)	Corneal and conjunctival dryness due to deficient tear production, predominantly in menopausal and post-menopausal women. Filamentary keratitis or erosion of the conjunctival and corneal epithelium may be caused by these disorders. Sensation of the presence of a foreign body in the eye and burning of the eyes may occur.			1
S	F	FS08	symptom	Abnormal eye appearance		changed eye colour iris;swollen eye	red eye FS02	0
S	F	FS09	symptom	Eyelid symptoms or complaints		abnormal blinking;ptosis eyelid	inflamed eyelid FD02	0
S	F	FS09.00	symptom	Blepharochalasis	This is a malposition of the eyelid caused either by involution or by inflammation of the eyelid. The inflammation is characterised by exacerbations and remissions of eyelid oedema, which results in a stretching and subsequent atrophy of the eyelid tissue resulting in redundant folds over the lid margins. It typically affects only the upper eyelids, and may be unilateral as well as bilateral.			1
S	F	FS09.01	symptom	Xanthelasma palpebrarum	Xanthelasmata are a form of plane xanthoma which manifest as sharply demarcated yellowish deposits of lipid within the skin of the eyelid. While they are neither harmful nor painful, these minor growths may be disfiguring and may be the presenting sign of hypercholesterolaemia. They are common in people of Asian origin and those from the Mediterranean region.			1
S	F	FS10	symptom	Glasses or contact lenses symptoms or complaints		Problems due to spectacles and/or contact lens affecting structure, function or sensations of eye(s).		0
S	F	FS90	complaint	Concern or fear of eye disease	Concern about or fear of eye disease in a patient without the disease, and until the diagnosis is proven.			0
S	F	FS99	symptom	Other specified symptoms, complaints, abnormal findings of eye		abnormal eye movements;nystagmus		0
D	G	GD01	infection	Syphilis	Demonstration of Treponema pallidum on microscopy or positive serological test for syphilis.	condyloma latum;lues;syphilis of any site;urogenital syphilis		0
D	G	GD02	infection	Gonorrhoea	Gonorrhoea is characterised by purulent vaginal, urethral or rectal discharge with Gram-negative intracellular diplococci demonstrated in a patient after a contact with a proven case, or Neisseria gonorrhoea cultured.	gonorrhoea of any site		0
D	G	GD03	infection	Genital herpes	Genital herpes is characterised by small vesicles with characteristic appearance and location that involve into painful ulcers and scabs.	anogenital herpes simplex		0
D	G	GD04	infection	Genital trichomoniasis	Trichomoniasis is a common sexually transmitted infection caused by a parasite. In women, trichomoniasis can cause a foul-smelling vaginal discharge, genital itching and painful urination. Men who have trichomoniasis typically have no symptoms. Pregnant women who have trichomoniasis  might be at higher risk of delivering their babies prematurely.	trichomonal vaginitis		0
D	G	GD05	infection	Genital human papilloma virus infection		condylomata acuminata;venereal warts		0
D	G	GD06	infection	Genital Chlamydia infection	An infection with the gram-negative bacteria Chlamydia trachomatis. This infection may be asymptomatic. In female, it may be characterised by fever, painful urination, urinary urgency, dyspareunia, vaginal bleeding or discharge, and pain in the abdomen. In males it may be characterised by fever, urethritis, painful urination, discharge from the penis, swollen or tender testicles in males. Transmission is by anal, vaginal, or oral sex. Confirmation is by identification of Chlamydia trachomatis.			0
D	G	GD06.00	infection	Cervicitis caused by Chlamydia				1
D	G	GD06.01	infection	Pelvic inflammatory disease by Chlamydia				1
D	G	GD06.02	infection	Vaginitis caused by Chlamydia				1
D	G	GD06.03	infection	Chlamydia-infection male				1
D	G	GD07	infection	Other specified or unknown sexual transmitted disease				0
D	G	GD07.00	infection	Lymphogranuloma venerum	A disease of the inguinal lymph glands, caused by an infection with the gram-negative bacteria Chlamydia trachomatis. This disease is characterised by a genital ulcer, buboes, abscesses in the groin, blood in faeces, tenesmus, or proctocolitis. Transmission is by sexual contact. Confirmation is by identification of Chlamydia trachomatis in a blood sample or by polymerase chain reaction tests.			1
D	G	GD08	infection	Genital candidiasis or balanitis		monilial infection of vagina/cervix	vaginal discharge GS16;vaginitis GD12	0
D	G	GD08.00	infection	Candida balanitis	A disease caused by an infection with the fungi Candida (commonly Candida albicans). This disease is characterised by inflammation of the glans or prepuce. This disease may also present with eroded white papules, or white discharge. Transmission is by sexual contact. Confirmation is by identification of Candida in a sub-preputial swab or urine sample.			1
D	G	GD09	infection	Pelvic inflammatory disease	Pelvic inflammatory disease is characterised by lower abdominal pain with marked tenderness of uterus or adnexa by palpation, plus other evidence of inflammation.	endometritis;oophoritis;salpingitis	chlamydia infection genital female GD06;genital candidiasis female GD08;genital trichomoniasis female GD04;gonorrhoea female GD02;syphilis female GD01	0
D	G	GD10	infection	Prostatitis or seminal vesiculitis or both	Prostatitis/seminal vesiculitis is characterised by tenderness of prostate/seminal vesicles to palpation, and indications of inflammation in urine test.			0
D	G	GD11	infection	Orchitis or epididymitis	Orchitis/epididymitis is characterised by both swelling and tenderness of testes/epididymis, and absence of a specific aetiology (mumps, gonoccocal, tuberculosis, trauma, torsion).		gonococcal orchitis GD02;mumps DD02;torsion of testis GD99;tuberculosis AD15	0
D	G	GD11.00	infection	Epididymitis	Inflammation of the epididymis. Its clinical features include enlarged epididymis, a swollen scrotum; pain; pyuria; and fever. It is usually related to infections in the urinary tract, which likely spread to the epididymis through either the vas deferens or the lymphatics of the spermatic cord.			1
D	G	GD11.01	infection	Orchitis	Inflammation of a testis. It has many features of epididymitis, such as swollen scrotum; pain; pyuria; and fever. It is usually related to infections in the urinary tract, which likely spread to the epididymis and then the testis through either the vas deferens or the lymphatics of the spermatic cord.			1
D	G	GD12	infection	Vaginitis or vulvitis			atrophic vaginitis GS13;genital candidiasis female GD08;genital trichomoniasis female GD10;trichomoniasis vaginitis GD04	0
D	G	GD12.00	infection	Vaginosis (bacterial)	Polymicrobial, nonspecific vaginitis associated with positive cultures of Gardnerella vaginalis and other anaerobic organisms and a decrease in lactobacilli. It remains unclear whether the initial pathogenic event is caused by the growth of anaerobes or a primary decrease in lactobacilli.	gardnerella		1
D	G	GD25	neoplasm	Malignant neoplasms of cervix	Characteristic histological appearance.		abnormal  cervix smear (CIN) grades 1 and 2 GS50;carcinoma-in-situ cervix GD32;cervical intraepithelial neoplasia (CIN) grade 3 GD32	0
D	G	GD26	neoplasm	Malignant neoplasms of prostate	Characteristic histological appearance.			0
D	G	GD27	neoplasm	Malignant neoplasms of breast	Characteristic histological appearance.		carcinoma in situ GD32	0
D	G	GD27.00	neoplasm	Adenocarcinoma mammae				1
D	G	GD28	neoplasm	Other specified or unknown malignant genital neoplasms	Characteristic histological appearance.	malignant neoplasm of adnexae;malignant neoplasm of vagina;malignant neoplasm of vulva;unknown malignant genital neoplasm	carcinoma in situ GD32	0
D	G	GD28.00	neoplasm	Adenocarcinoma of endometrium			malignant neoplasm of uterus GD28.04	1
D	G	GD28.01	neoplasm	Malignancy of ovaries				1
D	G	GD28.02	neoplasm	Malignant neoplasm of penis				1
D	G	GD28.03	neoplasm	Malignant neoplasm of testis		carcinoma of testis/seminoma		1
D	G	GD28.04	neoplasm	Malignant neoplasm of uterus			adenocarcinoma of endometrium GD28.00	1
D	G	GD29	neoplasm	Fibromyoma of uterus or cervix or both	Fibromyoma of uterus is characterised by enlargement of the uterus not due to pregnancy or malignancy, with single or multiple firm tumors of the uterus/cervix.	fibromyoma of cervix		0
D	G	GD29.00	neoplasm	Myoma of uterus	A well-circumscribed benign smooth muscle neoplasm characterised by the presence of spindle cells with cigar-shaped nuclei, interlacing fascicles, and a whorled pattern.			1
D	G	GD30	neoplasm	Benign neoplasms of breast	Characteristic histological appearance.	fibroadenoma of breast	cystic disease of breast GD67	0
D	G	GD31	neoplasm	Benign neoplasms of genital system	Characteristic histological appearance.		benign prostate hypertrophy GD70;physiological cyst of ovary GD99;polyp of cervix GD65	0
D	G	GD32	neoplasm	Genital neoplasm, in situ or uncertain		other carcinoma-in-situ;other genital neoplasm not specified as benign or malignant when histology is not available	benign prostatic hypertrophy GD70;endometrial polyp GD29	0
D	G	GD35	trauma	Genital injuries		circumcision	genital injury due to childbirth (complicated labour/delivery livebirth) WD82;genital injury due to childbirth (Complicated labour/delivery stillbirth) WD83	0
D	G	GD35.00	trauma	Corpus alienum genital tract				1
D	G	GD35.01	trauma	Female genital mutilation	Female genital mutilation (FGM) comprises all procedures that involve partial or total removal of the external female genitalia, or other injury to the female genital organs for non-medical reasons			1
D	G	GD55	congenital	Congenital anomaly of genital system		hermaphroditism		0
D	G	GD55.00	congenital	Imperforate hymen	A condition in which the hymen, the membrane that surrounds or partially covers the external vaginal opening, is harder than normal or is complete and sealed without any opening into the vaginal vault.			1
D	G	GD55.01	congenital	Retractile testis	A retractile testicle is one that may move back and forth between the scrotum and the groin. For most boys, the problem resolves sometime before or during puberty.			1
D	G	GD56	congenital	Hypospadias				0
D	G	GD57	congenital	Undescended testicle	This disorder is characterised by the absence of one or both testes from the scrotum. This disorder may also present with reduced fertility, psychological implications, or increased risk of testicular germ cell tumors.	cryptorchidism;bilateral undescended testicles;unilateral undescended testicle	retractile testis GD55	0
D	G	GD65	otherDiagnosis	Cervical disease		cervical leucoplakia;cervicitis;old laceration of cervix	abnormality of cervix in pregnancy/childbirth/puerperium WD55;abnormal cervix smear GS50	0
D	G	GD65.00	otherDiagnosis	Cervical erosion	A condition of the cervix uteri, caused by an increase in the total estrogen level in the body. This condition is characterised by protrusion and transformation of the endocervical columnar epithelium to stratified squamous epithelium on the cervix uteri. This condition may also present with non-purulent vaginal discharge, post-coital bleeding, or may be asymptomatic.			1
D	G	GD65.01	otherDiagnosis	Cervical polyp				1
D	G	GD66	otherDiagnosis	Uterovaginal prolapse	The descent of one or more of the anterior vaginal wall, posterior vaginal wall, the uterus (cervix), or the apex of the vagina (vaginal vault) or cuff scar after hysterectomy.	procidentia	stress incontinence US03	0
D	G	GD66.00	otherDiagnosis	Cystocele	A hernia-like condition in which the weakened pelvic muscles cause the uirnary bladder to drop from its normal position. Fallen urinary bladder is more common in females with the bladder dropping into the vagina and less common in males with the bladder dropping into the scrotum.			1
D	G	GD66.01	otherDiagnosis	Rectocele	Herniation of the rectum into the vagina.			1
D	G	GD67	otherDiagnosis	Fibrocystic disease breast	A condition characterised by changes to the breast tissue leading to benign, noncancerous lesions in the breast. This condition may be associated with small or large cyst formation, hyperplasia of the ductal epithelium, apocrine metaplasia of the ductal cells, papillomatosis, duct ectasia, sclerosing adenosis, or fibrosis of the stroma. This condition may also present with breast pain, thickening of breast tissue, or nipple discharge that worsens prior to menstruation, or may be asymptomatic. Confirmation is by clinical breast exam, followed by mammography or ultrasonography to identify abnormal tissue.	chronic cystic disease of breast;cystic fibroadenosis of breast;dysplasia of breast;solitary cyst of breast		0
D	G	GD68	otherDiagnosis	Premenstrual tension syndrome	A syndrome affecting females that is frequently idiopathic. This syndrome is characterised by certain environmental, metabolic, or behavioural factors that occur during the luteal phase of the menstrual cycle, and leads to cyclic emotional, physical, or behavioural symptoms that interfere with an individual's lifestyle.			0
D	G	GD69	otherDiagnosis	Endometriosis	A condition of the uterus that is frequently idiopathic. This condition is characterised by ectopic growth and function of endometrial tissue outside the uterine cavity. This condition may be associated with remaining vestigial tissue from the Wolffian or Mullerian duct, or fragments of endometrium refluxed backward into the peritoneal cavity during menstruation. This condition may also present with dysmenorrhoea, dyspareunia, nonmenstrual pelvic pain, infertility, alteration of menses, or may be asymptomatic. Confirmation is by laparoscopy and histological identification of ectopic fragments.			0
D	G	GD70	otherDiagnosis	Benign prostatic hypertrophy	A condition of the prostate, caused by an increased rate of cellular division of the glandular and stromal cells. This condition is characterised by enlargement of the prostatic tissue, dysuria, urinary urgency, nocturia, weak urine stream, straining while urinating, incomplete bladder emptying during urination, or increased frequency of urinary tract infection.	hyperplasia of prostate;median bar of prostate;prostatic obstruction;prostatomegaly		0
D	G	GD71	otherDiagnosis	Hydrocele or spermatocele or both	A condition characterised by an accumulation of serous fluid (a non-tender fluctuant swelling) in the tunica vaginalis testis or along the spermatic cord, and cystic swelling containing fluid and dead spermatozoa of the testicular epididymis, rete testis or efferent ductuli.			0
D	G	GD71.00	otherDiagnosis	Hydrocele	Accumulation of serous fluid between the layers of membrane (tunica vaginalis) covering the testis in the scrotum.	infected hydrocele		1
D	G	GD71.01	otherDiagnosis	Spermatocele	A condition characterised by cystic swelling (containing fluid and dead spermatozoa) of the epididymis, rete testis, or efferent ductuli. This condition may be associated with obstruction of the epididymal ducts due to trauma, infection, or an inflammatory process.			1
D	G	GD72	otherDiagnosis	Phimosis or paraphimosis	Phimosis is when a foreskin can't be pulled down (retracted) from the tip of the penis. This is a common problem in young boys. Paraphimosis is when the foreskin is retracted but can't move back up. This can prevent normal blood flow in the penis, and may cause serious problems.			0
D	G	GD99	otherDiagnosis	Other specified and unknown diagnoses and diseases of genital system		epididymal cyst;genital tract fistula female;physiological ovarian cyst	gynaecomastia GS28;mastitis WD03	0
D	G	GD99.00	otherDiagnosis	Bartholinitis	A condition of the Bartholin gland, caused by an infection with a bacterial, viral, or fungal source. This condition is characterised by focal accumulation of purulent material in the Bartholin gland, located on either side of the vaginal opening. This condition may present with swelling on either side of the vagina, pain on sexual intercourse, or fever. Confirmation is by gynaecological examination.	abscess of Bartholin gland		1
D	G	GD99.01	otherDiagnosis	Mastitis (non-lactating)				1
D	G	GD99.02	otherDiagnosis	Ovarian cyst	Any collection of fluid, surrounded by a very thin wall, within an ovary, which is not classified elsewhere. This includes any ovarian follicle that is larger than about two centimetres in diameter.			1
D	G	GD99.03	otherDiagnosis	Torsion of testis	Any condition characterised by a partial or complete rotation and an occlusion to the venous or arterial blood supply of the testis, epididymis or testicular appendix.	torsion of appendix testis		1
S	G	GS01	symptom	Pain in penis			priapism or painful erection GS20	0
S	G	GS02	symptom	Pain in testis		pain in scrotum		0
S	G	GS03	symptom	Other specified genital pain		pelvic pain;perineal pain;vaginal pain;vulval pain;vulvodynia	breast pain female GS04;dyspareunia female GS23;menstrual pain GS05	0
S	G	GS04	symptom	Pain in breast		mastalgia;mastodynia;tenderness of breast	painful breasts in pregnancy or lactation period WS06	0
S	G	GS05	symptom	Menstrual pain		dysmenorrhoea;menstrual cramps;menstruation pain		0
S	G	GS06	symptom	Intermenstrual pain		Mittelschmerz;ovulation pain		0
S	G	GS07	symptom	Absent or scanty menstruation		delayed menses;late menses	fear of pregnancy WS90;question of pregnancy WS01	0
S	G	GS07.00	symptom	Amenorrhea	A condition of the genital system, caused by hormonal or endocrine disturbances, absence of the uterus, pregnancy, lactation, abnormalities of the genital outflow tract, or failure of the ovaries to retain egg cells during the antenatal period. This condition is characterised by the absence of menstruation by age 16, or the termination of an established menstruation cycle for more than 3-9 months.	amenorrhoea primary or secondary		1
S	G	GS07.02	symptom	Oligomenorrhea				1
S	G	GS08	symptom	Excessive menstruation		pubertal bleeding		0
S	G	GS09	symptom	Irregular or frequent menstruation		frequent menstruation	menorrhagia or pubertal bleeding GS08	0
S	G	GS09.00	symptom	Irregular periods				1
S	G	GS09.01	symptom	Polymenorrhea				1
S	G	GS10	symptom	Intermenstrual bleeding		breakthrough bleeding;dysfunctional uterine bleeding;spotting	post-coital bleeding GS15;post-menopausal bleeding GS14	0
S	G	GS10.00	symptom	Ovulation bleeding				1
S	G	GS11	symptom	Premenstrual symptoms or complaints	Symptoms or complaints characterised by cyclic emotional, physical, or behavioural symptoms such as mood alterations, psychological changes, fluid retention, neurologic changes, gastrointestinal changes, pelvic heaviness, or dermatological changes affecting women in the luteal phase of the menstrual cycle that interfere with an individual's lifestyle.		premenstrual tension syndrome GD68	0
S	G	GS13	symptom	Menopausal symptoms or complaints		menopausal tension;menopause syndrome	postmenopausal bleeding GS14	0
S	G	GS13.00	symptom	Atrophic vaginitis	A condition of the vagina, caused by decreased oestrogen levels during the menopausal period. This condition is characterised by inflammation of the vagina and outer urinary tract, thinning and drying of the vaginal tissues, decreased lubrication, vaginal burning or dryness, shortening and tightening of the vaginal canal, or urinary incontinence after menopause.	senile vaginitis		1
S	G	GS13.01	symptom	Menopausal flushing				1
S	G	GS14	symptom	Postmenopausal bleeding	A condition of the genital system, caused by polyps, endometrial atrophy, hyperplasia, or cancer. This condition is characterised by abnormal uterine bleeding subsequent to the completion of menopause. A condition of the genital system, caused by polyps, endometrial atrophy, hyperplasia, or cancer. This condition is characterised by abnormal uterine bleeding subsequent to the completion of menopause.			0
S	G	GS15	symptom	Postcoital bleeding	A condition of the genital system, caused by infection, cervical ectropion, cervical or endometrial polyps, cancer, or trauma to the cervix or vagina. This condition is characterised by non-menstrual bleeding after sexual intercourse.	contact bleeding		0
S	G	GS16	symptom	Vaginal discharge		leucorrhoea	atrophic vaginitis GS13;chlamydia genital female GD06;gonorrhoea female GD02;intermenstrual bleeding GS10;urogenital candidiasis female GD08;urogenital trichomoniasis female GD04;vaginal bleeding (menstruation excessive) GS08;vaginal bleeding (menstruation irregular/frequent) GS09	0
S	G	GS17	symptom	Other specified vaginal symptoms or complaints		burning in vagina;vaginal dryness;vaginal irritation;vaginal itching;vaginal lesion;vaginal odour;vaginal pruritis	atrophic vaginitis GS13;female genital pain GS03;organic vaginismus GS23	0
S	G	GS18	symptom	Vulval symptoms or complaints		labial burning;vulval burning;vulval dryness;vulval itching;vulval irritation	abscess vulva GD69;vulval pain GS03	0
S	G	GS19	symptom	Pelvis symptoms or complaints			genital pain GS03;pelvic pain GS03;perineal GS03	0
S	G	GS20	symptom	Penis symptoms or complaints		foreskin complaint;foreskin symptom;painful erection;priapism	pain in penis GS01;painful ejaculation GS25	0
S	G	GS21	symptom	Scrotum or testis symptoms or complaints		lump in testis	pain in testis/scrotum GS02	0
S	G	GS21.00	symptom	Swelling of testis		swelling of scrotum		1
S	G	GS22	symptom	Prostate symptoms or complaints		prostatism	urinary frequency and/or urgency US02;urinary retention US04	0
S	G	GS23	symptom	Painful intercourse		female dyspareunia;vaginismus	psychogenic sexual problems (sexual desire reduced) PS07;psychogenic sexual problems (sexual fulfilment reduced) PS07	0
S	G	GS24	symptom	Impotence or erectile dysfunction	Male erectile dysfunction is characterised by inability or marked reduction in the ability in men to attain or sustain a penile erection of sufficient duration or rigidity to allow for sexual activity. The pattern of erectile difficulty occurs despite the desire for sexual activity and adequate sexual stimulation, has occurred episodically or persistently over a period of at least several months, and is associated with clinically significant distress.	impotence of organic origin;erectile dysfunction	psychogenic impotence or reduced sexual fulfilment PS07;reduced sexual desire PS07	0
S	G	GS25	symptom	Other specified sexual function symptoms or complaints		painful ejaculation		0
S	G	GS26	symptom	Lump or mass in breast		lumpy breasts		0
S	G	GS27	symptom	Nipple symptoms or complaints		nipple cracked;nipple fissure;nipple inversion;nipple pain;nipple pruritus;nipple retraction	nipple symptom or complaint in pregnancy or lactation WS06	0
S	G	GS27.00	symptom	Nipple discharge		nipple bleeding		1
S	G	GS28	symptom	Other specified breast symptoms or complaints		galactorrhoea;mastopathy	mastitis (lactating) WD03	0
S	G	GS28.00	symptom	Gynaecomastia	Enlargement of the breast in the males, caused by an excess of estrogens. Physiological gynecomastia is normally observed in newborns; adolescents; and aging males.			1
S	G	GS29	symptom	Infertility or subfertility	Failure to conceive after 1 year of trying to get pregnant.	primary infertility;secondary sterility		0
S	G	GS50	clinicalFinding	Abnormal cervix smear		cervical dysplasia;cervical intraepithelial neoplasia (CIN) grade 1;cervical intraepithelial neoplasia (CIN) grade 2	cervical intraepithelial neoplasia (CIN) grade 3 GD32	0
S	G	GS90	complaint	Concern about breast appearance		concern about shape of breast;concern about size of breast;dissatisfied with breast appearance		0
S	G	GS91	complaint	Concern or fear of sexual dysfunction	Concern about or fear of sexual dysfunction in a patient without sexual dysfunction.		Sexual disfunction PS07	0
S	G	GS92	complaint	Concern or fear of sexually transmitted infection	Concern about or fear of sexually transmitted disease in a patient without the disease and until the diagnosis is proven.		fear of HIV/AIDS BS90	0
S	G	GS93	complaint	Concern or fear of breast cancer	Concern about or fear of breast cancer in a patient without the disease and until the diagnosis is proven.			0
S	G	GS94	complaint	Other specified concern or fear of disease of genital system	Concern about or fear of disease in a patient without the disease and until the diagnosis is proven.	fear of prostate cancer GS94.00	concern/fear of breast cancer female GS93;concern/fear of sexual transmitted infection GS92	0
S	G	GS94.00	complaint	Fear of prostate cancer				1
S	G	GS99	symptom	Other specified symptoms, complaints and abnormal findings of genital system		haematospermia	urethral discharge US10	0
D	H	HD01	infection	Otitis externa	Inflammation and/or desquamation of the outer ear including the external ear canal.	abscess of external auditory meatus;eczema of external auditory meatus;furuncle of external auditory meatus;abscess and/or eczema and/or furuncle of external auditory meatus		0
D	H	HD02	infection	Acute otitis media or myringitis	recent perforation of the tympanic membrane discharging pus; or inflamed and bulging tympanic membrane; or one ear drum more red than the other; or red tympanic membrane, with ear pain; or bullae on the tympanic membrane	acute mastoiditis;acute suppurative otitis media;acute tympanitis;otitis media NOS	chronic otitis media HD05;serous otitis media HD03	0
D	H	HD03	infection	Serous otitis media	Visible fluid behind the tympanic membrane, without inflammation; or dullness of the tympanic membrane with either retracting, bulging, or with related impairment of hearing.	glue ear;otitis media with effusion (OME)	acute otitis media HD02;chronic otitis media HD05	0
D	H	HD04	infection	Eustachian salpingitis		Eustachian block;Eustachian catarrh;Eustachian dysfunction;Eustachian tube dysfunction;otosalpingitis;tubotympanitis	serous otitis media HD03	0
D	H	HD05	infection	Chronic otitis media			serous otitis media HD03	0
D	H	HD05.00	infection	Cholesteatoma	A mass of keratin-producing squamous epithelium that resembles an inverted (suck-in) bag of skin in the middle ear. It arises from the eardrum (tympanic membrane) and grows into the middle ear causing erosion of ear ossicles and mastoid that contains the inner ear.			1
D	H	HD05.02	infection	Mastoiditis	Persistent or recurrent inflammation of the space in the mastoid bone. It is often a complication of otitis media.	petrositis	acute mastoiditis HD02	1
D	H	HD25	neoplasm	Neoplasm of ear			acoustic neuroma ND25.01;polyp ear HD99	0
D	H	HD25.00	neoplasm	Benign neoplasm of ear				1
D	H	HD25.01	neoplasm	Malignant neoplasm of ear				1
D	H	HD25.02	neoplasm	Uncertain neoplasm of ear				1
D	H	HD35	trauma	Acoustic trauma	Noise toxicity can cause hearing loss, either transient or permanent, and impairment. Noise-induced hearing loss typically begins in the high-pitched frequency range of human voices communication. Deafness in the high-frequency range with a definite history of exposure to loud noise.	noise deafness	perforation of ear drum HD65;other ear injury HD37	0
D	H	HD36	trauma	Foreign body in ear				0
D	H	HD37	trauma	Other specified or unknown ear injury		external meatus/pinna injury;traumatic/pressure rupture of ear drum;unknown ear injury		0
D	H	HD55	congenital	Congenital anomaly of ear		accessory auricle;outstanding ears	congenital deafness HD69	0
D	H	HD55.00	congenital	Bat ears				1
D	H	HD65	otherDiagnosis	Perforation of ear drum		non traumatic ruptured ear drum	perforation ear drum with infection (acute otitis media/myringitis) HD02;perforation ear drum with infection (chronic otitis media) HD05;traumatic/pressure rupture ear drum HD37	0
D	H	HD66	otherDiagnosis	Excessive ear wax	symptom or complaint due to wax in ear canal.	impacted cerumen		0
D	H	HD67	otherDiagnosis	Vestibular syndrome	Syndromes with true rotational vertigo.			0
D	H	HD67.00	otherDiagnosis	Benign paroxysmal positional vertigo	Benign paroxysmal positional vertigo is defined as an abnormal sensation of motion that is elicited by certain critical provocative physical positions of the patient (e.g. becoming dorsal recumbent). The provocative positions usually trigger specific eye movements (e.g. nystagmus). The character and direction of the nystagmus is specific to the part of the inner ear affected and the underlying pathophysiology.			1
D	H	HD67.01	otherDiagnosis	Labyrinthitis	1. Labyrinthitis is an inflammatory disorder of the inner ear (labyrinth) producing disturbances of balance and hearing to varying degrees. It can be caused by bacterial or viral infections and autoimmune processes. 2. Vestibular neuritis (also known as vestibular neuronitis) may be described as acute, sustained dysfunction of the peripheral vestibular system with secondary nausea, vomiting, and vertigo. Important negative features include aural fullness and hearing loss.	vestibular neuritis		1
D	H	HD67.02	otherDiagnosis	Meniere disease	Meniere Disease (MD) is a chronic progressive inner ear disease, with endolymphatic hydrops. It is characterised by recurrent attacks of debilitating spontaneous vertigo lasting from 20 minutes to up to 12 hours, accompanied by a sense of fullness and tinnitus in the affected ear, and ipsilateral fluctuating sensorineural hearing loss (SNHL) in the low or low and middle frequencies. There may be nystagmus during attacks and falls are frequent. When known, etiology should be added.	labyrinthine hydrops		1
D	H	HD68	otherDiagnosis	Presbycusis	The term presbycusis refers to sensorineural hearing impairment in elderly individuals. Characteristically, presbycusis involves bilateral high-frequency hearing loss associated with difficulty in speech discrimination and central auditory processing of information. Gradual onset with ageing of symmetrical, bilateral deafness, particularly involving high-frequency sounds.		deafness HD69	0
D	H	HD69	otherDiagnosis	Deafness		complete deafness both ears;congenital deafness;deafness one ear;partial deafness both ears	noise deafness HD35;otosclerosis HD99;presbyacusis HD68	0
D	H	HD99	otherDiagnosis	Other specified or unknown diagnoses or diseases of ear and mastoid		constricted external canal;narrow external canal;otosclerosis;polyp of middle ear;stenosis external canal	mastoiditis HD05	0
S	H	HS01	symptom	Ear pain or ache		otalgia		0
S	H	HS02	symptom	Hearing complaint		diplacusis;feeling of hearing loss;hyperacusis;hypoacusis	deafness one ear HD69;deafness both ears HD69;tinnitus HS03	0
S	H	HS03	symptom	Tinnitus, ringing or buzzing ear	A nonspecific symptom of hearing disorder characterised by the sensation of buzzing, ringing, clicking, pulsations, and other noises in the ear in the absence of appropriate corresponding external stimuli and in the absence of what the examiner can hear with a stethoscope.	echo in ear	ears crackling/popping HS99	0
S	H	HS04	symptom	Ear discharge		otorrhoea	blood in/from ear HS05	0
S	H	HS05	symptom	Bleeding ear		blood from ear;blood in ear;hemorrhage from the ear;otorrhagia		0
S	H	HS06	symptom	Plugged feeling in ear		blocked ear	excessive ear wax HD66	0
S	H	HS90	complaint	Concern or fear of ear disease	Concern about or fear of ear disease or deafness in a patient without the disease and until the diagnosis is proven.	fear of deafness		0
S	H	HS91	complaint	Concern about appearance of ears			bat ears/congenital anomaly ear HD55	0
S	H	HS99	symptom	Other specified symptoms, complaints, abnormal findings of ear		ears crackling;ears popping;itchy ears;pulling at ears		0
D	K	KD01	infection	Infection of circulatory system		acute endocarditis;bacterial endocarditis;chronic bacterial endocarditis;myocarditis;pericarditis;subacute endocarditis	arteritis KD99;chronic non-bacterial endocarditis KD71;phlebitis and thrombophlebitis KD78;rheumatic heart disease KD02	0
D	K	KD02	infection	Rheumatic heart disease	For acute rheumatic fever: two major, or one major, and two minor manifestations, plus evidence of preceding streptococcal  infection; - major manifestations: migratory polyarthritis; carditis; chorea; erythema marginatum; subcutaneous nodules of recent onset - minor manifestations: fever; arthralgia; elevated ESR or positive C-reactive protein; prolonged P-R interval on ECG- For chronic rheumatic heart disease: either physical findings consistent with a valve lesion of the heart in a patient with a history of rheumatic fever; or physical findings consistent with mitral stenosis, even in the absence of a history of rheumatic fever, but without any other demonstrable cause.	chorea		0
D	K	KD02.00	infection	Acute rheumatic fever with heart disease	For acute rheumatic fever: two major, or one major, and two minor manifestations, plus evidence of preceding streptococcal  infection; - major manifestations: migratory polyarthritis; carditis; chorea; erythema marginatum; subcutaneous nodules of recent onset - minor manifestations: fever; arthralgia; elevated ESR or positive C-reactive protein; prolonged P-R interval on ECG-			1
D	K	KD02.01	infection	Acute rheumatic fever without heart disease	For acute rheumatic fever: two major, or one major, and two minor manifestations, plus evidence of preceding streptococcal  infection; - major manifestations: migratory polyarthritis; chorea; erythema marginatum; subcutaneous nodules of recent onset - minor manifestations: fever; arthralgia; elevated ESR or positive C-reactive protein.			1
D	K	KD25	neoplasm	Neoplasms circulatory system			haemangioma SD28	0
D	K	KD25.00	neoplasm	Benign cardiovascular neoplasm				1
D	K	KD25.01	neoplasm	Malignant cardiovascular neoplasm				1
D	K	KD25.02	neoplasm	Uncertain cardiovascular neoplasm				1
D	K	KD35	trauma	Injury of circulatory system		injury of blood vessels		0
D	K	KD55	congenital	Congenital anomaly of circulatory system		Fallot's tetralogy;patent ductus arteriosus	haemangioma SD28	0
D	K	KD55.00	congenital	Congenital anomaly of atrial septum		A congenital cardiovascular malformation in which there is an abnormality of the atrial septum.		1
D	K	KD55.01	congenital	Congenital ventricular septal defect	A congenital cardiac malformation in which there is an abnormality of a ventricle and/or the ventricular septum. The ventricles include the ventricular inlet, ventricular body and ventricular outflow tract.			1
D	K	KD65	otherDiagnosis	Acute coronary syndrome	Acute coronary syndrome (ACS) is a syndrome, a set of signs and symptoms, due to decreased blood flow in the coronary arteries such that part of the heart muscle is unable to function properly or dies. The most common symptom is chest pain, often radiating to the left shoulder or angle of the jaw, crushing, central and associated with nausea and sweating.			0
D	K	KD65.00	otherDiagnosis	Acute myocardial infarction	Acute myocardial infarction is myocardial necrosis resulting from acute obstruction of a coronary artery.			1
D	K	KD65.01	otherDiagnosis	Unstable angina pectoris	Precordial pain at rest, which may precede a myocardial infarction.			1
D	K	KD66	otherDiagnosis	Chronic ischaemic heart disease	Chronic heart disease is seen due to the atherosclerosis of coronary arteries.	aneurysm of heart;arteriosclerotic heart disease;atherosclerotic heart disease;coronary artery disease;ischaemic cardiomyopathy;silent myocardial ischaemia	acute ischaemic heart disease KD65	0
D	K	KD66.00	otherDiagnosis	Coronary sclerosis		Atherosclerosis is the build up inside the coronary arteries of cholesterol, fatty acids, calcium, fibrous connective tissue and cells (mostly macrophages), referred to as plaque. The effect of this is to reduce the blood flow through the coronary arteries to heart muscle and when marked results in heart damage often with symptoms such as chest pain.	acute ischaemic heart disease KD65	1
D	K	KD66.01	otherDiagnosis	Old myocardial infarction	Past myocardial infarction diagnosed by ECG or other special investigation, but currently presenting no symptoms.		acute ischaemic heart disease KD65	1
D	K	KD66.02	otherDiagnosis	Stable angina	Persistent and reproducible chest discomfort usually precipitated by a physical exertion that dissipates upon cessation of such an activity. The symptoms are manifestations of myocardial ischemia. Persistent and reproducible chest discomfort usually precipitated by a physical exertion that dissipates upon cessation of such an activity. The symptoms are manifestations of myocardial ischemia.		acute ischaemic heart disease KD65	1
D	K	KD67	otherDiagnosis	Heart failure	Multiple signs including dependent oedema, raised jugular venous pressure, hepatomegaly in the absence of liver disease, pulmonary congestion, pleural effusion, enlarged heart.	diastolic heart failure;left ventricular heart failure;right ventricular heart failure;systolic heart failure	cor pulmonale KD99;pulmonary oedema without heart disease/heart failure RD99	0
D	K	KD67.00	otherDiagnosis	Acute heart failure	Acute heart failure is a state of reduced cardiac ouput with a sudden onset of symptoms.			1
D	K	KD67.01	otherDiagnosis	Chronic heart failure	Chronic heart failure, otherwise known as congestive heart failure or heart failure, is an ongoing inability of the heart to pump enough blood through the body to ensure a sufficient supply of oxygen.			1
D	K	KD67.02	otherDiagnosis	Left ventricular heart failure with mid range or reduced ejection fraction	A syndrome of left ventricular dysfunction associated with mid range or reduced ejection fraction.			1
D	K	KD67.03	otherDiagnosis	Left ventricular heart failure with preserved ejection fraction	A syndrome of left ventricular dysfunction occurring with normal or relatively preserved ejection fraction			1
D	K	KD68	otherDiagnosis	Atrial fibrillation or flutter	Atrial fibrillation is an abnormal cardiac rhythm that is characterised by rapid, uncoordinated firing of electrical impulses in the upper chambers of the heart. As a result, blood cannot be effectively pumped into the lower chambers of the heart. As in atrial fibrillation, patients with atrial flutter cannot effectively pump blood into the lower chambers of the heart. Rapid, irregular atrial contractions caused by a block of electrical impulse conduction in the right atrium and a reentrant wave front travelling up the inter-atrial septum and down the right atrial free wall or vice versa. Unlike atrial fibrillation which is caused by abnormal impulse generation, typical atrial flutter is caused by abnormal impulse conduction.		paroxysmal tachycardia KD69	0
D	K	KD69	otherDiagnosis	Paroxysmal tachycardia	History of recurrent episodes of rapid heart rate (over 140 beats per minute) with both abrupt onset and termination.	re-entry tachycardia	tachycardia NOS KS02;atrial fibrillation KD68	0
D	K	KD69.00	otherDiagnosis	Supraventricular tachycardia	Tachycardia originating at or above the atrioventricular (AV) node, usually with a narrow QRS or QRS complex similar to the sinus QRS morphology.		tachycardia NOS KS02;atrial fibrillation KD68	1
D	K	KD69.01	otherDiagnosis	Ventricular tachycardia	Ventricular tachycardia is a cardiac arrhythmia of three or more consecutive complexes in duration emanating from the ventricles at a rate of greater than 120 bpm in adolescents or adults and a rate greater than 150 bpm in child. Ventricular tachycardia may occur with or without loss of cardiac output.		tachycardia NOS KS02;atrial fibrillation KD68	1
D	K	KD70	otherDiagnosis	Cardiac arrhythmia or conduction disorder or both	One or more heart beats which occur at times other than the regular beats of the underlying rhythm.	atrial premature beats;bigeminy;bundle branch block;cardiac arrhythmia;conduction disorder;ectopic beats;extrasystoles;heart block;junctional premature beats;left bundle-branch block;other conduction disorders;premature beats;right bundle branch block;ventricular fibrillation/flutter;ventricular premature beats	paroxysmal tachycardia KD69	0
D	K	KD70.00	otherDiagnosis	Atrioventricular block	Disorder of the atrioventricular conduction system.			1
D	K	KD70.01	otherDiagnosis	Long Q-T syndrome	A congenital disorder of ventricular myocardial repolarization characterised by a prolonged QT interval on the electrocardiogram (ECG) that can lead to symptomatic ventricular arrhythmias and an increased risk of sudden cardiac death.			1
D	K	KD70.02	otherDiagnosis	Sick-sinus syndrome	Sick sinus syndrome may be defined as inappropriate sinus rates (either resting bradycardia or chronotropic incompetence) which may be associated with episodes of atrial tachycardia.			1
D	K	KD70.03	otherDiagnosis	Supraventricular extrasystoles	Cardiac electrical depolarization arising from the atria, occurring earlier than the expected sinus beat			1
D	K	KD70.04	otherDiagnosis	Ventricular extrasystoles	Ventricular depolarization occurring earlier than the expected ventricular depolarization initiated by the sinoatrial node or another supraventricular pacemaker.			1
D	K	KD70.05	otherDiagnosis	Wolff-Parkinson-White syndrome	Arrhythmia symptoms, documented supraventricular tachycardia, and/or cardiac arrest due to rapidly conducted atrial fibrillation associated with preexcitation on electrocardiogram. Includes latent preexcitation identified during electrophysiology study.			1
D	K	KD71	otherDiagnosis	Heart valve disease	Evidence of valvular dysfunction by either characteristic heart murmur, or by imaging or echocardiographic evidence of abnormal valve.	non-rheumatic aortic/mitral/pulmonary/tricuspid valve disorder	rheumatic heart disease KD02	0
D	K	KD71.00	otherDiagnosis	Cardiac valve prolapse		Downward displacement of any one of the heart valves from its normal position. This usually results in failed valve closure.		1
D	K	KD71.01	otherDiagnosis	Mitral valve insufficiency or incompetence or mitral regurgitation	Mitral insufficiency is a clinical condition which mitral valve can't close properly. It is the antidromic leaking of blood from the left ventricle through the mitral valve, and into the left atrium.			1
D	K	KD71.02	otherDiagnosis	Stenosed aortic valve	Aortic valve stenosis is abnormal narrowing of the aortic valve. This decreases the blood flow from heart to organs.			1
D	K	KD72	otherDiagnosis	Other specified and unknown heart disease		cardiomegaly;non-infectious disease of pericardium;non-infectious myocarditis;unknown heart disease		0
D	K	KD72.00	otherDiagnosis	Cardiac arrest	A sudden, sometimes temporary, cessation of heart function resulting in hemodynamic collapse.			1
D	K	KD72.01	otherDiagnosis	Cardiac arrest with successful resuscitation				1
D	K	KD72.02	otherDiagnosis	Cardiomyopathy	These are myocardial disorders in which the heart muscle is structurally and functionally abnormal, in the absence of coronary artery disease, hypertension, valvular disease and congenital heart disease sufficient to cause the observed myocardial abnormality.			1
D	K	KD73	otherDiagnosis	Hypertension, uncomplicated	Although a continuous association exists between higher blood pressure and increased cardiovascular disease risk, it is useful to categorize blood pressure levels for clinical and public health decision making. Look at the guidelines for the criteria. The complications of uncontrolled or prolonged hypertension include damage to the blood vessels, heart, kidneys and brain.	essential hypertension;idiopathic hypertension	hypertension with complications KD74;hypertension in pregnancy WD70	0
D	K	KD74	otherDiagnosis	Hypertension, complicated	The complications of uncontrolled or prolonged hypertension include damage to the blood vessels, heart, kidneys and brain.	hypertensive heart disease;hypertensive renal disease;malignant hypertension;secondary hypertension	uncomplicated hypertension KD73	0
D	K	KD75	otherDiagnosis	Postural hypotension	Signs or symptoms of cerebrovascular insufficiency (dizziness, syncope) on changing from the supine to the upright position; and a fall in mean blood pressure of 15 mm Hg on two or more occasions when changing from the supine to the upright position.	orthostatic hypotension	hypotension due to drugs AD41;low blood pressure KS50;idiopathic hypotension KS50	0
D	K	KD76	otherDiagnosis	Atherosclerosis or peripheral vascular disease		arterial embolism;arterial thrombosis;arterial stenosis;arteriosclerosis;atherosclerosis;atheroma;gangrene;vasospasm	acute myocardial infarction KD65;aneurysm KD99;cerebral atherosclerosis (transient cerebral ischaemia) ND68;cerebral atherosclerosis ND70;ischaemic heart disease with angina KD65;ischaemic heart disease without angina KD66;mesenteric atherosclerosis DD99;ophthalmic/retinal  atherosclerosis FD99;pulmonary atherosclerosis KD77;stroke/cerebrovascular accident ND69;renal atherosclerosis UD99	0
D	K	KD76.00	otherDiagnosis	Intermittent claudication	A symptom complex characterized by pain and weakness in skeletal muscle group associated with exercise, such as leg pain and weakness brought on by walking. Such muscle limpness disappears after a brief rest and is often relates to arterial stenosis; muscle ischemia; and accumulation of lactate.			1
D	K	KD76.01	otherDiagnosis	Raynaud's syndrome	Raynaud phenomenon describes an exaggerated vascular response to cold temperature or emotional stimuli resulting in episodic digital ischaemia. It is characterised by paroxysmal vasoconstriction producing initially pallor, an essential component for the diagnosis, followed by cyanosis and erythema. Primary Raynaud disease is an isolated innocuous disorder. Secondary Raynaud phenomenon occurs in association with a wide range of different disorders including dysproteinaemias and non-organ-specific systemic autoimmune diseases.			1
D	K	KD76.02	otherDiagnosis	Thromboangiitis obliterans	Thromboangiitis obliterans (TAO), or Buerger's disease, is a segmental occlusive inflammatory condition of arteries and veins, with thrombosis and recanalization of the affected vessels. It is a nonatherosclerotic inflammatory disease affecting small and medium sized arteries and veins of upper and lower extremities. TAO can be distinguished from other types of vasculitis based on its tendency to occur in young male subjects. The etiology and pathogenesis of TAO remains unknown; however, tobacco consumption plays a key role in the initiation and persistence of the disease.			1
D	K	KD77	otherDiagnosis	Pulmonary embolism	This is a blockage of the main artery of the lung or one of its branches by a substance that has travelled from elsewhere in the body through the bloodstream (embolism) with a sudden onset of dyspnoea/tachypnoea and either clinical or imaging evidence of pulmonary infarction, or ECG evidence of acute right ventricular strain.	pulmonary (artery/vein) infarction;pulmonary thromboembolism;pulmonary thrombosis		0
D	K	KD78	otherDiagnosis	Thrombosis or phlebitis or thrombophlebitis		phlebothrombosis;portal thrombosis	cerebral thrombosis ND69, ND70	0
D	K	KD78.00	otherDiagnosis	Deep vein thrombosis	The process whereby thrombus (blood clot) forms in the large veins of the peripheral venous system. In addition to obstructing venous return it posses a hazard whereby thrombus may detach and embolize to the pulmonary circulation.			1
D	K	KD78.01	otherDiagnosis	Superficial vein thrombophlebitis	Inflammation of a vein associated with a blood clot (thrombus).			1
D	K	KD79	otherDiagnosis	Varicose veins	Presence of dilated superficial veins or demonstration of valve incompetence of veins.	varicose eczema;varicose veins of sites other than lower extremities;venous stasis	oesophageal varices KD99;varicose ulcer SD77;varicose veins of anus/rectum DD84;varicose veins in pregnancy WD99.04	0
D	K	KD79.00	otherDiagnosis	Scrotal varices/varicocele	A condition characterized by the dilated tortuous veins of the spermatic cordD with a marked left-sided predominance. Adverse effect on male fertility occurs when varicocele leads to an increased scrotal (and testicular) temperature and reduced testicular volume	varicocele		1
D	K	KD79.01	otherDiagnosis	Venous insufficiency	The presence of increased pressure in the peripheral venous system, particularly of the lower extremities. Peripheral venous hypertension may be due to incompetence of venous valves following deep vein thrombosis but other factors including obesity may also impair venous return. The consequences of chronic peripheral venous insufficiency include varicose veins, venous ulceration and lymphoedema.			1
D	K	KD99	otherDiagnosis	Other specified and unknown diagnoses and diseases of the circulatory system		arteriovenous fistula;arteritis;other aneurysm;polyarteritis nodosa;vasculitis	atherosclerotic arterial stricture/stenosis KD76;cerebral aneurysm ND70;chronic/non-specific lymphadenitis BD02;gangrene KD76	0
D	K	KD99.00	otherDiagnosis	Aortic aneurysm or dissection		Aortic aneurysm is a term for any swelling (dilation or aneurysm) of the aorta to greater than 1.5 times normal, usually representing an underlying weakness in the wall of the aorta at that location. Aortic dissection occurs when a tear in the inner wall of the aorta causes blood to flow between the layers of the wall of the aorta, forcing the layers apart.		1
D	K	KD99.01	otherDiagnosis	Diabetic peripheral angiopathy				1
D	K	KD99.02	otherDiagnosis	Oesophageal varices	Abnormally dilated veins developed as portosystemic shunts in the lining of the lower oesophagus in patients with portal hypertension. Once oesophageal varices develop, they continue to grow, and bleeding from oesophageal varices can be fatal.			1
D	K	KD99.03	otherDiagnosis	Arteritis temporalis	Arteritis, often granulomatous, usually affecting the aorta and/or its major branches, with a predilection for the branches of the carotid artery. Often involves the temporal artery. Onset usually in patients older than 50 and often associated with polymyalgia rheumatica.			1
D	K	KD99.04	otherDiagnosis	Lymphoedema	Swelling due to the excess accumulation of lymph in the tissues caused by inadequate lymph drainage. It typically affects the extremities but may involve any body site. It is disfiguring and increases susceptibility to recurrent infection and local malignancy.			1
S	K	KS01	symptom	Pain, pressure, tightness of heart		heaviness of heart;pain attributed to the heart	angina pectoris KD65;chest pain NOS AS12;chest pain attributed to the musculoskeletal system LS04;chest tightness RS99;fear of heart attack KS90;shortness  of breath, dyspnoea RS02	0
S	K	KS02	symptom	Palpitations, awareness of heart		bradycardia;tachycardia	paroxysmal tachycardia KD69	0
S	K	KS03	symptom	Irregular heartbeat			palpitations, awareness of heart KS02	0
S	K	KS04	symptom	Ankle oedema	Nearly painless swelling of ankles, usually on both sides, but not always symmetrical.	swollen feet;swollen legs	anasarca/generalized oedema AS09;ankle symptom LS15;localized swelling SS03	0
S	K	KS50	clinicalFinding	Low blood pressure		idiopathic hypotension	postural hypotension KD75	0
S	K	KS51	clinicalFinding	Elevated blood pressure		labile hypertension;transient hypertension;white coat hypertension	hypertension, uncomplicated KD73;hypertension, complicated KD74	0
S	K	KS52	clinicalFinding	Heart murmur or arterial murmur or both		cardiac artery bruit;carotid artery bruit;innocent murmur of childhood;renal artery bruit	cerebrovascular disease ND70;rheumatic heart disease KD02;valve disease KD71	0
S	K	KS90	complaint	Concern or fear of disease of circulatory system	Concern about or fear of heart attack or disease in a patient without the disease and until the diagnosis is proven.	fear of heart attack;fear of heart disease;fear of hypertension		0
S	K	KS99	symptom	Other specified symptoms, complaints, abnormal findings of circulatory system		cardiovascular pain;non-neoplastic nevus;prominent veins;spider naevus;telangiectasis	cyanosis SS07	0
D	L	LD01	infection	Infection of musculoskeletal system	Infection localised in musculoskeletal system.	infective tenosynovitis	Reiter's disease LD99;late effect of polio ND01	0
D	L	LD01.00	infection	Bacterial (septic) arthritis	Hematogenic or non-hematogenic infections of joints with the microbes listed.			1
D	L	LD01.01	infection	Osteomyelitis	Inflammation of the bone as a result of infection. It may be caused by a variety of infectious agents, especially pyogenic (pus - producing) bacteria.			1
D	L	LD25	neoplasm	Malignant neoplasm musculoskeletal system	Characteristic histological appearance.	fibrosarcoma;osteosarcoma	benign, uncertain or carcinoma in situ musculoskeletal LD26;secondary neoplasms (code to original site)	0
D	L	LD26	neoplasm	Benign, uncertain or carcinoma in situ musculoskeletal		musculoskeletal neoplasm in situ;musculoskeletal neoplasm not specified as benign or malignant/when histology is not available;myofibromatosis;osteochondroma	malignant musculoskeletal neoplasm LD25	0
D	L	LD26.00	neoplasm	Benign musculoskeletal neoplasm				1
D	L	LD35	trauma	Fracture of radius or ulna or both	Imaging evidence of a fracture; or trauma plus visible/palpable deformity or crepitus involving the bone.	Colles' fracture;elbow fracture	non-union LD99	0
D	L	LD36	trauma	Fracture of tibia or fibula or both	Imaging evidence of a fracture; or trauma plus visible/palpable deformity or crepitus involving the bone.	Pott's fracture	fracture patella LD39;non-union LD99	0
D	L	LD37	trauma	Fracture of hand or foot bone or both	Imaging evidence of a fracture; or trauma plus visible/palpable deformity or crepitus involving the bone.	fracture of carpal bone;fracture of metacarpal bone;fracture of tarsal bone;fracture of metatarsal bone	non-union LD99	0
D	L	LD37.00	trauma	Fracture phalanx hand				1
D	L	LD37.01	trauma	Fracture phalanx foot				1
D	L	LD38	trauma	Fracture of femur	Imaging evidence of a fracture; or trauma plus visible/palpable deformity or crepitus involving the bone.		non-union LD99	0
D	L	LD38.00	trauma	Fracture of neck of femur				1
D	L	LD39	trauma	Other specified and unknown fracture	Imaging evidence of a fracture; or trauma plus visible/palpable displacement of the bone surface.	unknown fracture	fractures in radius/ulna LD35;fractures in tibia/fibula LD36;fractures in hand/foot bone LD37;fractures in femur LD38;non-union LD99;fracture skull with cerebral injury ND36	0
D	L	LD39.00	trauma	Fracture nasal bones				1
D	L	LD39.01	trauma	Fracture of clavicle				1
D	L	LD39.02	trauma	Fracture of humerus				1
D	L	LD39.03	trauma	Fracture of rib				1
D	L	LD39.04	trauma	Fracture of vertebral column				1
D	L	LD39.05	trauma	Fracture of pelvis				1
D	L	LD39.06	trauma	Fracture of patella				1
D	L	LD39.07	trauma	Fracture of skull				1
D	L	LD45	trauma	Trauma of joint and ligaments of knee	An injury to the ligaments and capsule of the knee (sprain) or an injury to the muscles or tendons around the knee (strain).	acute damage to meniscus/cruciate ligaments	chronic internal damage to knee LD99;dislocation of patella LD48	0
D	L	LD45.00	trauma	Acute derangement of knee				1
D	L	LD45.01	trauma	Rupture/sprain of cruciate ligaments of knee				1
D	L	LD45.02	trauma	Sprain of lateral/medial collateral ligament of knee		acute damage to collateral ligaments of knee		1
D	L	LD45.03	trauma	Tear of meniscus of knee				1
D	L	LD46	trauma	Sprain or strain of ankle	A stretch injury of the affected part plus pain aggravated by stretching or tensing the affected structure.			0
D	L	LD47	trauma	Other specified and unknown sprain or strain of joint	A stretch injury of the affected part plus pain aggravated by stretching or tensing the affected structure.	sprain/strain of other joint/ligament;unknown sprain or strain of joint	sprain/strain ankle LD46;sprain/strain knee LD45;back strain LD66	0
D	L	LD47.00	trauma	Whiplash injury of neck	A collective term for muscle and ligament injuries of the tissues associated with the cervical spine without dislocation or fracture; a joint injury in which some of the fibers of a supporting ligament are ruptured but the continuity of the ligament remains intact. A strain is an overstretching or overexertion of some part of the musculature.		cervical neck sprain LD65	1
D	L	LD48	trauma	Dislocation or subluxation	A trauma to the joint plus either imaging evidence of a dislocation/subluxation, or visible/palpable dislocation deformity.	dislocation of any site, including spine;subluxation of any site, including spine		0
D	L	LD48.00	trauma	Closed subluxation/open dislocation jaw	Displacement of the mandible, the largest and strongest bone of the face constituting the lower jaw. Dislocation of the temporomandibular joint is a painful condition that occurs when the mandibular condyle becomes fixed in the anterosuperior aspect of the articular eminence. TMJ dislocation is due to either trauma or, more commonly, excessive opening of the mandible. Spasm of the masseter, temporalis, and internal pterygoid muscles results in trismus, preventing return of the condyle to the temporal fossa.			1
D	L	LD48.01	trauma	Dislocation/subluxation acromioclavicular joint				1
D	L	LD48.02	trauma	Dislocation/subluxation finger				1
D	L	LD48.03	trauma	Dislocation/subluxation shoulder joint				1
D	L	LD48.04	trauma	Subluxation radial head				1
D	L	LD49	trauma	Other specified musculoskeletal injury		deep foreign body;traumatic amputation;traumatic haemarthrosis	animal bite SD40;bruise/contusion SD35;head injury/ concussion/intracranial injury/skull fracture ND36;injury teeth DD35;injury eardrum HD65;insect bite/sting SD39;internal injury of chest/abdomen/pelvis, multiple trauma AD35;laceration/open wound SD37;laceration/other injury to nerve ND37;late effect trauma/deformity/disability/scarring AD37;non-/mal-union of fracture LD99;traumatic arthropathy LD80	0
D	L	LD49.00	trauma	Contusion of rib				1
D	L	LD49.01	trauma	Tear musculus gastrocnemius		injury of Achilles tendon		1
D	L	LD55	congenital	Congenital anomaly of musculoskeletal system		bow leg;clubfoot (talipes);congenital malformation of skull and face;genu recurvatum;other congenital deformity of the foot	pes planus (acquired) LD71;scoliosis LD70;spina bifida ND55	0
D	L	LD55.00	congenital	Cervical rib	A supernumerary rib developing from an abnormal enlargement of the costal element of the C7 vertebra. This anomaly is found in 1-2% of the population and can put pressure on adjacent structures causing cervical rib syndrome; thoracic outlet syndrome; or other conditions.			1
D	L	LD55.01	congenital	Congenital dislocation of hip/dysplasia	Congenital dislocation of the hip generally includes subluxation of the femoral head, acetabular dysplasia, and complete dislocation of the femoral head from the true acetabulum. This condition occurs in approximately 1 in 1000 live births and is more common in females than in males.			1
D	L	LD55.02	congenital	Spina bifida occulta	A common congenital midline defect of fusion of the vertebral arch without protrusion of the spinal cord or meninges. The lesion is also covered by skin. L5 and S1 are the most common vertebrae involved. The condition may be associated with an overlying area of hyperpigmented skin, a dermal sinus, or an abnormal patch of hair.			1
D	L	LD55.03	congenital	Talipes equinovarus	A condition characterised by a foot that is fixated in adduction, in supination, and in varus. This condition may be associated with intrauterine position, genetic mutation, or can be idiopathic.			1
D	L	LD65	otherDiagnosis	Neck syndrome	Cervical pain from the neck with or without radiation.	cervical disc lesion  with/without radiation of pain;cervicobrachial syndrome with/without radiation of pain;cervicogenic headache  with/without radiation of pain;osteoarthritis of neck  with/without radiation of pain;torticollis  with/without radiation of pain;cervical spondylosis (osteoarthritis);cervical myelopathy;cervical radiculopathy	whiplash injury of neck LD47.00	0
D	L	LD65.00	otherDiagnosis	Cervical herniation of nucleus pulposus				1
D	L	LD66	otherDiagnosis	Back syndrome without radiating pain	Back pain without radiation plus limitation of movement confirmed at medical examination.	back strain;collapsed vertebra;facet joint degeneration;osteoarthrosis or osteoarthritis of spine	back pain with radiation/sciatica LD67;coccydynia LS03;syndrome related to the neck LD65	0
D	L	LD66.00	otherDiagnosis	Spondylosis	A degenerative spinal disease that can involve any part of the vertebra, the intervertebral disk, and the surrounding soft tissue			1
D	L	LD66.01	otherDiagnosis	Spondylolysis/spondylolisthesis	1. Spondylolysis is a condition characterised by deficient development or degeneration of a portion of the vertebra, usually in the pars interarticularis (the bone bridge between the superior and inferior facet joints of the lumbar vertebra). 2. Spondylolisthesis is a forward displacement of a vertebral body (the anterior or front-facing portion of a vertebrae), with a higher position over the vertebral body below.			1
D	L	LD67	otherDiagnosis	Back syndrome with radiating pain	Pain in the lumbar/thoracic region of the spine, accompanied by pain radiating to, or a neurological deficit of an appropriate area; or sciatica, pain radiating down the back of the leg, aggravated by coughing, movement, or posture; or demonstration of a prolapsed lumbar or thoracic disc by appropriate imaging technique, or during surgery.	disc prolapse/degeneration	cervical disc lesion LD65;recent back strain LD66;spondylolisthesis LD66	0
D	L	LD67.00	otherDiagnosis	Lumbar or thoracic disc prolapse with radiculopathy				1
D	L	LD68	otherDiagnosis	Shoulder syndrome	Shoulder pain with limitation of movement/local tenderness/crepitus; or periarticular calcification on imaging.	adhesive capsulitis (frozen shoulder);bursitis of shoulder;osteoarthrosis of shoulder;rotator cuff syndrome;synovitis of shoulder;tendinitis around shoulder		0
D	L	LD69	otherDiagnosis	Patella disorder		recurrent instability of patella	dislocation/subluxation due to an injury LD48	0
D	L	LD69.00	otherDiagnosis	Retropatellar chondromalacia				1
D	L	LD70	otherDiagnosis	Acquired deformity of spine		kyphoscoliosis;kyphosis;lordosis	ankylosing spondylitis LD74;congenital deformity LD55;spondylolisthesis LD66	0
D	L	LD70.00	otherDiagnosis	Scoliosis deformity of spine	An appreciable lateral deviation in the normally straight vertical line of the spine.			1
D	L	LD71	otherDiagnosis	Acquired deformity of limb		bunion;genu valgum-varum	general congenital deformity/anomaly AD55;musculoskeletal genital deformity/anomaly LD55	0
D	L	LD71.00	otherDiagnosis	Acquired unequal limb length				1
D	L	LD71.01	otherDiagnosis	Hallux valgus	Lateral displacement of the great toe (hallux), producing deformity of the first metatarsophalangeal joint with callous, bursa, or bunion formation over the bony prominence.			1
D	L	LD71.02	otherDiagnosis	Hammer toe	A hammer toe or contracted toe is a deformity of the muscles and ligaments of the proximal interphalangeal joint of the second, third, fourth, or fifth toe causing it to be bent, resembling a hammer.			1
D	L	LD71.03	otherDiagnosis	Mallet finger	A mallet finger, also known as hammer finger or PLF finger or Hannan finger, is an extensor tendon injury at the farthest away finger joint.[2] This results in the inability to extend the finger tip without pushing it			1
D	L	LD71.04	otherDiagnosis	Talipes (pes) planus	Anomaly in which one or more of the arches of the feet are flat.			1
D	L	LD72	otherDiagnosis	Other specified and unknown bursitis, tendinitis, synovitis		bone spurs;calcified tendon;fasciitis;synovial cysts;unknown bursitis, tendinitis, synovitis	bursitis/tendinitis/synovitis of shoulder LD68;sprain or strain of knee LD45;tennis elbow/lateral epicondylitis LD73	0
D	L	LD72.00	otherDiagnosis	Acquired trigger finger	This is a common disorder characterised by catching, snapping or locking of the involved finger flexor tendon, associated with dysfunction and pain.			1
D	L	LD72.01	otherDiagnosis	Bursitis	This is a disorder of inflammation of one or more bursae (small sacs) of synovial fluid in the body which usually results in pain.			1
D	L	LD72.02	otherDiagnosis	Calcaneus spur	This is a disorder characterised by a bone outgrowth located on the calcaneus (heel bone).			1
D	L	LD72.03	otherDiagnosis	Dupuytren's contracture	This is a fixed flexion contracture of the hand where the fingers bend towards the palm and cannot be fully extended (straightened).			1
D	L	LD72.04	otherDiagnosis	Medial epicondylitis of elbow joint	This is a common upper extremity disorder which is characterised by degenerative changes in the musculotendonous region of the medial epicondyle, resulting from repetitive stress of flexion and extension movements of the wrist joint.			1
D	L	LD72.05	otherDiagnosis	Tendinitis/tenosynovitis	1. Tendinitis is a clinical syndrome describing overuse tendon injuries characterized by a combination of pain, diffuse or localized swelling, and impaired performance. 2. Tenosynovitis is an inflammation of the synovial lining of a tendon sheath. Causes include trauma, tendon stress, bacterial disease (gonorrhea, tuberculosis), rheumatic disease, and gout. Common sites are the hand, wrist, shoulder capsule, hip capsule, hamstring muscles, and Achilles tendon. The tendon sheaths become inflamed and painful, and accumulate fluid. Joint mobility is usually reduced.	transient synovitis of hip		1
D	L	LD72.06	otherDiagnosis	Achilles tendinitis	A clinical syndrome describing overuse achilles tendon injuries characterized by a combination of pain, diffuse or localized swelling, and impaired performance.			1
D	L	LD72.07	otherDiagnosis	Trochanteric bursitis	A common and painful condition which affects the outer side of the hip and thigh			1
D	L	LD72.08	otherDiagnosis	Radial styloid tenosynovitis (de Quervain)	Inflammation of the flexor and/or extensor tendon synovial sheaths in the hand and wrist that control movement of the thumb.			1
D	L	LD72.09	otherDiagnosis	Ganglion	This is a nodular tumour-like lesions or mucoid flesh, arising from tendon sheaths, ligaments, or joint capsule, especially of the hands, wrists, or feet. They are not true cysts as they lack epithelial wall. They are distinguished from synovial cysts by the lack of communication with a joint cavity or the synovial membrane.			1
D	L	LD72.10	otherDiagnosis	Plantar fascial fibromatosis	A hyperproliferative fibrous tissue disorder resulting in the formation of nodules along the plantar fascia.			1
D	L	LD73	otherDiagnosis	Tennis elbow	A condition characterised by pain in or near the lateral humeral epicondyle or in the forearm extensor muscle mass as a result of unusual strain.	lateral epicondylitis	other tendinitis LD72	0
D	L	LD74	otherDiagnosis	Rheumatoid arthritis and related conditions			gout LD75;other crystalarthropathies LD99;polymaylagia rheumatica LD75;psoriatic arthropathy LD99	0
D	L	LD74.00	otherDiagnosis	Ankylosing spondylitis (M. Bechterew/Bekhterev's disease)	Ankylosing spondylitis - a chronic inflammatory condition affecting the axial joints, such as the sacroiliac joint and other intervertebral or costovertebral joints. It occurs predominantly in young males and is characterised by pain and stiffness of joints (ankylosis) with inflammation at tendon insertions.			1
D	L	LD74.01	otherDiagnosis	Rheumatoid arthritis	1. Rheumatoid arthritis (RA) is persistent and/or erosive disease that is defined as the confirmed presence of synovitis in at least 1 joint, absence of an alternative diagnosis that better explains the synovitis, and achievement of a total score of 6 or greater (of a possible 10) from the individual scores in 4 domains: number and site of involved joints, serologic abnormality, elevated acute-phase response, and symptom duration. 2. Juvenile idiopathic arthritis (JIA) is the term used to describe a group of inflammatory articular disorders of unknown cause that begin before the age of 16 and last over 6 weeks. Six disorders have been defined: systemic-onset juvenile idiopathic arthritis (formerly referred to as Still's disease), oligoarticular arthritis, rheumatoid factor-positive polyarthritis, rheumatoid factor-negative polyarthritis, enthesitis-related arthritis (spondylarthropathies), and the juvenile form of psoriatic arthritis. 3. Adult onset Still's disease is a rare rheumatic condition characterised by a combination of symptoms, such as fever higher than 39 degrees C, cutaneous rash during fever peaks, joint or muscle pain, lymph node hypertrophy, increase of white blood cells (especially polymorphonuclear neutrophils) and abnormalities of liver metabolism.	juvenile arthritis;adult-onset Still's disease		1
D	L	LD75	otherDiagnosis	Gout	Gout is an acute or chronic arthropathy resulting from deposition of monosodium urate monohydrate crystals in joint tissues. It is strongly associated with hyperuricaemia, which may be secondary to certain drugs, poisons or lymphoproliferative disorders. Gout is definitively diagnosed by demonstration of urate crystals in aspirated synovial fluid in the absence of an alternative aetiology for arthritis. It may be associated with focal urate deposition in skin and subcutaneous tissue (tophaceous gout) and with urate nephropathy.		hyperuricemia TD99;pseudo-gout/other crystal arthropathy LD99	0
D	L	LD76	otherDiagnosis	Polymyalgia rheumatica	Polymyalgia rheumatica (PMR) is a syndrome characterised by aching of the proximal portions of the extremities and torso. Provisional classification criteria for PMR by the European League Against Rheumatism/American College of Rheumatology Collaborative Initiative should be applied to patients aged 50 years or older with bilateral shoulder aching, and abnormal CRP and/or ESR. The scoring algorithm is based on morning stiffness more than 45 minutes (2 points), hip pain/limited range of motion (1 point), absence of rheumatoid factor and/or anti-citrullinated protein antibody (1 point), with optional ultrasound criteria. Most commonly, PMR occurs in isolation, but may be seen in 40-50% of patients with giant cell arteritis.			0
D	L	LD77	otherDiagnosis	Osteochondrosis	Any of a group of bone disorders involving one or more ossification centers (epiphyses). It is characterised by degeneration or necrosis followed by revascularization and reossification. Osteochondrosis often occurs in children causing varying degrees of discomfort or pain. There are many eponymic types for specific affected areas, such as tarsal navicular (Kohler disease) and tibial tuberosity (Osgood-Schlatter disease).	apophysitis of calcaneus (Sevr's disease);Scheuermann's disease;spinal endplate defects		0
D	L	LD77.00	otherDiagnosis	Legg-Calve-Perthes disease	A particular type of femur head necrosis occurring in children, mainly male, with a course of four years or so.			1
D	L	LD77.01	otherDiagnosis	Osgood-Schlatter disease	Any of a group of bone disorders involving one or more ossification centers (epiphyses). It is characterized by degeneration or necrosis followed by revascularization and reossification. Osteochondrosis often occurs in children causing varying degrees of discomfort or pain. There are many eponymic types for specific affected areas, such as tarsal navicular (Kohler disease) and tibial tuberosity (Osgood-Schlatter disease).			1
D	L	LD77.02	otherDiagnosis	Osteochondritis dissecans	A type of osteochondritis in which articular cartilage and associated bone becomes partially or totally detached to form joint loose bodies. Affects mainly the knee, ankle, and elbow joints.			1
D	L	LD77.03	otherDiagnosis	Slipped upper femoral epiphysis	A developmental deformity in which the metaphysis of the femur moves proximally and anteriorly away from femur head (epiphysis) at the upper growth plate. It is most common in male adolescents and is associated with a greater risk of early osteoarthritis of the hip.			1
D	L	LD78	otherDiagnosis	Osteoarthrosis of hip	OA is the most common joint disease in persons 65 years of age and above. Its aetiology is not fully understood, although there are several related factors, such as female gender, genetics, metabolism, and excessive mechanical stress. The diagnosis of OA is primarily based on clinical history and physical examination. The cardinal radiographic features of OA are focal/non-uniform narrowing of the joint space in the areas subjected to the most pressure, subchondral cysts, subchondral sclerosis, and osteophytes. Osteoarthrosis means degeneration of the joint and osteoarthritis means inflammation of the joint.	osteoarthritis of hip secondary to dysplasia/trauma		0
D	L	LD79	otherDiagnosis	Osteoarthrosis of knee	A progressive, degenerative joint disease, the most common form of arthritis, especially in older persons. The disease is thought to result not from the aging process but from biochemical changes and biomechanical stresses affecting articular cartilage. In the foreign literature it is often called osteoarthrosis deformans.	osteoarthritis of knee secondary to dysplasia/trauma		0
D	L	LD80	otherDiagnosis	Other specified and unknown osteoarthrosis	OA is the most common joint disease in persons 65 years of age and above. Its aetiology is not fully understood, although there are several related factors, such as female gender, genetics, metabolism, and excessive mechanical stress. The diagnosis of OA is primarily based on clinical history and physical examination. The cardinal radiographic features of OA are focal/non-uniform narrowing of the joint space in the areas subjected to the most pressure, subchondral cysts, subchondral sclerosis, and osteophytes. Osteoarthrosis means degeneration of the joint and osteoarthritis means inflammation of the joint.	arthritis NOS;osteoarthritis;traumatic arthropathy;unknown osteoarthrosis	osteoarthrosis of hip LD78;osteoarthrosis of knee LD79;osteoarthrosis of neck LD65;osteoarthrosis of shoulder LD68;osteoarthrosis of spine LD66	0
D	L	LD81	otherDiagnosis	Osteoporosis	Reduction of bone mass without alteration in the composition of bone, leading to fractures.			0
D	L	LD81.00	otherDiagnosis	Osteopenia	"Osteopenia, known as ""low bone mass"" or ""low bone density"", is a condition in which bone mineral density is low. Because their bones are weaker, people with osteopenia may have a higher risk of fractures, and some people may go on to develop osteoporosis."			1
D	L	LD99	otherDiagnosis	Other specified diagnoses and diseases of musculoskeletal system		chronic internal derangement of knee;contractures;crystal arthropathy;dermatomyositis;osteomalacia;Paget's disease of bone;pathological fracture NOS;pseudo-gout;Reiter's disease; scleroderma;Sjögren's syndrome;spontaneous rupture tendon;systemic lupus erythematosus	gout LD75;hyperuricaemia TD99;post-polio paralysis ND01;post-stroke paralysis NS10	0
D	L	LD99.00	otherDiagnosis	Hypermobility syndrome	An autosomal dominant disorder formerly classified as a type of Ehlers-Danlos syndrome and characterized by joint laxity, recurrent joint dislocation, congenital hip dislocation, and patella dislocation			1
D	L	LD99.01	otherDiagnosis	Instability knee				1
D	L	LD99.02	otherDiagnosis	Loose body in joint				1
D	L	LD99.03	otherDiagnosis	Nonunion of fracture				1
D	L	LD99.04	otherDiagnosis	Old meniscus injury				1
D	L	LD99.05	otherDiagnosis	Psoriatic arthritis	Psoriatic arthritis, a member of the spondyloarthritis family, is defined as an inflammatory arthropathy associated with psoriasis that is usually rheumatic factor negative. It is characterised by various clinical manifestations, including symmetric polyarthritis, asymmetric oligoarthritis or polyarthritis, spinal inflammation similar to ankylosing spondylitis, peripheral enthesitis, anterior chest wall involvement, distal interphalangeal arthritis of the hands and feet, dactylitis (sausage digit or toe), arthritis mutilans and onycho-pachydermo-periostitis. The CASPAR has high sensitivity and specificity.			1
D	L	LD99.06	otherDiagnosis	Tietze's disease	Idiopathic painful nonsuppurative swellings of one or more costal cartilages, especially of the second rib. The anterior chest pain may mimic that of coronary artery disease.			1
D	L	LD99.07	otherDiagnosis	Non-traumatic derangement of knee	Internal derangement of the knee (IDK) is a chronic disorder of the knee due to a torn, ruptured or deranged meniscus of the knee, or a partial or complete cruciate rupture, with or without injury to the capsular ligament, resulting in ongoing or intermittent signs and symptoms such as pain, instability, or abnormal mobility of that knee. If indicated that derangement is due to trauma, code to Injury, poisoning and certain other consequences of external causes, regardless of time past since injury.			1
D	L	LD99.08	otherDiagnosis	Postural plagiocephalie	A deformity of the skull that is not due to bone fusion (synostosis), such as craniosynostoses, and is characterized by an asymmetric skull and face. It is observed with an increased frequency in infants after the adoption of supine sleeping recommendations			1
S	L	LS01	symptom	Neck symptom or complaint		cervicalgia;neck symptom;pain attributed to cervical spine;neck stiffness		0
S	L	LS02	symptom	Back symptom or complaint		backache;dorsalgia;thoracic back pain	low back pain LS03	0
S	L	LS03	symptom	Low back symptom or complaint		coccydynia;lumbago;lumbalgia;lumbar and sacroiliac back pain	sciatica LD67;thoracic back pain LS02	0
S	L	LS04	symptom	Musculoskeletal chest symptom or complaint		chest pain attributed to musculoskeletal system;intercostal pain;swelling on chest	chest pain AS12;intercostal neuralgia ND77;pain attributed to the heart KS01;painful respiration/pleuritic pain/pleurodynia RS01	0
S	L	LS05	symptom	Flank or axilla symptom or complaint		flank pain;loin pain;pain in axilla	kidney symptom US07	0
S	L	LS06	symptom	Jaw symptom or complaint		temporomandibular joint symptom	teeth/gum symptom/complaint DS19;temporomandibular joint disorder DD65	0
S	L	LS07	symptom	Shoulder symptom or complaint				0
S	L	LS08	symptom	Arm symptom or complaint			muscle pain/myalgia LS17	0
S	L	LS09	symptom	Elbow symptom or complaint				0
S	L	LS10	symptom	Wrist symptom or complaint				0
S	L	LS11	symptom	Hand or finger (or both) symptom or complaint		cramp in hands;pain in joint of hand or finger;pain in fingers;pain in hand		0
S	L	LS12	symptom	Hip symptom or complaint				0
S	L	LS13	symptom	Leg or thigh (or both) symptom or complaint		buttock pain;leg cramps;leg weakness	growing pain LS99;muscle pain/myalgia LS17;restless legs NS03	0
S	L	LS14	symptom	Knee symptom or complaint		effusion or swollen knee		0
S	L	LS15	symptom	Ankle symptom or complaint			ankle oedema KS04	0
S	L	LS16	symptom	Foot or toe (or both) symptom or complaint		foot/feet cramp;heel pain		0
S	L	LS16.00	symptom	Metatarsalgia	This is a condition characterised by pain and inflammation in the ball of your foot or at the metatarsal heads.			1
S	L	LS17	symptom	Muscle pain		abdominal wall pain;myalgia;rheumatism	pain in neck LS01;pain in back LS02;pain in lower back LS03;leg cramps LS13	0
S	L	LS18	symptom	Chronic widespread pain	Chronic widespread pain (CWP) is diffuse pain in at least 4 of 5 body regions and is associated with significant emotional distress (anxiety, anger/frustration or depressed mood) and functional disability (interference in daily life activities and reduced participation in social roles). CWP is multifactorial: biological, psychological and social factors contribute to the pain syndrome. The diagnosis is appropriate when the pain is not directly attributable to a nociceptive process in those regions and there are features consistent with nociplastic pain and identified psychological and social contributors. Other chronic pain diagnoses to be considered are chronic cancer pain, chronic postsurgical or posttraumatic pain, chronic neuropathic pain, chronic visceral pain and chronic musculoskeletal pain.	fibromyositis		0
S	L	LS18.00	symptom	Primary fibromyalgia syndrome	A common nonarticular rheumatic syndrome characterized by myalgia and multiple points of focal muscle tenderness to palpation (trigger points). Muscle pain is typically aggravated by inactivity or exposure to cold. This condition is often associated with general symptoms, such as sleep disturbances, fatigue, stiffness, headaches, and occasionally depression. There is significant overlap between fibromyalgia and the chronic fatigue syndrome. Fibromyalgia may arise as a primary or secondary disease process. It is most frequent in females aged 20 to 50 years.	fibromyalgia		1
S	L	LS19	symptom	Muscle symptom or complaint		atrophy of muscle;muscle stiffness;muscle strain;wasting of muscle;weakness of muscle	'growing pains' in child LS99;leg cramps LS13;muscle pain LS17;pain in neck LS01;pain in back LS02;pain in lower back LS03;restless legs NS03	0
S	L	LS20	symptom	Other specified joint symptoms or complaints		arthralgia;effusion of other specified joint;multiple joint symptoms or complaints;pain in joint;stiffness in joint;swelling of joint;weakness in joint	ankle symptom/complaint LS15;elbow symptom/complaint LS09;foot/toe symptom/complaint LS16;hand/finger symptom/complaint LS11;hip symptom/complaint LS12;jaw symptom/complaint LS06;knee symptom/complaint LS14;shoulder symptom/complaint LS07;wrist symptom/complaint LS10	0
S	L	LS90	complaint	Concern or fear of disease of musculoskeletal system	Concern about/fear of disease of musculoskeletal system in a patient without the disease/until the diagnosis is proven.			0
S	L	LS99	symptom	Other specified symptoms, complaints and abnormal findings of musculoskeletal system		abnormal posture;'growing pains' in a child	clubbing of fingernails SS09	0
D	N	ND01	infection	Poliomyelitis	A disease of the nervous system, caused by human poliovirus. This disease commonly presents with a fever, sore throat, headache, vomiting, or stiffness of the neck and back. This disease may present with an acute onset of flaccid paralysis. Transmission is commonly by the faecal-oral route or direct contact. Confirmation is by identification of poliovirus in a faecal sample or by a lumbar puncture.	late effect of poliomyelitis;other neurological enterovirus infection;post-polio syndrome		0
D	N	ND01.00	infection	Acute poliomyelitis	A disease of the nervous system, caused by human poliovirus. This disease commonly presents with a fever, sore throat, headache, vomiting, or stiffness of the neck and back. This disease may present with an acute onset of flaccid paralysis. Transmission is commonly by the faecal-oral route or direct contact. Confirmation is by identification of poliovirus in a faecal sample or by a lumbar puncture.			1
D	N	ND02	infection	Meningitis, encephalitis or both	An acute febrile illness with abnormal findings in the cerebrospinal fluid.			0
D	N	ND02.00	infection	Bacterial meningitis	Any disease of the meninges, caused by an infection with a bacterial source.			1
D	N	ND02.01	infection	Encephalitis	A disease of the brain, caused by an infection.			1
D	N	ND02.02	infection	Myelitis	Inflammation of the spinal cord. Relatively common etiologies include infections. Clinical features generally include weakness, sensory loss, localized pain, incontinence, and other signs of autonomic dysfunction.			1
D	N	ND02.03	infection	Viral meningitis	Any disease of the meninges, caused by an infection with a viral source.			1
D	N	ND03	infection	Tetanus	A disease of the skeletal muscle fibres, caused by an infection with the gram-positive bacteria Clostridium tetani. This disease is characterised by muscle spasms. Transmission is by direct contact of an open wound.			0
D	N	ND04	infection	Other specified and unknown neurological infection		cerebral abscess;unknown neurological infection	acute polyneuritis ND01;meningitis/encephalitis ND02;poliomyelitis ND01	0
D	N	ND04.00	infection	Slow-virus infection	Diseases of viral origin, characterized by incubation periods of months to years, insidious onset of clinical manifestations, and protracted clinical course. Though the disease process is protracted, viral multiplication may not be unusually slow. Conventional viruses produce slow virus diseases such as subacute sclerosing panencephalitis, progressive multifocal leukoencephalopathy, and AIDS. Diseases produced by unconventional agents were originally considered part of this group. They are now called prion diseases.	atypical virus infections of central nervous system		1
D	N	ND25	neoplasm	Neoplasm nervous system	A benign, malignant or a neoplasm with uncertain behaviour that affects the brain, meninges, spinal cord, peripheral nerves or autonomic nervous system. Representative examples of primary neoplasms include astrocytoma, oligodendroglioma, ependymoma, and meningioma.		neurofibromatosis A90	0
D	N	ND25.00	neoplasm	Benign neoplasm nervous system				1
D	N	ND25.01	neoplasm	Malignant neoplasm nervous system				1
D	N	ND25.02	neoplasm	Neoplasm of uncertain behaviour nervous system				1
D	N	ND35	trauma	Concussion	Concussion is a nonspecific term used to describe transient alteration or loss of consciousness following closed head injury. The duration of unconsciousness generally lasts a few seconds, but may persist for several hours.	late effect of concussion	posttraumatic headache NS01	0
D	N	ND36	trauma	Other specified and unknown head injury	Trauma to the head, complicated by cerebral damage.	cerebral injury with skull fracture;cerebral injury without skull fracture;extradural haematoma;subdural haematoma;unknown head injury	concussion ND35	0
D	N	ND36.00	trauma	Cerebral contusion				1
D	N	ND36.01	trauma	Epidural intracranial haematoma	Accumulation of blood in the epidural space between the skull and the dura mater, often as a result of bleeding from the meningeal arteries associated with a temporal or parietal bone fracture. Epidural hematoma tends to expand rapidly, compressing the dura and underlying brain. Clinical features may include headache; vomiting; hemiparesis; and impaired mental function.			1
D	N	ND36.02	trauma	Traumatic intracranial haemorrhage				1
D	N	ND36.03	trauma	Traumatic subdural intracranial haemorrhage	Accumulation of blood in the subdural space with acute onset of neurological symptoms. Symptoms may include loss of consciousness, severe headache, and deteriorating mental status.			1
D	N	ND37	trauma	Other specified and unknown injury neurological system		nerve injury;spinal cord injury;unknown injury neurological system		0
D	N	ND55	congenital	Congenital anomaly of neurological system				0
D	N	ND55.00	congenital	Congenital hydrocephalus	A disease caused by failure of the brain to correctly develop during the antenatal period. This condition is characterised by a rapid increase in head circumference or an unusually large head size due to excessive accumulation of cerebrospinal fluid in the brain. This condition may also present with vomiting, sleepiness, irritability, downward deviation of the eyes, or seizures. Confirmation is through observation of cerebrospinal fluid within cerebral ventricles by imaging.			1
D	N	ND55.01	congenital	Spina bifida	Spina bifida is the most common of a group of birth defects called neural tube defects. Spina bifida affects the backbone and, sometimes, the spinal cord. Aperta spina bifida defines the dorsal malclosure of vertebrae, associated with various degrees of spine defects. A pocket of skin may form, containing meninges (meningocele) or spinal cord and meninges (myelomeningocele). Different subtypes are distinguished according to the location of the defect. Consequences are paraplegia (paralysed lower limbs), hydrocephaly, Chiari malformation (result of the attached spine during life in utero), urinary and anorectal incontinence. The intensity of signs varies greatly with the level and extent of the lesion.	myelocele;myelomeningocele		1
D	N	ND65	otherDiagnosis	Multiple sclerosis	Multiple Sclerosis is a chronic, inflammatory demyelinating disease of the central nervous system. Three categories of multiple sclerosis have been outlined: Relapsing/remitting, secondary progressive and primary progressive multiple sclerosis. Multiple sclerosis is characterised by exacerbations/remissions of multiple neurological manifestation with deficits/derangements disseminated in both time and site (any combination of neurological signs and symptoms is possible).	disseminated sclerosis		0
D	N	ND66	otherDiagnosis	Parkinsonism	Parkinsonism is a clinical syndrome characterised by four cardinal features: rest tremor, muscular rigidity, akinesia or bradykinesia, and postural disturbances which include shuffling gait and flexed posture and loss of postural reflexes. Bradykinesia and one other clinical feature is required to make a diagnosis of Parkinsonism. Parkinsonism may result from a variety of conditions including progressive neurodegenerative disorders such as Parkinson Disease or Atypical Parkinsonism where the progressive degeneration of nigral and other neurons leads to dopamine deficiency. Parkinsonism may also be a result of structural lesions such as strokes or tumors or blockage of dopamine receptors in the striatum by drugs such as neuroleptics.	drug induced Parkinsonism		0
D	N	ND66.00	otherDiagnosis	Parkinson's disease	Parkinson Disease is a gradual onset progressive degenerative disease whose cardinal manifestations include bradykinesia plus one of the following-tremor, rigidity or postural instability. Nonmotor manifestations include autonomic dysfunction and neuropsychiatric features.			1
D	N	ND67	otherDiagnosis	Epilepsy	Epilepsy is characterised by recurrent episodes of sudden altered consciousness, with or without tonic-clonic movements or seizure, plus either eyewitness account of the attack, or characteristic abnormality of electroencephalogram (EEG).	focal seizures;generalised seizures;grand mal seizures;petit mal seizures;status epilepticus		0
D	N	ND68	otherDiagnosis	Transient cerebral ischaemia	Transient cerebral ischaemia is characterised by symptoms of transient (less than 24 hours) hypofunction of the brain, with sudden onset, presumed of vascular origin, without sequelae and with exclusion of migraine/migraine equivalent/ epilepsy.	basilar insufficiency;drop attacks;transient ischaemic attack (TIA)	carotid bruit KS52;cerebrovascular accident ND69;migraine ND71;transient global amnesia NS99	0
D	N	ND69	otherDiagnosis	Stroke or cerebrovascular accident	Stroke is an acute vascular disturbance of bloodflow to the brain causing cell death, lasting more than 24 hours or causing death and within 4 weeks (28 days) of onset.	apoplexy;cerebrovascular accident;CVA	transient cerebral ischaemia ND68;traumatic intracranial haemorrhage ND36	0
D	N	ND69.00	otherDiagnosis	Cerebral infarction	Acute focal neurological dysfunction caused by focal infarction at single or multiple sites of the brain. Evidence of acute infarction may come either from a) symptom duration lasting more than 24 hours, or b) neuroimaging or other technique in the clinically relevant area of the brain.	cerebral embolism;cerebral occlusion;cerebral thrombosis		1
D	N	ND69.01	otherDiagnosis	Non traumatic intracranial haemorrhage	Acute neurological dysfunction caused by haemorrhage within the brain parenchyma or in the ventricular system.			1
D	N	ND69.02	otherDiagnosis	Subarachnoid intracranial haemorrhage	Acute neurological dysfunction caused by subarachnoid haemorrhage.			1
D	N	ND70	otherDiagnosis	Cerebrovascular disease	This is a group of brain dysfunctions related to disease of the blood vessels supplying the brain. The criteria for this rubric is a previous transient cerebral ischaemia or stroke or investigation evidence of cerebrovascular disease.	cerebral aneurysm;sequelae of stroke	stroke or cerebrovascular accident ND69;transient cerebral ischaemia ND68	0
D	N	ND71	otherDiagnosis	Migraine	Migraine is characterised by recurrent episodes of headache with three or more of  the following: unilateral headache; nausea/vomiting; aura; other neurological symptoms; family history of migraine.	vascular headache with aura;vascular headache without aura	cervicogenic headache LD65;cluster headache ND72;tension headache ND73	0
D	N	ND72	otherDiagnosis	Cluster headache	Cluster headache is characterised by attacks of severe, often excruciating unilateral pain peri-orbitally and/or temporally, occurring up to 8 times a day, sometimes associated with conjunctival injection, lacrimation, nasal congestion, rhinorrhoea, sweating, miosis, ptosis, or eyelid edema. Attacks occur in cluster periods lasting weeks or months, separated by remissions lasting months or years.			0
D	N	ND73	otherDiagnosis	Tension headache	Tension headache is characterised by a pressing, generalized headache associated with stress and muscle tension with or without increased tenderness of pericranial muscles.		cluster headache ND72;migraine ND71	0
D	N	ND74	otherDiagnosis	Trigeminal neuralgia	Trigeminal neuralgia is characterised by unilateral paroxysms of burning facial pain aggravated by touching trigger points, blowing nose or yawning, without sensory or motor paralysis.	tic douloureux	post-herpetic neuralgia SD03	0
D	N	ND75	otherDiagnosis	Facial paralysis	Facial paralysis is characterised by an acute onset of unilateral paralysis of muscles of facial expression without sensory loss. Facial nerve dysfunction at the stylomastoid foramen leads to ipsilateral upper and lower facial weakness, manifested by an asymmetric smile, poor eyebrow elevation, decreased forehead wrinkling, widened palpebral fissure, weak eye closure, deviation of eye upward and laterally with attempted eye closure (Bell`s phenomenon) and flattening of the nasolabial fold. Sagging of the lower eyelid causes tears to spill over the cheek, and saliva may also dribble from the corner of mouth. Although there may be subjective feelings of heaviness or numbness in the face, sensory loss is rarely demonstrable and taste is intact. If the lesion is in the middle ear portion proximal to the stylomastoid foramen, taste is lost over the anterior two-thirds of the tongue on same side. If the nerve to the stapedius is interrupted, there is hyperacusis (increased sensitivity to loud sounds).	Bell's palsy		0
D	N	ND76	otherDiagnosis	Carpal tunnel syndrome	Loss/impairment of superficial sensation affecting the thumb, index and middle finger, that may or may not split the ring finger. Dysesthesia and pain worsen usually during the night, and may radiate to the forearm.			0
D	N	ND77	otherDiagnosis	Peripheral neuritis, neuropathy or both	Sensory, reflex and motor changes confined to the territory of individual nerves, sometimes without apparent cause, sometimes secondary to a specific disease, e.g. diabetes.	acute infective polyneuropathy;neuritis;nerve lesion	post-herpetic neuropathy SD03	0
D	N	ND77.00	otherDiagnosis	Common peroneal neuropathy	Disease involving the common peroneal nerve or its branches, the deep and superficial peroneal nerves. Lesions of the deep peroneal nerve are associated with paralysis of dorsiflexion of the ankle and toes and loss of sensation from the web space between the first and second toe. Lesions of the superficial peroneal nerve result in weakness or paralysis of the peroneal muscles (which evert the foot) and loss of sensation over the dorsal and lateral surface of the leg. Traumatic injury to the common peroneal nerve near the head of the FIBULA is a relatively common cause of this condition			1
D	N	ND77.01	otherDiagnosis	Diabetic neuropathy	Peripheral, autonomic, and cranial nerve disorders that are associated with diabetes mellitus. These conditions usually result from diabetic microvascular injury involving small blood vessels that supply nerves.	diabetic polyneuropathy		1
D	N	ND77.02	otherDiagnosis	Guillain-Barré syndrome	Progressive weakness of the limbs over a few days to 28 days, symmetrical deficit, areflexia, absent or mild sensory disturbance, elevated cerebrospinal fluid protein, and slowing of nerve conduction velocities are the cardinal features. The disorder may be preceded by upper respiratory or gastrointestinal infection or immunization 1 to 4 weeks prior to onset of the illness. Bifacial palsy may be present.			1
D	N	ND77.03	otherDiagnosis	Meralgia paraesthetica	Meralgia paresthetica (also known as lateral femoral cutaneous nerve entrapment) is a condition characterized by tingling, numbness and burning pain in the outer thigh. It's caused by compression of the nerve that provides sensation to the skin covering your thigh.			1
D	N	ND77.04	otherDiagnosis	Morton's neuroma	Disease or damage to the medial and/or lateral plantar nerves, branches of the tibial nerve below the level of the tarsal tunnel secondary to insult.			1
D	N	ND77.05	otherDiagnosis	Phantom pain	Phantom limb pain is the perception of sensations, including pain, in a limb that has been amputated or a body part that has been removed. These sensations may include a specific position, shape, or movement of the phantom, feelings of warmth or cold, itching, tingling, or electric sensations, and other paraesthesias.			1
D	N	ND77.06	otherDiagnosis	Thoracic outlet syndrome	A neurovascular syndrome associated with compression of the brachial plexus; subclavian artery; and subclavian vein at the superior thoracic outlet. This may result from a variety of anomalies such as a cervical rib, anomalous fascial bands, and abnormalities of the origin or insertion of the anterior or medial scalene muscles. Clinical features may include pain in the shoulder and neck region which radiates into the arm, paresis or paralysis of brachial plexus innervated muscles, paresthesia, loss of sensation, reduction of arterial pulses in the affected extremity, ischemia, and edema.			1
D	N	ND77.07	otherDiagnosis	Neuralgic shoulder amyotrophy	A condition of unknown etiology that presents with a characteristic pattern of sudden (acute) pain across the top of the shoulder, lasting a few hours to a fortnight, followed by flaccid paralysis of some muscles of the shoulder girdle.			1
D	N	ND99	otherDiagnosis	Other specified and unknown diagnoses and diseases of neurological system		neuralgia NOS	sleep apnoea PS06	0
D	N	ND99.00	otherDiagnosis	Amyotrophic lateral sclerosis	Amyotrophic lateral sclerosis (ALS) is a progressive, fatal disorder in which progressive signs of Lower Motor Neuron and Upper Motor Neuron degeneration are seen within one or more of the four regions: bulbar, cervical, thoracic and lumbosacral.			1
D	N	ND99.01	otherDiagnosis	Combined disorder of muscle and peripheral nerve	Diseases resulting from destruction or malfunction of the neuromuscular junction, a chemical synapse formed between the end of the motor nerve terminal and the voluntary muscle. Pathology can occur at the presynaptic or postsynaptic membrane and leads to dysfunction of neuromuscular transmission. Common diseases of this category include Myasthenia Gravis and Lambert Eaton Myasthenic Syndrome.		myasthenia gravis ND99.01	1
D	N	ND99.02	otherDiagnosis	Myasthenia gravis	Myasthenia gravis is the most common acquired auto-antibody mediated neuromuscular transmission disorder. Prevalence is 1–2 per 10,000 persons. Fluctuating weakness increasing with repeated activity and improving after a period of rest is the hallmark. Myasthenia Gravis with antibodies directed against postsynaptic proteins, usually the nicotinic acetylcholine receptor are the most prevalent. Other types are Myasthenia Gravis associated with muscle-specific kinase antibodies and MG with unknown autoantibodies (seronegative) Myasthenia Gravis. There are three groups: 1. Purely ocular Myasthenia Gravis 2. Early-onset (before the age of 40-50 years) generalised Myasthenia Gravis 3. Late-onset generalised MG. In about 15%, the disease can be classified as paraneoplastic, usually associated with a thymoma.			1
D	N	ND99.03	otherDiagnosis	Tic disorder	Disorders characterized by brief, sudden, repetitive movements (motor tics) or utterances (phonic or vocal tics) that are temporarily suppressible and are usually preceded by a strong urge to perform the tic. The most common cause of childhood-onset tics is Tourette Syndrome.	en:Gilles de la Tourette syndrome		1
D	N	ND99.04	otherDiagnosis	Cerebral palsy	A heterogeneous group of nonprogressive motor disorders caused by chronic brain injuries that originate in the prenatal period, perinatal period, or first few years of life. The four major subtypes are spastic, athetoid, ataxic, and mixed cerebral palsy, with spastic forms being the most common. The motor disorder may range from difficulties with fine motor control to severe spasticity  in all limbs. Spastic diplegia (Little disease) is the most common subtype, and is characterized by spasticity that is more prominent in the legs than in the arms.	spastic cerebral palsy		1
S	N	NS01	symptom	Headache		post-traumatic headache	atypical facial neuralgia ND99;cervicogenic headache LD65;cluster headache ND72;face pain NS02;migraine ND71;post-herpetic pain SD03;sinus pain RS11;tension headache ND73	0
S	N	NS02	symptom	Pain, face			headache NS01;migraine ND71;post herpetic pain SD03;sinus pain RS11;toothache DS19;trigeminal neuralgia ND74	0
S	N	NS03	symptom	Restless legs	A phenomenon characterised by aching or burning sensations in the lower and rarely the upper extremities that occur prior to sleep or may awaken the patient from sleep.	Sleep-related leg cramps	adverse effect medical agent AD40;intermittent claudication KD76;leg cramps LS13	0
S	N	NS04	symptom	Tingling fingers, feet, toes		paraesthesia;prickly feeling fingers;prickly feeling feet;prickly feeling toes	pain or tenderness of skin SS01	0
S	N	NS05	symptom	Sensation disturbances		anaesthesia;burning sensation;numbness	pain/tenderness of skin SS01;tingling fingers/feet/toes NS04	0
S	N	NS06	symptom	Convulsion or seizure	Clinical or subclinical disturbances of cortical function due to a sudden, abnormal, excessive, and disorganized discharge of brain cells. Clinical manifestations include abnormal motor, sensory and psychic phenomena (MesH).	fit	fainting AS07;transient ischaemic attack ND68	0
S	N	NS06.00	symptom	Febrile seizures	Seizures associated with a rise of the body temperature in the absence of intracranial infection, metabolic disturbance, or history of afebrile seizures. They most commonly occur in children between the ages of 6 months and 5 years.			1
S	N	NS07	symptom	Abnormal involuntary movements		dystonic movements;jerking;myoclonus;shaking;tetany;tremor;twitching	chorea KD02;convulsion NS06;cramps/spasm jaw LS06;cramps/spasm arm LS08;cramps/spasm hand/finger LS11;cramps/spasm leg/thigh LS13;cramps/spasm foot/toe LS16;cramps/spasm muscle LS17;dystonic disorder ND99;organic tic ND99;psychogenic tic ND99;restless legs NS03;tic douloureux ND74	0
S	N	NS08	symptom	Disturbance of smell, taste or both		anosmia	halitosis DS20	0
S	N	NS09	symptom	Vertigo or dizziness		giddiness;loss of balance;woozy	motion sickness AD45.02;specific vertiginous syndrome HD67;syncope or blackout AS07	0
S	N	NS09.00	symptom	Lightheaded	An imprecise term which may refer to a sense of spatial disorientation, motion of the environment, or lightheadedness.			1
S	N	NS09.01	symptom	Rotatory vertigo	An illusion of movement, either of the external world revolving around the individual or of the individual revolving in space			1
S	N	NS10	symptom	Paralysis and weakness		palsy;paralysis;paralytic symptoms;paresis	general weakness AS04	0
S	N	NS11	symptom	Speech problem		aphasia;dysarthria;dysphasia;slurred speech	hoarseness RS13;speech delay PS18	0
S	N	NS11.00	symptom	Stammering		Speech dysfluency is characterised by the frequent or pervasive disruption of the rhythmic flow of speech that arises subsequent to the developmental period (i.e., adult onset) and is outside the limits of normal variation and results in reduced intelligibility and significantly affects communication. It can involve repetitions of sounds, syllables or words, prolongations, word breaks, blockage of production, excessive use of interjections, and rapid short bursts of speech.		1
S	N	NS90	complaint	Concern or fear of neurological disease	Concern about/fear of neurological cancer in a patient without the disease/until the diagnosis is proven.			0
S	N	NS99	symptom	Other specified symptoms, complaints and abnormal findings of neurological system		ataxia;gait abnormality;gait pattern problem;limping;meningism;transient global amnesia;walking problem		0
D	P	PD01	otherDiagnosis	Dementia	Dementia is a syndrome due to a disease of the brain, usually of a chronic and/or progressive nature, with clinically significant disturbance of multiple higher cortical functions (memory, thinking, orientation, comprehension), together with intact consciousness.	dementia due to Lewy body disease;post-traumatic dementia;presenile dementia;senile dementia		0
D	P	PD01.00	otherDiagnosis	Alzheimer's disease	Dementia due to Alzheimer disease is the most common form of dementia. Onset is insidious with memory impairment typically reported as the initial presenting complaint. The characteristic course is a slow but steady decline from a previous level of cognitive functioning with impairment in additional cognitive domains (such as executive functions, attention, language, social cognition and judgment, psychomotor speed, visuoperceptual or visuospatial abilities) emerging with disease progression. Dementia due to Alzheimer disease may be accompanied by mental and behavioural symptoms such as depressed mood and apathy in the initial stages of the disease and may be accompanied by psychotic symptoms, irritability, aggression, confusion, abnormalities of gait and mobility, and seizures at later stages. Positive genetic testing, family history and gradual cognitive decline are suggestive of Dementia due to Alzheimer disease.	dementia due to Alzheimer disease		1
D	P	PD01.01	otherDiagnosis	Vascular dementia	Dementia due to brain parenchyma injury resulting from cerebrovascular disease (ischemic or haemorrhagic). The onset of the cognitive deficits is temporally related to one or more vascular events. Cognitive decline is typically most prominent in speed of information processing, complex attention, and frontal-executive functioning. There is evidence of the presence of cerebrovascular disease considered to be sufficient to account for the neurocognitive deficits from history, physical examination and neuroimaging.			1
D	P	PD02	otherDiagnosis	Other specified and unknown organic mental disorder	Organic mental disorders as a diagnosis require psychological syndromes, patterns or behaviour due to organic disease.		dementia PD01;other specified psychosis PD05;psychosis caused by alcohol PS12	0
D	P	PD02.00	otherDiagnosis	Delirium	A disorder characterized by confusion; inattentiveness; disorientation; illusions; hallucinations; agitation; and in some instances autonomic nervous system overactivity. It may result from toxic/metabolic conditions or structural brain lesions		alcohol withdrawal delirium PS12.01	1
D	P	PD03	otherDiagnosis	Schizophrenia	Schizophrenia is characterised by disturbances in multiple mental modalities, including thinking (e.g., delusions, disorganisation in the form of thought), perception (e.g., hallucinations), self-experience (e.g., the experience that one's feelings, impulses, thoughts, or behaviour are under the control of an external force), cognition (e.g., impaired attention, verbal memory, and social cognition), volition (e.g., loss of motivation), affect (e.g., blunted emotional expression), and behaviour (e.g.,behaviour that appears bizarre or purposeless, unpredictable or inappropriate emotional responses that interfere with the organization of behaviour). Psychomotor disturbances, including catatonia, may be present. Persistent delusions, persistent hallucinations, thought disorder, and experiences of influence, passivity, or control are considered core symptoms. Symptoms must have persisted for at least one month in order for a diagnosis of schizophrenia to be assigned. The symptoms are not a manifestation of another health condition (e.g., a brain tumor) and are not due to the effect of a substance or medication on the central nervous system (e.g., corticosteroids), including withdrawal (e.g., alcohol withdrawal).	all types of paranoia;all types of schizophrenia	acute/transient psychosis PD05	0
D	P	PD04	otherDiagnosis	Affective psychosis	A fundamental disturbance in affect and mood (with/without associated anxiety). In manic disorder mood, energy and activity are simultaneously elevated.	hypomania;mania;manic depression	depression PD12	0
D	P	PD04.00	otherDiagnosis	Bipolar disorder	Bipolar disorders are episodic mood disorders defined by the occurrence of Manic, Mixed or Hypomanic episodes or symptoms. These episodes typically alternate over the course of these disorders with Depressive episodes or periods of depressive symptoms.			1
D	P	PD05	otherDiagnosis	Other specified or unknown psychosis		acute psychosis;puerperal psychosis;reactive psychosis;transient psychosis;unknown psychosis		0
D	P	PD06	otherDiagnosis	Anxiety disorder or anxiety state	Clinically significant anxiety that is not restricted to any particular environmental situation. It manifests as a panic disorder (recurrent attacks of severe anxiety not restricted to any particular situation, with or without physical symptoms) or as a disorder in which generalised and persistent anxiety, not related to any particular situation, occurs with variable physical symptoms.		anxiety NOS PS01;anxiety with depression PD12	0
D	P	PD06.00	category	Generalised anxiety disorder	Generalised anxiety disorder is characterised by marked symptoms of anxiety that persist for at least several months, for more days than not, manifested by either general apprehension (i.e. ‘free-floating anxiety’) or excessive worry focused on multiple everyday events, most often concerning family, health, finances, and school or work, together with additional symptoms such as muscular tension or motor restlessness, sympathetic autonomic over-activity, subjective experience of nervousness, difficulty maintaining concentration, irritability, or sleep disturbance. The symptoms result in significant distress or significant impairment in personal, family, social, educational, occupational, or other important areas of functioning. The symptoms are not a manifestation of another health condition and are not due to the effects of a substance or medication on the central nervous system.			1
D	P	PD06.01	category	Panic disorder	Panic disorder is characterised by recurrent unexpected panic attacks that are not restricted to particular stimuli or situations. Panic attacks are discrete episodes of intense fear or apprehension accompanied by the rapid and concurrent onset of several characteristic symptoms (e.g. palpitations or increased heart rate, sweating, trembling, shortness of breath, chest pain, dizziness or lightheadedness, chills, hot flushes, fear of imminent death). In addition, panic disorder is characterised by persistent concern about the recurrence or significance of panic attacks, or behaviours intended to avoid their recurrence, that results in significant impairment in personal, family, social, educational, occupational, or other important areas of functioning. The symptoms are not a manifestation of another medical condition and are not due to the effects of a substance or medication on the central nervous system.			1
D	P	PD06.02	category	Phobia	Anxiety disorders in which the essential feature is persistent and irrational fear of a specific object, activity, or situation that the individual feels compelled to avoid. The individual recognizes the fear as excessive or unreasonable.			1
D	P	PD07	otherDiagnosis	Obsessive-compulsive or related disorder	Obsessive-compulsive and related disorders is a group of disorders characterised by repetitive thoughts and behaviours that are believed to share similarities in etiology and key diagnostic validators. Cognitive phenomena such as obsessions, intrusive thoughts and preoccupations are central to a subset of these conditions (i.e., obsessive-compulsive disorder, body dysmorphic disorder, hypochondriasis, and olfactory reference disorder) and are accompanied by related repetitive behaviours. Hoarding Disorder is not associated with intrusive unwanted thoughts but rather is characterised by a compulsive need to accumulate possessions and distress related to discarding them. Also included in the grouping are body-focused repetitive behaviour disorders, which are primarily characterised by recurrent and habitual actions directed at the integument (e.g., hair-pulling, skin-picking) and lack a prominent cognitive aspect. The symptoms result in significant distress or significant impairment in personal, family, social, educational, occupational, or other important areas of functioning.	hoarding disorder;hypochondriasis		0
D	P	PD08	otherDiagnosis	Adjustment disorders	Disorders specifically associated with stress are directly related to exposure to a stressful or traumatic event, or a series of such events or adverse experiences. For each of the disorders in this grouping, an identifiable stressor is a necessary, though not sufficient, causal factor. Although not all individuals exposed to an identified stressor will develop a disorder, the disorders in this grouping would not have occurred without experiencing the stressor. Stressful events for some disorders in this grouping are within the normal range of life experiences (e.g., divorce, socio-economic problems, bereavement). Other disorders require the experience of a stressor of an extremely threatening or horrific nature (i.e., potentially traumatic events). With all disorders in this grouping, it is the nature, pattern, and duration of the symptoms that arise in response to the stressful events together with associated functional impairment that distinguishes the disorders.	persistent adjustment disorder;prolonged grief disorder	acute stress reaction PS02	0
D	P	PD09	otherDiagnosis	Post traumatic stress disorder	A stressful event followed by a major state of distress and disturbance, with a delayed or protracted reaction, flashbacks, nightmares, emotional blunting and anhedonia interfering with social functioning and performance, and including depressed mood, anxiety, worry and feeling unable to cope, persistent over time. Complex post-traumatic stress disorder (Complex PTSD) is a disorder that may develop following exposure to an event or series of events of an extremely threatening or horrific nature, most commonly prolonged or repetitive events from which escape is difficult or impossible (e.g., torture, slavery, genocide campaigns, prolonged domestic violence, repeated childhood sexual or physical abuse). All diagnostic requirements for PTSD are met. In addition, Complex PTSD is characterised by severe and persistent: problems in affect regulation; beliefs about oneself as diminished, defeated or worthless, accompanied by feelings of shame, guilt or failure related to the traumatic event; and difficulties in sustaining relationships and in feeling close to others. These symptoms cause significant impairment in personal, family, social, educational, occupational or other important areas of functioning.	complex post traumatic stress syndrome		0
D	P	PD10	otherDiagnosis	Bodily distress or somatisation disorder	Bodily distress disorder is characterised by the presence of bodily symptoms that are distressing to the individual and excessive attention directed toward the symptoms, which may be manifest by repeated contact with health care providers. If another health condition is causing or contributing to the symptoms, the degree of attention is clearly excessive in relation to its nature and progression. Excessive attention is not alleviated by appropriate clinical examination and investigations and appropriate reassurance. Bodily symptoms are persistent, being present on most days for at least several months. Typically, bodily distress disorder involves multiple bodily symptoms that may vary over time. Occasionally there is a single symptom, usually pain or fatigue, that is associated with the other features of the disorder.The symptoms and associated distress and preoccupation have at least some impact on the individual’s functioning (e.g. strain in relationships, less effective academic or occupational functioning, abandonment of specific leisure activities).	somatization disorder	chronic fatigue syndrome AS05.00;postviral fatigue AS05	0
D	P	PD11	otherDiagnosis	Burn-out	Burn-out is characterised by increased fatigueability with unpleasant associations, difficulties in concentration and a persistent decrease in performance and coping efficiency; the feeling of physical weakness and exhaustion after mental effort or after a minimal physical effort is often accompanied by muscular pain and an inability to relax.	neuraesthenia;surmenage	chronic fatigue syndrome AS05.00	0
D	P	PD12	otherDiagnosis	Depressive disorder	A depressive disorder is characterised by fundamental disturbance in affect and mood towards depression (continuum with feeling sad/depressed and diagnosis depression). Mood, energy and activity are simultaneously lowered, together with an impaired capacity for enjoyment, interest and concentration. Sleep and appetite are usually disturbed and self-esteem and confidence are decreased.	depressive psychosis;reactive depression	feeling sad PS03;mixed anxiety depression disorder PD13	0
D	P	PD12.00	otherDiagnosis	Dysthymia	Dysthymic disorder is characterised by a persistent depressive mood (i.e., lasting 2 years or more), for most of the day, for more days than not. In children and adolescents depressed mood can manifest as pervasive irritability. The depressed mood is accompanied by additional symptoms such as markedly diminished interest or pleasure in activities, reduced concentration and attention or indecisiveness, low self-worth or excessive or inappropriate guilt, hopelessness about the future, disturbed sleep or increased sleep, diminished or increased appetite, or low energy or fatigue.			1
D	P	PD12.01	otherDiagnosis	Postpartum depression	Depression in postpartum women, usually within four weeks after giving birth. The degree of depression ranges from mild transient depression to psychotic depressive disorders.			1
D	P	PD13	otherDiagnosis	Mixed depressive and anxiety disorder	Mixed depressive and anxiety disorder is characterised by symptoms of both anxiety and depression more days than not for a period of two weeks or more. Neither set of symptoms, considered separately, is sufficiently severe, numerous, or persistent to justify a diagnosis of a depressive episode, dysthymia or an anxiety and fear-related disorder. Depressed mood or diminished interest in activities must be present accompanied by additional depressive symptoms as well as multiple symptoms of anxiety. The symptoms result in significant distress or significant impairment in personal, family, social, educational, occupational or other important areas of functioning. There have never been any prior manic, hypomanic, or mixed episodes, which would indicate the presence of a bipolar disorder.	mixed anxiety and depression	Depressive disorder PD12	0
D	P	PD14	otherDiagnosis	Suicide or suicide attempt	A successful ending of one's life, or self-harming behaviour undertaken with the intention of ending one's life.	suicide gesture	afraid of committing suicide PS90;suicidal ideation PS05	0
D	P	PD14.00	otherDiagnosis	Suicide attempt				1
D	P	PD14.01	otherDiagnosis	Suicide				1
D	P	PD15	otherDiagnosis	Personality disorder	Personality disorder is characterised by problems in functioning of aspects of the self (e.g., identity, self-worth, accuracy of self-view, self-direction), and/or interpersonal dysfunction (e.g., ability to develop and maintain close and mutually satisfying relationships, ability to understand others’ perspectives and to manage conflict in relationships) that have persisted over an extended period of time (e.g., 2 years or more). The disturbance is manifest in patterns of cognition, emotional experience, emotional expression, and behaviour that are maladaptive (e.g., inflexible or poorly regulated) and is manifest across a range of personal and social situations (i.e., is not limited to specific relationships or social roles). The patterns of behaviour characterizing the disturbance are not developmentally appropriate and cannot be explained primarily by social or cultural factors, including socio-political conflict. The disturbance is associated with substantial distress or significant impairment in personal, family, social, educational, occupational or other important areas of functioning.	adult behaviour disorder		0
D	P	PD15.00	otherDiagnosis	Borderline personality disorder	The Borderline pattern specifier may be applied to individuals whose pattern of personality disturbance is characterised by a pervasive pattern of instability of interpersonal relationships, self-image, and affects, and marked impulsivity, as indicated by many of the following: Frantic efforts to avoid real or imagined abandonment; A pattern of unstable and intense interpersonal relationships; Identity disturbance, manifested in markedly and persistently unstable self-image or sense of self; A tendency to act rashly in states of high negative affect, leading to potentially self-damaging behaviours; Recurrent episodes of self-harm; Emotional instability due to marked reactivity of mood; Chronic feelings of emptiness; Inappropriate intense anger or difficulty controlling anger; Transient dissociative symptoms or psychotic-like features in situations of high affective arousal.			1
D	P	PD16	otherDiagnosis	Attention deficit hyperactivity disorder	Attention deficit hyperactivity disorder is characterised by a persistent pattern (at least 6 months) of inattention and/or hyperactivity-impulsivity, with onset during the developmental period, typically early to mid-childhood. The degree of inattention and hyperactivity-impulsivity is outside the limits of normal variation expected for age and level of intellectual functioning and significantly interferes with academic, occupational, or social functioning. Inattention refers to significant difficulty in sustaining attention to tasks that do not provide a high level of stimulation or frequent rewards, distractibility and problems with organization. Hyperactivity refers to excessive motor activity and difficulties with remaining still, most evident in structured situations that require behavioural self-control. Impulsivity is a tendency to act in response to immediate stimuli, without deliberation or consideration of the risks and consequences. The relative balance and the specific manifestations of inattentive and hyperactive-impulsive characteristics varies across individuals, and may change over the course of development. In order for a diagnosis of disorder the behaviour pattern must be clearly observable in more than one setting.	attention deficit disorder (ADD);hyperkinetic disorder	adolescent behaviour symptom/complaint PS19;learning disorder PS20	0
D	P	PD17	otherDiagnosis	Eating disorder	Eating disorders involve abnormal eating or feeding behaviours that are not explained by another health condition and are not developmentally appropriate or culturally sanctioned. Feeding disorders involve behavioural disturbances that are not related to body weight and shape concerns, such as eating of non-edible substances or voluntary regurgitation of foods. Eating disorders include abnormal eating behaviour and preoccupation with food as well as prominent body weight and shape concerns.	pica		0
D	P	PD17.00	otherDiagnosis	Anorexia nervosa	Anorexia Nervosa is characterised by significantly low body weight for the individual’s height, age and developmental stage that is not due to another health condition or to the unavailability of food. A commonly used threshold is body mass index (BMI) less than 18.5 kg/m2 in adults and BMI-for-age under 5th percentile in children and adolescents. Rapid weight loss (e.g. more than 20% of total body weight within 6 months) may replace the low body weight guideline as long as other diagnostic requirements are met. Children and adolescents may exhibit failure to gain weight as expected based on the individual developmental trajectory rather than weight loss. Low body weight is accompanied by a persistent pattern of behaviours to prevent restoration of normal weight, which may include behaviours aimed at reducing energy intake (restricted eating), purging behaviours (e.g. self-induced vomiting, misuse of laxatives), and behaviours aimed at increasing energy expenditure (e.g. excessive exercise), typically associated with a fear of weight gain. Low body weight or shape is central to the person's self-evaluation or is inaccurately perceived to be normal or even excessive.			1
D	P	PD17.01	otherDiagnosis	Bulimia	Bulimia Nervosa is characterised by frequent, recurrent episodes of binge eating (e.g. once a week or more over a period of at least one month). A binge eating episode is a distinct period of time during which the individual experiences a subjective loss of control over eating, eating notably more or differently than usual, and feels unable to stop eating or limit the type or amount of food eaten. Binge eating is accompanied by repeated inappropriate compensatory behaviours aimed at preventing weight gain (e.g. self-induced vomiting, misuse of laxatives or enemas, strenuous exercise). The individual is preoccupied with body shape or weight, which strongly influences self-evaluation. There is marked distress about the pattern of binge eating and inappropriate compensatory behaviour or significant impairment in personal, family, social, educational, occupational or other important areas of functioning. The individual does not meet the diagnostic requirements of Anorexia Nervosa.	binge overeating		1
D	P	PD18	otherDiagnosis	Disorders of intellectual development	Arrested/incomplete development of the mind with impairment of skills during the developmental period, and a low overall level of intelligence, with/without impairment of behaviour.		disorders of intellectual development due to congenital anomaly AD55	0
D	P	PD19	otherDiagnosis	Autism spectrum disorders	Autism spectrum disorder is characterised by persistent deficits in the ability to initiate and to sustain reciprocal social interaction and social communication, and by a range of restricted, repetitive, and inflexible patterns of behaviour and interests. The onset of the disorder occurs during the developmental period, typically in early childhood, but symptoms may not become fully manifest until later, when social demands exceed limited capacities. Deficits are sufficiently severe to cause impairment in personal, family, social, educational, occupational or other important areas of functioning and are usually a pervasive feature of the individuals functioning observable in all settings, although they may vary according to social, educational, or other context. Individuals along the spectrum exhibit a full range of intellectual functioning and language abilities.	Asperger syndrome		0
D	P	PD19.00	otherDiagnosis	Autistic disorder	A type of pervasive developmental disorder that is defined by: (a) the presence of abnormal or impaired development that is manifest before the age of three years, and (b) the characteristic type of abnormal functioning in all the three areas of psychopathology: reciprocal social interaction, communication, and restricted, stereotyped, repetitive behaviour. In addition to these specific diagnostic features, a range of other nonspecific problems are common, such as phobias, sleeping and eating disturbances, temper tantrums, and (self-directed) aggression.			1
D	P	PD99	otherDiagnosis	Other specified or unknown psychological or mental diagnoses or diseases		Munchausen's syndrome;neurosis		0
D	P	PD99.00	otherDiagnosis	Compulsive gambling				1
S	P	PS01	symptom	Feeling anxious or nervous or tense	Feelings of being anxious, nervous or tense, reported by the patient as an emotional or psychological experience not attributed to the presence of a mental disorder. A gradual transition exists from feelings that are unwelcome - but quite normal - and feelings that are so troublesome to the patient that professional help is sought.	anxiety NOS;feeling frightened	anxiety disorder PD06	0
S	P	PS02	symptom	Acute stress reaction	A reaction to a stressful life event or significant life change requiring a major adjustment, either as an expected response to the event or as a maladaptive response interfering with daily coping and resulting in impaired social functioning, with recovery within a limited period of time.	acute adjustment problem;culture shock;feeling grief;feeling homesick;feeling stressed;immediate post-traumatic stress;shock (psychic)	depressive disorder PD12;feeling depressed PS03;post-traumatic stress disorder PD09	0
S	P	PS03	symptom	Feeling sad	Feelings  of sadness reported by the patient as an emotional or psychological experience not attributed to the presence of a mental disorder. A gradual transition exists from feelings that are unwelcome - but quite normal - and feelings that are so troublesome to the patient that professional help is sought.	feeling inadequate;unhappy	depressive disorder PD12;low self-esteem PS99	0
S	P	PS04	symptom	Feeling or being irritable or angry	Feelings reported by the patient as an emotional or psychological experience not attributed to the presence of a mental disorder, or behaviour indicating irritability or anger. A gradual transition exists from feelings or behaviour that are unwelcome - but quite normal - and those that are so troublesome that professional help is sought.	agitation NOS;restlessness NOS	adolescent behaviour symptom/complaint PS19;child behaviour symptom/complaint PS18;irritability in partner ZC30;overactive child PS18	0
S	P	PS05	symptom	Suicidal ideation	Thoughts, ideas, or ruminations of thoughts about the possibility of ending one's life, ranging from thinking that one would be better off dead to formulation of elaborate plans.		suicide attempt PD14	0
S	P	PS06	symptom	Sleep disturbance	Sleep disturbance as a diagnosis requires that the sleeping problem forms a major complaint, which, according to both patient and doctor, is not caused by another disorder but is a condition in its own right. Insomnia requires a quantitative or qualitative deficiency of sleep which is unsatisfactory in the patients' opinion, over a considerable period of time. In hypersomnia excessive daytime sleepiness and sleep attacks exist which limit the patient's performance.	insomnia;nightmares;sleepwalking	jet lag AD45;sleep apnoea RS06;somnolence AS99	0
S	P	PS07	symptom	Sexual desire and fulfilment problem	Sexual problems with regard to desire or to fulfilment not caused by any organic disorder or disease, but a reflection of the inability of a patient to participate in the sexual relationship she/he wants because of lack of desire, failure of genital response or function, or problems with sexual development.	frigidity;loss of libido;non-organic impotence or dyspareunia	concern with sexual preference PS08;organic impotence/sexual problems GS24;organic vaginismus GS23	0
S	P	PS07.00	symptom	Premature ejaculation	The emission of semen and seminal fluid during the act of preparation for sexual intercourse, i.e. before there is penetration, or shortly after penetration.			1
S	P	PS07.01	symptom	Primary erectile dysfunction	Male erectile dysfunction is characterised by inability or marked reduction in the ability in men to attain or sustain a penile erection of sufficient duration or rigidity to allow for sexual activity. The pattern of erectile difficulty occurs despite the desire for sexual activity and adequate sexual stimulation, has occurred episodically or persistently over a period at least several months, and is associated with clinically significant distress.			1
S	P	PS07.02	symptom	Vaginismus of psychogenic origin	Recurrent or persistent involuntary spasm of the outer muscles of the vagina, occurring during vaginal penetration.			1
S	P	PS08	symptom	Gender incongruence problem	Gender incongruence is characterised by a marked and persistent incongruence between an individual's experienced gender and the assigned sex. Gender variant behaviour and preferences alone are not a basis for assigning the diagnoses in this group.			0
S	P	PS09	symptom	Eating problem in child	Problem with eating behaviour of child.	feeding problem;food refusal	anorexia nervosa PD17;bulemia PD17;eating problem of infant/child TS04	0
S	P	PS10	symptom	Bedwetting or enuresis	Bedwetting is characterised by involuntary voiding of urine by day/night not determined to be related to any organic disorder.		bedwetting due to organic disorder US03	0
S	P	PS11	symptom	Encopresis	Encopresis is the repeated production of usually well formed feces in inappropriate places like the floor or inside clothing, instead of on toilet or potty. In general the term 'encopresis' is used for children of at least 4 years of age and older, and not caused by constipation/sphincter control disorder/another disease.			0
S	P	PS12	symptom	Chronic alcohol problem	A problem due to the use of alcohol resulting in one or more of the following: harmful use with clinically important damage to health; dependence syndrome; withdrawal state; psychotic disorder.			0
S	P	PS12.00	symptom	Alcohol dependence	Alcohol dependence is a problem of regulation of alcohol use arising from repeated or continuous use of alcohol. The characteristic feature is a strong internal drive to use alcohol, which is manifested by impaired ability to control use, increasing priority given to use over other activities and persistence of use despite harm or negative consequences.	alcohol brain syndrome		1
S	P	PS12.01	symptom	Alcohol withdrawal delirium	Alcohol-induced delirium is characterised by an acute state of disturbed attention and awareness with specific features of delirium that develops during or soon after substance intoxication or withdrawal or during the use of alcohol. Specific features of alcohol-induced delirium may include impaired consciousness with disorientation, vivid hallucinations and illusions, insomnia, delusions, agitation, disturbances of attention, and accompanying tremor and physiological symptoms of alcohol withdrawal.			1
S	P	PS12.02	symptom	Alcoholism				1
S	P	PS12.03	symptom	Binge drinker	Binge drinking, or heavy episodic drinking, is drinking alcoholic beverages with an intention of becoming intoxicated by heavy consumption of alcohol over a short period of time, but definitions vary considerably.			1
S	P	PS12.04	symptom	Korsakoff's psychosis	1. Alcohol-induced psychotic disorder is characterised by psychotic symptoms (e.g. delusions, hallucinations, disorganised thinking, grossly disorganised behaviour) that develop during or soon after intoxication with or withdrawal from alcohol. The intensity or duration of the symptoms is substantially in excess of psychotic-like disturbances of perception, cognition, or behaviour that are characteristic of Alcohol intoxication or Alcohol withdrawal. The amount and duration of alcohol use must be capable of producing psychotic symptoms. The symptoms are not better explained by a primary mental disorder (e.g. Schizophrenia, a Mood disorder with psychotic symptoms), as might be the case if the psychotic symptoms preceded the onset of the alcohol use, if the symptoms persist for a substantial period of time after cessation of the alcohol use or withdrawal, or if there is other evidence of a pre-existing primary mental disorder with psychotic symptoms (e.g. a history of prior episodes not associated with alcohol use). 2.All definitional requirements for amnestic disorder are met. The memory symptoms are judged to be the direct consequence of alcohol use. The intensity and duration of alcohol use must be known to be capable of producing memory impairment. The memory impairment may develop during or soon after alcohol intoxication or withdrawal, but its intensity and duration are substantially in excess of those normally associated with these conditions. The symptoms are not better accounted for by another disorder or medical condition, as might be the case if the amnestic symptoms preceded the onset of the alcohol use.	amnestic syndrome due to alcohol		1
S	P	PS13	symptom	Acute alcohol intoxication	A problem due to the use of alcohol resulting in one or more of the following: acute intoxication; harmful use with clinically important damage to health; dependence syndrome; withdrawal state.	drunk		0
S	P	PS14	symptom	Tobacco smoking problem	A problem due to the use of tobacco resulting in one or more of the following: harmful use with clinically important damage to health; dependence syndrome; withdrawal state.	smoking problem		0
S	P	PS15	symptom	Medication abuse	Abuse of any prescribed medication.			0
S	P	PS16	symptom	Drug abuse	A problem due to the use of a dependence producing psychoactive substance, resulting in one or more of the following conditions: acute intoxication; harmful use with clinically important damage to health; dependence syndrome; withdrawal state; psychotic disorder.	addiction to drug;drug withdrawal		0
S	P	PS16.00	symptom	Abuse or addiction hard drugs				1
S	P	PS16.01	symptom	Abuse/addiction soft drugs				1
S	P	PS17	symptom	Memory or attention problem		amnesia;disorientation;disturbance of concentration		0
S	P	PS18	symptom	Child behaviour symptom or complaint		delayed milestones;jealousy of child;overactive child;speech delay;temper tantrum	behaviour symptom/complaint adolescent PS19;behaviour symptom/complaint adult PD15;concern about physical development/growth delay TS08	0
S	P	PS19	symptom	Adolescent behaviour symptom or complaint		delinquency	behaviour symptom/complaint child PS18	0
S	P	PS20	symptom	Specific learning problems	Specific speech, language and learning problems with onset in childhood, together with an impairment of functions related to biological maturation of the central nervous system, and a steady course over time without spontaneous remissions or relapses, although the deficit may diminish as the child grows older.		attention deficit disorder PD16;disorders of intellectual development PD18	0
S	P	PS20.00	symptom	Developmental disorder of motor function	Developmental motor coordination disorder is characterised by a significant delay in the acquisition of gross and fine motor skills and impairment in the execution of coordinated motor skills that manifest in clumsiness, slowness, or inaccuracy of motor performance. Coordinated motor skills are markedly below that expected given the individual's chronological age and level of intellectual functioning. Onset of coordinated motor skills difficulties occurs during the developmental period and is typically apparent from early childhood.			1
S	P	PS20.01	symptom	Developmental language disorder	Developmental language disorder is characterised by persistent deficits in the acquisition, understanding, production or use of language (spoken or signed), that arise during the developmental period, typically during early childhood, and cause significant limitations in the individual’s ability to communicate. The individual’s ability to understand, produce or use language is markedly below what would be expected given the individual’s age. The language deficits are not explained by another neurodevelopmental disorder or a sensory impairment or neurological condition, including the effects of brain injury or infection.			1
S	P	PS20.02	symptom	Developmental speech disorder	Developmental speech disorders arise during the developmental period and are characterised by difficulties in understanding or producing speech in context for the purposes of communication that are outside the limits of normal variation expected for age and level of intellectual functioning. The observed speech problems are not attributable to regional, social, or cultural/ethnic language variations and are not fully explained by anatomical or neurological abnormalities.			1
S	P	PS20.03	symptom	Dyslexia	A cognitive disorder characterized by an impaired ability to comprehend written and printed words or phrases despite intact vision.	acalculia;alexia;symbolic dysfunctions		1
S	P	PS21	symptom	Own illness problem		problems related to adherence to medical advice		0
S	P	PS21.00	symptom	Dependence on others				1
S	P	PS22	symptom	Phase of life problem				0
S	P	PS22.00	symptom	Empty-nest problem	Empty nest syndrome is a feeling of grief and loneliness parents may feel when their children move out of the family home, such as to live on their own or to attend a college or university.			1
S	P	PS22.01	symptom	Retirement problem				1
S	P	PS90	complaint	Concern, fear of mental disorder or problem	Concern about/fear of mental disease in a patient without the disease/until the diagnosis is proven.	concern about mental disease;fear of committing suicide		0
S	P	PS99	symptom	Other specified psychological/mental symptom/complaint/abnormal finding		delusions;eating disorders NOS;hallucinations;hyperactivity;multiple psychological symptoms/complaints;poor hygiene;strange behaviour;suspiciousness		0
S	P	PSV	extension	Problem Scale Value	In the ICPC-3 no distinction is made between having a problem with a function or an activity or participation. For the Functioning components the scale values are expressed in terms of the value level of the problem. Using these values at a certain point in time or over a period of time, informs about actual Functioning situation or 'snapshot' of the person. The values can also be used for goal setting. The correspondence between the ICPC-3 and the severity scales (qualifiers) from the ICF is as follows: PSV.0 NO problem = xxx.0 NO impairment/difficulty PSV.1 MILD/MODERATE problem = xxx.1 MILD impairment/difficulty and xxx.2 MODERATE impairment/difficulty PSV.2 SEVERE problem = xxx.3 SEVERE impairment/difficulty PSV.3 COMPLETE problem = xxx.4 COMPLETE impairment/difficulty PSV.9 NOT applicable = xxx.9 not applicable In daily practice health professionals and patients or clients find it difficult to differentiate between MILD or MODERATE. For this reason MILD and MODERATE are merged into one value.			0
S	P	PSV.0	extensionCode	NO problem	There is no problem. The problem is absent or experienced as negligible.			1
S	P	PSV.1	extensionCode	MILD/MODERATE problem	The problem is experienced as slight, low, medium or fair.			1
S	P	PSV.2	extensionCode	SEVERE problem	The problem is experienced as high or extreme.			1
S	P	PSV.3	extensionCode	COMPLETE problem	The problem is experienced as total or complete.			1
S	P	PSV.9	extensionCode	NOT applicable				1
D	R	RD01	infection	Pertussis	A disease of the upper respiratory tract, caused by an infection of the gram-negative bacteria Bordetella pertussis. This disease typically presents with paroxysmal cough, inspiratory whoop, and fainting or vomiting after coughing. Transmission is by inhalation of infected respiratory secretions.	parapertussis		0
D	R	RD02	infection	Acute upper respiratory infection	Upper respiratory infection (URI) is characterised by evidence of acute inflammation of nasal or pharyngeal mucosa with absence of criteria for more specifically defined acute respiratory infection classified in this section.	acute rhinitis;coryza;head cold;nasopharyngitis;pharyngitis;URI;URTI	allergic rhinitis RD65;chronic pharyngitis RD10;infectious mononucleosis AD04;influenza RD07;laryngitis/croup RD05;measles AD01;sinusitis RD03;tonsillitis/quinsy RD04;viral conjunctivitis FD01	0
D	R	RD02.00	infection	Acute pharyngitis	Acute pharyngitis is defined as an infection or irritation of the pharynx and/or tonsils and is a part of the common cold symptoms. The etiology is usually infectious, with most cases being of viral origin.  Although virus infection is the primary cause, it is also caused by bacterial infection. The discomfort of a throat, a throat pain and swallowing pain often occur. Headache, general fatigueness, radiating pain to the ear and a cervical lymphadenitis also occur. Local finding demonstrates hyperaemic palatine tonsils and swelling of lymphoid follicles of posterior wall of pharynx. Patients with acute pharyngitis present most commonly with a sore throat. Other various symptoms can rise in these patients depending on their causing organisms.			1
D	R	RD02.01	infection	Common cold	A disease of the upper respiratory tract, caused by an infection with rhinovirus. This disease is characterised by pharyngitis, runny nose, stuffy nose, or cough. Transmission is by inhalation of infected respiratory secretions, or direct contact.			1
D	R	RD03	infection	Acute or chronic rhinosinusitis	Rhinosinusitis is characterised by purulent nasal/post-nasal discharge, or previous medically treated episodes of sinusitis, plus tenderness over one/more sinuses, or deep-seated aching facial pain aggravated by dependency of head, or opacity on transillumination; or imaging evidence of sinusitis; or pus obtained from the sinus.			0
D	R	RD03.00	infection	Acute sinusitis	Recent onset and/or short duration inflammation of the mucosa in one or more of the paranasal sinuses (maxillary, ethmoid, frontal and sphenoid) arising from infection or other causes such as caries or injury to the teeth. Purulent discharge can be seen at the middle meatus and olfactory cleavage and patients complain of dysosmia, stuffy nose, fever, or localised tenderness or pain.			1
D	R	RD03.01	infection	Chronic sinusitis	Sinusitis is an inflammation of the mucosal lining of the paranasal sinuses secondary to both infectious and allergic mechanisms. The retention of sinus secretions is the most important event in the development of sinusitis. This creates a favourable milieu for the growth of infection agents and may be caused by the obstruction or narrowing of sinus ostia, mucociliary dysfunction and changes in mucus composition. 90% of sinus infections involve the maxillary sinus. Chronic sinusitis refers to symptom duration lasting 3 months or more. Diagnosis of sinusitis is based on past history and physical examination findings.			1
D	R	RD04	infection	Acute tonsillitis	Acute tonsillitis is characterised by sore throat or fever with reddening of tonsil(s) more than the posterior pharyngeal wall, and either pus on swollen tonsil(s) or enlarged tender regional lymph node. Strep throat is an acute inflammation of the throat, plus demonstration of beta-haemolytic streptococci.		diphtheria RD10;erysipelas/strep skin infection SD16;hypertrophy/chronic infection of tonsils RD66;infectious mononucleosis AD04;scarlet fever AD24	0
D	R	RD04.00	infection	Peritonsillar abscess	Peritonsillar abscess is defined with abscess formation between the tonsillar capsule and the tonsillar constrictor muscles. Peritonsillar abscess mostly comes from peritonsillitis. Fever rise, pharyngeal pain and swallowing pain are the main symptoms, but, it also causes a muffled voice. Uvula is deviated to the unaffected side and swelling and redness around the affected tonsil is remarkable. Bacterial examination from the peritonsillar pus often reveal streptococcus group A beta-haemolytic as the aerobic bacteria and the detection rate of anaerobic bacteria also amounted to more than half. The treatment consists of antimicrobial therapy and incision and drainage of the abscess. The symptoms improve with above treatment in the most cases, while in some cases the abscess proceeds to a deadly deep neck infection and mediastinal abscess. If there are systemic complications such as diabetes mellitus, special attention is required.			1
D	R	RD04.01	infection	Streptococcal throat	A disease of the pharynx, caused by an infection with the gram-positive bacteria Streptococcus pyogenes. This disease is characterised by fever, sore throat, tonsillar exudates, or large cervical lymph nodes. Transmission is commonly by inhalation of infected respiratory secretions, or indirect contact. Confirmation is by identification of Streptococcus pyogenes from a throat swab.			1
D	R	RD05	infection	Acute (obstructive) laryngitis or tracheitis or both	Acute laryngitis and tracheitis are defined respectively as acute inflammation of larynx and trachea, with local findings of erythema, and edema of laryngeal and tracheal mucosa. Acute laryngitis and tracheitis are induced by upper respiratory tract viral infections or voice abuse.		epiglottitis RD10;false croup (laryngeal spasm) RD99	0
D	R	RD05.00	infection	Acute subglottis laryngitis	A condition commonly caused by an acute viral infection of the upper airway. This condition is characterised by a barking cough, stridor, hoarseness, or difficulty breathing. Transmission is commonly by inhalation of infected respiratory secretions.			1
D	R	RD06	infection	Acute bronchitis or bronchiolitis or both	1. Acute bronchitis is an acute disease of the bronchi, commonly caused by an infection with a bacterial or viral source. This disease is characterised by inflammation of the bronchi and presents with cough, wheezing, chest pain or discomfort, fever, or dyspnoea. Transmission is by inhalation of infected respiratory secretions. 2. Bronchiolitis is an acute disease of the bronchioles, commonly caused by an infection with a bacteria or viral source. This disease is characterised by inflammation of the bronchioles and coryza and presents with cough, wheezing, tachypnoea, fever, or chest retraction. In children and adults the disease is characterised by cough and fever with scattered or generalized abnormal chest signs: wheeze, coarse rales, rhonchi or moist sounds; in infants (bronchiolitis): dyspnoea and hyperinflation.	acute lower respiratory infection;bronchitis;chest infection;tracheobronchitis	allergic bronchitis RD69;chronic bronchitis RD67;influenza RD07	0
D	R	RD06.00	infection	Acute bronchitis	An acute disease of the bronchi, commonly caused by an infection with a bacterial or viral source. This disease is characterised by inflammation of the bronchi. This disease presents with cough, wheezing, chest pain or discomfort, fever, or dyspnoea. Transmission is by inhalation of infected respiratory secretions.			1
D	R	RD06.01	infection	Acute bronchiolitis	An acute disease of the bronchioles, commonly caused by an infection with a bacteria or viral source. This disease is characterised by inflammation of the bronchioles and coryza. This disease presents with cough, wheezing, tachypnoea, fever, or chest retraction			1
D	R	RD07	infection	Influenza	Influenza is characterised by myalgia and cough without abnormal respiratory physical signs other than inflammation of nasal mucous membrane and throat, plus three or more of the following: sudden onset (within 12 hours); rigors/chills/fever; prostration and weakness; influenza in close contacts; influenza epidemic; or viral culture/serological evidence of influenza virus infection.	influenza-like illness;para-influenza	gastric flu DD05;influenza pneumonia RD09	0
D	R	RD08	infection	Coronavirus disease 2019 (COVID-19)				0
D	R	RD08.00	infection	Long COVID-19	Post COVID-19 condition occurs in individuals with a history of probable or confirmed SARS CoV-2 infection, usually 3 months from the onset of COVID-19 with symptoms and that last for at least 2 months and cannot be explained by an alternative diagnosis. Common symptoms include fatigue, shortness of breath, cognitive dysfunction but also others and generally have an impact on everyday functioning. Symptoms may be new onset following initial recovery from an acute COVID-19 episode or persist from the initial illness. Symptoms may also fluctuate or relapse over time.			1
D	R	RD09	infection	Pneumonia	A disease of the lungs, frequently but not always caused by an infection with bacteria, virus, fungus, or parasite. This disease is characterised by fever, chills, cough with sputum production, chest pain and shortness of breath.	bacterial pneumonia;bronchopneumonia;influenzal pneumonia;viral pneumonia	aspiration pneumonia RD99	0
D	R	RD09.00	infection	Legionella pneumonia	Legionnaires’ disease, the pneumonic form, has an incubation period of 2 to 10 days (but up to 16 days has been recorded in some outbreaks). Initially, symptoms are fever, loss of appetite, headache, malaise and lethargy. Some patients may also have muscle pain, diarrhoea and confusion. There is also usually an initial mild cough, but as many as 50% of patients can present phlegm. Blood-streaked phlegm or hemoptysis occurs in about one-third of the patients. The severity of disease ranges from a mild cough to a rapidly fatal pneumonia. Death occurs through progressive pneumonia with respiratory failure and/or shock and multi-organ failure.			1
D	R	RD10	infection	Other specified or unknown respiratory infection		chronic nasopharyngitis;chronic pharyngitis;chronic rhinitis NOS;empyema;fungal respiratory infection;lung abscess;protozoal infection;unknown respiratory infection		0
D	R	RD10.00	infection	Diphteria	A disease commonly of the respiratory system, caused by an infection of the gram-positive bacteria Corynebacterium diphtheriae. This disease is characterised by sore throat, fever, and a pseudomembrane on the tonsils, pharynx, or nasal cavity. Transmission is by inhalation of infected respiratory secretions, or direct cutaneous contact. Confirmation is by identification of Corynebacterium diphtheriae from a throat swab or infected tissue, and by clinical signs.			1
D	R	RD10.01	infection	Epiglottitis	Acute epiglottitis is a special type of laryngeal inflammation, being characterised with a local swelling of epiglottis mucosa. This disease is more common in children in western countries, but adult cases are more common in Japan. Haemophilus influenzae type B infection is considered an important causative factor. Particularly in children, rapid exacerbation of dyspnoea can occur a couple of hours after the onset of this disease.			1
D	R	RD10.02	infection	Severe acute respiratory syndrome (SARS)	A disease of the respiratory system, caused by an infection with coronavirus. This disease is characterised by fever, headache, cough, myalgia, tachycardia, or diarrhoea. This disease may also lead to pneumonia. Transmission is by direct contact, inhalation of infected respiratory secretions, or airborne transmission. Confirmation is by identification of coronavirus in a blood, stool, respiratory secretions, or body tissue sample.		coronavirus disease 2019 (COVID-19) RD08;long COVID-19 RD08.00	1
D	R	RD25	neoplasm	Malignant neoplasm bronchus and lung	A characteristic histological appearance of a primary malignant neoplasm in the lung.	malignancy of bronchus;malignancy of lung;malignancy of trachea		0
D	R	RD26	neoplasm	Other specified or unknown respiratory malignant neoplasm	characteristic histological appearance	malignant neoplasm of mediastinum;malignant neoplasm of nose;malignant neoplasm of pleura;malignant neoplasm of sinus; mesothelioma;unknown respiratory malignant neoplasm	Hodgkin's disease BD25;malignancy of trachea/bronchus/lung RD25	0
D	R	RD26.00	neoplasm	Malignant neoplasm of larynx				1
D	R	RD27	neoplasm	Benign neoplasm respiratory	Characteristic clinical or histological appearance		nasal polyp RD99;uncertain or carcinoma in situ neoplasm of respiratory system RD28	0
D	R	RD28	neoplasm	Uncertain or carcinoma in situ neoplasm of respiratory system		respiratory neoplasm not specified as benign or malignant/when histology is not available	benign respiratory neoplasm RD27;malignant neoplasm bronchus/lung RD25;malignant neoplasm respiratory, other RD26;secondary neoplasm unknown site AD25	0
D	R	RD35	trauma	Injury respiratory system		trauma to nose;trauma to respiratory system	drowning AD45;fractured nose LD39;foreign body in respiratory system RD36	0
D	R	RD36	trauma	Foreign body in nose, larynx, bronchus		foreign body in lung	aspiration pneumonia RD99;drowning AD45;foreign body lodged in oesophagus DD36;foreign body in ear HD36	0
D	R	RD55	congenital	Congenital anomaly of respiratory system		congenital abnormality of bronchi;congenital abnormality of larynx;congenital abnormality of lungs;congenital abnormality of nose;congenital abnormality of pharynx;congenital abnormality of pleura;congenital abnormality of trachea	cleft lip/palate DD55;cystic fibrosis TD99	0
D	R	RD65	otherDiagnosis	Allergic rhinitis	Rhinitis is inflammation of the nasal mucosa clinically characterised by major symptoms: sneezing, nasal pruritus, running nose, and stuffy nose. Allergic rhinitis is an inflammation of nasal airway triggered by allergens to which the affected individual has previously been sensitized.	allergic;hay fever;nasal allergy;pollen;seasonal;vasomotor rhinitis	chronic rhinitis NOS RD10;upper respiratory tract infection RD02	0
D	R	RD66	otherDiagnosis	Hypertrophy tonsils or adenoids or both	Any persistent or recurrent disease affecting the round-to-oval mass of lymphoid tissue embedded in the lateral wall of the pharynx (tonsils) or the collection of lymphoid nodules on the posterior wall and roof of the nasopharynx (adenoids) resulting in enlargement of the tonsils or adenoids or both. (ICD-11)	chronic tonsillitis	acute tonsillitis RD04;allergic rhinitis RD65	0
D	R	RD66.00	otherDiagnosis	Hypertrophy of adenoids	An obstructive condition related to an increased size of the adenoids			1
D	R	RD66.01	otherDiagnosis	Hypertrophy of tonsils		chronic tonsillitis		1
D	R	RD66.02	otherDiagnosis	Hypertrophy of tonsils and adenoids	"An excessive growth (""hypertrophy"") of the tissue of tonsils and adenoids."			1
D	R	RD67	otherDiagnosis	Chronic bronchitis	Chronic bronchitis is an unspecified chronic inflammation of the bronchi (medium-size airways) in the lungs, causing a persistent cough that produces sputum (phlegm) and mucus, for at least three months per year in two consecutive years.		emphysema/chronic obstructive pulmonary (lung, airways) disease RD68;bronchiectasis RD99	0
D	R	RD68	otherDiagnosis	Chronic obstructive pulmonary disease and emphysema	Chronic obstructive pulmonary disease (COPD), a common preventable and treatable disease, is characterised by persistent airflow limitation that is usually progressive and associated with an enhanced chronic inflammatory response in the airways and the lung to noxious particles or gases. Exacerbations and comorbidities contribute to the overall severity in individual patients. Emphysema is defined by abnormal and permanent enlargement of the airspaces that are distal to the terminal bronchioles. This is accompanied by destruction of the airspace walls, without obvious fibrosis (i.e. there is no fibrosis visible to the naked eye). Emphysema can exist in individuals who do not have airflow obstruction; however, it is more common among patients who have moderate or severe airflow obstruction.	chronic airways limitation (CAL);chronic obstructive airways disease (COAD);chronic obstructive lung disease (COLD);chronic obstructive pulmonary disease (COPD);emphysema	asthma RD69;bronchiectasis RD99;chronic bronchitis RD67;cystic fibrosis RD99	0
D	R	RD69	otherDiagnosis	Asthma	Asthma is characterised by recurrent episodes of reversible acute bronchial obstruction with wheeze/dry cough or diagnostic test meeting currently accepted criteria for asthma.	reactive airways disease;wheezy bronchitis	bronchiolitis RD06;chronic bronchitis RD67;emphysema RD68	0
D	R	RD69.00	otherDiagnosis	Allergic asthma	Allergic asthma is the most easily recognised asthma phenotype, which often commences in childhood and is associated with a past and/or family history of allergic disease such as eczema, allergic rhinitis, or food or drug allergy.			1
D	R	RD70	otherDiagnosis	Lung disease related to external agents		pneumonitis due to allergy;pneumonitis due to chemicals;pneumonitis due to dust;pneumonitis due to fumes;pneumonitis due to mould	air pollution AD45	0
D	R	RD70.00	otherDiagnosis	Pneumoconiosis	Pneumoconiosis is a lung disease due to inhalation of minute particles and characterised pathologically by interstitial fibrosis. The different types of pneumoconiosis vary in relation to the types of inhaled particles, often accompanied by certain occupational environments.			1
D	R	RD70.01	otherDiagnosis	Vaping related disorder	Disorder resulting from inhaling a vaporized solution (aerosol) which frequently contains flavourants, usually dissolved into Propylene Glycol or Glycerin, or both, and may or may not contain doses of nicotine, and other substances and additives with the use of electronic nicotine delivery systems (ENDS) or electronic non-nicotine delivery systems (ENNDS).			1
D	R	RD99	otherDiagnosis	Other specified or unknown diagnoses and diseases of respiratory system		lung complication of other disease;mediastinal disease;other disease of larynx;pulmonary collapse	sarcoidosis BD99	0
D	R	RD99.00	otherDiagnosis	Aspiration pneumonia	Acute inflammation of the lung parenchyma due to inadvertent passage of ingested solids or liquids into the airway from swallowing dysfunction or after an acute vomiting or gastroesophageal reflux episode.			1
D	R	RD99.01	otherDiagnosis	Bronchiectasis	Bronchiectasis is an abnormal widening of one or more airways. Normally, tiny glands in the lining of the airways make a small amount of mucus. Mucus keeps the airways moist and traps any dust and dirt in the inhaled air. Because bronchiectasis creates an abnormal widening of the airways, extra mucus tends to form and pool in parts of the widened airways. Widened airways with extra mucus are prone to infection.			1
D	R	RD99.02	otherDiagnosis	Cystic fibrosis	Cystic fibrosis (CF) is a genetic disorder characterised by the production of sweat with a high salt content and mucus secretions with an abnormal viscosity. The disease is chronic and generally progressive, with onset usually occurring during early childhood or, occasionally, at birth (meconium ileus). Virtually any internal organ may be involved but the principle manifestations concern the breathing apparatus (chronic bronchitis), pancreas (pancreatic insufficiency, adolescent diabetes and occasionally pancreatitis) and, more rarely, the intestine (stercoral obstruction) or liver (cirrhosis). The usual presenting symptoms and signs include persistent pulmonary infection, pancreatic insufficiency, and elevated sweat chloride levels.			1
D	R	RD99.03	otherDiagnosis	Deviated nasal septum				1
D	R	RD99.04	otherDiagnosis	Pneumothorax	Pneumothorax is an abnormal collection of air or gas in the pleural space that separates the lung from the chest wall, and that may interfere with normal breathing.			1
D	R	RD99.05	otherDiagnosis	Polyp of nasal cavity	Nasal polyp is an inflammatory and proliferating mass arising from the epithelial linings of nasal cavity and paranasal sinuses. In general, nasal polyp appears to be greyish white, smoothly surfaced, and glutinous and agar-like mass.			1
D	R	RD99.06	otherDiagnosis	Polyp of vocal cord	A polyp is an abnormal growth of tissue projecting from a mucous membrane, in this condition it is of the vocal cord.	nodules of vocal cords		1
D	R	RD99.07	otherDiagnosis	Respiratory failure	Respiratory failure is a life-threatening impairment of oxygenation or CO2 elimination. Respiratory failure may occur because of impaired gas exchange, decreased ventilation, or both. The level of oxygen in the blood becomes dangerously low or the level of carbon dioxide becomes dangerously high.			1
D	R	RD99.08	otherDiagnosis	Interstitial lung disease	A diverse group of lung diseases that affect the lung parenchyma. They are characterized by an initial inflammation of pulmonary alveoli that extends to the interstitium and beyond leading to diffuse pulmonary fibrosis. Interstitial lung diseases are classified by their etiology (known or unknown causes), and radiological-pathological features.			1
S	R	RS01	symptom	Pain respiratory system		painful respiration;pleuritic pain;pleurodynia	chest pain AS12;musculoskeletal chest pain LS04;nose pain RS10;sinus pain RS11;sore throat RS12;chest tightness RS99;pleurisy RS50	0
S	R	RS02	symptom	Shortness of breath		orthopnoea	hyperventilation RS04;stridor RS04;wheezing RS03	0
S	R	RS03	symptom	Wheezing	Continuous adventitious sounds that are high-pitched are called wheezes. Wheezes originate in airways narrowed by spasm, thickening of the mucosa, or luminal obstruction.	expiratory wheeze;rhonchi	dyspnoea RS02;hyperventilation RS04;stridor RS04	0
S	R	RS04	symptom	Other specified breathing problem		abnormal breathing;apnoea;holding breath;hyperventilation;inspiratory wheeze;respiratory distress;stridor;tachypnoea		0
S	R	RS05	symptom	Snoring				0
S	R	RS06	symptom	Sleep-related breathing problems				0
S	R	RS06.00	symptom	Sleep apnoea	1. Central sleep apnoeas are characterised by reduction or cessation of airflow due to absent or reduced respiratory effort. Central apnoea (cessation of airflow) or hypopnea (reduction in airflow) may occur in a cyclical or intermittent fashion. Patients with central sleep apnoea of various etiologies may also exhibit obstructive events, in which case diagnoses of both central sleep apnoea and obstructive sleep apnoea may be given. Note: A definitive diagnosis requires objective evidence based on polysomnography. 2. Obstructive sleep apnoea is characterised by repetitive episodes of apnoea or hypopnea that are caused by upper airway obstruction occurring during sleep. These events often result in reductions in blood oxygen saturation and are usually terminated by brief arousals from sleep. Excessive sleepiness is a major presenting complaint in many but not all cases. Reports of insomnia, poor sleep quality, and fatigue are also common. Upper airway resistance syndrome shares the same pathophysiology and should be classified here. In adults (older than 18 years), obstructive sleep apnoea is diagnosed when the frequency of obstructive events (apnoeas, hypopneas or respiratory-event related arousals) is greater than 15 per hour. The disorder may also be diagnosed when the frequency is greater than five per hour and: a) symptoms attributable to the disorder (e.g., sleepiness or sleep disruption) are present; or b) nocturnal respiratory distress or observed apnoea/habitual snoring are reported; or c) when hypertension, a mood disorder, cognitive dysfunction, coronary artery disease, stroke, congestive heart failure, atrial fibrillation, or type 2 diabetes mellitus are present. In children, the disorder is diagnosed when the frequency of obstructive events is great than one per hour, accompanied by signs or symptoms related to the breathing disorder. Note: A definitive diagnosis requires objective evidence based on polysomnography.	central sleep apnoea;obstructive sleep apnoea		1
S	R	RS07	symptom	Cough	Cough is an important natural defensive mechanism and protective reflex for clearing the upper and lower airways of excessive secretions such as mucus and inhaled particles. Cough is a common symptom of most respiratory disorders and may be indicative of trivial to very serious airway or lung pathology.	dry cough;moist cough	abnormal sputum/phlegm RS15	0
S	R	RS08	symptom	Nose bleed or epistaxis				0
S	R	RS09	symptom	Sneezing or nasal congestion		blocked nose;rhinorrhea;running nose		0
S	R	RS10	symptom	Nose symptoms or complaints		pain in nose	anosmia NS08;blocked nose/sneezing RS09;complaint of sinuses RS11;concern with appearance of nose RS91;epistaxis RS08;rhinophyma SD99	0
S	R	RS11	symptom	Sinus symptoms or complaints		blocked sinus;congested sinus;pain/pressure in sinus;post-nasal drip	headache NS01;face pain NS02;nasal congestion RS09	0
S	R	RS12	symptom	Throat symptoms or complaints		dry throat;inflamed throat;red throat;large tonsils;lump in throat;tonsillar pain	tonsillar hypertrophy RD66;voice symptom RS13	0
S	R	RS12.00	symptom	Pain in throat				1
S	R	RS13	symptom	Voice symptoms or complaints		absence of voice;aphonia;hoarseness	neurological disorder of speech NS11;stammering/stuttering NS11;sore throat RS12	0
S	R	RS14	symptom	Haemoptysis or coughing blood				0
S	R	RS15	symptom	Abnormal sputum or phleg			cough with sputum RS07;haemoptysis RS14	0
S	R	RS50	clinicalFinding	Pleurisy or pleural effusion	To classify pleurisy/pleural effusion there should be clinical evidence of pleural exudate or pleuritic pain accompanied by pleural friction rub or investigative evidence of inflammatory pleural exudate.	pleural inflammatory exudate;pleuritis	pneumonia RD09;tuberculosis AD15	0
S	R	RS90	complaint	Concern or fear of disease respiratory system	Concern about/fear of disease in a patient without the disease/until the diagnosis is proven.			0
S	R	RS91	complaint	Concern about appearance of nose		red nose;prominent nose		0
S	R	RS99	symptom	Other specified respiratory symptoms, complaints and abnormal findings		chest tightness;fluid on lung		0
S	R	RS99.00	symptom	Hiccough	Hiccough are repeated involuntary spasms of the diaphragm followed by sudden closure of the glottis, which checks the inflow of air and causes the characteristic sound. Transient episodes are very common. Persistent (more than 2 days) and intractable (more than 1 month) Hiccough are uncommon but quite distressing.			1
S	R	RS99.01	symptom	Irritable airways				1
D	S	SD01	infection	Warts	Common warts are due to an infection of the epidermis by certain human papilloma viruses, most commonly HPV subtypes 1,2,4,27 and 57. They manifest typically as papillomatous, keratinous growths on the hands and feet but may affect any part of the skin (and also adjacent mucous epithelia). They are very common during childhood and adolescence.	plane wart;verrucae	genital warts GD05;molluscum contagiosum SD02	0
D	S	SD02	infection	Molluscum contagiosum	A disease of the skin and mucous membranes, caused by an infection with molluscum contagiosum virus. This disease is characterised by papular skin eruptions, commonly 2-3 millimetres in diameter. Transmission is by direct contact.		warts SD01	0
D	S	SD03	infection	Herpes zoster	Grouped vesicular eruptions, unilateral distribution, normally over area of a single dermatome caused by the reactivation of a latent infection with varicella zoster virus. This disease commonly presents with a rash, cutaneous hyperaesthesia, or fever.	post-herpetic neuralgia SD03.01;shingles		0
D	S	SD03.01	infection	Postherpetic neuralgia	Pain in nerves, frequently involving facial skin, resulting from the activation the latent varicella-zoster virus.			1
D	S	SD04	infection	Herpes simplex	Vesicles with erythematous base in localised area(s); plus past history of similar lesions, or virological or serological evidence.		genital herpes GD03;herpes simplex of eye without corneal ulcer FD03	0
D	S	SD04.00	infection	Herpes (simplex) labialis				1
D	S	SD05	infection	Infected finger or toe		whitlow;abscess of finger;abscess of toe	dermatophytosis SD08;monilia/candida SD10;post-traumatic infection finger/toe SD07	0
D	S	SD05.00	infection	Paronychia	An inflammatory reaction involving the folds of the skin surrounding the fingernail. It is characterized by acute or chronic purulent, tender, and painful swellings of the tissues around the nail, caused by an abscess of the nail fold. The pathogenic yeast causing paronychia is most frequently Candida albicans. Saprophytic fungi may also be involved. The causative bacteria are usually Staphylococcus, Pseudomonas aeruginosa, or Streptococcus.		candidiasis of nails SD11.01	1
D	S	SD05.01	infection	Pulp space infection of finger/thumb				1
D	S	SD05.02	infection	Pulp space infection of toe				1
D	S	SD06	infection	Boil or carbuncle	Single or multiple focal infections of skin and soft tissues most commonly centred on the hair follicle and most commonly due to Staphylococcus aureus.	abscess	boil external auditory meatus HD01;boil female external genitalia GD69;boil male external genitalia GD99;erysipelas SD16;folliculitis SD99;folliculitis barbae SD08;hydradenitis SD73;lymphadenitis BD01;perianal boil DD07;pilonidal abscess SD67;superficial pustular folliculitis SD15	0
D	S	SD06.00	infection	Furuncle	A localised infection of a hair follicle by Staphylococcus aureus. It manifests as a painful swollen purulent mass centred on a hair follicle.	boil abscess nose		1
D	S	SD06.01	infection	Furunculosis	The presence of multiple furuncles, this condition is associated with disorders such as malnutrition and diabetes mellitus.			1
D	S	SD07	infection	Post-traumatic skin infection		infected post-traumatic bite;infected post-traumatic wound	erysipelas, pyoderma SD16;impetigo SD15;surgical wound infection AD42	0
D	S	SD08	infection	Dermatophytosis	Pruritic scaly lesions with central clearing and small vesicles at border; or demonstration of fungus.	fungal skin infection;ringworm;tinea	bacterial folliculitis SD06;folliculitis SD99;pityriasis versicolor SD09;moniliasis/candidiasis SD11;onychomycosis SD10;superficial pustular folliculitis SD15	0
D	S	SD08.00	infection	Tinea pedis	Dermatophytosis of the skin of the foot (tinea pedis). The lateral interdigital toe clefts are the most common initial site of infection. Longstanding infection with Trichophyton rubrum, the most commonly implicated organism in Europe and North America, characteristically causes dry scaling over the sole of the foot.			1
D	S	SD09	infection	Pityriasis versicolor	A disease of the skin, caused by an infection with the fungi Malassezia. This disease is characterised by white, pink, fawn, brown, or often coalescing lesions that may be covered with thin furfuraceous scales. This disease commonly presents on the trunk, shoulders and arms, or neck and face. Transmission is by opportunistic transmission. Confirmation is by identification of Malassezia in a skin sample.			0
D	S	SD10	infection	Onychomycosis	Fungal infection of fingernails and/or toenails due most commonly to dermatophytes tinea unguium or yeast.		Moniliais/candidiasis skin SD11	0
D	S	SD11	infection	Candidiasis skin	Candidiasis is an infection caused by yeasts of the genus Candida. Superficial infections of the mucous membranes and skin are common.	thrush skin	oral thrush DD66;genital candidiasis GD08;onychomycosis SD10	0
D	S	SD11.00	infection	Candida intertrigo		anal candidiasis		1
D	S	SD11.01	infection	Candidiasis of nails				1
D	S	SD11.02	infection	Diaper candidiasis				1
D	S	SD12	infection	Pityriasis rosea	Oval, scaly eruptions along skin tension lines of trunk, with a history of a solitary lesion preceding presenting rash.			0
D	S	SD13	infection	Scabies and other acariasis				0
D	S	SD13.00	infection	Scabies	Scabies: Intense pruritic skin lesions plus arrays of burrows on sides of palms, fingers, penis or skin folds; or demonstration of parasites or ova in lesions. A highly contagious infestation of the skin by the mite Sarcoptes scabiei var. hominis. It may result in epidemics when introduced into institutions such as schools and nursing homes. The mites burrow into the skin, favouring the extremities, genitalia and, in infants, the axillae. The characteristic widespread intensely pruritic papulovesicular rash results largely from the host response rather than directly to burrowing by mites. Where such a response is absent as in immunosuppressed or debilitated patients, unchecked proliferation of mites results in crusted scabies. Sarcoptic mites from other mammals such as dogs may cause a transient pruritic eruption.			1
D	S	SD14	infection	Pediculosis and other skin infestation	Pediculosis refers to parasitic skin diseases caused by animals such as arthropods (i.e. ticks, and lice) and worms, but excluding (except) conditions caused by protozoa, fungi, bacteria, and viruses, which are called infections.	fleas	cutaneous larva migrans DD07.07;infected insect bites SD07;insect bites SD39;scabies SD13.00;mites SD13	0
D	S	SD14.00	infection	Head lice	A condition of the scalp and hair shaft, caused by an infection with the parasite Pediculus humanus capitis. This condition is characterised by pruritus which may lead to sores or thickened discoloured skin. Transmission is by direct or indirect contact with an infected individual or animal. Confirmation is by identification of Pediculus humanus capitis eggs or Pediculus humanus capitis.			1
D	S	SD14.01	infection	Pediculosis pubis	Infestation most commonly of pubic hair and less commonly of body hair or eyelashes by the crab louse, Pthirus pubis. Transmission is by direct, typically sexual contact with an infected individual. Confirmation is by identification of Pthirus pubis or its eggs.	phthiriasis pubis		1
D	S	SD15	infection	Impetigo	Spreading skin lesion consisting of macules, vesicles, pustules or crust with underlying raw area.	impetigo secondary to other dermatosis	bacterial folliculitis SD16;folliculitis SD99;folliculitis barbae SD08	0
D	S	SD16	infection	Other specified or unknown skin infection		acute bacterial lymphangitis;pyoderma;strep skin infection;unknown skin infection	boil/carbuncle SD06;Buruli ulcer AD24;post-traumatic skin infection SD07;impetigo SD15;molluscum contagiosum SD02;acne SD76	0
D	S	SD16.00	infection	Cellulitis	An acute, diffuse, and suppurative inflammation of loose connective tissue, particularly the deep subcutaneous tissues, and sometimes muscle, which is most commonly seen as a result of infection of a wound, ulcer, or other skin lesions.		paronychia SD05.00	1
D	S	SD16.01	infection	Erysipelas	An acute infection of the skin caused by species of streptococcus. This disease most frequently affects infants, young children, and the elderly. Characteristics include pink-to-red lesions that spread rapidly and are warm to the touch. The commonest site of involvement is the face.			1
D	S	SD16.02	infection	Erythrasma	A chronic bacterial infection of major folds of the skin, caused by Corynebacterium minutissimum.			1
D	S	SD16.05	infection	Bacterial folliculitis	Bacterial infection of the follicular ostium manifested as follicular papules and pustules with perifollicular erythema. The most commonly isolated organisms are coagulase-negative staphylococci and Staphylococcus aureus. The infection may be acute but is more commonly subacute or chronic; individual lesions heal without scarring. Commonly affected sites include the scalp, beard area, thighs and buttocks.			1
D	S	SD25	neoplasm	Malignant neoplasm of skin	Characteristic histological appearance.		premalignant lesion of skin SD29	0
D	S	SD25.00	neoplasm	Basal cell carcinoma of skin	Basal cell carcinoma or BCC is the most common malignancy in humans. It is believed that BCCs arise from pluripotential cells in the basal layer of the epidermis or, less commonly, hair follicle. BCCs typically occur in areas of chronic sun exposure and presents as slowly enlarging reddish papules, plaques or nodules on the head and neck, although the superficial variant is often located on the trunk. BCCs frequently ulcerate and become crusted. Although they rarely metastasize, they can cause significant local destruction and disfigurement if neglected or inadequately treated, particularly if of the sclerosing or infiltrative subtype.			1
D	S	SD25.01	neoplasm	Kaposi's sarcoma of skin	A Kaposi sarcoma arising from the skin. It presents with patches, plaques, or nodules.			1
D	S	SD25.02	neoplasm	Malignant melanoma	A primary melanoma arising from atypical melanocytes in the skin. Precursor lesions include acquired and congenital melanocytic nevi, and dysplastic nevi. Several histologic variants have been recognised, including superficial spreading melanoma, acral lentiginous melanoma, nodular melanoma, and lentigo maligna melanoma.			1
D	S	SD25.03	neoplasm	Squamous cell carcinoma of skin	A carcinoma arising from the squamous cells of the epidermis. Skin squamous cell carcinoma is most commonly found on sun-exposed areas. The majority of the tumours are well-differentiated.			1
D	S	SD26	neoplasm	Lipoma	A benign tumor composed of adipose (fatty) tissue.			0
D	S	SD27	neoplasm	Benign melanocytic naevus	A naevus containing melanin.		congenital skin anomaly SD55;spider naevus KS99;strawberry naevus SD55	0
D	S	SD28	neoplasm	Haemangioma or lymphangioma	Vascular or lymphatic tumor, elevated above skin and emptying on pressure. Neoplastic hemangioma are benign localised vascular neoplasm usually occurring in infancy and childhood. It is characterised by the formation of capillary-sized or cavernous vascular channels. The majority of cases are congenital.	angiomatous birthmark	Congenital skin anomaly SD55	0
D	S	SD29	neoplasm	Benign, uncertain or carcinoma in situ neoplasms of skin		benign skin neoplasm;dermoid cyst;premalignant lesion;skin neoplasm not specified as benign or malignant when histology is not available;skin tags	haemangioma SD28;keloid, hyperkeratosis SD99;mole or pigmented nevus SD27;residual haemorrhoidal skin tag DD84;seborrhoeic/senile warts SD80;solar keratosis SD66	0
D	S	SD29.00	neoplasm	Dermatofibroma	A common benign skin tumour which presents as a firm dermal papule or nodule, most commonly on the lower limbs. Histologically it is characterised by coarse, haphazardly arranged collagen bundles and a variable cellular infiltrate including fibrocytes.			1
D	S	SD29.01	neoplasm	Dysplastic naevus	Solitary or multiple, slightly raised, pigmented lesions with irregular borders, usually measuring more than 0.6cm in greatest dimension. Morphologically, there is melanocytic atypia and the differential diagnosis from melanoma may be difficult. Patients are at an increased risk for the development of melanoma.			1
D	S	SD29.02	neoplasm	Keratoacanthoma	A benign, non-neoplastic, usually self-limiting epithelial lesion closely resembling squamous cell carcinoma clinically and histopathologically. It occurs in solitary, multiple, and eruptive forms. The solitary and multiple forms occur on sunlight exposed areas and are identical histologically; they affect primarily white males. The eruptive form usually involves both sexes and appears as a generalized papular eruption.			1
D	S	SD29.03	neoplasm	Granuloma telangiectaticum	Historically called pyogenic granuloma, this is a common benign proliferation of capillary blood vessels which may be induced by trauma or by certain drugs. It presents as one or more bright red papules or nodules often located around the mouth or on a terminal phalanx in relation to the nail. Bleeding, ulceration and crusting frequently occur.			1
D	S	SD35	trauma	Bruise or contusion	Superficial bruise/contusion with intact skin surface.	ecchymosis;haematoma	bruise with broken skin SD36	0
D	S	SD35.00	trauma	Subungual haematoma				1
D	S	SD35.01	trauma	Bruise or contusion of head (excluding face)				1
D	S	SD36	trauma	Abrasion, scratch, blister	An abrasion is a partial thickness wound caused by damage to the skin and can be superficial involving only the epidermis to deep, involving the deep dermis.	bruise if skin broken;graze		0
D	S	SD36.00	trauma	Abrasion, scratch, blister of head (excluding face)				1
D	S	SD37	trauma	Laceration or cut	A cut is typically thought of like a wound caused by a sharp object (such as a knife or a shard of glass). The term laceration implies a torn or jagged wound.	laceration;cut of skin/subcutaneous tissues	bite SD40;bruise with broken skin SD36	0
D	S	SD37.00	trauma	Laceration or cut of head (excluding face)				1
D	S	SD38	trauma	Other specified or unknown skin injury		needle stick;puncture;unknown skin injury	animal or human bite SD40	0
D	S	SD38.00	trauma	Avulsion of nail				1
D	S	SD38.01	trauma	Other specified or unknown skin injury of head (excluding face)				1
D	S	SD39	trauma	Insect or spider bite or sting	When an insect or spider bites, it releases saliva that can cause the skin around the bite to become red, swollen and itchy. The venom from a sting often also causes a swollen, itchy, red mark (a weal) to form on the skin.	non toxic spider bite	bee sting AD44;infected bite SD07;scabies SD13;pediculosis SD14;toxic effects non-medical substance AD44;wasp sting AD44	0
D	S	SD39.00	trauma	Tick bite				1
D	S	SD40	trauma	Animal or human bite		non-toxic snake bite	toxic effects non-medical substance AD44;infected bite or sting SD39	0
D	S	SD41	trauma	Burn or scald		burn of all degrees;external chemical burn;scald of all degrees	sunburn SD66	0
D	S	SD42	trauma	Foreign body in skin		foreign body under nail		0
D	S	SD55	congenital	Congenital anomaly of skin		ichthyosis;salmon patch nevus	haemangioma/lymphangioma SD28	0
D	S	SD55.00	congenital	Port-wine stain of skin	A port-wine stain is defined as a macular telangiectatic area of skin which is present at birth and does not spontaneously involute. Port-wine stains may be localised or extensive and they are often associated with an underlying disorder.			1
D	S	SD55.01	congenital	Strawberry nevus of skin	A dull red, firm, dome-shaped hemangioma, sharply demarcated from surrounding skin, usually located on the head and neck, which grows rapidly and generally undergoes regression and involution without scarring. It is caused by proliferation of immature capillary vessels in active stroma, and is usually present at birth or occurs within the first two or three months of life			1
D	S	SD65	otherDiagnosis	Corn or callosity	Callosities are areas of focal hyperkeratosis due to repeated friction and pressure. A corn is a sharply demarcated callosity occurring over a bony prominence, usually on the foot, and is painful.	clavus	hyperkeratosis SD99;solar hyperkeratosis SD66	0
D	S	SD66	otherDiagnosis	Solar keratosis or sunburn		photosensitivity;polymorphous light eruption;senile keratosis;solar hyperkeratosis	senile warts/seborrhoic keratosis SD80;skin problems due to radiation or medical treatment) AD42	0
D	S	SD66.00	otherDiagnosis	Actinic keratosis	Actinic keratoses (AKs) are focal areas of abnormal keratinocyte proliferation and differentiation induced by chronic exposure to ultraviolet radiation. They are very common on sun-exposed skin of fair-skinned individuals who have had excessive exposure to sunlight. Initially flat scaly papules, they may become significantly elevated from the skin surface by producing dense adherent keratin or as a result of unregulated cellular proliferation which may progress to frank carcinoma in situ or invasive squamous cell carcinoma.			1
D	S	SD66.01	otherDiagnosis	Allergy to sunlight	Chromophore-dependent photodermatosis triggered by UV and visible light.			1
D	S	SD66.02	otherDiagnosis	Idiopathic photodermatosis	Non-allergic skin inflammation caused by cellular damage from reactive oxygen species in the skin produced by the interaction between ultraviolet or visible light and a photoactive substance in contact with the skin.			1
D	S	SD66.03	otherDiagnosis	Photodermatitis	Abnormal responses to sunlight or artificial light due to extreme reactivity of light-absorbing molecules in tissues. It refers almost exclusively to skin photosensitivity, including sunburn, reactions due to repeated prolonged exposure in the absence of photosensitizing factors, and reactions requiring photosensitizing factors such as photosensitizing agents and certain diseases.			1
D	S	SD67	otherDiagnosis	Pilonidal cyst or fistula or both	Pilonidal disease describes a spectrum of clinical presentations, ranging from asymptomatic hair-containing cysts and sinuses to large symptomatic abscesses of the sacrococcygeal area which tend to recur. It is found predominantly in white males in their second and third decades and is thought to result from penetration of hair into the tissues with the formation of sinuses and a foreign-body granulomatous response. Risk factors for pilonidal disease include male gender, Caucasian ethnicity, sitting occupations, obesity, a deep natal cleft, and presence of hair within the natal cleft.	pilonidal abscess	dermoid cyst SD29	0
D	S	SD68	otherDiagnosis	Seborrhoeic dermatitis	Greasy, scaly lesions with underlying erythema on one or more areas of scalp, face, sternum, interscapular areas, around umbilicus and in body folds, not attributable to other skin disease.		seborrhoeic keratosis/warts SD80	0
D	S	SD68.00	otherDiagnosis	Cradle cap	A group of related inflammatory skin disorders affecting predominantly the scalp, face, upper trunk and flexures and characterised by variable amounts of erythema, scale, inflammation and exudation. It is thought that Malassezia yeasts pay an important role in their pathogenesis.			1
D	S	SD69	otherDiagnosis	Atopic eczema, dermatitis	Pruritic exudative lesions with/without lichenification over face and neck, wrists and hands, chest, back of knees and front of elbow.	flexural dermatitis;infantile eczema;neurodermatitis	allergic dermatitis SD70;dermatitis/atopic eczema affecting external auditory meatus HD01;diaper rash SD71	0
D	S	SD70	otherDiagnosis	Contact or allergic dermatitis	Pruritic erythematous lesions related to exposure to chemical substance, friction and unknown causes.	dermatitis NOS;eczema NOS;intertrigo;plant sting;skin allergy	benign, uncertain or carcinoma in situ neoplasms of skin AD46;atopic eczema SD69;contact and other dermatitis of eyelid FD02;contact/other dermatitis of external auditory meatus HD01;dermatitis artefacta/neurodermatitis SD99;diaper rash SD71;urticaria SD78	0
D	S	SD70.00	otherDiagnosis	Contact dermatitis	A type of acute or chronic skin reaction in which sensitivity is manifested by reactivity to materials or substances coming in contact with the skin. It may involve allergic or non-allergic mechanisms.			1
D	S	SD70.01	otherDiagnosis	Ingestion dermatitis due to drugs				1
D	S	SD71	otherDiagnosis	Diaper rash	Dermatitis, primarily of the diaper area and sparing creases. A type of irritant dermatitis seen most frequently in infants localised to the area in contact with a napkin (diaper) and occurring most often as a reaction to prolonged contact with urine, faeces, or retained soap or detergent.		diaper candidiasis SD11.02	0
D	S	SD72	otherDiagnosis	Psoriasis	Plaques with silvery scales on knees, elbows or scalp and/or stippled/pitted nails. Psoriasis is a common, chronic, relapsing, inflammatory skin disorder characterised by abnormal epidermal keratinization and hyperproliferation. It has a strong genetic component and affects some 2% of the populations of many regions of the world. Up to 10-20% of patients with psoriasis also experience an inflammatory polyarthritis (psoriatic arthritis).			0
D	S	SD73	otherDiagnosis	Sweat gland disease		dyshidrosis	hyperhidrosis AS10	0
D	S	SD73.00	otherDiagnosis	Anhidrosis	Abnormally diminished or absent perspiration. Both generalized and segmented (reduced or absent sweating in circumscribed locations) forms of the disease are usually associated with other underlying conditions.			1
D	S	SD73.01	otherDiagnosis	Dyshidrotic eczema	An eczema of unknown cause affecting principally the palms, soles and sides of the fingers and toes. It is commonly known as pompholyx and is characterised by eruptions of itchy, often multiloculated blisters, which tend to rupture and become secondarily infected and hyperhidrosis. It occurs most commonly in adolescents and young adults. Its relationship to other forms of eczema and to allergic sensitisation, especially to nickel, remains to be adequately elucidated.			1
D	S	SD73.02	otherDiagnosis	Hidradenitis	Hidradenitis suppurativa is a chronic disease characterised by recurrent, painful, deep-seated, rounded nodules and abscesses due to follicular occlusion with secondary inflammation and destruction of the pilo-sebaceo-apocrine apparatus and extension to the adjacent subcutaneous tissue. Subsequent hypertrophic scarring and suppuration of apocrine gland-bearing skin (axillae, groins, peri-anal and perineal regions) are the main clinical features.			1
D	S	SD73.03	otherDiagnosis	Miliaria	Miliaria is a common skin disorder resulting from occlusion of eccrine sweat ducts. It is precipitated by hot, humid conditions.			1
D	S	SD74	otherDiagnosis	Sebaceous cyst	Intradermal or subcutaneous sac-like structure, the wall of which is stratified epithelium containing keratohyaline granules.		other cutaneous cyst SD99	0
D	S	SD74.00	otherDiagnosis	Atheroma cyst	A trichilemmal (pilar) cyst is a common, typically non-tender, intradermal or subcutaneous cyst. The cysts are typically confined to the scalp and are often multiple. They usually occur sporadically but may be inherited in an autosomal dominant manner. They are derived from the outer root sheath of the hair follicle and as such contain keratin or keratin degradation products. Rarely, they may undergo malignant transformation.			1
D	S	SD74.01	otherDiagnosis	Epithelial cyst	1. Epithelial cyst is an intradermal or subcutaneous saclike structure, the wall of which is stratified epithelium containing keratohyalin granules.			1
D	S	SD75	otherDiagnosis	Ingrowing nail		ingrowing nail with infection	paronychia SD05	0
D	S	SD76	otherDiagnosis	Acne	A group of related disorders characterised by follicular occlusion and inflammation.	pimples	acne due to medication AD41	0
D	S	SD76.00	otherDiagnosis	Acne conglobata	An uncommon chronic severe inflammatory form of acne characterised by the development of multiple abscesses and sinuses followed by extensive hypertrophic and atrophic scarring.			1
D	S	SD76.01	otherDiagnosis	Acne vulgaris	A chronic disorder of the pilosebaceous apparatus associated with an increase in sebum secretion. It is characterized by open comedones (blackheads), closed comedones (whiteheads), and pustular nodules. The cause is unknown, but heredity and age are predisposing factors.	blackheads;comedones		1
D	S	SD77	otherDiagnosis	Chronic ulcer of skin	A skin ulcer is an open wound that develops on the skin as a result of injury, poor circulation, or pressure. Skin ulcers can take a very long time to heal.	bedsore	gangrene KD67	0
D	S	SD77.00	otherDiagnosis	Pressure sore	Pressure ulcers result from localised injury and ischaemic necrosis of skin and underlying tissues due to prolonged pressure, or pressure in combination with shear; bony prominences of the body are the most frequently affected sites; immobility and debility are major contributing factors.	decubitus ulcer		1
D	S	SD77.01	otherDiagnosis	Venous ulcer of leg	Venous leg ulcers are chronic skin ulcers of the gaiter area (ankle and lower leg) due to chronic peripheral venous hypertension. They are often associated with other manifestations of chronic peripheral venous insufficiency of the lower extremities including lower limb varicose veins and lipodermatosclerosis.	infected varicose ulcer;varicose ulcer		1
D	S	SD77.02	otherDiagnosis	Diabetic foot ulcer	Chronic foot ulcers occur in as many as 15–25% of diabetic patients. The underlying aetiology is a combination of disturbed sensation from diabetic neuropathy and impaired perfusion from diabetic vasculopathy. Poor foot care, abnormal foot structure, or poorly fitting shoes increase the risk of diabetic foot ulcers. The ulcers typically occur in areas of increased plantar pressure, especially beneath the metatarsal heads.			1
D	S	SD78	otherDiagnosis	Urticaria	A vascular reaction of the skin characterised by erythema and wheal formation due to localized increase of vascular permeability. The causative mechanism may be allergy, infection, or stress.	hives;weals	angioedema/allergic oedema AD46;drug allergy AD41	0
D	S	SD80	otherDiagnosis	Seborrhoeic keratosis	Seborrhoeic keratoses are very common benign neoplasms of epidermal keratinocytes which increase in prevalence and number with age. They are commonly multiple and are very variable in shape and colour.			0
D	S	SD81	otherDiagnosis	Rosacea	Rosacea encompasses a spectrum of changes that occur mainly in facial skin but may also involve the eyes. Most patients with rosacea have facial erythema and vascular instability which are variably associated with inflammatory papules and pustules, hypertrophic changes and ocular involvement.	perioral dermatitis;rhinophyma		0
D	S	SD82	otherDiagnosis	Alopecia		alopecia areata SD82.00;androgenic alopecia SD82.01		0
D	S	SD82.00	otherDiagnosis	Alopecia areata	A microscopically inflammatory, usually reversible, patchy hair loss occurring in sharply defined areas and usually involving the beard or scalp.			1
D	S	SD82.01	otherDiagnosis	Androgenic alopecia	Male pattern hair loss (common baldness; male androgenetic alopecia) is the result of a progressive, patterned hair loss mediated by exposure to androgens. Although over 90% of men demonstrate some degree of frontoparietal recession of the hairline by the age of 20, the extent of hair loss is genetically determined and only 30% of men ever develop extensive hair loss.			1
D	S	SD99	otherDiagnosis	Other specified or unknown diagnoses and diseases of skin		dermatitis artefacta;erythema multiforme;folliculitis;granulomatosis;granuloma annulare;hyperkeratosis NOS;pemphigus;scar	bacterial folliculitis SD06;folliculitis barbae SD08;superficial pustular folliculitis SD15	0
D	S	SD99.00	otherDiagnosis	Discoid lupus erythematosus	Discoid lupus erythematosus is characterised by the presence of discoid plaques showing varying degrees of oedema, erythema, scaling, follicular plugging and atrophy. It typically involves the face, ears and scalp, but widespread dissemination may occur. It can cause marked disfigurement with prominent facial scarring and permanent hair loss.			1
D	S	SD99.01	otherDiagnosis	Erythema nodosum	An erythematous eruption commonly associated with drug reactions or infection and characterised by inflammatory nodules that are usually tender, multiple, and bilateral. These nodules are located predominantly on the shins with less common occurrence on the thighs and forearms. They undergo characteristic colour changes ending in temporary bruise-like areas. This condition usually subsides in 3-6 weeks without scarring or atrophy.			1
D	S	SD99.02	otherDiagnosis	Keloid and hypertrophic scar	Keloid and hypertrophic scars result from the production of excessive amounts of collagen in the dermis during connective tissue repair following inflammation, injury or surgery. Keloid scars often develop apparently spontaneously after minor injury or inflammation and expand beyond the boundary of that initial injury or inflammation. Hypertrophic scars on the other hand remain confined to the area of injury or inflammation and may undergo spontaneous resolution.			1
D	S	SD99.03	otherDiagnosis	Lichen planus	Lichen planus is an inflammatory disease of skin and mucous membranes characterised by intense inflammation at the interface between epidermis/epithelium and dermis/corium. Its clinical manifestations vary according to how acutely it develops and to where it attacks. On the skin it typically presents as a symmetrical eruption of itchy, flat-topped pink or purple papules or plaques. Involvement of the scalp or nail matrix can produce permanent loss of hair or nails respectively. Although mucous membrane involvement can be asymptomatic, it can cause significant pain and distress, particularly when it is erosive.			1
D	S	SD99.04	otherDiagnosis	Lichen sclerosus	Lichen sclerosus is a chronic inflammatory dermatosis of unknown aetiology. It affects both women and men of all ages. It is characterised by the development of white, smooth, atrophic plaques on vulval and perianal skin in females and on the prepuce and glans penis in males. It often results in scar formation leading to a narrow introitus or phimosis with impairment of urinary and sexual function. The risk of anogenital squamous cell carcinoma is slightly increased. Less commonly other sites of the skin are affected, either independently or in conjunction with anogenital involvement.			1
D	S	SD99.05	otherDiagnosis	Onychogryphosis	Onychogryphosis is a disorder of nail plate growth that is characterized by an opaque, yellow-brown thickening of the nail plate with associated gross hyperkeratosis, elongation, and increased curvature. It is often described as a “ram's horn nail” or being “oyster-like” in appearance.			1
D	S	SD99.06	otherDiagnosis	Striae atrophicae	Linear scars attributable to rupture of the normal dermal matrix from distension by abnormal physical forces (pregnancy, obesity, pubertal growth spurt), increased collagenase activity (corticosteroids) or as a result of genetically abnormal dermal matrix proteins. description			1
D	S	SD99.07	otherDiagnosis	Vitiligo	Vitiligo is an acquired pigmentary disorder of the skin and mucous membranes where progressive destruction of melanocytes results in loss of skin pigmentation. Half of all cases first appear before the age of 20. The clinical course is unpredictable but gradual extension of the areas involved is the norm.			1
S	S	SS01	symptom	Pain or tenderness of skin		painful lesion or rash;soreness	other sensation disturbance NS05;tingling fingers/feet/toes NS04	0
S	S	SS02	symptom	Pruritus		skin irritation	dermatitis artefacta SD99;nipple pruritus GS27;perianal itching DS05;scrotal pruritus GS21;vulval pruritus GS18	0
S	S	SS03	symptom	Lump or swelling of skin localised		papule	breast lump GS26;insect bite SD39;swelling AS09	0
S	S	SS04	symptom	Lump or swelling of skin generalised		lumps in multiple sites;papules in multiple sites;swellings in multiple sites	ankle oedema KS04;swelling AS09	0
S	S	SS05	symptom	Rash localised		blotch;erythema;redness	localized lump or swelling of skin SS03	0
S	S	SS06	symptom	Rash generalised		blotches occurring in multiple sites;erythema occurring in multiple sites;redness occurring in multiple sites	generalised lumps/swellings skin SS04;other viral exanthem AD13	0
S	S	SS07	symptom	Skin colour change		circles under eyes;livedo reticularis;flushing;freckles;pallor	bruise SD35;hot flushes GS13;jaundice DS13;vitiligo SD99	0
S	S	SS07.00	symptom	Cyanosis	A blue-purple discolouration of the skin due to the presence of increased amounts of deoxygenated blood in skin blood vessels.			1
S	S	SS08	symptom	Skin texture symptom or complaint		fissura skin;peeling;scaling;wrinkles	ichthyosis SD55;scalp symptom/complaint SS11;sweating problem AS10;sweat gland disease SD73;vulval symptom/complaint GS18	0
S	S	SS08.00	symptom	Dry skin			xerosis cutis SD99	1
S	S	SS08.01	symptom	Induration of skin				1
S	S	SS09	symptom	Nail symptom or complaint		clubbing	ingrowing nail SD75;paronychia SD05	0
S	S	SS10	symptom	Hair loss or baldness				0
S	S	SS11	symptom	Other specified hair or scalp symptom or complaint		dry scalp	dandruff SD68;folliculitis SD06;hair loss/baldness SS10;trichotillomania PS99	0
S	S	SS11.00	symptom	Change in hair colour				1
S	S	SS11.01	symptom	Hirsutism	A condition observed in women and children when there is excess coarse body hair of an adult male distribution pattern, such as facial and chest areas.			1
S	S	SS90	complaint	Concern or fear of disease of skin	Concern about/fear of disease of skin in a patient without the disease and until the diagnosis is proven.			0
S	S	SS99	symptom	Other specified symptoms, complaints and abnormal findings of skin		cellulite;petechiae;problems with umbilicus;sore(s);spontaneous ecchymosis	chronic ulcer skin/pressure sore SD77;scar SD99	0
D	T	TD01	infection	Endocrine infection			auto-immune thyroiditis TD99;drug-induced thyroiditis TD99;subacute thyroiditis TD99	0
D	T	TD25	neoplasm	Malignant neoplasm of thyroid	Characteristic histological appearance.			0
D	T	TD26	neoplasm	Benign neoplasm of thyroid			goitre TD65	0
D	T	TD27	neoplasm	Other endocrine neoplasm		in situ endocrine neoplasm of endocrine system	malignant neoplasm of thyroid TD25;benign neoplasm of thyroid TD26	0
D	T	TD27.00	neoplasm	Neoplasm of unknown or uncertain behaviour of endocrine system				1
D	T	TD27.01	neoplasm	Other benign endocrine neoplasm of endocrine system		benign neoplasm of adrenal gland;benign neoplasm of pituitary gland;multiple endocrine adenomas;pituitary adenoma	benign neoplasm of thyroid TD26	1
D	T	TD27.02	neoplasm	Other malignant endocrine neoplasm of endocrine system		malignant tumor of adrenal gland;malignant tumor of pituitary gland;malignant tumor of pituitary and hypothalamus	malignant neoplasm of thyroid TD25	1
D	T	TD55	congenital	Thyroglossal duct or cyst	A cyst or duct in the neck caused by persistence of portions of, or by lack of closure of, the primitive thyroglossal duct.		goitre TD65	0
D	T	TD56	congenital	Congenital anomaly of endocrine or metabolic system		cretinism;dwarfism	thyroglossal duct (cyst) TD55	0
D	T	TD65	otherDiagnosis	Goitre	Enlargement of the thyroid gland due to follicular multiplication, unaccompanied by hyperthyroidism or thyrotoxicosis.	non-toxic goitre;thyroid nodule	benign neoplasm thyroid TD26;hypothyroidism TD69;malignant neoplasm thyroid TD25;other endocrine neoplasm TD27;thyroglossal cyst TD55;toxic goitre TD68	0
D	T	TD66	otherDiagnosis	Obesity	Obesity is defined as a body mass index (BMI) greater than or equal to 30.00 kg/m². There are three levels of severity in recognition of different management options.		overweight TS51	0
D	T	TD68	otherDiagnosis	Hyperthyroidism or thyrotoxicosis	A hypermetabolic condition associated with elevated levels of free thyroxine and/or free triiodothyronine resulting in excess synthesis and secretion of thyroid hormone.	Graves disease;toxic goitre	non-toxic goitre TD65;Hashimoto thyrotoxicosis TD99	0
D	T	TD69	otherDiagnosis	Hypothyroidism or myxoedema	Laboratory evidence of diminished thyroid hormone activity and excessive thyroid stimulating hormone; or four or more of the following: weakness/tiredness; mental changes: apathy, poor memory, slowing; voice changes: coarser, deeper slower speech; undue sensitivity to cold; constipation; coarse puffy facial features; cool dry, sallow skin, decreased sweating; peripheral oedema		cretinism TD56	0
D	T	TD70	otherDiagnosis	Hypoglycaemia	Hypoglycaemia demonstrated by biochemical testing, or characteristic symptoms in a diabetic patient relieved by ingestion or injection of sugar.	hyperinsulinism;insulin coma		0
D	T	TD71	otherDiagnosis	Type 1 diabetes mellitus	Diabetes mellitus type 1 (type 1 diabetes, T1DM, formerly insulin dependent or juvenile diabetes) is a form of diabetes mellitus that results from destruction of insulin-producing beta cells, mostly by autoimmune mechanisms. The subsequent lack of insulin leads to increased blood and urine glucose.	latent autoimmune diabetes mellitus in adult	drug induced hyperglycaemia AD41;hyperglycaemia as isolated finding AD23;type 2 diabetes TD72;gestational diabetes WD72	0
D	T	TD72	otherDiagnosis	Type 2 diabetes mellitus	Diabetes mellitus type 2 (formerly noninsulin-dependent diabetes mellitus (NIDDM) or adult-onset diabetes) is a metabolic disorder that is characterised by high blood glucose in the context of insulin resistance and relative insulin deficiency.	diabetes NOS	drug induced hyperglycaemia AD41;hyperglycaemia as isolated finding AD23;type 1 diabetes TD71;gestational diabetes WD72	0
D	T	TD73	otherDiagnosis	Vitamin deficiency		scurvy	anaemia vit B12/folate deficiency BD67	0
D	T	TD73.00	otherDiagnosis	Vitamin B1 deficiency				1
D	T	TD73.01	otherDiagnosis	Vitamin B2 deficiency				1
D	T	TD73.02	otherDiagnosis	Vitamin B6 deficiency				1
D	T	TD73.03	otherDiagnosis	Vitamin B9 deficiency				1
D	T	TD73.04	otherDiagnosis	Vitamin B12 deficiency				1
D	T	TD73.05	otherDiagnosis	Vitamin D deficiency				1
D	T	TD74	otherDiagnosis	Mineral and nutritional deficiency		dietary mineral deficiency;iron deficiency without anaemia;malnutrition	iron deficiency anaemia BD66;malabsorption syndrome/sprue DD99;pernicious anaemia BD67	0
D	T	TD74.00	otherDiagnosis	Kwashiorkor	"A syndrome produced by severe protein deficiency, characterized by retarded growth, changes in skin and hair pigment, edema, and pathologic changes in the liver, including fatty infiltration, necrosis, and fibrosis. The word is a local name in Gold Coast, Africa, meaning ""displaced child"". Although first reported from Africa, kwashiorkor is now known throughout the world, but mainly in the tropics and subtropics. It is considered to be related to marasmus"			1
D	T	TD74.01	otherDiagnosis	Marasmus	The lack of sufficient energy or protein to meet the body's metabolic demands, as a result of either an inadequate dietary intake of protein, intake of poor quality dietary protein, increased demands due to disease, or increased nutrient losses.			1
D	T	TD75	otherDiagnosis	Lipid disorder		abnormality of lipoprotein level;raised level of cholesterol/triglycerides;xanthoma		0
D	T	TD75.00	otherDiagnosis	Hypercholesterolaemia	A condition with abnormally high levels of cholesterol in the blood.			1
D	T	TD75.01	otherDiagnosis	Hypertriglyceridaemia	A form of hyperlipidaemia characterised by abnormally elevated levels of triglyceride-rich lipoproteins in the blood. It is associated with an elevated risk of cardiovascular morbidity.			1
D	T	TD75.02	otherDiagnosis	Mixed hyperlipidaemia	Elevated levels of both LDL cholesterol and triglycerides in the blood.			1
D	T	TD75.03	otherDiagnosis	Familial hypercholesterolaemia	"This is a genetic disorder characterised by high cholesterol levels, specifically very high levels of low-density lipoprotein (LDL, ""bad cholesterol""), in the blood and early cardiovascular disease. This is a genetic disorder characterised by high cholesterol levels, specifically very high levels of low-density lipoprotein (LDL, ""bad cholesterol""), in the blood and early cardiovascular disease."			1
D	T	TD99	otherDiagnosis	Other specified or unknown endocrine, metabolic, nutritional diagnoses and diseases		acromegaly;adrenal/ovarian/pituitary/parathyroid/testicular/other endocrine dysfunction;amyloidosis;diabetes insipidus;Gilbert's syndrome;hyperaldosteronism;precocious/delayed puberty;raised uric acid;renal glycosuria	food allergy AD46;food intolerance DD99;infectious thyroiditis TD01;osteoporosis LD81	0
D	T	TD99.00	otherDiagnosis	Addison's disease	This is a acquired condition in which the adrenal glands do not produce adequate amounts of steroid hormones, primarily cortisol; but may also include impaired production of aldosterone (a mineralocorticoid), which regulates sodium conservation, potassium secretion, and water retention.	acute adrenal insufficiency;Addisonian crisis		1
D	T	TD99.01	otherDiagnosis	Adrenocortical insufficiency	A condition in which the adrenal glands do not produce adequate amounts of steroid hormones, primarily cortisol. It may also include impaired production of aldosterone (a mineralocorticoid), which regulates sodium conservation, potassium secretion, and water retention and also accompanies impaired production of adrenal androgens.			1
D	T	TD99.02	otherDiagnosis	Adrenogenital disorder	Disorders of the reproductive system resulting from pathologic androgen production secondary to abnormalities in cortisol and/or aldosterone production			1
D	T	TD99.03	otherDiagnosis	Cushing's syndrome	Cushing syndrome results from excess of corticosteroid hormones in the body due to overstimulation of the adrenal glands by excessive amounts of the hormone ACTH, secreted either by a tumuor of the pituitary gland (Cushing's disease) or by a malignant tumour in the lung or elsewhere. Symptoms include weight gain, reddening of the face and neck, excess growth of body and facial hair, raised blood pressure, loss of mineral from the bones (osteoporosis), raised blood glucose levels, and sometimes mental disturbances.			1
D	T	TD99.04	otherDiagnosis	Hyperhomocysteinemia	A disease caused by deficiencies of vitamin B6, folic acid, or vitamin B12. Genetic defects in 5-MTHF reductase can consequently lead to hyperhomocysteinaemia. This disease is characterised by abnormally high level of homocysteine in the blood. This disease may present with cardiovascular disease, thrombosis, schizophrenia and osteoporosis. Confirmation is by identification of deficiency in a blood sample.			1
D	T	TD99.05	otherDiagnosis	Lactose intolerance	Lactose intolerance is the inability to digest lactose, a sugar found in milk and some dairy products, due to a deficiency of lactase, the enzyme that metabolizes lactose. Lactose intolerance occurs when lactose is not completely broken down and consequently the sugar cannot be absorbed into the blood.			1
D	T	TD99.06	otherDiagnosis	Polycystic ovary syndrome	Condition defined by the presence of at least 2 of the following 3 criteria: oligo/anovulation; clinical or biochemical signs of hyperandrogenism; presence of polycystic ovaries as identified by ultrasound.			1
D	T	TD99.07	otherDiagnosis	Porphyria	Porphyrias constitute a group of diseases characterised by intermittent neuro-visceral manifestations, cutaneous lesions or by the combination of both. All porphyrias are caused by a deficiency in one of the enzymes of the heme biosynthesis pathway resulting in an accumulation of porphyrins and/or their precursors in the liver or bone marrow. Clinical signs of the disease usually appear in adulthood, but some porphyrias affect children. Porphyrias can be classified according to the main location of the metabolic anomaly. Direct or indirect neurotoxicity may cause neurological manifestations. Transmission of hereditary porphyrias is autosomal and either dominant with weak penetrance or recessive with complete penetrance. Diagnosis is mainly based on the measurement of porphyrins and their precursors in biological samples.			1
D	T	TD99.08	otherDiagnosis	Premature menopause	Menopause occurring spontaneously before 40 years of age, generally resulting in secondary amenorrhea although some women may exhibit intermittent ovarian function and ovulation, with a minority conceiving and delivering a pregnancy. POF/POI occurs mostly without a known cause, but can be caused by the following conditions: numerical and structural chromosomal abnormalities, Fragile X (FMR1) premutations, autoimmune disorders, radiation therapy, chemotherapy, galactosemia, and other rare enzyme defects or mutations. To be subdivided in 4 categories according to cause: congenital, acquired, iatrogenic and unknown			1
D	T	TD99.09	otherDiagnosis	Pubertas praecox	Development of sexual maturation in boys and girls at a chronological age that is 2.5 standard deviations below the mean age at onset of puberty in the population. This early maturation of the hypothalamic-pituitary-gonadal axis results in sexual precocity, elevated serum levels of gonadotropins and gonadal steroid hormones such as estradiol and testosterone.			1
D	T	TD99.10	otherDiagnosis	Thyroiditis	Thyroiditis is the inflammation of the thyroid gland. It includes acute and chronic forms of thyroiditis. Thyroiditis is usually caused by autoimmune reaction to the thyroid, resulting in inflammation and damage to the thyroid cells. The symptoms include fatigue, weight gain, depression, dry skin, and constipation.	autoimmune thyroiditis;De Quervain's thyroiditis	endocrine infection TD01	1
D	T	TD99.11	otherDiagnosis	Metabolic syndrome	A cluster of metabolic risk factors for cardiovascular diseases and type 2 diabetes mellitus.			1
S	T	TS01	symptom	Excessive thirst	A thirst that a person cannot quench by drinking.	polydipsia		0
S	T	TS02	symptom	Excessive appetite	Intermittent or persistent increased drive (urge) or desire to eat food as compared to what is typical for the individual.	overeating;polyphagia	bulimia PD17	0
S	T	TS03	symptom	Loss of appetite	Intermittent or persistent decreased motivation or desire to eat food as compared to what is typical for the individual. Anorexia is a pathological lack or loss of appetite.	anorexia	anorexia nervosa PD17;cachexia TS07	0
S	T	TS04	symptom	Feeding problem of infant or child		problem of how to feed infant or child	breast feeding problems WS06;feeding problem/eating disorders with psychological cause PS09;food allergy AD46;food intolerance DD99	0
S	T	TS05	symptom	Feeding problem of adult		problem of what and how to eat/feed adult	anorexia/bulimia nervosa PD17;dysphagia DS21;eating disorders NOS PS99;food allergy AD46;food intolerance DD99;loss of appetite TS03	0
S	T	TS06	symptom	Weight gain	An increase in body weight.		obesity TD66;overweight TS51	0
S	T	TS07	symptom	Weight loss	A decrease in body weight.	cachexia	anorexia nervosa PD17	0
S	T	TS08	symptom	Growth delay	Delay of expected physiological development.	failure to thrive;physiological delay growth	delayed milestones PS18;delayed puberty TD99;learning disorder PS20	0
S	T	TS09	symptom	Dehydration	Dehydration occurs when there is an insufficient amount or excessive loss of water in the body. This can be caused by vomiting, diarrhoea, fever, use of diuretics, profuse sweating or decreased water intake.	water depletion	salt depletion/electrolyte disturbance TD99	0
S	T	TS50	clinicalFinding	Underweight	A weight below a weight considered normal or desirable.		marasmus TD74.01	0
S	T	TS51	clinicalFinding	Overweight	Overweight is a condition characterised by excess weight relative to height. Overweight is assessed by the body mass index (BMI). The BMI is a measure of body mass relative to height, calculated as weight (kg)/height² (m²). The BMI categories for defining overweight vary by age and gender in infants, children and adolescents. For adults, overweight is defined by a BMI ranging from 25.00 to 29.99 kg/m².		obesity TD66	0
S	T	TS90	complaint	Concern or fear of disease of endocrine, metabolic and nutritional system	Concern about, or fear of other endocrine, metabolic or nutritional disease in a patient without the disease, until the diagnosis is proven.	concern of diabetes;concern of cancer of the endocrine, metabolic system;fear of diabetes;fear of cancer of the endocrine, metabolic system		0
S	T	TS99	symptom	Other specified endocrine, metabolic, nutritional symptoms, complaints, abnormal findings		specific food craving	hyperglycemia AS50;fluid retention KS04	0
D	U	UD01	infection	Pyelonephritis or pyelitis	Acute pyelonefritis is characterised by an inflammation of the renal pelvis and parenchyma due to bacterial infection. Symptoms include fever, loin (kidney) pain, nausea and vomiting. Concurrently, symptoms of acute cystitis with dysuria, frequency and haematuria may occur.	infection of kidney;renal or perinephric abscess;tubulo-interstitial nephritis		0
D	U	UD02	infection	Cystitis	A condition of the bladder, caused by infection, reaction to pharmacological agents, exposure to radiation therapy or potential irritants. This condition is characterised by inflammation of the urinary bladder, dysuria, pollakiuria, fever or flank pain.	chronic cystitis (non-veneral);interstitial (chronic) cystitis	balanitis GD08;prostatitis GD10;pyelonephritis UD01;urethritis UD03;vaginitis GD12	0
D	U	UD02.00	infection	Acute cystitis (non-veneral)	Inflammation of the urinary bladder caused by microbes.			1
D	U	UD03	infection	Urethritis and urethral syndrome	A condition characterised by inflammation or irritation of the urethra.	meatitis;non-specific urethritis	gonococcal urethritis female GD02;gonococcal urethritis male GD02;Reiter disease; urethrotrigonitis UD02;urethritis trichomonal female GD04;urethritis chlamydial female GD06	0
D	U	UD04	infection	Other specified or unknown urinary infection	An infection of the kidney, ureter or urethra caused by microbes.	lower urinary tract infection		0
D	U	UD04.00	infection	Urinary tract infection NOS				1
D	U	UD25	neoplasm	Malignant neoplasm of kidney	Characteristic histological appearance.			0
D	U	UD26	neoplasm	Malignant neoplasm of bladder	Characteristic histological appearance.			0
D	U	UD27	neoplasm	Other specified and unknown malignant neoplasm urinary tract	Characteristic histological appearance.	malignant neoplasm ureter;malignant neoplasm urethra;unknown malignant neoplasm urinary tract	malignant neoplasm prostate GD26	0
D	U	UD28	neoplasm	Benign neoplasm of urinary tract	Characteristic histological appearance.	polyp of urinary tract;polyp of urine bladder UD28.00	prostatic hypertrophy GD70	0
D	U	UD28.00	neoplasm	Polyp of urine bladder	Bladder polyps are abnormal growths in the bladder lining that may be benign or cancerous.			1
D	U	UD29	neoplasm	Uncertain or carcinoma in situ neoplasm of urinary system				0
D	U	UD35	trauma	Injury to urinary tract				0
D	U	UD35.00	trauma	Contusion of kidney	A kidney contusion, often called a kidney bruise, occurs following blunt trauma or direct impact to the lower back. This trauma leads to bleeding inside of the kidney. It may also cause pain, tenderness, and discoloration of the skin.			1
D	U	UD35.01	trauma	Foreign body urinary tract				1
D	U	UD55	congenital	Congenital anomaly of urinary system		congenital single renal cyst;congenital urethral valves;duplex kidney/ureter		0
D	U	UD55.00	congenital	Congenital (poly)cystic kidney disease	Polycystic kidney disease (PKD) is a genetic disorder that causes many fluid-filled cysts to grow in the kidneys.			1
D	U	UD65	otherDiagnosis	Glomerular and  tubulo-interstitial diseases	Inflammatory diseases of the kidneys chiefly affecting function of the nephrons.	analgesic nephropathy;glomerulonephritis;nephritis;nephropathy;nephrosclerosis;nephrotic syndrome	renal failure UD99	0
D	U	UD66	otherDiagnosis	Chronic kidney disease	Glomerular filtration rate (GFR) less than 60 or presence of kidney damage that is present for more than 3 months.	chronic renal failure	acute kidney failure UD99	0
D	U	UD66.00	otherDiagnosis	Chronic renal insufficiency				1
D	U	UD67	otherDiagnosis	Urinary calculus	Urinary calculus is characterised by colicky pain and either haematuria or history of urinary stone in the past, or passage of calculus or imaging evidence of calculus.	stone in bladder;stone in kidney;stone in ureter;urolithiasis	abnormal urine test US50;blood in urine US06;other urinary symptom US99;renal colic US09	0
D	U	UD99	otherDiagnosis	Other specified or unknown diagnoses and diseases of urinary tract		acute renal failure;bladder diverticulum;hydronephrosis;hypertrophic kidney;obstruction in bladder neck;urethral caruncle		0
D	U	UD99.00	otherDiagnosis	Contracted kidney	A diffusely scarred kidney in which the relatively large amount of abnormal fibrous tissue and ischemic atrophy leads to a moderate or great reduction in the size of the organ.			1
D	U	UD99.01	otherDiagnosis	Obstructive vesicoureteric reflux	Distention of the pelvis and calices of the kidney with urine as a result of obstruction of the ureter or as a result of a vesicoureteral or vesicoureterorenal reflux of urine. Diffuse or focal cortical scarring and chronic tubulointerstitial nephritis may be present.			1
D	U	UD99.02	otherDiagnosis	Urethral stricture	Stenosis of the urethra accompanied by fibrosis and scarring of the spongiosal body.			1
S	U	US01	symptom	Dysuria or painful urination or both	Dysuria is characterised by painful urination.	burning urination;strangury;vesical tenesmus	frequent/urgent urination US02;urethritis UD03	0
S	U	US02	symptom	Urinary frequency or urgency	Urinary frequency is the need to urinate many times during the day, at night (nocturia), or both but in normal or less-than-normal volumes. Frequency may be accompanied by a sensation of an urgent need to void (urinary urgency). Polyuria: Polyuria has generally been defined as a urine output exceeding 3 L/day in adults and 2 L/m2 in children. It must be differentiated from the more common complaints of frequency or nocturia, which may not be associated with an increase in the total urine output.	nocturia;polyuria		0
S	U	US03	symptom	Urine incontinence	Any condition of the urinary system, caused by determinants arising during the antenatal period or after birth, leading to loss of voluntary control or support of the urethra. These conditions are characterised by involuntary leakage of large amounts of urine, in association with uninhibited contractions of the detrusor muscle and the inability to control urination.	enuresis of organic origin;involuntary urination	urine incontinence of psychogenic origin PS10	0
S	U	US03.00	symptom	Genuine stress incontinence	Urinary incontinence due to diminished urethral pressure in straining or coughing.			1
S	U	US03.01	symptom	Mixed incontinence				1
S	U	US03.02	symptom	Urge incontinence	This is a form of urinary incontinence characterised by the involuntary loss of urine occurring for no apparent reason while feeling urinary urgency, a sudden need or urge to urinate.			1
S	U	US04	symptom	Urinary retention	Incomplete emptying of the bladder.			0
S	U	US05	symptom	Other specified urination problems		dribbling urine	urinary retention US04	0
S	U	US05.00	symptom	Anuria/oliguria	Anuria means nonpassage of urine, in practice is defined as passage of less than 50 millilitres of urine in a day. Oliguria is the low output of urine. It is clinically classified as an output below 300-500 ml/day.			1
S	U	US06	symptom	Haematuria	Haematuria is characterised by the presence of red blood cells (RBCs) in the urine.	blood in urine;microscopic haematuria	abnormal urine test US50	0
S	U	US07	symptom	Other specified urine symptom or complaint		dark urine;malodorous urine	abnormal urine test US50	0
S	U	US08	symptom	Other specified bladder symptom or complaint		bladder pain;irritable bladder		0
S	U	US09	symptom	Kidney symptom or complaint		kidney pain;kidney trouble	loin/flank pain LS05	0
S	U	US09.00	symptom	Renal colic	A severe paroxysmal pain in the flank radiating to the groin, scrotum or labia, caused by blockage of the renal pelvis or ureter most commonly by a renal stone. May be associated with nausea and vomiting.			1
S	U	US10	symptom	Urethral discharge	Urethral discharge is any type of discharge or liquid, besides urine or semen, that comes out of the opening of the urethra.			0
S	U	US50	clinicalFinding	Abnormal urine test		asymptomatic bacteriuria;pus in urine;pyuria	haematuria/blood in urine US06	0
S	U	US50.00	clinicalFinding	Orthostatic albuminuria	A condition characterised by an elevated protein excretion while in the upright position and normal protein excretion in a supine or recumbent position.			1
S	U	US50.01	clinicalFinding	Glycosuria	The appearance of an abnormally large amount of glucose in the urine, such as more than 500 mg/day in adults.			1
S	U	US50.02	clinicalFinding	Proteinuria	The presence of proteins in the urine, an indicator of kidney diseases.			1
S	U	US90	complaint	Concern or fear of disease of urinary system	Concern about/fear of other urinary disease in a patient without the disease/until the diagnosis is proven.			0
S	U	US99	symptom	Other specified symptom, complaint and abnormal finding of urinary system			irritable bladder/bladder pain US08;kidney symptom/complaint US09	0
D	W	WD01	infection	Puerperal infection or sepsis	Infection of birth canal or reproductive organs within 6 weeks of parturition.	infection of caesarean section wound;infection of genital tract following delivery	obstetric tetanus ND03	0
D	W	WD01.00	infection	Infection of perineal wound				1
D	W	WD01.01	infection	Puerperal endometritis	Inflammation of the endometrium, usually caused by intrauterine infections. Endometritis is the most common cause of postpartum fever.			1
D	W	WD02	infection	Other specified and unknown infection complicating pregnancy, delivery and puerperium			puerperal infection WD01;puerperal mastitis WD03	0
D	W	WD02.00	infection	Genitourinary tract infection in pregnancy				1
D	W	WD03	infection	Puerperal mastitis	Pain, inflammation of breast within 6 weeks of parturition or while lactating.	breast abscess	inflammatory disorders breast GD99	0
D	W	WD25	neoplasm	Malignant neoplasms related to pregnancy	Characteristic histological appearance.	choriocarcinoma;chorioepithelioma		0
D	W	WD26	neoplasm	Benign, in situ or uncertain neoplasms related to pregnancy	Benign, in situ or uncertain neoplasm related to pregnancy; hydatidiform mole; neoplasm related to pregnancy not specified as benign or malignant/when histology is not available.	hydatidiform mole		0
D	W	WD35	trauma	Injury complicating pregnancy		results of injury interfering with pregnancy	new injury caused by childbirth (complicated labour/delivery livebirth) WD82;new injury caused by childbirth (complicated labour/delivery stillbirth) WD83	0
D	W	WD55	congenital	Congenital anomaly complicating pregnancy		maternal anomaly which could affect pregnancy/childbirth	fetal anomaly affecting pregnancy and childbirth WD71	0
D	W	WD65	otherDiagnosis	Spontaneous abortion	Miscarriage, also known as spontaneous abortion and pregnancy loss, is characterised by non-induced embryonic or foetal death or passage of products of conception prior to 20 weeks gestation or weighing less than 500 grams.	complete abortion;incomplete abortion;miscarriage;missed abortion	antepartum bleeding WS03 and WS04;fetal death/stillbirth after the 28th week of pregnancy WD83;induced abortion WD66	0
D	W	WD65.00	otherDiagnosis	Habitual abortion	Three or more consecutive spontaneous abortions.			1
D	W	WD66	otherDiagnosis	Induced abortion		termination of pregnancy, with or without complications	Abortion, spontaneous WD65	0
D	W	WD67	otherDiagnosis	Pregnancy		confirmed pregnancy	ectopic pregnancy WD69;high risk pregnancy WD71;unwanted pregnancy WD68	0
D	W	WD68	otherDiagnosis	Unwanted pregnancy	Unwanted pregnancy is a pregnancy that is not desired.			0
D	W	WD69	otherDiagnosis	Ectopic pregnancy	Pregnancy in a place other than inside the uterus. Confirmation by ultrasound, laparoscopy, culdoscopy or surgery.			0
D	W	WD70	otherDiagnosis	Pre-eclampsia or eclampsia		proteinuria and oedema in pregnancy	pre-existing hypertension in pregnancy WD71.05	0
D	W	WD70.00	otherDiagnosis	Hemolysis-elevated liver enzymes-low platelet count syndrome	Severe preeclampsia associated with haemolysis, elevated liver enzymes, or low platelets.			1
D	W	WD70.01	otherDiagnosis	Pregnancy-induced hypertension complicating pregnancy, childbirth or the puerperium	A condition affecting pregnant females, characterised by systolic blood pressure greater than 140mmHg and/or a diastolic blood pressure greater or equal to 90mmHg on two occasions, 4 hours or more apart. Can be newly diagnosed after 20 weeks gestation or before 1 week postpartum. Confirmation is by measurement of blood pressure, liver and kidney functions test, and urine test.			1
D	W	WD70.02	otherDiagnosis	Toxaemia/(pre) eclampsia	1. Pre-eclampsia is characterised by systolic blood pressure greater than 140mmHg and or diastolic greater or equal to 90mmHg on two occasions 4 hours or more apart in the presence of either proteinuria or other new onset maternal organ dysfunction characterised by one thrombocytopenia, elevated serum creatinine or liver transaminases, or neurological conditions or fetal growth restriction. 2. Eclampsia is characterised by seizure or convulsions newly arising in pregnancy. The condition is often associated with pregnancy-induced hypertension, convulsions, seizure, anxiety, epigastric pain, severe headache, blurred vision, proteinuria, and oedema that may occur during pregnancy, labour, or the puerperium.		hemolysis-elevated liver enzymes-low platelet count syndrome WD70.00	1
D	W	WD71	otherDiagnosis	Pregnancy, high risk	A 'high-risk' pregnancy means a woman has one or more risk factors that raise her — or her baby's — chances for health problems or preterm (early) delivery.	aged primipara;anaemia of pregnancy;history of recurrent miscarriages;multiple gestation;multiple pregnancy;placenta praevia;polyhydramnios;previous caesarean section;small foetus for age	infections complicating pregnancy WD02;ectopic pregnancy WD69;gestational diabetes WD72;pre-eclampsia/eclampsia WD70	0
D	W	WD71.00	otherDiagnosis	Abnormal foetal presentation	Care provided for the pregnant female for incorrect position or orientation of the fetus at near term or during labour, determined by its relation to the spine of the mother and the birth canal.			1
D	W	WD71.01	otherDiagnosis	Cervical insufficiency/incompetence	The inability of the uterine cervix to retain a pregnancy in the second trimester, in the absence of uterine contractions.			1
D	W	WD71.02	otherDiagnosis	Foetal-maternal disproportion	1. A condition characterised by the provision of health interventions to the mother due to the situation in which a the head or body of the fetus is too large to fit through the pelvis of the mother. 2. A condition characterised by the provision of health interventions to the mother due to some abnormality that is either suspected or known to be present in of one or more of her pelvic organs.	known or suspected abnormality of pelvic organs		1
D	W	WD71.03	otherDiagnosis	Foetal growth retardation				1
D	W	WD71.04	otherDiagnosis	Pre-existing diabetes mellitus in pregnancy				1
D	W	WD71.05	otherDiagnosis	Pre-existing hypertension in pregnancy		A condition affecting pregnant females, caused by previously diagnosed maternal hypertension. This condition is characterised by any complication during pregnancy, childbirth, and the puerperium as a result of a blood pressure reading above 140/90 mmHg prior to the 20th week of pregnancy, or persisting longer than 12 weeks postpartum.		1
D	W	WD71.06	otherDiagnosis	Rhesus antibody present				1
D	W	WD72	otherDiagnosis	Gestational diabetes	Diabetes mellitus arising or diagnosed in pregnancy (per WHO criteria or other national criteria). Gestational diabetes mellitus is defined as any degree of glucose intolerance with onset or first recognition during pregnancy. The definition applies regardless of whether insulin or only diet modification is used for treatment or whether the condition persists after pregnancy.	diabetes manifested during pregnancy	pre-existing diabetes (type 1 diabetes mellitus) TD71;pre-existing diabetes (type 2 diabetes mellitus) TD72	0
D	W	WD80	otherDiagnosis	Uncomplicated labour, delivery livebirth	Definition of normal labour encompasses features such as spontaneous onset, low-risk at the start and remaining so throughout the process. The neonate is born spontaneously in the vertex presentation between 37 and 42 completed weeks of pregnancy. After birth mother and infant are in good condition.			0
D	W	WD81	otherDiagnosis	Uncomplicated labour, delivery stillbirth	The delivery of a foetus that has died in the womb (strictly, after having survived through at least the first 20 weeks of pregnancy, earlier instances being regarded as abortion or miscarriage).			0
D	W	WD82	otherDiagnosis	Complicated labour, delivery livebirth		assisted extraction of livebirth;breech delivery livebirth;dystocia livebirth;induction of labour of livebirth;injuries caused by childbirth;livebirth after complicated delivery;placenta praevia in delivery of livebirth	antepartum haemorrhage WS04;post-partum haemorrhage WS05;pre-eclampsia/eclampsia WD70	0
D	W	WD82.00	otherDiagnosis	Caesarean section of livebirth				1
D	W	WD82.01	otherDiagnosis	Delivery by vacuum extraction of livebirth				1
D	W	WD82.02	otherDiagnosis	Forceps delivery of livebirth				1
D	W	WD83	otherDiagnosis	Complicated labour, delivery stillbirth		assisted extraction of stillbirth;breech delivery stillbirth;dystocia stillbirth;induction of labour stillbirth;injuries caused by childbirth;placenta praevia in delivery stillbirth;stillbirth after complicated delivery	post-partum haemorrhage WS05;pre-eclampsia/eclampsia WD70	0
D	W	WD83.00	otherDiagnosis	Caesarean section of stillbirth				1
D	W	WD83.01	otherDiagnosis	Delivery by vacuum extraction of stillbirth				1
D	W	WD83.02	otherDiagnosis	Forceps delivery of stillbirth				1
D	W	WD84	otherDiagnosis	Other specified and unknown breast disorder in pregnancy or puerperium		breast disorder in puerperium;unknown breast disorder in pregnancy or puerperium	breast/lactation symptom/complaint WS06;puerperal mastitis WD03	0
D	W	WD84.00	otherDiagnosis	Cracked nipple				1
D	W	WD85	otherDiagnosis	Other specified complications of puerperium			breast disorder in pregnancy WD84;disruption of episiotomy wound in the puerperium AD42;pre-eclampsia/eclampsia WD69;puerperal depression PD12;puerperal infection WD01;puerperal psychosis PD06	0
D	W	WD85.00	otherDiagnosis	Haemorrhoids in puerperium				1
D	W	WD85.01	otherDiagnosis	Sub-involution of uterus				1
D	W	WD85.02	otherDiagnosis	Venous thrombosis in puerperium				1
D	W	WD99	otherDiagnosis	Other specified and unknown diagnoses and diseases or health conditions in pregnancy, delivery and puerperium			pseudocyesis PD99	0
D	W	WD99.00	otherDiagnosis	False labour	Contractions suggestive of labour but which do not lead to cervical dilatation.			1
D	W	WD99.01	otherDiagnosis	Prolonged pregnancy	Pregnancy that has exceeded a duration of 42 weeks from the last menstrual period.			1
D	W	WD99.02	otherDiagnosis	Deep venous thrombosis in pregnancy			venous thrombosis in puerperium WD85.02	1
D	W	WD99.03	otherDiagnosis	Haemorrhoids in pregnancy	A condition affecting females during pregnancy, caused by an increase in intra-abdominal pressure and hormonal changes during pregnancy. This condition is characterised by enlarged and varicosed haemorrhoidal veins in the anus and lower rectum. This condition may also present with itching, burning, painful swellings at the anus, dyschezia or rectal bleeding with bowel movements.		haemorrhoids in puerperium WD85.00	1
D	W	WD99.04	otherDiagnosis	Varicose veins in pregnancy				1
S	W	WS01	symptom	Suspicion of pregnancy		delayed menstruation;symptoms suggestive of pregnancy	fear of pregnancy WS90;pregnancy confirmed WD67;unwanted pregnancy WD68	0
S	W	WS02	symptom	Pregnancy vomiting and nausea		morning sickness in confirmed pregnancy		0
S	W	WS02.00	symptom	Hyperemesis gravidarum	Vomiting in pregnancy, not responsive to dietary modification and antiemetic treatment and associated with electrolyte disturbances and acid-base imbalance.			1
S	W	WS03	symptom	Bleeding first 20 weeks of pregnancy	Bleeding during pregnancy before 21 weeks of pregnancy.		antepartum haemorrhage WS04	0
S	W	WS03.00	symptom	Bleeding first trimester				1
S	W	WS04	symptom	Antepartum haemorrhage	Bleeding from the uterus during a pregnancy after the 20th week.	bleeding second/third trimester WS04.00		0
S	W	WS04.00	symptom	Bleeding second/third trimester	Bleeding from the uterus during a pregnancy after the 20th week.			1
S	W	WS05	symptom	Post-partum bleeding	Heavy bleeding at or within 6 weeks of parturition.			0
S	W	WS06	symptom	Breast or lactation symptom or complaint		weaning	cracked nipples WD84;puerperal mastitis WD03	0
S	W	WS06.00	symptom	Lactation problem	Disturbances of milk secretion.	breast feeding painful;galactorrhoea associated with childbirth;suppressed lactation;suppression of lactation		1
S	W	WS39	symptom	Other specified post-partum symptom or complaint	Complaints related to and within six weeks of parturition.		lactation complaints WS06;complications of puerperium WD85;puerperal depression PD12;post-partum bleeding WS05	0
S	W	WS39.00	symptom	Abnormal lochia				1
S	W	WS50	clinicalFinding	Abnormal findings on antenatal screening of mother				0
S	W	WS90	complaint	Concern or fear of being pregnant	Concerns about or fear of being pregnant without the pregnancy being proven.	concern about possibility of unwanted pregnancy	concern/fear if unwanted pregnancy confirmed WD68	0
S	W	WS91	complaint	Fear about complications of pregnancy	concern about/fear of complications in a patient without them/until they are proven	fear of congenital anomaly in baby		0
S	W	WS99	symptom	Other specified symptoms, complaints and abnormal findings during  pregnancy, delivery and puerperium				0
S	W	WS99.00	symptom	Feeling fewer movements of foetus				1
S	W	WS99.01	symptom	Pelvic instability	Pelvic instability is a term describing a group of conditions causing pelvic girdle pain in pregnancy.	subluxation of symphysis (pubis) in childbirth;subluxation of symphysis (pubis) in pregnancy;subluxation of symphysis (pubis) in puerperium		1
S	W	WS99.02	symptom	Concern about appearance during pregnancy				1
