Jaagsiekteヒツジレトロウイルス	Jaagsiekte sheep retrovirus
アビトロフィア・デフェクティバ性心内膜炎	Abiotrophia defectiva endocarditis
カンピロバクター・ヒョウインテスチナリス	Campylobacter hyointestinalis
ステノトロフォモナス・マルトフィリア肺炎	Stenotrophomonas maltophilia pneumonia
スフィンゴモナス・パウシモビリス性菌血症	Sphingomonas paucimobilis bacteraemia
ドーパミントランスポーターシンチグラフィ	Dopamine transporter scintigraphy
マイコバクテリウム・フォルチュイツム感染	Mycobacterium fortuitum infection
先天性低性腺刺激ホルモン性性腺機能低下症	Congenital hypogonadotropic hypogonadism
アクチノバシラス・プリゥロニュウモニエ	Actinobacillus pleuropneumoniae
アスパラギン酸アミノトランスフェラーゼ	Aspartate aminotransferase
エクトチオロドスピラ・サポシニコフィイ	Ectothiorhodospira shaposhnikovii
オルニチントランスカルバミラーゼ欠損症	Ornithine transcarbamoylase deficiency
クロストリジウム・バイファーメンタンス	Paraclostridium bifermentans
サイトメガロウイルス性脊髄髄膜神経根炎	Cytomegalovirus myelomeningoradiculitis
シュードモナス・シュードアルカリゲネス	Pseudomonas pseudoalcaligenes
ストレプトマイセスオーレオファシエンス	Streptomyces aureofaciens
チオプリンメチルトランスフェラーゼ減少	Thiopurine methyltransferase decreased
プラスミノーゲン活性化因子インヒビター	Plasminogen activator inhibitor
プロスタグランジンアナログ眼窩周囲疾患	Prostaglandin analogue periorbitopathy
マイコバクテリウム・パラフィニカム感染	Mycobacterium paraffinicum infection
メチレンテトラヒドロ葉酸還元酵素欠損症	Methylenetetrahydrofolate reductase deficiency
呼吸器感染ウイルス検出キットによる検査	Respiratory viral panel
家族性低カルシウム尿性高カルシウム血症	Familial hypocalciuric hypercalcaemia
後天性低カルシウム尿性高カルシウム血症	Acquired hypocalciuric hypercalcaemia
アクロモバクター・デニトリフィカンス	Achromobacter denitrificans
アグロバクテリウム・ツメファシエンス	Agrobacterium tumefaciens
アラニンアミノトランスフェラーゼ増加	Alanine aminotransferase increased
アラニンアミノトランスフェラーゼ正常	Alanine aminotransferase normal
アラニンアミノトランスフェラーゼ減少	Alanine aminotransferase decreased
アラニンアミノトランスフェラーゼ異常	Alanine aminotransferase abnormal
アレルギー性気管支肺アスペルギルス症	Bronchopulmonary aspergillosis allergic
オーレオバシディウム・プルランス感染	Aureobasidium pullulans infection
キューティバクテリウム・アクネス感染	Cutibacterium acnes infection
クロストリジウム・ディフィシレ大腸炎	Clostridium difficile colitis
グルクロノシルトランスフェラーゼ減少	Glucuronosyltransferase decreased
グロボトリアオシルスフィンゴシン増加	Globotriaosylsphingosine increased
スフィンゴモナス・パウシモビリス感染	Sphingomonas paucimobilis infection
フェノールスルホンフタレイン試験正常	Phenolsulfonphthalein test normal
フェノールスルホンフタレイン試験異常	Phenolsulfonphthalein test abnormal
マイコバクテリウム・ウルセランス感染	Mycobacterium ulcerans infection
マイコバクテリウム・ヘモフィルム感染	Mycobacterium haemophilum infection
メチレンテトラヒドロ葉酸還元酵素多型	Methylenetetrahydrofolate reductase polymorphism
ラオウルテラ・オルニチノリティカ感染	Raoultella ornithinolytica infection
一過性新生児高甲状腺刺激ホルモン血症	Transient neonatal hyperthyrotropinaemia
尿中ヒドロキシコルチコステロイド増加	Hydroxycorticosteroids urine increased
尿中ヒドロキシコルチコステロイド正常	Hydroxycorticosteroids urine normal
尿中ヒドロキシコルチコステロイド減少	Hydroxycorticosteroids urine decreased
尿中ヒドロキシコルチコステロイド異常	Hydroxycorticosteroids urine abnormal
アシネトバクター・カルコアセチカス	Acinetobacter calcoaceticus
オクサロバクター・フォルミジェネス	Oxalobacter formigenes
オリゴクローン性免疫グロブリン血症	Oligoclonal gammopathy
カンピロバクター・ウプサリエンシス	Campylobacter upsaliensis
クリプトコッカス・ネオフォルマンス	Cryptococcus neoformans
クロストリジウム・テタノモルファム	Clostridium tetanomorphum
クロストリジウム・ディフィシレ免疫	Clostridium difficile immunisation
クロストリジウム・ディフィシレ感染	Clostridium difficile infection
サイトメガロウイルス性皮膚粘膜潰瘍	Cytomegalovirus mucocutaneous ulcer
ステノトロホモナス・マルトフィリア	Stenotrophomonas maltophilia
ストレプトマイセスアンチビオチクス	Streptomyces antibioticus
チオプリンメチルトランスフェラーゼ	Thiopurine methyltransferase
バークホルデリア・グラディオリ感染	Burkholderia gladioli infection
パラインフルエンザウイルス気管支炎	Parainfluenzae viral bronchitis
フェニルアラニンスクリーニング陰性	Phenylalanine screen negative
フェニルアラニンスクリーニング陽性	Phenylalanine screen positive
マイコバクテリウムセクロフラセウム	Mycobacterium scrofulaceum
マイコバクテリウム・アブセサス感染	Mycobacterium abscessus infection
マイコバクテリウム・カンサシイ感染	Mycobacterium kansasii infection
マイコプラズマ・ジェニタリウム感染	Mycoplasma genitalium infection
リゾビウム・ラジオバクター性菌血症	Rhizobium radiobacter bacteraemia
医療機器キャリブレーションの不具合	Device calibration failure
家族性低カリウム血性アルカローシス	Familial hypokalaemic alkalosis
尿中テトラハイドロコルチゾール増加	Tetrahydrocortisol urine increased
尿中テトラハイドロコルチゾール減少	Tetrahydrocortisol urine decreased
良性単クローン性高γグロブリン血症	Hypergammaglobulinaemia benign monoclonal
非定型マイコバクテリア性リンパ節炎	Atypical mycobacterial lymphadenitis
高トリグリセリド血症ウエスト表現型	Hypertriglyceridaemic waist phenotype
アセチルコリンエステラーゼ欠損症	Acetylcholinesterase deficiency
アテローム動脈硬化性プラーク破裂	Atherosclerotic plaque rupture
アラニンアミノトランスフェラーゼ	Alanine aminotransferase
アルギニノコハク酸分解酵素欠損症	Argininosuccinate lyase deficiency
アルギニノコハク酸合成酵素欠損症	Argininosuccinate synthetase deficiency
ウレアプラズマ・ウレアリティカム	Ureaplasma urealyticum
キサントモナス・アキソノポディス	Xanthomonas axonopodis
クロストリジウムコラゲナーゼ療法	Clostridial collagenase procedure
クロストリジウム・セルロボランス	Clostridium cellulovorans
グルタチオンペルオキシダーゼ増加	Glutathione peroxidase increased
コンダクティブ・エデュケーション	Conductive education
サイトメガロウイルス性十二指腸炎	Cytomegalovirus duodenitis
サイトメガロウイルス性消化管感染	Cytomegalovirus gastrointestinal infection
サイトメガロウイルス性脈絡網膜炎	Cytomegalovirus chorioretinitis
ジエチルスチルベストロール症候群	Diethylstilboestrol syndrome
ジヒドロピリミジン脱水素酵素欠損	Dihydropyrimidine dehydrogenase deficiency
スタヒロコッカス・ヘモリティカス	Staphylococcus haemolyticus
ストレプトコッカス・アンギノズス	Streptococcus anginosus
スルホロブス・アシドカリダリウス	Sulfolobus acidocaldarius
デヒドロエピアンドロステロン増加	Dehydroepiandrosterone increased
デヒドロエピアンドロステロン検査	Dehydroepiandrosterone test
デヒドロエピアンドロステロン減少	Dehydroepiandrosterone decreased
トレポネーマ・ヒオディセンテリエ	Brachyspira hyodysenteriae
ニューモシスチス・イロベチイ感染	Pneumocystis jirovecii infection
ニューモシスチス・イロベチイ肺炎	Pneumocystis jirovecii pneumonia
バイスペクトラルインデックス低下	Bispectral index decreased
バクテリアルトランスロケーション	Bacterial translocation
バクテロイデス・メラニノゲニカス	Prevotella melaninogenica
パラインフルエンザウイルス性肺炎	Pneumonia parainfluenzae viral
パラコッカス・デニトリフィカンス	Paracoccus denitrificans
ヒドロキシコルチコステロイド増加	Hydroxycorticosteroids increased
ピルビン酸カルボキシラーゼ欠損症	Pyruvate carboxylase deficiency
フェノールスルホンフタレイン試験	Phenolsulfonphthalein test
ブロモスルフォフタレイン検査異常	Bromosulphthalein test abnormal
プレジオモナス・シゲロイデス感染	Plesiomonas shigelloides infection
ペプトストレプトコッカス検査陽性	Peptostreptococcus test positive
マイコバクテリア性疾患キャリアー	Mycobacterial disease carrier
マイコバクテリウム・ケロナエ感染	Mycobacterium chelonae infection
マイコバクテリウム・ヘモフィルム	Mycobacterium haemophilum
マイコバクテリウム・マリヌム感染	Mycobacterium marinum infection
モノクローナル免疫グロブリン増加	Monoclonal immunoglobulin increased
モノクローナル免疫グロブリン陽性	Monoclonal immunoglobulin present
ラクトバシラス・デルブリュッキイ	Lactobacillus delbrueckii
世代伝播性エピジェネティック遺伝	Transgenerational epigenetic inheritance
先天性高インスリン血症性低血糖症	Congenital hyperinsulinaemic hypoglycaemia
免疫グロブリンクロナリティー解析	Immunoglobulin clonality assay
化学療法時のサイトカイン予防投与	Chemotherapy cytokine prophylaxis
医療機器サイバーセキュリティ問題	Device cybersecurity issue
呼吸器病原体検出キットによる検査	Respiratory pathogen panel
尿中テトラハイドロコルチゾン増加	Tetrahydrocortisone urine increased
尿中テトラハイドロコルチゾン減少	Tetrahydrocortisone urine decreased
尿中ヒドロキシコルチコステロイド	Hydroxycorticosteroids urine
正常血糖糖尿病性ケトアシドーシス	Euglycaemic diabetic ketoacidosis
特発性ヒスタミン作動性血管性浮腫	Idiopathic histaminergic angioedema
破骨細胞分化抑制因子リガンド減少	Osteoprotegerin ligand decreased
総合的オーラルリハビリテーション	Complete oral rehabilitation
腰部脊柱管の再キャリブレーション	Lumbar canal recalibration
遠隔転移を伴うグルカゴン産生腫瘍	Metastatic glucagonoma
遠隔転移を伴う悪性血管周囲細胞腫	Malignant haemangiopericytoma metastatic
遠隔転移を伴う隆起性皮膚線維肉腫	Dermatofibrosarcoma protuberans metastatic
遺伝性神経障害性アミロイドーシス	Hereditary neuropathic amyloidosis
非定型マイコバクテリウム性心膜炎	Atypical mycobacterium pericarditis
アクチノマイセス・ビスコーサス	Actinomyces viscosus
アコレプラスマ・レイドロウィイ	Acholeplasma laidlawii
アデニロコハク酸リアーゼ欠損症	Adenylosuccinate lyase deficiency
アデノウイルス性脳脊髄神経根炎	Adenovirus encephalomyeloradiculitis
アルギニノコハク酸分解酵素増加	Argininosuccinate lyase increased
アルギニノコハク酸分解酵素減少	Argininosuccinate lyase decreased
アルコール性多発ニューロパチー	Polyneuropathy alcoholic
アルファルファモザイクウイルス	Alfalfa mosaic virus
インセンティブスパイロメトリー	Incentive spirometry
ウイルス性疾患病原体キャリアー	Viral disease carrier
ウェランダー型遠位型ミオパチー	Welander distal myopathy
エンテロバクター性気管気管支炎	Enterobacter tracheobronchitis
エンペドバクター・ブレビス感染	Empedobacter brevis infection
オルソポックスウイルス検査陽性	Orthopoxvirus test positive
ガス注入による黄斑下血腫移動術	Macular pneumatic displacement
キサントモナス・ベシカトーリア	Xanthomonas vesicatoria
キューティバクテリウム検査陽性	Cutibacterium test positive
クエン酸トランスポーター欠損症	Citrate transporter deficiency
クロストリジウム・シンビオサム	Clostridium symbiosum
グロボトリアオシルセラミド増加	Globotriaosylceramide increased
サイトメガロウイルス性胃腸潰瘍	Cytomegalovirus gastrointestinal ulcer
サーファクタントプロテイン増加	Surfactant protein increased
シトロバクター・フロインディイ	Citrobacter freundii
シュードモナス・アルカリゲネス	Pseudomonas alcaligenes
ストレプトコッカス・オラーリス	Streptococcus oralis
ストレプトコッカス・ゴルドニイ	Streptococcus gordonii
ストレプトコッカス・ソブリナス	Streptococcus sobrinus
チオバシラス・チオオキシダンス	Acidithiobacillus thiooxidans
テトラヒドロビオプテリン欠損症	Tetrahydrobiopterin deficiency
デュシェンヌ型筋ジストロフィー	Duchenne muscular dystrophy
デルフチア・アシドボランス感染	Delftia acidovorans infection
トキソプラズマ血清学的検査陰性	Toxoplasma serology negative
トキソプラズマ血清学的検査陽性	Toxoplasma serology positive
トリパノソーマ血清学的検査陽性	Trypanosoma serology positive
ナイミーヘン染色体不安定症候群	Nijmegen breakage syndrome
バクテリオファージLambda	Bacteriophage lambda
バシラスステアロサーモフィラス	Geobacillus stearothermophilus
パラインフルエンザウイルス感染	Parainfluenzae virus infection
パントエア・アグロメランス感染	Pantoea agglomerans infection
ピチウム・インシジオースム感染	Pythium insidiosum infection
フィトフトラ・インフェスタンス	Phytophthora infestans
フソバクテリウム・ヌクレアタム	Fusobacterium nucleatum
プレバイオティクス・ダイエット	Prebiotic diet
ヘモフィルス・パラフロフィルス	Haemophilus paraphrophilus
マイコプラズマファーメンタンス	Mycoplasma fermentans
マルチプルカルボキシラーゼ欠損	Multiple carboxylase deficiency
メタニューモウイルス細気管支炎	Metapneumovirus bronchiolitis
モルシポックスウイルス検査陽性	Molluscipoxvirus test positive
ラジオアイソトープスキャン正常	Radioisotope scan normal
ラジオアイソトープスキャン異常	Radioisotope scan abnormal
レトロウイルスリバウンド症候群	Retroviral rebound syndrome
ロイシンアミノペプチダーゼ上昇	Leucine aminopeptidase increased
ロイシンアミノペプチダーゼ低下	Leucine aminopeptidase decreased
ワタオウサギパピローマウイルス	Cottontail rabbit papillomavirus
下垂体ゴナドトロピン分泌能亢進	Pituitary gonadotropin hyperfunction
先天性サイトメガロウイルス感染	Congenital cytomegalovirus infection
先天性全身性リポジストロフィー	Congenital generalised lipodystrophy
免疫反応性トリプシノーゲン増加	Immunoreactive trypsinogen increased
免疫反応性トリプシノーゲン検査	Immunoreactive trypsinogen assay
免疫反応性トリプシノーゲン減少	Immunoreactive trypsinogen decreased
免疫反応性トリプシノーゲン異常	Immunoreactive trypsinogen abnormal
出生前スクリーニング超音波検査	Ultrasound antenatal screen
単クローン性免疫グロブリン血症	Monoclonal gammopathy
原発性家族性低マグネシウム血症	Primary familial hypomagnesaemia
地中海型ドノバンリーシュマニア	Leishmania infantum
坐骨大腿インピンジメント症候群	Ischiofemoral impingement syndrome
家族性グルココルチコイド欠損症	Familial glucocorticoid deficiency
家族性孤立性副甲状腺機能亢進症	Familial isolated hyperparathyroidism
家族性孤立性副甲状腺機能低下症	Familial isolated hypoparathyroidism
家族性血球貪食性リンパ組織球症	Familial haemophagocytic lymphohistiocytosis
家族性部分的リポジストロフィー	Familial partial lipodystrophy
後天性ミトコンドリアミオパチー	Mitochondrial myopathy acquired
後天性全身性リポジストロフィー	Acquired generalised lipodystrophy
播種性サイトメガロウイルス感染	Disseminated cytomegaloviral infection
最初のエピソードからなる症候群	Clinically isolated syndrome
特発性進行性多発ニューロパチー	Polyneuropathy idiopathic progressive
糖尿病性自律神経ニューロパチー	Diabetic autonomic neuropathy
肩関節内ハイドロダイレーション	Shoulder joint hydrodilatation
胃腸病原体検出キットによる検査	Gastrointestinal pathogen panel
腫瘍のハイパープログレッション	Tumour hyperprogression
透過フォトプレチスモグラフィー	Transmitted light photoplethysmography
遠隔転移を伴うカルチノイド腫瘍	Metastatic carcinoid tumour
顔面肩甲上腕型筋ジストロフィー	Facioscapulohumeral muscular dystrophy
アエロコッカス・ウリナエ感染	Aerococcus urinae infection
アクチノバチラス・イクウリー	Actinobacillus equuli
アスペルギルス・ニデュランス	Aspergillus nidulans
アデノウイルス性出血性膀胱炎	Adenoviral haemorrhagic cystitis
アトピー性皮膚炎のリバウンド	Rebound atopic dermatitis
アルコールリハビリテーション	Alcohol rehabilitation
アルコール性ケトアシドーシス	Alcoholic ketoacidosis
アレルギー性真菌性鼻副鼻腔炎	Allergic fungal rhinosinusitis
インプラント周囲放射線透過性	Radiolucency around implant
エリジペロスリックス検査陽性	Erysipelothrix test positive
エンセファリトズーンクニクリ	Encephalitozoon cuniculi
エンテロコッカスフェカーリス	Enterococcus faecalis
エンテロコッカス・フェシウム	Enterococcus faecium
オキシコルチコステロイド増加	Oxycorticosteroids increased
オルソブニヤウイルス検査陽性	Orthobunyavirus test positive
カプノサイトファーガ性敗血症	Capnocytophaga sepsis
カプノサイトファーガ検査陽性	Capnocytophaga test positive
カンピロバクター・ジェジュニ	Campylobacter jejuni
カンピロバクター・スプトルム	Campylobacter sputorum
キュープリアビダス・ネカター	Cupriavidus necator
クリプトスポリジウム性胃腸炎	Gastroenteritis cryptosporidial
クロストリジウム・セプチカム	Clostridium septicum
グルコシルスフィンゴシン増加	Glucosylsphingosine increased
グルコシルスフィンゴシン正常	Glucosylsphingosine normal
グルコシルスフィンゴシン減少	Glucosylsphingosine decreased
グルコシルスフィンゴシン異常	Glucosylsphingosine abnormal
コクサッキーウイルス性髄膜炎	Meningitis coxsackie viral
コプロポルフィリノーゲン増加	Coproporphyrinogen increased
コプロポルフィリノーゲン減少	Coproporphyrinogen decreased
コリン作動性リバウンド症候群	Cholinergic rebound syndrome
コンピュータ断層撮影膿瘍造影	Computed tomographic abscessogram
コンピュータ断層撮影静脈造影	Computerised tomogram venography
サイトメガロウイルス性単核症	Cytomegalovirus mononucleosis
サイトメガロウイルス性大腸炎	Cytomegalovirus colitis
サイトメガロウイルス性小腸炎	Cytomegalovirus enteritis
サイトメガロウイルス性心筋炎	Cytomegalovirus myocarditis
サイトメガロウイルス性心膜炎	Cytomegalovirus pericarditis
サイトメガロウイルス性胃腸炎	Cytomegalovirus gastroenteritis
サイトメガロウイルス性食道炎	Cytomegalovirus oesophagitis
サイトメガロウイルス感染再燃	Cytomegalovirus infection reactivation
サイトメガロウイルス検査陰性	Cytomegalovirus test negative
サイトメガロウイルス検査陽性	Cytomegalovirus test positive
ザントモナス・カンペストリス	Xanthomonas campestris
シュワネラ・アルガエ性菌血症	Shewanella algae bacteraemia
シュードアレシェリア性敗血症	Pseudallescheria sepsis
ジスキネジア・異常高熱症候群	Dyskinesia hyperpyrexia syndrome
スカンジナビア脳卒中スケール	Scandinavian stroke scale
ステノトロフォモナス性敗血症	Stenotrophomonas sepsis
ステノトロフォモナス性菌血症	Stenotrophomonas bacteraemia
ステノトロフォモナス検査陽性	Stenotrophomonas test positive
ストレプトコッカス・ミティス	Streptococcus mitis
ストレプトマイセスグリセウス	Streptomyces griseus
ソマトスタチン受容体スキャン	Somatostatin receptor scan
デルタレトロウイルス検査陽性	Deltaretrovirus test positive
バイスペクトラルインデックス	Bispectral index
バクテロイデス・ジンジバリス	Porphyromonas gingivalis
バルトネラ・バシリフォルミス	Bartonella bacilliformis
バルト型ミオクロニーてんかん	Baltic myoclonic epilepsy
パッセンジャーリンパ球症候群	Passenger lymphocyte syndrome
パラポックスウイルス検査陽性	Parapoxvirus test positive
ヒトメタニューモウイルス検査	Human metapneumovirus test
ビフィドバクテリウム検査陽性	Bifidobacterium test positive
ビブリオ・バルニフィカス感染	Vibrio vulnificus infection
ピログルタミン酸アシドーシス	Pyroglutamic acidosis
ブラストミセス菌性精巣上体炎	Epididymitis blastomyces
ブロモスルフォフタレイン試験	Bromosulphthalein test
プラスミン・インヒビター増加	Plasmin inhibitor increased
プラスミン・インヒビター減少	Plasmin inhibitor decreased
プレボテラ・インターメディア	Prevotella intermedia
ヘモクロマトーシスキャリアー	Haemochromatosis carrier
ペプトストレプトコッカス感染	Peptostreptococcus infection
ボルデテラ・ブロンキセプチカ	Bordetella bronchiseptica
ポルフィリン症スクリーニング	Porphyria screen
マイクロサテライト不安定性癌	Microsatellite instability cancer
マイコプラズマ・サリバリウム	Mycoplasma salivarium
マイコプラズマ性気管気管支炎	Tracheobronchitis mycoplasmal
ミエロペルオキシダーゼ欠損症	Myeloperoxidase deficiency
ミコバクテリウムウルセランス	Mycobacterium ulcerans
ムンプス性多発ニューロパチー	Polyneuropathy mumps
メサンギウム増殖性糸球体腎炎	Mesangioproliferative glomerulonephritis
モノクローナル免疫グロブリン	Monoclonal immunoglobulin
リンパ球サブセットパネル検査	Lymphocyte subset panel
リンパ球性脈絡髄膜炎ウイルス	Lymphocytic choriomeningitis virus
レジオネラ・ニューモフィーラ	Legionella pneumophila
レプトスピラインターロガンス	Leptospira interrogans
レーザー走査型サイトメトリー	Laser scanning cytometry
ワクチン再投与による同一反応	Vaccine positive rechallenge
ワクチン接種部位リンパ節腫脹	Vaccination site lymphadenopathy
低カリウム血性アルカローシス	Alkalosis hypokalaemic
低クロール血性アルカローシス	Alkalosis hypochloraemic
体外カウンターパルセーション	External counterpulsation
先天性低トランスフェリン血症	Congenital hypotransferrinaemia
先天性異常フィブリノゲン血症	Congenital dysfibrinogenaemia
医療機器エクステンション損傷	Device extension damage
十二指腸切開乳頭部局所切除術	Transduodenal ampullectomy
嚢胞性線維症遺伝子キャリアー	Cystic fibrosis carrier
外科的プレコンディショニング	Surgical preconditioning
大腿骨寛骨臼インピンジメント	Femoroacetabular impingement
家族性凍瘡状エリテマトーデス	Familial chilblain lupus
尿中グリコサミノグリカン増加	Urinary glycosaminoglycans increased
尿中デオキシピリジノリン増加	Deoxypyridinoline urine increased
後天性無巨核球性血小板減少症	Acquired amegakaryocytic thrombocytopenia
後天性異常フィブリノゲン血症	Acquired dysfibrinogenaemia
心房性ナトリウム利尿ペプチド	Atrial natriuretic peptide
心血管系デコンディショニング	Cardiovascular deconditioning
心電図ペースメーカースパイク	Electrocardiogram pacemaker spike
抗甲状腺薬による関節炎症候群	Antithyroid arthritis syndrome
播種性パラコクシジオイデス症	Disseminated paracoccidioidomycosis
放射性アレルゲン吸着検査陰性	Radioallergosorbent test negative
放射性アレルゲン吸着検査陽性	Radioallergosorbent test positive
新生児同種免疫性血小板減少症	Neonatal alloimmune thrombocytopenia
末梢性感覚運動ニューロパチー	Peripheral sensorimotor neuropathy
治療抵抗性血管中心性リンパ腫	Angiocentric lymphoma refractory
炎症性腸疾患に伴うぶどう膜炎	Enteropathic uveitis
白血球アルカリホスファターゼ	Leukocyte alkaline phosphatase
眼球クローヌスミオクローヌス	Opsoclonus myoclonus
眼球気相プレチスモグラム正常	Oculopneumoplethysmogram normal
眼球気相プレチスモグラム異常	Oculopneumoplethysmogram abnormal
破骨細胞分化抑制因子リガンド	Osteoprotegerin ligand
統合失調型パーソナリティ障害	Schizotypal personality disorder
統合失調質パーソナリティ障害	Schizoid personality disorder
肝細胞癌・胆管細胞癌の混合型	Mixed hepatocellular cholangiocarcinoma
腎クレアチニン・クリアランス	Creatinine renal clearance
自己免疫性副甲状腺機能低下症	Autoimmune hypoparathyroidism
血中アイソトープクリアランス	Blood isotope clearance
血中アンドロステンジオン増加	Blood androstenedione increased
血中アンドロステンジオン減少	Blood androstenedione decreased
血中クレアチンホスホキナーゼ	Blood creatine phosphokinase
術中神経生理学的モニタリング	Intraoperative neurophysiologic monitoring
表在性静脈網に沿った色素沈着	Serpentine supravenous hyperpigmentation
製品コミュニケーションの問題	Product communication issue
見かけの鉱質コルチコイド過剰	Apparent mineralocorticoid excess
輸血によるマイクロキメリズム	Transfusion microchimerism
進行性ミオクローヌスてんかん	Progressive myoclonic epilepsy
遊離サイロキシンインデックス	Free thyroxine index
遠隔転移を伴う直腸Ｓ状結腸癌	Rectosigmoid cancer metastatic
遠隔転移を伴う骨外性軟骨肉腫	Extraskeletal chondrosarcoma metastatic
遺伝性運動感覚ニューロパチー	Neuropathic muscular atrophy
長軸方向グローバルストレイン	Global longitudinal strain
食道胃十二指腸内視鏡検査正常	Oesophagogastroduodenoscopy normal
食道胃十二指腸内視鏡検査異常	Oesophagogastroduodenoscopy abnormal
αヒドロキシ酪酸脱水素酵素	Alpha hydroxybutyrate dehydrogenase
くすぶり型全身性肥満細胞症	Smouldering systemic mastocytosis
てんかん性めまい（回転性）	Vertiginous epilepsy
アクチノバチラス・セミニス	Actinobacillus seminis
アグリゲイティバクター感染	Aggregatibacter infection
アスペルギルスフミガーツス	Aspergillus fumigatus
アテローム性動脈硬化症予防	Atherosclerosis prophylaxis
アデノウイルス性間質性腎炎	Adenovirus interstitial nephritis
アデノシンデアミナーゼ増加	Adenosine deaminase increased
アデノシンデアミナーゼ正常	Adenosine deaminase normal
アデノシンデアミナーゼ減少	Adenosine deaminase decreased
アデノシンデアミナーゼ異常	Adenosine deaminase abnormal
アナフィラキシー性輸血反応	Anaphylactic transfusion reaction
アフリカ・トリパノソーマ症	African trypanosomiasis
アメリカ・トリパノソーマ症	American trypanosomiasis
アレルギー性気管支肺真菌症	Allergic bronchopulmonary mycosis
イムノタクトイド糸球体腎炎	Immunotactoid glomerulonephritis
インターロイキン遺伝子発現	Interleukin gene expression
インフルエンザウイルス検査	Influenza virus test
ウレアプラズマ性精巣上体炎	Epididymitis ureaplasmal
エリスロポエチン欠乏性貧血	Erythropoietin deficiency anaemia
エルウィニア・アミロポーラ	Erwinia amylovora
エルウィニア・カロトボーラ	Pectobacterium carotovorum
エレクトロポレーション療法	Electroporation therapy
エロモナス・サルモニサイダ	Aeromonas salmonicida
エンテロバクター・クロアケ	Enterobacter cloacae
オリゴクローナルバンド測定	Oligoclonal band assay
オルソポックスウイルス感染	Orthopox virus infection
カテーテル留置部位そう痒感	Catheter site pruritus
カテーテル留置部位異常感覚	Catheter site paraesthesia
カテーテル留置部位皮膚剥脱	Catheter site exfoliation
カテーテル留置部位知覚低下	Catheter site hypoaesthesia
カテーテル留置部位過敏反応	Catheter site hypersensitivity
カプリポックスウイルス感染	Capripox viral infection
カプリポックスウイルス検査	Capripoxvirus test
カンピロバクター・レクツス	Campylobacter rectus
クインスランドダニ性チフス	Queensland tick typhus
クリプトコッカス性真菌血症	Cryptococcal fungaemia
クロストリジウムディフシレ	Clostridioides difficile
クロストリジウム菌性胃腸炎	Gastroenteritis clostridial
クロノバクター性壊死性腸炎	Cronobacter necrotising enterocolitis
グリコーゲンアカントーシス	Glycogenic acanthosis
グルタチオン合成酵素欠損症	Glutathione synthetase deficiency
グルタミン酸脱水素酵素増加	Glutamate dehydrogenase increased
グルタミン酸脱水素酵素減少	Glutamate dehydrogenase decreased
コクシエラ・バーネッティイ	Coxiella burnetii
コリネバクテリウム・エクイ	Rhodococcus equi
コリネバクテリウム性敗血症	Corynebacterium sepsis
コリネバクテリウム性菌血症	Corynebacterium bacteraemia
コリネバクテリウム検査陰性	Corynebacterium test negative
コリネバクテリウム検査陽性	Corynebacterium test positive
コンピュータ断層撮影胃造影	Computed tomographic gastrography
サイトメガロウイルス性肺炎	Pneumonia cytomegaloviral
サイトメガロウイルス性胃炎	Cytomegalovirus gastritis
サイトメガロウイルス性脳炎	Encephalitis cytomegalovirus
サイトメガロウイルス性腎炎	Cytomegalovirus nephritis
サイトメガロウイルス性腸炎	Cytomegalovirus enterocolitis
サイトメガロウイルス性膵炎	Cytomegalovirus pancreatitis
サイトメガロウイルス症候群	Cytomegalovirus syndrome
サイロキシン結合グロブリン	Thyroxin binding globulin
サーファクタントプロテイン	Surfactant protein
シノリゾビウム・フレディイ	Sinorhizobium fredii
ジアミンオキシダーゼ欠乏症	Diamine oxidase deficiency
ジヒドロテストステロン増加	Dihydrotestosterone increased
ジヒドロテストステロン減少	Dihydrotestosterone decreased
ジヒドロテストステロン濃度	Dihydrotestosterone level
スタージ・ウェーバー症候群	Encephalocutaneous angiomatosis
ストレプトキナーゼ抗体増加	Streptokinase antibody increased
ストレプトコッカス・スイス	Streptococcus suis
ストレプトコッカス・ボビス	Streptococcus bovis
セラチア・リクファシエンス	Serratia liquefaciens
セロコンバージョン検査陰性	Seroconversion test negative
セロコンバージョン検査陽性	Seroconversion test positive
ソマトスタチンアナログ療法	Somatostatin analogue therapy
タナトフォリック骨異形成症	Thanatophoric dysplasia
チオレドキシン還元酵素活性	Thioredoxin reductase activity
チャンディプラウイルス感染	Chandipura virus infection
デング熱ブレイクスルー感染	Breakthrough dengue fever
トキソプラズマ血清学的検査	Toxoplasma serology
トランスフェリン受容体増加	Transferrin receptor increased
トランスフェリン受容体減少	Transferrin receptor decreased
トランスフェリン受容体測定	Transferrin receptor assay
トランスフェリン飽和度上昇	Transferrin saturation increased
トランスフェリン飽和度低下	Transferrin saturation decreased
トランスフェリン飽和度異常	Transferrin saturation abnormal
トリパノソーマコンゴレンス	Trypanosoma congolense
トロンボプラスチン抗体陰性	Thromboplastin antibody negative
トロンボプラスチン抗体陽性	Thromboplastin antibody positive
ニトロソモナス・ユウロペア	Nitrosomonas europaea
バシラス・スリンジエンシス	Bacillus thuringiensis
ヒトポリオーマウイルス感染	Human polyomavirus infection
ビジュアルアナログスケール	Visual analogue scale
ビブリオ・アルギノリチクス	Vibrio alginolyticus
ビブリオ・フルビアリス感染	Vibrio fluvialis infection
フィラデルフィア染色体検査	Philadelphia chromosome test
フィラデルフィア染色体陰性	Philadelphia chromosome negative
フィラデルフィア染色体陽性	Philadelphia chromosome positive
フィンケルシュタインテスト	Finkelstein test
フラボバクテリウム検査陽性	Flavobacterium test positive
ブラストシスティス検査陽性	Blastocystis test positive
ブレビバクテリウム検査陰性	Brevibacterium test negative
ブレビバクテリウム検査陽性	Brevibacterium test positive
ヘモフィルス性化膿性関節炎	Septic arthritis haemophilus
ヘリコバクター十二指腸潰瘍	Helicobacter duodenal ulcer
ヘリコバクター性十二指腸炎	Helicobacter duodenitis
ヘリコバクター性消化性潰瘍	Peptic ulcer helicobacter
ベンゾジアゼピン系薬物濃度	Benzodiazepine drug level
ホロトランスコバラミン検査	Holotranscobalamin test
ホロトランスコバラミン減少	Holotranscobalamin decreased
ボディ・マス・インデックス	Body mass index
ポリオーマウイルス検査陰性	Polyomavirus test negative
ポリオーマウイルス検査陽性	Polyomavirus test positive
マイコバクテリウムケローネ	Mycobacterium chelonae
マイコバクテリウム・ゼノピ	Mycobacterium xenopi
マイコバクテリウム検査陰性	Mycobacterium test negative
マイコバクテリウム検査陽性	Mycobacterium test positive
マイコプラズマ・ディスパー	Mycoplasma dispar
マイコプラズマ性子宮頚管炎	Cervicitis mycoplasmal
ミトコンドリア神経胃腸脳症	Mitochondrial neurogastrointestinal encephalopathy
ミネラルコルチコイド欠乏症	Mineralocorticoid deficiency
メタノサルサイナ・バーケリ	Methanosarcina barkeri
モノアミンオキシダーゼ増加	Monoamine oxidase increased
ラクトバシラス・ラムノサス	Lacticaseibacillus rhamnosus
ラジオアイソトープスキャン	Radioisotope scan
ラジオアイソトープ摂取増加	Radioisotope uptake increased
リウマトイド好中球性皮膚症	Rheumatoid neutrophilic dermatosis
リゾビウム・レグミノサルム	Rhizobium leguminosarum
リューウィストリパノソーマ	Trypanosoma lewisi
レジオネラ・ロングビーチェ	Legionella longbeachae
レンサ球菌感染後糸球体腎炎	Post streptococcal glomerulonephritis
レーザードップラー血流測定	Laser doppler flowmetry
レーザー屈折矯正角膜切除術	Photorefractive keratectomy
ロイシンアミノペプチダーゼ	Leucine aminopeptidase
ロドバクター・カプスラタス	Rhodobacter capsulatus
ワクチンブレイクスルー感染	Vaccine breakthrough infection
一酸化炭素ヘモグロビン増加	Carboxyhaemoglobin increased
一酸化炭素ヘモグロビン正常	Carboxyhaemoglobin normal
一酸化炭素ヘモグロビン減少	Carboxyhaemoglobin decreased
不妊手術を受けたパートナー	Sterilised partner
乳児神経軸索ジストロフィー	Infantile neuroaxonal dystrophy
乳房切除後リンパ浮腫症候群	Postmastectomy lymphoedema syndrome
偽コリンエステラーゼ欠損症	Pseudocholinesterase deficiency
先天性ミトコンドリア細胞症	Congenital mitochondrial cytopathy
先天性メトヘモグロビン血症	Congenital methaemoglobinaemia
先天性赤血球形成異常性貧血	Congenital dyserythropoietic anaemia
先天性黄斑部ジストロフィー	Macular dystrophy congenital
内視鏡的逆行性胆道膵管撮影	Endoscopic retrograde cholangiopancreatography
分類不能な骨髄異形成症候群	Myelodysplastic syndrome unclassifiable
制限エンドヌクレアーゼ測定	Restriction endonuclease assay
前立腺性酸性ホスファターゼ	Prostatic acid phosphatase
副腎皮質刺激ホルモン欠損症	Adrenocorticotropic hormone deficiency
化学療法剤血管外溢出の処置	Chemotherapy extravasation management
化学療法誘発神経毒性の減弱	Chemotherapy neurotoxicity attenuation
医療機器による心因性合併症	Device psychogenic complication
医療機器のコンピュータ問題	Device computer issue
医療機器エントラップメント	Medical device entrapment
医療機器テレメトリーの問題	Device telemetry issue
医療機器プログラミング過誤	Device programming error
医療機器メンテナンスの問題	Device maintenance issue
原発性高コレステロール血症	Primary hypercholesterolaemia
喉頭病変を伴う関節リウマチ	Laryngeal rheumatoid arthritis
大動脈コンピュータ断層撮影	Computerised tomogram aorta
尿中ポルホビリノーゲン増加	Urine porphobilinogen increased
尿中ポルホビリノーゲン正常	Urine porphobilinogen normal
強皮症オーバーラップ症候群	Scleroderma overlap syndrome
心筋ストレインイメージング	Myocardial strain imaging
心臓ペースメーカー機能評価	Cardiac pacemaker evaluation
心臓自律神経ニューロパチー	Cardiac autonomic neuropathy
抗アセチルコリン受容体抗体	Antiacetylcholine receptor antibody
抗アドレナリン作動性症候群	Adrenolytic syndrome
播種性エンテロウイルス感染	Disseminated enteroviral infection
放射線性副甲状腺機能低下症	Radiation hypoparathyroidism
新生児呼吸性アルカローシス	Neonatal respiratory alkalosis
歯科用コンピュータ断層撮影	Computerised tomogram dental
特発性乳児高カルシウム血症	Idiopathic infantile hypercalcaemia
甲状腺中毒性周期性四肢麻痺	Thyrotoxic periodic paralysis
甲状腺機能低下性ミオパチー	Hypothyroid myopathy
皮膚リンパ管型ノカルジア症	Lymphocutaneous nocardiosis
眼窩コンパートメント症候群	Orbital compartment syndrome
磁気共鳴エラストグラフィー	Magnetic resonance elastography
神経セロイドリポフスチン症	Neuronal ceroid lipofuscinosis
神経学的リハビリテーション	Neurological rehabilitation
経カテーテル動脈化学塞栓術	Transcatheter arterial chemoembolisation
経皮的冠インターベンション	Percutaneous coronary intervention
網状赤血球ヘモグロビン増加	Reticulocyte haemoglobin increased
網状赤血球ヘモグロビン減少	Reticulocyte haemoglobin decreased
網状赤血球ヘモグロビン等量	Reticulocyte haemoglobin equivalent
緊張性ハムストリング症候群	Tight hamstring syndrome
耳・脊椎・巨大骨端異形成症	Otospondylomegaepiphyseal dysplasia
胎児メトトレキサート症候群	Foetal methotrexate syndrome
脳性ナトリウム利尿ペプチド	Brain natriuretic peptide
腫瘍随伴性ネフローゼ症候群	Paraneoplastic nephrotic syndrome
腰部くも膜下腔腹腔シャント	Lumboperitoneal shunt
腹腔鏡下スリーブ状胃切除術	Endoscopic sleeve gastroplasty
腹部コンパートメント症候群	Abdominal compartment syndrome
自己免疫性リンパ増殖症候群	Autoimmune lymphoproliferative syndrome
自己免疫性甲状腺機能低下症	Autoimmune hypothyroidism
自己愛性パーソナリティ障害	Narcissistic personality disorder
若年性ミオクロニーてんかん	Juvenile myoclonic epilepsy
血中アルカリホスファターゼ	Blood alkaline phosphatase
血中コリンエステラーゼ増加	Blood cholinesterase increased
血中コリンエステラーゼ正常	Blood cholinesterase normal
血中コリンエステラーゼ減少	Blood cholinesterase decreased
血中コリンエステラーゼ異常	Blood cholinesterase abnormal
血中トロンボプラスチン増加	Blood thromboplastin increased
血中トロンボプラスチン正常	Blood thromboplastin normal
血中トロンボプラスチン減少	Blood thromboplastin decreased
血中トロンボプラスチン異常	Blood thromboplastin abnormal
血管新生バイオマーカー上昇	Angiogenesis biomarker increased
血管新生バイオマーカー低下	Angiogenesis biomarker decreased
超音波肝エラストグラフィー	Ultrasound liver elastography
遠隔転移を伴う乳房血管肉腫	Breast angiosarcoma metastatic
遠隔転移を伴う子宮内膜肉腫	Endometrial sarcoma metastatic
遠隔転移を伴う後腹膜新生物	Retroperitoneal neoplasm metastatic
遠隔転移を伴う神経内分泌癌	Neuroendocrine carcinoma metastatic
遠隔転移を伴う神経線維肉腫	Neurofibrosarcoma metastatic
遠隔転移を伴う骨外性骨肉腫	Extraskeletal osteosarcoma metastatic
遺伝性出血性毛細血管拡張症	Hereditary haemorrhagic telangiectasia
門脈脾静脈腸間膜静脈血栓症	Portosplenomesenteric venous thrombosis
非定型マイコバクテリア感染	Atypical mycobacterial infection
非定型マイコバクテリア肺炎	Atypical mycobacterial pneumonia
高インスリン血症性低血糖症	Hyperinsulinaemic hypoglycaemia
高クロール血性アシドーシス	Acidosis hyperchloraemic
Bilharz住血吸虫症	Schistosomiasis haematobia
Peronospora属	Peronospora
びまん性メサンギウム硬化	Diffuse mesangial sclerosis
アクチノバチラス・スイス	Actinobacillus suis
アクティベーション症候群	Activation syndrome
アシネトバクター性菌血症	Acinetobacter bacteraemia
アシネトバクター検査陽性	Acinetobacter test positive
アストルウイルス性胃腸炎	Gastroenteritis astroviral
アストロウイルス検査陽性	Astrovirus test positive
アスペルギルス性副鼻腔炎	Sinusitis aspergillus
アドレナリン作動性症候群	Adrenergic syndrome
アナフィラキシーショック	Anaphylactic shock
アナフィラキシー予防療法	Anaphylaxis prophylaxis
アフェレーシス関連合併症	Apheresis related complication
アルカノバクテリウム感染	Arcanobacterium infection
アルカノバクテリウム検査	Arcanobacterium test
アルコールに関連する問題	Alcohol problem
アルファウイルス検査陽性	Alphavirus test positive
アルブミン・グロブリン比	Albumin globulin ratio
アレルギー性好酸球増加症	Allergic eosinophilia
アレルギー警告皮膚テスト	Allergy alert test
アロンシャンウイルス感染	Alongshan virus infection
アンジオテンシン変換酵素	Angiotensin converting enzyme
アンドロゲン不感性症候群	Androgen insensitivity syndrome
インスリン自己免疫症候群	Insulin autoimmune syndrome
インターロイキン濃度増加	Interleukin level increased
インターロイキン濃度減少	Interleukin level decreased
ウイルス性角膜ぶどう膜炎	Viral keratouveitis
ウレアプラズマ子宮頚管炎	Ureaplasma cervicitis
エイケネラ・コローデンス	Eikenella corrodens
エクリン汗管扁平上皮化生	Eccrine squamous syringometaplasia
エリジペロスリックス感染	Erysipelothrix infection
エロモナス・ヒドロフィラ	Aeromonas hydrophila
エンテロウイルス性心筋炎	Enterovirus myocarditis
エンテロウイルス性胃腸炎	Gastroenteritis enteroviral
エンテロウイルス性髄膜炎	Meningitis enteroviral
エンテロウイルス検査陰性	Enterovirus test negative
エンテロウイルス検査陽性	Enterovirus test positive
エンテロコッカス検査陰性	Enterococcus test negative
エンテロコッカス検査陽性	Enterococcus test positive
エンテロバクター性敗血症	Enterobacter sepsis
エンテロバクター性菌血症	Enterobacter bacteraemia
エンテロバクター検査陽性	Enterobacter test positive
エンペドバクター検査陽性	Empedobacter test positive
オキュラーサーフェス疾患	Ocular surface disease
オルソバイオロジクス治療	Orthobiologic treatment
カテコールアミンクリーゼ	Catecholamine crisis
カテーテル留置部位びらん	Catheter site erosion
カテーテル留置部位不快感	Catheter site discomfort
カテーテル留置部位内出血	Catheter site bruise
カテーテル留置部位刺激感	Catheter site irritation
カテーテル留置部位小水疱	Catheter site vesicles
カテーテル留置部位皮膚炎	Catheter site dermatitis
カテーテル留置部位石灰化	Catheter site calcification
カテーテル留置部位線維症	Catheter site fibrosis
カテーテル留置部位肉芽腫	Catheter site granuloma
カテーテル留置部位蕁麻疹	Catheter site urticaria
カテーテル留置部位蜂巣炎	Catheter site cellulitis
カテーテル留置部位血栓症	Catheter site thrombosis
カテーテル留置部位血管炎	Catheter site vasculitis
カテーテル留置部位静脈炎	Catheter site phlebitis
カナリアポックスウイルス	Canarypox virus
カプノサイトファーガ感染	Capnocytophaga infection
カンナビノイド悪阻症候群	Cannabinoid hyperemesis syndrome
カンピロバクターフィタス	Campylobacter fetus
カンピロバクター性敗血症	Campylobacter sepsis
カンピロバクター性菌血症	Campylobacter bacteraemia
カンピロバクター検査陽性	Campylobacter test positive
ガードネレラ・バジナリス	Gardnerella vaginalis
クラウンド・デンス症候群	Crowned dens syndrome
クリプトコッカス性髄膜炎	Meningitis cryptococcal
クリプトコッカス検査陽性	Cryptococcus test positive
クリプトコッカス皮膚感染	Cryptococcal cutaneous infection
クリプトコッカス髄膜脳炎	Cryptococcal meningoencephalitis
クリプトスポリジウム感染	Cryptosporidiosis infection
クロストリジウム性大腸炎	Clostridium colitis
クロストリジウム性敗血症	Clostridial sepsis
クロストリジウム性菌血症	Clostridium bacteraemia
クロストリジウム検査陰性	Clostridium test negative
クロストリジウム検査陽性	Clostridium test positive
グラニュリカテラ性菌血症	Granulicatella bacteraemia
グルココルチコイド欠乏症	Glucocorticoid deficiency
コクサッキーウイルス感染	Coxsackie viral infection
コクサッキーウイルス検査	Coxsackie virus test
コクシジオイデス性髄膜炎	Meningitis coccidioides
コンドームカテーテル留置	Condom catheter placement
コンパートメント内圧測定	Compartment pressure test
コンピュータ断層撮影正常	Computerised tomogram normal
コンピュータ断層撮影異常	Computerised tomogram abnormal
サイクロスポリジウム感染	Cyclosporidium infection
サイトメガロウイルス免疫	Cytomegalovirus immunisation
サイトメガロウイルス感染	Cytomegalovirus infection
サイトメガロウイルス検査	Cytomegalovirus test
サイトメガロウイルス肝炎	Cytomegalovirus hepatitis
サイトメガロウイルス血症	Cytomegalovirus viraemia
シックビルディング症候群	Sick building syndrome
シュードアレシェリア感染	Pseudallescheria infection
シュードモナス・シリンゲ	Pseudomonas syringae
シュードモナス性心内膜炎	Endocarditis pseudomonal
シュードモナス性気管支炎	Pseudomonas bronchitis
シュードモナス性皮膚感染	Pseudomonal skin infection
ジヒドロアルプレノロール	Dihydroalprenolol
ステノトロフォモナス感染	Stenotrophomonas infection
ステノトロフォモナス検査	Stenotrophomonas test
ストマトコッカス検査陽性	Stomatococcus test positive
スポロトリックス検査陽性	Sporothrix test positive
セカンドインパクト症候群	Second impact syndrome
セクシュアルハラスメント	Sexual harassment
チクングニヤウイルス感染	Chikungunya virus infection
テストステロン欠乏症候群	Testosterone deficiency syndrome
デフェロキサミン負荷試験	Deferoxamine infusion test
トランスコバラミン欠乏症	Transcobalamin deficiency
トリコモナス性子宮頚管炎	Cervicitis trichomonal
トロンボポエチン濃度異常	Thrombopoietin level abnormal
ドーパミン作動性薬物療法	Dopaminergic drug therapy
ドーパミン調節障害症候群	Dopamine dysregulation syndrome
ドーパミン過感受性精神病	Dopamine supersensitivity psychosis
ナイセリア性化膿性関節炎	Septic arthritis neisserial
ニューカッスル病ウイルス	Newcastle disease virus
ニューモウイルス検査陽性	Pneumovirus test positive
ニューモシスチス検査陰性	Pneumocystis test negative
ニューモシスチス検査陽性	Pneumocystis test positive
ノカルジアアステロイデス	Nocardia asteroides
ハートランドウイルス感染	Heartland virus infection
バイオフィードバック療法	Biofeedback therapy
バクテロイデスフラギリス	Bacteroides fragilis
バークホルデリア検査陽性	Burkholderia test positive
パラコクシジオイデス感染	Paracoccidioides infection
パラポックスウイルス感染	Parapox virus infection
パルビモナス・ミクラ感染	Parvimonas micra infection
パーキンソン病安静時振戦	Parkinsonian rest tremor
ヒストプラスマ性心内膜炎	Endocarditis histoplasma
ヒト絨毛性ゴナドトロピン	Human chorionic gonadotropin
ビフィドバクテリウム感染	Bifidobacterium infection
ビブリオ・サルモニサイダ	Aliivibrio salmonicida
ビブリオ・バルニフィカス	Vibrio vulnificus
ピリキュラリア・グリセア	Pyricularia grisea
フソバクテリウム検査陽性	Fusobacterium test positive
フラミンガムリスクスコア	Framingham risk score
ブドウ球菌性化膿性関節炎	Septic arthritis staphylococcal
ブドウ球菌性壊死性筋膜炎	Necrotising fasciitis staphylococcal
ブドウ球菌感染性滑液包炎	Bursitis infective staphylococcal
ブラストミセス菌性骨髄炎	Osteomyelitis blastomyces
ブランハメラ・カタラリス	Moraxella catarrhalis
プラスミン・インヒビター	Plasmin inhibitor
プレカリクレイン検査正常	Prekallikrein test normal
プレカリクレイン検査異常	Prekallikrein test abnormal
プロゲステロン受容体測定	Progesterone receptor assay
プロポフォール注入症候群	Propofol infusion syndrome
ヘキソキナーゼ欠乏性貧血	Hexokinase deficiency anaemia
ヘモグロビン電気泳動正常	Haemoglobin electrophoresis normal
ヘモグロビン電気泳動異常	Haemoglobin electrophoresis abnormal
ヘリコバクター・ムステレ	Helicobacter mustelae
ペニシリウムクリソゲヌム	Penicillium chrysogenum
ペプトストレプトコッカス	Peptostreptococcus
ペースメーカー原性不整脈	Pacemaker generated arrhythmia
ポルフィロモナス性菌血症	Porphyromonas bacteraemia
ポルフィロモナス検査陽性	Porphyromonas test positive
マイコバクテリア性腹膜炎	Mycobacterial peritonitis
マイコプラズマ・オラーレ	Mycoplasma orale
マイコプラズマ性気管支炎	Bronchitis mycoplasmal
マイコプラズマ性流産後熱	Mycoplasmal postabortal fever
マイコプラズマ性腎盂腎炎	Pyelonephritis mycoplasmal
マクロクレアチンキナーゼ	Macroenzyme creatine kinase
ミオクローヌスジストニア	Myoclonic dystonia
ミクロコッカス・ルテウス	Micrococcus luteus
ミトコンドリアミオパチー	Mitochondrial myopathy
ミトコンドリア酵素欠損症	Mitochondrial enzyme deficiency
メイズストリークウイルス	Maize streak virus
メタニューモウイルス感染	Metapneumovirus infection
メタニューモウイルス肺炎	Metapneumovirus pneumonia
メタボリックシンドローム	Metabolic syndrome
メバロン酸キナーゼ欠損症	Mevalonate kinase deficiency
モルビリウイルス検査陽性	Morbillivirus test positive
ヨードシアノピンドロール	Iodocyanopindolol
ラクトースを含まない食事	Lactose free diet
リンパ腫性乳頭状嚢胞腺腫	Papillary cystadenoma lymphomatosum
レスピロウイルス検査陰性	Respirovirus test negative
レスピロウイルス検査陽性	Respirovirus test positive
レンサ桿菌性化膿性関節炎	Septic arthritis streptobacillus
レンサ球菌性化膿性関節炎	Septic arthritis streptococcal
レンサ球菌性壊死性筋膜炎	Necrotising fasciitis streptococcal
レンサ球菌性肛門周囲感染	Perianal streptococcal infection
ロゼオロウイルス検査陽性	Roseolovirus test positive
ローデシアトリパノソーマ	Trypanosoma brucei rhodesiense
ワクチン接種後の易刺激性	Irritability postvaccinal
ワクチン接種部位そう痒感	Vaccination site pruritus
ワクチン接種部位皮膚剥脱	Vaccination site exfoliation
ワクチン接種部位知覚不全	Vaccination site dysaesthesia
ワクチン接種部位知覚低下	Vaccination site hypoaesthesia
ワクチン接種部位知覚消失	Vaccination site anaesthesia
ワクチン接種部位知覚異常	Vaccination site paraesthesia
ワクチン接種部位知覚過敏	Vaccination site hyperaesthesia
ワクチン接種部位過敏反応	Vaccination site hypersensitivity
一時的膀胱カテーテル留置	Bladder catheter temporary
三次性副甲状腺機能亢進症	Hyperparathyroidism tertiary
乳房コンピュータ断層撮影	Computerised tomogram breast
依存性パーソナリティ障害	Dependent personality disorder
便中ウロビリノーゲン増加	Urobilinogen faeces increased
便中ウロビリノーゲン正常	Urobilinogen faeces normal
便中ウロビリノーゲン減少	Urobilinogen faeces decreased
便中ウロビリノーゲン異常	Urobilinogen faeces abnormal
便中カルプロテクチン増加	Faecal calprotectin increased
便中カルプロテクチン正常	Faecal calprotectin normal
便中カルプロテクチン減少	Faecal calprotectin decreased
便中カルプロテクチン異常	Faecal calprotectin abnormal
先天性アンドロゲン欠乏症	Congenital androgen deficiency
先天性メラノサイト性母斑	Congenital melanocytic naevus
先天性低γグロブリン血症	Congenital hypogammaglobulinaemia
先天性副甲状腺機能低下症	Congenital hypoparathyroidism
先天性腸管リンパ管拡張症	Lymphangiectasia intestinal congenital
内耳コンピュータ断層撮影	Computerised tomogram ear
処置後副甲状腺機能低下症	Post procedural hypoparathyroidism
出生前スクリーニング検査	Prenatal screening test
前庭小脳性運動失調症候群	Vestibulocerebellar syndrome
化学療法誘発心毒性の減弱	Chemotherapy cardiotoxicity attenuation
化膿性コリネバクテリウム	Corynebacterium pyogenes
医療機器による注入の問題	Device infusion issue
医療機器の細菌性のゆるみ	Septic device loosening
医療機器リポジショニング	Medical device repositioning
単純ヘルペスウイルス血症	Herpes simplex viraemia
単純ヘルペス性子宮頚管炎	Herpes simplex cervicitis
単純ヘルペス性髄膜脊髄炎	Herpes simplex meningomyelitis
原発性副甲状腺機能亢進症	Hyperparathyroidism primary
原発性副甲状腺機能低下症	Primary hypoparathyroidism
唾液中エストリオール増加	Salivary oestriol increased
唾液中テストステロン増加	Saliva testosterone increased
唾液中テストステロン減少	Saliva testosterone decreased
唾液中テストステロン異常	Saliva testosterone abnormal
四肢コンピュータ断層撮影	Computerised tomogram limb
回避的パーソナリティ障害	Avoidant personality disorder
境界性パーソナリティ障害	Borderline personality disorder
多巣性運動ニューロパチー	Multifocal motor neuropathy
好酸球性血管中心性線維症	Eosinophilic angiocentric fibrosis
妄想性パーソナリティ障害	Paranoid personality disorder
子宮胎盤急性アテローム症	Uteroplacental acute atherosis
家族性巨大型セメント質腫	Familial gigantiform cementoma
小形クリプトスポリジウム	Cryptosporidium parvum
小脳アテローム性動脈硬化	Cerebellar atherosclerosis
尿中ウロビリノーゲン増加	Urobilinogen urine increased
尿中ウロビリノーゲン減少	Urobilinogen urine decreased
尿中カテコールアミン増加	Catecholamines urine increased
尿中カテコールアミン正常	Catecholamines urine normal
尿中カテコールアミン減少	Catecholamines urine decreased
尿中カテコールアミン異常	Catecholamines urine abnormal
尿中クリオグロブリン陽性	Cryoglobulin urine present
尿中グリコサミノグリカン	Urinary glycosaminoglycans
尿中デオキシピリジノリン	Deoxypyridinoline urine
尿中トランスフェリン増加	Urinary transferrin increased
尿中ノルメタネフリン増加	Normetanephrine urine increased
尿中ノルメタネフリン減少	Normetanephrine urine decreased
尿中メトヘモグロビン陰性	Methaemoglobin urine absent
尿中メトヘモグロビン陽性	Methaemoglobin urine present
後天性エナメル質形成不全	Acquired enamel hypoplasia
後天性ファンコニー症候群	Fanconi syndrome acquired
後天性リポジストロフィー	Lipodystrophy acquired
後天性異常ヘモグロビン症	Acquired haemoglobinopathy
後天性角膜ジストロフィー	Acquired corneal dystrophy
心リハビリテーション療法	Cardiac rehabilitation therapy
心室コンプライアンス低下	Ventricular compliance decreased
心臓コンピュータ断層撮影	Computerised tomogram heart
心臓機器リプログラミング	Cardiac device reprogramming
慢性自己免疫性糸球体腎炎	Chronic autoimmune glomerulonephritis
抗ミトコンドリア抗体正常	Antimitochondrial antibody normal
抗ミトコンドリア抗体陽性	Antimitochondrial antibody positive
持続性全身性リンパ節腫脹	Persistent generalised lymphadenopathy
播種性クリプトコッカス症	Disseminated cryptococcosis
播種性コクシジオイデス症	Disseminated coccidioidomycosis
播種性スポロトリコーシス	Disseminated sporotrichosis
放射性アレルゲン吸着検査	Radioallergosorbent test
新生児ヘモクロマトーシス	Neonatal haemochromatosis
新生児副甲状腺機能低下症	Neonatal hypoparathyroidism
新生児呼吸性アシドーシス	Neonatal respiratory acidosis
末梢性感覚ニューロパチー	Peripheral sensory neuropathy
末梢性運動ニューロパチー	Peripheral motor neuropathy
森林型熱帯リーシュマニア	Leishmania major
横隔膜ペースメーカー挿入	Diaphragmatic pacemaker insertion
毛細血管脆弱性試験値増加	Capillary fragility increased
毛細血管脆弱性試験値減少	Capillary fragility decreased
気管支肺アスペルギルス症	Bronchopulmonary aspergillosis
水痘帯状疱疹ウイルス血症	Varicella zoster viraemia
永久的膀胱カテーテル留置	Bladder catheter permanent
治療抵抗性濾胞性リンパ腫	Follicular lymphoma refractory
治療的レーザー角膜切除術	Phototherapeutic keratectomy
泌尿生殖器クラミジア感染	Genitourinary chlamydia infection
泌尿生殖器トリコモナス症	Urogenital trichomoniasis
演技性パーソナリティ障害	Histrionic personality disorder
無症候性遺伝子キャリアー	Asymptomatic gene carrier
特異体質性アルコール中毒	Idiosyncratic alcohol intoxication
生体吸収性医療機器の問題	Absorbable device issue
生体電気インピーダンス法	Bioelectrical impedance analysis
生理食塩液注入超音波画像	Saline infusion sonogram
甲状腺刺激免疫グロブリン	Thyroid stimulating immunoglobulin
甲状腺機能低下性甲状腺腫	Hypothyroidic goitre
異所性アルドステロン分泌	Ectopic aldosterone secretion
異染性白質ジストロフィー	Metachromatic leukodystrophy
皮膚充填剤による過剰修正	Dermal filler overcorrection
眼球コレステロール沈着症	Cholesterolosis bulbi
破骨細胞分化抑制因子増加	Osteoprotegerin increased
破骨細胞分化抑制因子減少	Osteoprotegerin decreased
硝子体浮遊物レーザー治療	Laser floater treatment
神経合併症を伴う風疹感染	Rubella infection neurological
粘膜皮膚リーシュマニア症	Mucocutaneous leishmaniasis
精巣プロステーシス使用者	Testicular prosthesis user
糖尿病性単ニューロパチー	Diabetic mononeuropathy
紅皮症型アトピー性皮膚炎	Erythrodermic atopic dermatitis
細胞貪食組織球性脂肪織炎	Cytophagic histiocytic panniculitis
組織球性壊死性リンパ節炎	Histiocytic necrotising lymphadenitis
続発性副甲状腺機能亢進症	Hyperparathyroidism secondary
続発性副甲状腺機能低下症	Hypoparathyroidism secondary
耳口蓋指スペクトラム障害	Otopalatodigital spectrum disorder
肺パラコクシジオイデス症	Pulmonary paracoccidioidomycosis
胸部コンピュータ断層撮影	Computerised tomogram thorax
脂肪性器性ジストロフィー	Adiposogenital dystrophy
脂肪硬化性粘液線維性腫瘍	Liposclerosing myxofibrous tumour
脊椎コンピュータ断層撮影	Computerised tomogram spine
脱髄性多発ニューロパチー	Demyelinating polyneuropathy
脳レーザーアブレーション	Laser brain ablation
脳脊髄血栓性タンポナーデ	Cerebrospinal thrombotic tamponade
腰仙部神経根・神経叢障害	Lumbosacral radiculoplexus neuropathy
腸クロム親和性細胞過形成	Enterochromaffin cell hyperplasia
腹部コンピュータ断層撮影	Computerised tomogram abdomen
膝インピンジメント症候群	Knee impingement syndrome
自己免疫性ニューロパチー	Autoimmune neuropathy
自己免疫性再生不良性貧血	Autoimmune aplastic anaemia
自己免疫性小脳性運動失調	Autoimmune cerebellar ataxia
若年性ポリポーシス症候群	Juvenile polyposis syndrome
血中アセトアルデヒド増加	Blood ethanal increased
血中アンドロステンジオン	Blood androstenedione
血中イソプロパノール増加	Blood isopropanol increased
血中イソプロパノール正常	Blood isopropanol normal
血中イソプロパノール減少	Blood isopropanol decreased
血中エリスロポエチン増加	Blood erythropoietin increased
血中エリスロポエチン正常	Blood erythropoietin normal
血中エリスロポエチン減少	Blood erythropoietin decreased
血中エリスロポエチン異常	Blood erythropoietin abnormal
血中カテコールアミン増加	Blood catecholamines increased
血中カテコールアミン正常	Blood catecholamines normal
血中カテコールアミン減少	Blood catecholamines decreased
血中カテコールアミン異常	Blood catecholamines abnormal
血中コルチコステロン増加	Blood corticosterone increased
血中コルチコステロン正常	Blood corticosterone normal
血中コルチコステロン減少	Blood corticosterone decreased
血中コルチコステロン異常	Blood corticosterone abnormal
血中コルチコトロピン増加	Blood corticotrophin increased
血中コルチコトロピン正常	Blood corticotrophin normal
血中コルチコトロピン減少	Blood corticotrophin decreased
血中コルチコトロピン異常	Blood corticotrophin abnormal
血中メトヘモグロビン陰性	Blood methaemoglobin absent
血中メトヘモグロビン陽性	Blood methaemoglobin present
血栓性血小板減少性紫斑病	Thrombotic thrombocytopenic purpura
血球貪食性リンパ組織球症	Haemophagocytic lymphohistiocytosis
血管障害性ニューロパチー	Angiopathic neuropathy
身体表現性泌尿生殖器障害	Somatoform genitourinary disorder
進行性骨化性線維異形成症	Fibrodysplasia ossificans progressiva
進行性黄斑メラニン減少症	Progressive macular hypomelanosis
遠隔転移を伴う卵巣上皮癌	Ovarian cancer metastatic
遠隔転移を伴う子宮内膜癌	Endometrial cancer metastatic
遠隔転移を伴う子宮頚部癌	Cervix cancer metastatic
遠隔転移を伴う尿道黒色腫	Urethral melanoma metastatic
遠隔転移を伴う平滑筋肉腫	Leiomyosarcoma metastatic
遠隔転移を伴う悪性間葉腫	Malignant mesenchymoma metastatic
遠隔転移を伴う悪性髄膜腫	Malignant meningioma metastatic
遠隔転移を伴う悪性黒色腫	Metastatic malignant melanoma
遠隔転移を伴う眼悪性腫瘍	Ocular cancer metastatic
遠隔転移を伴う眼球黒色腫	Metastatic ocular melanoma
遠隔転移を伴う結腸直腸癌	Colorectal cancer metastatic
遠隔転移を伴う耳悪性腫瘍	Otic cancer metastatic
遠隔転移を伴う脳悪性腫瘍	Brain cancer metastatic
遠隔転移を伴う類上皮肉腫	Epithelioid sarcoma metastatic
遺伝性αトリプターゼ血症	Hereditary alpha tryptasaemia
遺伝性フルクトース不耐症	Hereditary fructose intolerance
遺伝性ヘモクロマトーシス	Hereditary haemochromatosis
遺伝性低リン血症性くる病	Hereditary hypophosphataemic rickets
遺伝性感覚ニューロパチー	Sensory neuropathy hereditary
遺伝性網膜ジストロフィー	Hereditary retinal dystrophy
部分的リポジストロフィー	Partial lipodystrophy
鋸歯状ポリポーシス症候群	Serrated polyposis syndrome
限局性リポジストロフィー	Localised lipodystrophy
陰茎プロステーシス使用者	Penile prosthesis user
非代償性甲状腺機能低下症	Decompensated hypothyroidism
音声スペクトログラフィー	Voice spectrography
頚部コンピュータ断層撮影	Computerised tomogram neck
頭部コンピュータ断層撮影	Computerised tomogram head
骨折経皮的鋼線刺入固定術	Percutaneous fracture pinning
骨盤コンピュータ断層撮影	Computerised tomogram pelvis
骨関節スポロトリコーシス	Osteoarticular sporotrichosis
高アンモニア血症クリーゼ	Hyperammonaemic crisis
高浸透圧をともなう糖尿病	Diabetes with hyperosmolarity
Bilharz住血吸虫	Schistosoma haematobium
βケトチオラーゼ欠損症	Beta ketothiolase deficiency
おとがい舌筋前方移動術	Genioglossal advancement
びまん性皮膚肥満細胞症	Diffuse cutaneous mastocytosis
びまん性軸索周囲性脳炎	Encephalitis periaxialis diffusa
アカントアメーバ角膜炎	Acanthamoeba keratitis
アクチノマイセス菌血症	Actinomyces bacteraemia
アシネトバクター性肺炎	Pneumonia acinetobacter
アシネトバクター敗血症	Acinetobacter sepsis
アスペルギルス性髄膜炎	Meningitis aspergillus
アスペルギルス検査陰性	Aspergillus test negative
アスペルギルス検査陽性	Aspergillus test positive
アデノウイルス再活性化	Adenovirus reactivation
アデノウイルス性胃腸炎	Gastroenteritis adenovirus
アデノウイルス検査陽性	Adenovirus test positive
アデノシンデアミナーゼ	Adenosine deaminase
アナフィラキシー様反応	Anaphylactoid shock
アフトウイルス検査陽性	Aphthovirus test positive
アブレーション後症候群	Post ablation syndrome
アポトーシス性結腸疾患	Apoptotic colonopathy
アミノピリン呼気テスト	Aminopyrine breathing test
アムスラーグリッド検査	Amsler grid test
アルコール中毒の近親者	Alcoholic relative
アルゼンチンヒキガエル	Bufo arenarum
アルボウイルス検査陽性	Arbovirus test positive
アレナウイルス検査陽性	Arenavirus test positive
アレルギー性リンパ管炎	Allergic lymphangitis
アレルギー性呼吸器疾患	Allergic respiratory disease
アレルギー性呼吸器症状	Allergic respiratory symptom
アンドロゲン受容体測定	Androgen receptor assay
インスリンショック療法	Insulin shock therapy
インスリン必要量の増加	Increased insulin requirement
インスリン必要量の減少	Decreased insulin requirement
インスリン抵抗性糖尿病	Insulin resistant diabetes
インターフェロンα濃度	Interferon alpha level
インターフェロンα療法	Alpha interferon therapy
インターフェロンβ濃度	Interferon beta level
インターフェロンβ療法	Beta interferon therapy
インターフェロンγ正常	Interferon gamma normal
インターフェロンγ減少	Interferon gamma decreased
インターフェロンγ濃度	Interferon gamma level
インターフェロンγ療法	Gamma interferon therapy
インターベンション処置	Interventional procedure
ウィルダーバンク症候群	Wildervanck syndrome
ウィンチェスター症候群	Winchester syndrome
ウイシュニュースキー斑	Wischnewsky spots
ウイルス性出血性膀胱炎	Viral haemorrhagic cystitis
ウイルス性気管気管支炎	Tracheobronchitis viral
ウレアプラズマ外陰腟炎	Ureaplasmal vulvovaginitis
ウレアプラズマ性尿道炎	Urethritis ureaplasmal
ウレアプラズマ検査陽性	Ureaplasma test positive
エクセロヒルム性髄膜炎	Meningitis exserohilum
エクセロヒルム検査陰性	Exserohilum test negative
エクセロヒルム検査陽性	Exserohilum test positive
エクトロメリアウイルス	Ectromelia virus
エコーウイルス性髄膜炎	Meningitis echo viral
エコーウイルス検査陰性	Echovirus test negative
エコーウイルス検査陽性	Echovirus test positive
エストロゲン受容体測定	Oestrogen receptor assay
エンテロウイルス性脳炎	Encephalitis enteroviral
エンテロバクター性肺炎	Enterobacter pneumonia
エンドトキシンショック	Endotoxic shock
エンプティノーズ症候群	Empty nose syndrome
オキシテトラサイクリン	Oxytetracycline
オピッツ三角頭蓋症候群	Opitz trigonocephaly syndrome
オルトラーニテスト陰性	Ortolani test negative
オルトラーニテスト陽性	Ortolani test positive
オルビウイルス検査陽性	Orbivirus test positive
オンコウイルス検査陰性	Oncovirus test negative
オンコウイルス検査陽性	Oncovirus test positive
カテーテル留置部位丘疹	Catheter site papule
カテーテル留置部位乾燥	Catheter site dryness
カテーテル留置部位冷感	Catheter site coldness
カテーテル留置部位出血	Catheter site haemorrhage
カテーテル留置部位分泌	Catheter site discharge
カテーテル留置部位壊死	Catheter site necrosis
カテーテル留置部位変色	Catheter site discolouration
カテーテル留置部位感染	Catheter site infection
カテーテル留置部位損傷	Catheter site injury
カテーテル留置部位浮腫	Catheter site oedema
カテーテル留置部位湿疹	Catheter site eczema
カテーテル留置部位溢出	Catheter site extravasation
カテーテル留置部位潰瘍	Catheter site ulcer
カテーテル留置部位炎症	Catheter site inflammation
カテーテル留置部位熱感	Catheter site warmth
カテーテル留置部位疼痛	Catheter site pain
カテーテル留置部位痂皮	Catheter site scab
カテーテル留置部位瘢痕	Catheter site scar
カテーテル留置部位発疹	Catheter site rash
カテーテル留置部位硬結	Catheter site induration
カテーテル留置部位紅斑	Catheter site erythema
カテーテル留置部位結節	Catheter site nodule
カテーテル留置部位肥厚	Catheter site hypertrophy
カテーテル留置部位腫瘤	Catheter site mass
カテーテル留置部位腫脹	Catheter site swelling
カテーテル留置部位膿疱	Catheter site pustule
カテーテル留置部位膿瘍	Catheter site abscess
カテーテル留置部位蒼白	Catheter site pallor
カテーテル留置部位虚血	Catheter site ischaemia
カテーテル留置部位血腫	Catheter site haematoma
カテーテル留置部位離開	Catheter site dehiscence
カテーテル血栓溶解療法	Catheter directed thrombolysis
カプリーニリスクスコア	Caprini risk score
カポジ肉腫様血管内皮腫	Kaposiform haemangioendothelioma
カリシウイルス性胃腸炎	Gastroenteritis caliciviral
カリシウイルス検査陽性	Calicivirus test positive
カルジオリピン抗体陰性	Cardiolipin antibody negative
カルジオリピン抗体陽性	Cardiolipin antibody positive
カンジダ・グラブラータ	Candida glabrata
カンジダ・トロピカリス	Candida tropicalis
カンピロバクター・コリ	Campylobacter coli
カンピロバクター・ラリ	Campylobacter lari
カンピロバクター大腸炎	Campylobacter colitis
カンピロバクター胃腸炎	Campylobacter gastroenteritis
ガンビアトリパノソーマ	Trypanosoma brucei gambiense
キイロショウジョウバエ	Drosophila melanogaster
キトトリオシダーゼ増加	Chitotriosidase increased
キトトリオシダーゼ正常	Chitotriosidase normal
キトトリオシダーゼ減少	Chitotriosidase decreased
キトトリオシダーゼ異常	Chitotriosidase abnormal
クラミジアニューモニエ	Chlamydophila pneumoniae
クラミジア性子宮頚管炎	Chlamydial cervicitis
クリプトコッカス性肺炎	Pneumonia cryptococcal
クリプトコッカス胃腸炎	Gastroenteritis cryptococcal
クルーズトリパノソーマ	Trypanosoma cruzi
クロノバクター性菌血症	Cronobacter bacteraemia
クロノバクター性髄膜炎	Meningitis cronobacter
クロノバクター検査陽性	Cronobacter test positive
クロルテトラサイクリン	Chlortetracycline
グリコヘモグロビン増加	Glycosylated haemoglobin increased
グリコヘモグロビン正常	Glycosylated haemoglobin normal
グリコヘモグロビン減少	Glycosylated haemoglobin decreased
グリコヘモグロビン異常	Glycosylated haemoglobin abnormal
グルココルチコイド増加	Glucocorticoids increased
グルココルチコイド正常	Glucocorticoids normal
グルココルチコイド減少	Glucocorticoids decreased
グルココルチコイド異常	Glucocorticoids abnormal
グルコシルセラミド増加	Glucosylceramide increased
グルコシルセラミド正常	Glucosylceramide normal
グルコシルセラミド減少	Glucosylceramide decreased
グルコシルセラミド異常	Glucosylceramide abnormal
グルコノアセトバクター	Gluconacetobacter
グルタミン酸脱水素酵素	Glutamate dehydrogenase
ケミカルサブミッション	Chemical submission
コクシジオイデス性脳炎	Coccidioides encephalitis
コミュニケーション障害	Communication disorder
コリネバクテリウム感染	Corynebacterium infection
コリネバクテリウム検査	Corynebacterium test
コリンエステラーゼ阻害	Cholinesterase inhibition
コロナウイルス検査陰性	Coronavirus test negative
コロナウイルス検査陽性	Coronavirus test positive
コンタクトレンズ不耐性	Contact lens intolerance
コントラスト心エコー図	Contrast echocardiogram
コンパートメント症候群	Compartment syndrome
コンピュータ視覚症候群	Computer vision syndrome
サイトカイン放出症候群	Cytokine release syndrome
サクシニルアセトン増加	Succinylacetone increased
サクシニルアセトン減少	Succinylacetone decreased
サルフォーミーウイルス	Simian foamy virus
シトロバクター性敗血症	Citrobacter sepsis
シトロバクター性菌血症	Citrobacter bacteraemia
シトロバクター検査陽性	Citrobacter test positive
シムケ免疫性骨形成不全	Schimke immunoosseous dysplasia
シュードアルテロモナス	Pseudoalteromonas
シュードモナス・プチダ	Pseudomonas putida
シュードモナス性創感染	Wound infection pseudomonas
シュードモナス性口内炎	Pseudomonas stomatitis
シュードモナス性敗血症	Pseudomonal sepsis
シュードモナス性胃腸炎	Gastroenteritis pseudomonas
シュードモナス性腹膜炎	Pseudomonas peritonitis
シュードモナス性膀胱炎	Cystitis pseudomonal
シュードモナス性菌血症	Pseudomonal bacteraemia
シュードモナス検査陽性	Pseudomonas test positive
スコプラリオプシス感染	Scopulariopsis infection
スピロプラズマ・シトリ	Spiroplasma citri
スマトラオランウータン	Pongo abelii
スルホヘモグロビン増加	Sulphaemoglobin increased
スルホヘモグロビン正常	Sulphaemoglobin normal
スルホヘモグロビン減少	Sulphaemoglobin decreased
セファリン絮状反応正常	Cephalin flocculation normal
セファリン絮状反応異常	Cephalin flocculation abnormal
セムリキ森林熱ウイルス	Semliki forest virus
セロコンバージョン検査	Seroconversion test
センチネルリンパ節郭清	Sentinel lymphadenectomy
ソマトトロピン刺激試験	Somatotropin stimulation test
ソマトトロピン抑制試験	Somatotropin suppression test
ツツガムシ病リケッチア	Orientia tsutsugamushi
テルモアクチノマイセス	Thermoactinomyces
テープストリッピング法	Tape stripping procedure
デキサメタゾン抑制試験	Dexamethasone suppression test
トキソプラズマ性心筋炎	Myocarditis toxoplasmal
トキソプラズマ性眼感染	Eye infection toxoplasmal
トキソプラズマ性髄膜炎	Meningitis toxoplasmal
トランスアミナーゼ上昇	Transaminases increased
トランスアミナーゼ低下	Transaminases decreased
トランスアミナーゼ異常	Transaminases abnormal
トランスフェリン飽和度	Transferrin saturation
トリコモナス性前立腺炎	Prostatitis trichomonal
トリパノソーマ性髄膜炎	Meningitis trypanosomal
トレンデレンブルグ体位	Trendelenburg position
トロンボプラスチン抗体	Thromboplastin antibody
トロンボモジュリン増加	Thrombomodulin increased
ドノバンリーシュマニア	Leishmania donovani
ドレーン留置部位合併症	Drain site complication
ナイセリア・ラクタミカ	Neisseria lactamica
ナイロウイルス検査陽性	Nairovirus test positive
ネオスキタリジウム感染	Neoscytalidium infection
ハンタウイルス性肺感染	Hantavirus pulmonary infection
ハンタウイルス検査陽性	Hantavirus test positive
バクテロイデス性菌血症	Bacteroides bacteraemia
バクテロイデス検査陽性	Bacteroides test positive
バニシングツイン症候群	Vanishing twin syndrome
バルーン心房中隔裂開術	Balloon atrial septostomy
バンコマイシン注入反応	Vancomycin infusion reaction
バーンズアカシジア尺度	Barnes akathisia scale
パンクレアスタチン増加	Pancreastatin increased
パンクレアスタチン減少	Pancreastatin decreased
パンクレアスタチン異常	Pancreastatin abnormal
パートナーとのストレス	Partner stress
パープルグローブ症候群	Purple glove syndrome
ヒストプラスマ性心膜炎	Pericarditis histoplasma
ヒストプラスマ性網膜炎	Retinitis histoplasma
ヒストプラスマ性髄膜炎	Meningitis histoplasma
ヒトライノウイルス検査	Human rhinovirus test
ヒト乳頭腫ウイルス再燃	Human papillomavirus reactivation
ヒドロキシプロリン増加	Hydroxyproline increased
ヒドロキシプロリン減少	Hydroxyproline decreased
ヒドロキシプロリン異常	Hydroxyproline abnormal
ビジュアルスノウ症候群	Visual snow syndrome
ビーチチェアポジション	Beach chair position
ピルビン酸キナーゼ増加	Pyruvate kinase increased
ピルビン酸キナーゼ減少	Pyruvate kinase decreased
ピログルタミン酸塩増加	Pyroglutamate increased
ピログルタミン酸塩検査	Pyroglutamate test
ファゼカススケール異常	Fazekas scale abnormal
ファーストバイト症候群	First bite syndrome
フィロウイルス検査陽性	Filovirus test positive
フォザーギル徴候テスト	Fothergill sign test
フラビウイルス検査陰性	Flavivirus test negative
フラビウイルス検査陽性	Flavivirus test positive
フラボバクテリウム感染	Flavobacterium infection
フレボウイルス検査陽性	Phlebovirus test positive
フロー・ボリューム曲線	Flow volume loop
ブドウ球菌性汗孔周囲炎	Periporitis staphylogenes
ブラジルリーシュマニア	Leishmania braziliensis
ブラストシスティス感染	Blastocystis infection
ブラストシスティス検査	Blastocystis test
ブルセラ・メリテンシス	Brucella melitensis
ブレビバクテリウム感染	Brevibacterium infection
プレボテラ・ルミニコラ	Prevotella ruminicola
プロゲステロン補充療法	Progestin replacement therapy
プロトロンビン時間正常	Prothrombin time normal
プロトロンビン時間異常	Prothrombin time abnormal
プロトロンビン時間短縮	Prothrombin time shortened
プロバイオティクス療法	Probiotic therapy
ヘニパウイルス検査陽性	Henipavirus test positive
ヘモクロマトーシス形質	Haemochromatosis trait
ヘモフィルス・ソムナス	Haemophilus somnus
ヘモフィルス性喉頭蓋炎	Epiglottitis haemophilus
ヘモフィルス性心内膜炎	Endocarditis haemophilus
ヘモフィルス性気管支炎	Bronchitis haemophilus
ヘリコバクター性敗血症	Helicobacter sepsis
ヘリコバクター検査陰性	Helicobacter test negative
ヘリコバクター検査陽性	Helicobacter test positive
ベンチレータ離脱不成功	Weaning failure
ペプシノーゲン検査陽性	Pepsinogen test positive
ペーシング誘発性心筋症	Pacing induced cardiomyopathy
ホルモン製剤による避妊	Hormonal contraception
ポリオウイルス検査陰性	Poliovirus test negative
ポリオウイルス検査陽性	Poliovirus test positive
ポリオーマウイルス検査	Polyomavirus test
ポリオーマウイルス血症	Polyomavirus viraemia
ポリープ状脈絡膜血管症	Polypoidal choroidal vasculopathy
ポルホビリノーゲン異常	Porphobilinogen abnormal
ポワッサンウイルス感染	Powassan virus infection
ポワッサンウイルス脳炎	Powassan virus encephalitis
マイコバクテリア重感染	Superinfection mycobacterial
マイコバクテリウム検査	Mycobacterium test
マイコプラズマホミニス	Mycoplasma hominis
マイコプラズマ性尿道炎	Urethritis mycoplasmal
マイコプラズマ性心膜炎	Pericarditis mycoplasmal
マイコプラズマ性直腸炎	Proctitis mycoplasmal
マイコプラズマ検査陰性	Mycoplasma test negative
マイコプラズマ検査陽性	Mycoplasma test positive
メキシコサンショウウオ	Ambystoma mexicanum
メキシコリーシュマニア	Leishmania mexicana
メチロバクテリウム感染	Methylobacterium infection
モリブデン補因子欠損症	Molybdenum cofactor deficiency
モントリオール認知評価	Montreal cognitive assessment
ラジオアイソトープ治療	Radioisotope therapy
ランゲルハンス細胞肉腫	Langerhans cell sarcoma
リッサウイルス検査陽性	Lyssavirus test positive
リハビリテーション療法	Rehabilitation therapy
リフィーディング症候群	Refeeding syndrome
リンパ球傷害性抗体陽性	Lymphocytotoxic antibody positive
リン酸塩尿性間葉系腫瘍	Phosphaturic mesenchymal tumour
ルブラウイルス検査陰性	Rubulavirus test negative
ルブラウイルス検査陽性	Rubulavirus test positive
レンサ球菌性子宮頚管炎	Cervicitis streptococcal
レンチウイルス検査陽性	Lentivirus test positive
ロドスピリルムルブラム	Rhodospirillum rubrum
ワクシニアウイルス感染	Vaccinia virus infection
ワクチン接種後自家接種	Post vaccination autoinoculation
ワクチン接種部位びらん	Vaccination site erosion
ワクチン接種部位不快感	Vaccination site discomfort
ワクチン接種部位内出血	Vaccination site bruising
ワクチン接種部位刺激感	Vaccination site irritation
ワクチン接種部位多毛症	Vaccination site hypertrichosis
ワクチン接種部位小水疱	Vaccination site vesicles
ワクチン接種部位皮膚炎	Vaccination site dermatitis
ワクチン接種部位石灰化	Vaccination site calcification
ワクチン接種部位線維症	Vaccination site fibrosis
ワクチン接種部位肉芽腫	Vaccination site granuloma
ワクチン接種部位蕁麻疹	Vaccination site urticaria
ワクチン接種部位蜂巣炎	Vaccination site cellulitis
ワクチン接種部位血管炎	Vaccination site vasculitis
ワクチン接種部位静脈炎	Vaccination site phlebitis
ワールデンブルグ症候群	Waardenburg syndrome
一時的経静脈ペーシング	Temporary transvenous pacing
三日熱マラリア原虫感染	Plasmodium vivax infection
上顎顔面補てつ物使用者	Maxillofacial prosthesis user
中咽頭リンパ組織過形成	Oropharyngeal lymphoid hyperplasia
中心性漿液性脈絡網膜症	Central serous chorioretinopathy
中心静脈カテーテル留置	Central venous catheterisation
中枢性甲状腺機能低下症	Central hypothyroidism
二次性甲状腺機能亢進症	Secondary hyperthyroidism
伝染病病原体キャリアー	Infectious disease carrier
低カルシウム血症性痙攣	Hypocalcaemic seizure
便中キモトリプシン正常	Stool chymotrypsin normal
便中キモトリプシン減少	Stool chymotrypsin decreased
便中キモトリプシン異常	Stool chymotrypsin abnormal
便中ラクトフェリン増加	Faecal lactoferrin increased
傍ストーマヘルニア嵌頓	Incarcerated parastomal hernia
先天性カルニチン欠損症	Congenital carnitine deficiency
先天性トキソプラズマ症	Congenital toxoplasmosis
先天性ネフローゼ症候群	Congenital nephrotic syndrome
先天性ラクターゼ欠損症	Congenital lactase deficiency
先天性リンパ管形成不全	Congenital lymphatic dysplasia
先天性三叉神経感覚消失	Congenital trigeminal anaesthesia
先天性両側顔面神経麻痺	Congenital facial diplegia
先天性横隔膜性内臓転位	Congenital diaphragmatic eventration
先天性甲状腺機能亢進症	Congenital hyperthyroidism
先天性甲状腺機能低下症	Congenital hypothyroidism
先天性食道裂孔ヘルニア	Congenital hiatus hernia
全身性エリテマトーデス	Systemic lupus erythematosus
再発悪性血管周囲細胞腫	Malignant haemangiopericytoma recurrent
再発血管中心性リンパ腫	Angiocentric lymphoma recurrent
処方に基づく過少量投与	Prescribed underdose
処置後甲状腺機能低下症	Post procedural hypothyroidism
分娩後下垂体機能低下症	Postpartum hypopituitarism
分類不能な悪性リンパ腫	Malignant unclassifiable lymphoma
副腎皮質ステロイド療法	Adrenocortical steroid therapy
動脈カテーテル検査正常	Arterial catheterisation normal
動脈カテーテル検査異常	Arterial catheterisation abnormal
医療機器による刺激問題	Device stimulation issue
医療機器に対する不耐性	Device intolerance
医療機器の操作上の問題	Device operational issue
医療機器バッテリー爆発	Device battery explosion
医療機器ペーシング問題	Device pacing issue
医療機器ポジション試験	Device position test
十二指腸毛細血管拡張症	Duodenal vascular ectasia
単純ヘルペス性髄膜脳炎	Herpes simplex meningoencephalitis
原発性アミロイドーシス	Primary amyloidosis
原発性アルドステロン症	Primary hyperaldosteronism
原発性甲状腺機能亢進症	Primary hyperthyroidism
原発性甲状腺機能低下症	Primary hypothyroidism
反応性穿孔性膠原線維症	Reactive perforating collagenosis
反応性血管内皮細胞腫症	Reactive angioendotheliomatosis
口腔メラノサイト性母斑	Oral melanocytic naevus
口蓋エキスパンダー除去	Palatal expander removal
喉頭クリプトコッカス症	Laryngeal cryptococcosis
喉頭感覚ニューロパチー	Laryngeal sensory neuropathy
喉頭障害による呼吸困難	Laryngeal dyspnoea
四日熱マラリア原虫感染	Plasmodium malariae infection
坐骨神経ニューロパチー	Sciatic nerve neuropathy
境界線級精神的機能障害	Borderline mental impairment
壊死性ヘルペス性網膜症	Necrotising herpetic retinopathy
壊死性潰瘍性歯肉口内炎	Necrotising ulcerative gingivostomatitis
多形核球クロマチン凝集	Polymorphonuclear chromatin clumping
多発性単ニューロパチー	Mononeuropathy multiplex
大径線維ニューロパチー	Large fibre neuropathy
大腸腺腫性ポリポーシス	Adenomatous polyposis coli
大顆粒性リンパ球増多症	Large granular lymphocytosis
好酸球増加・筋痛症候群	Eosinophilia myalgia syndrome
子宮内膜アブレーション	Endometrial ablation
子宮内膜スクラッチング	Endometrial scratching
子宮内膜停止相（状態）	Endometrium arrested stage
子宮内膜症の外科的切除	Endometriosis surgical removal
子宮頚部腺腫様ポリープ	Cervix adenomatous polyp
孤立性類上皮性組織球腫	Solitary epithelioid histiocytoma
家族性アミロイドーシス	Familial amyloidosis
小径線維ニューロパチー	Small fibre neuropathy
尿中δアミノレブリン酸	Urine delta aminolevulinate
尿中アルドステロン増加	Aldosterone urine increased
尿中アルドステロン正常	Aldosterone urine normal
尿中アルドステロン減少	Aldosterone urine decreased
尿中アルドステロン異常	Aldosterone urine abnormal
尿中アンフェタミン陰性	Urine amphetamine negative
尿中アンフェタミン陽性	Urine amphetamine positive
尿中カソモルフィン正常	Urine casomorphin normal
尿中カソモルフィン異常	Urine casomorphin abnormal
尿中カンナビノイド増加	Urine cannabinoids increased
尿中カンナビノイド減少	Urine cannabinoids decreased
尿中バルビツール酸増加	Urine barbiturates increased
尿中バルビツール酸減少	Urine barbiturates decreased
尿中フィブリノゲン増加	Urine fibrinogen increased
尿中ホモシステイン陰性	Homocysteine urine absent
尿中ホモシステイン陽性	Homocysteine urine present
尿毒症性ニューロパチー	Uraemic neuropathy
尿道プロステーシス除去	Urethral prosthesis removal
巣状分節性糸球体硬化症	Focal segmental glomerulosclerosis
希死念慮を有するうつ病	Depression suicidal
帯状疱疹性髄膜神経根炎	Herpes zoster meningoradiculitis
平均赤血球ヘモグロビン	Mean cell haemoglobin
広汎子宮傍結合織摘出術	Radical parametrectomy
後天性てんかん性失語症	Acquired epileptic aphasia
後天性ブラシュコ皮膚炎	Acquired blaschkoid dermatitis
後天性横隔膜性内臓転位	Acquired diaphragmatic eventration
微小血管症性溶血性貧血	Microangiopathic haemolytic anaemia
心臓ペースメーカー挿入	Cardiac pacemaker insertion
心臓ペースメーカー置換	Cardiac pacemaker replacement
心臓ペースメーカー調整	Cardiac pacemaker adjustment
心臓ペースメーカー除去	Cardiac pacemaker removal
心電図テレメトリー正常	Cardiac telemetry normal
心電図テレメトリー異常	Cardiac telemetry abnormal
急性多発ニューロパチー	Acute polyneuropathy
急性肺ヒストプラスマ症	Acute pulmonary histoplasmosis
急速進行性変形性関節症	Rapidly progressive osteoarthritis
悪性新生物少数病変進行	Malignant neoplasm oligoprogression
感染性気管支炎ウイルス	Infectious bronchitis virus
慢性多発ニューロパチー	Polyneuropathy chronic
慢性肺ヒストプラスマ症	Chronic pulmonary histoplasmosis
扁平上皮細胞増殖性病変	Squamoproliferative lesion
播種性アスペルギルス症	Disseminated aspergillosis
播種性トキソプラズマ症	Disseminated toxoplasmosis
播種性トリコスポロン症	Disseminated trichosporonosis
播種性ヒストプラスマ症	Histoplasmosis disseminated
播種性ブラストミセス症	Disseminated blastomycosis
播種性リーシュマニア症	Disseminated leishmaniasis
放射線甲状腺機能低下症	Radiation hypothyroidism
新生児エリテマトーデス	Neonatal lupus erythematosus
新生児低カルシウム血症	Neonatal hypocalcaemia
新生児低ナトリウム血症	Neonatal hyponatraemia
新生児高ビリルビン血症	Hyperbilirubinaemia neonatal
期限切れの医療機器使用	Expired device used
未分化神経外胚葉性腫瘍	Primitive neuroectodermal tumour
本態性フルクトース尿症	Essential fructosuria
栄養補助製品アレルギー	Nutritional supplement allergy
栄養補給チューブ使用者	Feeding tube user
植物ステロール濃度増加	Phytosterol level increased
椎骨脳底動脈伸展拡張症	Vertebrobasilar dolichoectasia
歯および顔面の機能障害	Dentofacial functional disorder
歯科インプラント埋込み	Dental implantation
毛細血管間糸球体硬化症	Intercapillary glomerulosclerosis
気管支肺胞洗浄検査正常	Bronchoalveolar lavage normal
気管支肺胞洗浄検査異常	Bronchoalveolar lavage abnormal
気管気管支ジスキネジア	Tracheobronchial dyskinesia
気管気管支ステント挿入	Tracheobronchial stent insertion
気管気管支ステント除去	Tracheobronchial stent removal
注射部位毛細血管拡張症	Injection site telangiectasia
消化管アミロイドーシス	Gastrointestinal amyloidosis
消化管バシジオボルス症	Gastrointestinal basidiobolomycosis
消化管内微生物過剰増殖	Gastrointestinal microorganism overgrowth
無巨核球性血小板減少症	Amegakaryocytic thrombocytopenia
無症候性ウイルス性肝炎	Asymptomatic viral hepatitis
無痛性全身性肥満細胞症	Indolent systemic mastocytosis
無黄疸性レプトスピラ症	Anicteric leptospirosis
熱帯熱マラリア原虫感染	Plasmodium falciparum infection
特発性炎症性ミオパチー	Idiopathic inflammatory myopathy
生殖器偽性コンジローマ	Genital pseudocondyloma
甲状腺中毒性ミオパチー	Thyrotoxic myopathy
甲状腺機能低下性心筋症	Hypothyroid cardiomyopathy
画像検査アーチファクト	Imaging procedure artifact
異所性カルシトニン産生	Ectopic calcitonin production
異所性プロラクチン分泌	Ectopic prolactin secretion
異所性甲状腺機能亢進症	Ectopic hyperthyroidism
発作性交感神経機能亢進	Paroxysmal sympathetic hyperactivity
発作性舞踏病アテトーゼ	Paroxysmal choreoathetosis
発声リハビリテーション	Phoniatric rehabilitation
皮膚コクシジオイデス症	Cutaneous coccidioidomycosis
皮膚スポロトリコーシス	Cutaneous sporotrichosis
直腸Ｓ状結腸鏡検査正常	Proctosigmoidoscopy normal
直腸Ｓ状結腸鏡検査異常	Proctosigmoidoscopy abnormal
眼咽頭筋ジストロフィー	Oculopharyngeal dystrophy
神経細胞ニューロパチー	Neuronal neuropathy
科学的根拠に基づく療法	Evidence based treatment
空腹時血中ブドウ糖不良	Impaired fasting glucose
筋強直性ジストロフィー	Myotonic dystrophy
精巣プロステーシス挿入	Testicular prosthesis insertion
精巣プロステーシス除去	Testicular prosthesis removal
精液中フルクトース増加	Fructose semen increased
精液中フルクトース減少	Fructose semen decreased
糖尿病性ニューロパチー	Diabetic neuropathy
糖尿病性心血管系合併症	Diabetic complication cardiovascular
糖尿病性高浸透圧性昏睡	Diabetic hyperosmolar coma
紅斑毛細血管拡張性酒さ	Erythematotelangiectatic rosacea
経十二指腸的乳頭形成術	Transduodenal sphincteroplasty
経尿細管性カリウム勾配	Transtubular potassium gradient
続発性アミロイドーシス	Secondary amyloidosis
続発性アルドステロン症	Secondary aldosteronism
続発性副腎皮質機能不全	Secondary adrenocortical insufficiency
網状紅斑性ムチン沈着症	Reticular erythematous mucinosis
網膜冷凍アブレーション	Retinal cryoablation
総ニューロパチースコア	Total neuropathy score
羊水中エリスロポエチン	Amniotic fluid erythropoietin
職業リハビリテーション	Vocational rehabilitation
肝コンピュータ断層撮影	Computerised tomogram liver
肝炎ウイルスキャリアー	Viral hepatitis carrier
肺コンプライアンス低下	Low lung compliance
胆嚢コレステリン沈着症	Gallbladder cholesterolosis
胆膵管膨大部括約筋切開	Pancreatobiliary sphincterotomy
胎児ワルファリン症候群	Foetal warfarin syndrome
胎児性アルコール症候群	Foetal alcohol syndrome
腎イヌリンクリアランス	Inulin renal clearance
腎コンピュータ断層撮影	Computerised tomogram kidney
腎尿細管性アシドーシス	Renal tubular acidosis
腫瘍溶解性ウイルス療法	Oncolytic virus therapy
腫瘍随伴性好酸球増加症	Paraneoplastic eosinophilia
腫瘍随伴性類白血病反応	Paraneoplastic leukaemoid reaction
腸コンピュータ断層撮影	Computerised tomogram intestine
膜性リポジストロフィー	Membranous lipodystrophy
膵コンピュータ断層撮影	Computerised tomogram pancreas
自己免疫性好中球減少症	Autoimmune neutropenia
自己免疫性汎血球減少症	Autoimmune pancytopenia
自律神経ニューロパチー	Autonomic neuropathy
自律神経機能不全症候群	Autonomic failure syndrome
自閉症スペクトラム障害	Autism spectrum disorder
良性ローランドてんかん	Benign rolandic epilepsy
良性民族性好中球減少症	Benign ethnic neutropenia
良性線維束性収縮症候群	Benign fasciculation syndrome
色素性類上皮色素細胞腫	Pigmented epithelioid melanocytoma
薬物スクリーニング陰性	Drug screen negative
薬物スクリーニング陽性	Drug screen positive
薬物リハビリテーション	Drug rehabilitation
血中アルドステロン増加	Blood aldosterone increased
血中アルドステロン正常	Blood aldosterone normal
血中アルドステロン減少	Blood aldosterone decreased
血中アルドステロン異常	Blood aldosterone abnormal
血中カンナビノイド増加	Blood cannabinoids increased
血中カンナビノイド正常	Blood cannabinoids normal
血中カンナビノイド減少	Blood cannabinoids decreased
血中コリンエステラーゼ	Blood cholinesterase
血中コレステロール増加	Blood cholesterol increased
血中コレステロール正常	Blood cholesterol normal
血中コレステロール減少	Blood cholesterol decreased
血中コレステロール異常	Blood cholesterol abnormal
血中ゴナドトロピン増加	Blood gonadotrophin increased
血中ゴナドトロピン正常	Blood gonadotrophin normal
血中ゴナドトロピン減少	Blood gonadotrophin decreased
血中ゴナドトロピン異常	Blood gonadotrophin abnormal
血中ストロンチウム増加	Blood strontium increased
血中テストステロン増加	Blood testosterone increased
血中テストステロン正常	Blood testosterone normal
血中テストステロン減少	Blood testosterone decreased
血中テストステロン異常	Blood testosterone abnormal
血中トリグリセリド増加	Blood triglycerides increased
血中トリグリセリド正常	Blood triglycerides normal
血中トリグリセリド減少	Blood triglycerides decreased
血中トリグリセリド異常	Blood triglycerides abnormal
血中トロンボプラスチン	Blood thromboplastin
血中フィブリノゲン増加	Blood fibrinogen increased
血中フィブリノゲン正常	Blood fibrinogen normal
血中フィブリノゲン減少	Blood fibrinogen decreased
血中フィブリノゲン異常	Blood fibrinogen abnormal
血中プレグネノロン増加	Blood pregnenolone increased
血中プロインスリン増加	Blood proinsulin increased
血中プロインスリン正常	Blood proinsulin normal
血中プロインスリン減少	Blood proinsulin decreased
血中プロインスリン異常	Blood proinsulin abnormal
血中ホモシステイン増加	Blood homocysteine increased
血中ホモシステイン正常	Blood homocysteine normal
血中ホモシステイン減少	Blood homocysteine decreased
血中ホモシステイン異常	Blood homocysteine abnormal
血中遊離テストステロン	Blood testosterone free
血中酸性ホスファターゼ	Blood acid phosphatase
血液分布異常性ショック	Distributive shock
血液幹細胞移植生着不全	Engraft failure
血清反応陰性脊椎関節炎	Seronegative spondyloarthritis
血管性パーキンソニズム	Vascular parkinsonism
血管新生バイオマーカー	Angiogenesis biomarker
製品コーティングの問題	Product coating issue
視力補正用レンズ使用者	Corrective lens user
視神経乳頭周囲色素沈着	Peripapillary pigmentation
視神経乳頭毛細血管拡張	Optic disc telangiectasia
角膜上皮デブリードマン	Corneal epithelial debridement
評価不能の医療機器問題	Unevaluable device issue
認知リハビリテーション	Cognitive rehabilitation
読字リハビリテーション	Reading rehabilitation
足関節インピンジメント	Ankle impingement
進行性全身性肥満細胞症	Advanced systemic mastocytosis
過敏性回腸パウチ症候群	Irritable pouch syndrome
遠隔転移を伴うリンパ腫	Metastatic lymphoma
遠隔転移を伴う上咽頭癌	Nasopharyngeal cancer metastatic
遠隔転移を伴う下垂体癌	Pituitary cancer metastatic
遠隔転移を伴う乳房肉腫	Breast sarcoma metastatic
遠隔転移を伴う前立腺癌	Prostate cancer metastatic
遠隔転移を伴う副鼻腔癌	Sinus cancer metastatic
遠隔転移を伴う外陰部癌	Vulval cancer metastatic
遠隔転移を伴う気管支癌	Metastatic bronchial carcinoma
遠隔転移を伴う消化器癌	Gastrointestinal cancer metastatic
遠隔転移を伴う滑膜肉腫	Synovial sarcoma metastatic
遠隔転移を伴う甲状腺癌	Thyroid cancer metastatic
遠隔転移を伴う神経膠腫	Metastatic glioma
遠隔転移を伴う線維肉腫	Fibrosarcoma metastatic
遠隔転移を伴う脂肪肉腫	Liposarcoma metastatic
遠隔転移を伴う血管肉腫	Angiosarcoma metastatic
遠隔転移を伴う軟骨肉腫	Chondrosarcoma metastatic
適用部位毛細血管拡張症	Application site telangiectasia
遺伝性無反射性起立障害	Hereditary areflexic dystasia
遺伝性腎性顕微鏡的血尿	Hereditary renal microhaematuria
部分的治療レスポンダー	Therapy partial responder
閉塞を伴う腹部ヘルニア	Abdominal hernia obstructive
閉塞性細気管支炎症候群	Bronchiolitis obliterans syndrome
閉鎖神経ニューロパチー	Obturator neuropathy
陰茎プロステーシス挿入	Penile prosthesis insertion
陰茎プロステーシス除去	Penile prosthesis removal
静脈腔内アブレーション	Endovenous ablation
非定型パーキンソニズム	Atypical parkinsonism
非感染性バルトリン腺炎	Noninfective bartholinitis
顔面上肢ジストニア発作	Faciobrachial dystonic seizure
類天疱瘡抗体パネル検査	Pemphigoid antibody panel
飢餓性ケトアシドーシス	Starvation ketoacidosis
骨芽細胞の逆説的フレア	Paradoxical osteoblastic flare
骨髄異形成症候群の転化	Myelodysplastic syndrome transformation
高カルシウム血症性腎症	Hypercalcaemic nephropathy
麻酔による呼吸器合併症	Anaesthetic complication pulmonary
麻酔による神経系合併症	Anaesthetic complication neurological
麻酔による血管系合併症	Anaesthetic complication vascular
黄体形成ホルモン欠損症	Luteinising hormone deficiency
Rous肉腫ウイルス	Rous sarcoma virus
Theonella属	Theonella
おとがいしびれ症候群	Numb chin syndrome
びまん性汎細気管支炎	Diffuse panbronchiolitis
びらん性膿疱性皮膚症	Erosive pustular dermatosis
アエロモナス性胃腸炎	Gastroenteritis aeromonas
アエロモナス検査陽性	Aeromonas test positive
アカントアメーバ感染	Acanthamoeba infection
アクロモバクター感染	Achromobacter infection
アシネトバクター感染	Acinetobacter infection
アシネトバクター検査	Acinetobacter test
アストロウイルス検査	Astrovirus test
アセトンブタノール菌	Clostridium acetobutylicum
アッヘンバッハ症候群	Achenbach syndrome
アディポネクチン増加	Adiponectin increased
アディポネクチン減少	Adiponectin decreased
アデノウイルス性肝炎	Adenoviral hepatitis
アデノウイルス性肺炎	Pneumonia adenoviral
アデノウイルス結膜炎	Adenoviral conjunctivitis
アデノウイルス髄膜炎	Adenoviral meningitis
アナフィラキシー反応	Anaphylactic reaction
アナフィラキシー治療	Anaphylaxis treatment
アネロビオスピリルム	Anaerobiospirillum
アプガールスコア低値	Apgar score low
アプガールスコア正常	Apgar score normal
アプガールスコア異常	Apgar score abnormal
アリストロキア酸腎症	Aristolochic acid nephropathy
アルコールによる宿酔	Alcoholic hangover
アルコール離脱症候群	Alcohol withdrawal syndrome
アルゴンプラズマ凝固	Argon plasma coagulation
アルファウイルス感染	Alphaviral infection
アルファウイルス検査	Alphavirus test
アレナウイルス出血熱	Arenaviral haemorrhagic fever
アレルギー性そう痒症	Pruritus allergic
アレルギー性副鼻腔炎	Allergic sinusitis
アレルギー性外陰腟炎	Vulvovaginitis allergic
アレルギー性気管支炎	Allergic bronchitis
アレルギー性輸血反応	Allergic transfusion reaction
アロマターゼ阻害療法	Aromatase inhibition therapy
アンタビュース植込み	Antabuse implant
アンドロゲン性脱毛症	Androgenetic alopecia
アンドロゲン補充療法	Androgen replacement therapy
インスリン抵抗性試験	Insulin resistance test
インターフェロン療法	Interferon therapy
インターロイキン濃度	Interleukin level
インターロイキン療法	Interleukin therapy
インフルエンザ心筋炎	Influenza myocarditis
インフルエンザ性肺炎	Pneumonia influenzal
インフルエンザ様疾患	Influenza like illness
インプラント沈み込み	Implant subsidence
ウイルスベクター排出	Viral vector shedding
ウイルス性ぶどう膜炎	Viral uveitis
ウイルス性リンパ節炎	Lymphadenitis viral
ウイルス性消化管感染	Gastrointestinal viral infection
ウエステルマン肺吸虫	Paragonimus westermani
エストラジオール増加	Oestradiol increased
エストラジオール正常	Oestradiol normal
エストラジオール減少	Oestradiol decreased
エストラジオール異常	Oestradiol abnormal
エストロゲン補充療法	Oestrogen replacement therapy
エタノールゲル化試験	Ethanol gelation test
エナメル上皮線維肉腫	Ameloblastic fibrosarcoma
エルシニア・ラッケリ	Yersinia ruckeri
エルシニア菌性胃腸炎	Gastroenteritis yersinia
エンテロウイルス感染	Enterovirus infection
エンテロウイルス検査	Enterovirus test
エンテロコッカス検査	Enterococcus test
エンテロバクター感染	Enterobacter infection
エンテロバクター検査	Enterobacter test
エンプティセラ症候群	Empty sella syndrome
オキシトシン負荷試験	Oxytocin challenge test
オステオカルシン増加	Osteocalcin increased
オステオカルシン減少	Osteocalcin decreased
オステオポンチン増加	Osteopontin increased
オルムステッド症候群	Olmsted syndrome
オーバーラップ症候群	Overlap syndrome
カステラーニアメーバ	Acanthamoeba castellanii
カテーテル留置部位斑	Catheter site macule
カフェインアレルギー	Caffeine allergy
カルシウムイオン増加	Calcium ionised increased
カルシウムイオン正常	Calcium ionised normal
カルシウムイオン減少	Calcium ionised decreased
カルシウムイオン異常	Calcium ionised abnormal
カルシトニン分泌障害	Calcitonin secretion disorder
カルシトニン刺激試験	Calcitonin stimulation test
カルチノイドクリーゼ	Carcinoid crisis
カルノフスキ尺度悪化	Karnofsky scale worsened
カルノフスキ尺度改善	Karnofsky scale improved
カルノフスキ尺度異常	Karnofsky scale abnormal
カンジダ性おむつ皮疹	Candida nappy rash
カンジダ性子宮頚管炎	Candida cervicitis
カンピロバクター感染	Campylobacter infection
カンピロバクター検査	Campylobacter test
ガリウムスキャン正常	Scan gallium normal
ガリウムスキャン異常	Scan gallium abnormal
ガードネレラ検査陰性	Gardnerella test negative
ガードネレラ検査陽性	Gardnerella test positive
ガードネレラ菌性腟炎	Gardnerella infection
ギムネマ・シルベスタ	Gymnema sylvestre
クニースト骨異形成症	Kniest dysplasia
クラミジア性腹膜感染	Peritoneal chlamydia infection
クランクシャフト現象	Crankshaft phenomenon
クリイロコイタマダニ	Rhipicephalus sanguineus
クリオグロブリン陰性	Cryoglobulins absent
クリオグロブリン陽性	Cryoglobulins present
クリプトコッカス検査	Cryptococcus test
クレアチン欠乏症候群	Creatine deficiency syndrome
クレブシエラ性敗血症	Klebsiella sepsis
クレブシエラ性菌血症	Klebsiella bacteraemia
クレブシエラ検査陽性	Klebsiella test positive
クレブシエラ菌性肺炎	Pneumonia klebsiella
クレーフストラ症候群	Kleefstra syndrome
クロストリジウム感染	Clostridial infection
クロストリジウム検査	Clostridium test
グラニュリカテラ感染	Granulicatella infection
グリコアルブミン増加	Glycated albumin increased
グリコアルブミン正常	Glycated albumin normal
グリコアルブミン減少	Glycated albumin decreased
グリーソン分類スコア	Gleason grading score
グレイゾーンリンパ腫	Grey zone lymphoma
ケーラー心臓顔症候群	Asymmetric crying facies
コクサッキー心内膜炎	Coxsackie endocarditis
コクサッキー気管支炎	Coxsackie bronchitis
コレシストキニン増加	Cholecystokinin increased
コレステロール肉芽腫	Cholesterol granuloma
コロナウイルス性肺炎	Coronavirus pneumonia
コンタクトレンズ療法	Contact lens therapy
コンピュータ断層撮影	Computerised tomogram
ゴナドトロピン欠乏症	Gonadotrophin deficiency
サイトカインストーム	Cytokine storm
サイログロブリン増加	Thyroglobulin increased
サイログロブリン減少	Thyroglobulin decreased
サイログロブリン陰性	Thyroglobulin absent
サイログロブリン陽性	Thyroglobulin present
サポウイルス性胃腸炎	Gastroenteritis sapovirus
サポウイルス検査陽性	Sapovirus test positive
サルベージ放射線療法	Salvage radiation therapy
サルマラリア原虫感染	Plasmodium knowlesi infection
サルモネラ性大動脈炎	Aortitis salmonella
サルモネラ菌性胃腸炎	Gastroenteritis salmonella
サルモネラ菌性関節炎	Arthritis salmonella
サルモネラ菌性骨髄炎	Osteomyelitis salmonella
サルモネラ菌性髄膜炎	Meningitis salmonella
ザイゴサッカロミセス	Zygosaccharomyces
シュードモナス性肺炎	Pneumonia pseudomonal
シロバナムシヨケギク	Chrysanthemum cinerariifolium
ジフテリアキャリアー	Diphtheria carrier
スケドスポリウム感染	Scedosporium infection
ステロイド離脱症候群	Steroid withdrawal syndrome
ストックホルム症候群	Stockholm syndrome
ストマトコッカス感染	Stomatococcal infection
ストマトコッカス検査	Stomatococcus test
ストレス赤血球増加症	Stress polycythaemia
ストーマヘルニア修復	Stoma hernia repair
スピゲリウスヘルニア	Spigelian hernia
スポロトリックス検査	Sporothrix test
セクレチン試験値増加	Secretin test increased
セメント歯骨形成不全	Cemento osseous dysplasia
セルロプラスミン増加	Ceruloplasmin increased
セルロプラスミン正常	Ceruloplasmin normal
セルロプラスミン減少	Ceruloplasmin decreased
セルロプラスミン異常	Ceruloplasmin abnormal
チクングニヤウイルス	Chikungunya virus
チフスリケッチア検査	Typhus rickettsia test
チロシンキナーゼ変異	Tyrosine kinase mutation
ツベルクリン反応陰性	Tuberculin test negative
ツベルクリン反応陽性	Tuberculin test positive
テルモアネロバクター	Thermoanaerobacter
デュボヴィッツ症候群	Dubowitz syndrome
デングショック症候群	Dengue shock syndrome
トキソプラズマ性肝炎	Hepatitis toxoplasmal
トキソプラズマ性肺炎	Pneumonia toxoplasmal
トキソプラズマ症予防	Toxoplasmosis prophylaxis
トランスフェリン増加	Transferrin increased
トランスフェリン正常	Transferrin normal
トランスフェリン減少	Transferrin decreased
トランスフェリン異常	Transferrin abnormal
トリコモナス外陰腟炎	Vulvovaginitis trichomonal
トリコモナス性尿道炎	Urethritis trichomonal
トリコモナス検査陽性	Trichomonal test positive
トロレアンドマイシン	Troleandomycin
ナイセリア・ムコーサ	Neisseria mucosa
ニューモシスチス検査	Pneumocystis test
ニワトリ貧血ウイルス	Chicken anemia virus
ネオアジュバント療法	Neoadjuvant therapy
ネグレリアフォーレリ	Naegleria fowleri
ネズミマラリア病原虫	Plasmodium yoelii
ノルエピネフリン増加	Norepinephrine increased
ノルエピネフリン正常	Norepinephrine normal
ノルエピネフリン減少	Norepinephrine decreased
ノルエピネフリン異常	Norepinephrine abnormal
ノロウイルス性胃腸炎	Gastroenteritis norovirus
ノロウイルス検査陽性	Norovirus test positive
ノーウォークウイルス	Norwalk virus
ハイパーサーミア療法	Hyperthermia therapy
ハンセン病、らい腫型	Lepromatous leprosy
ハンセン病、未定型群	Indeterminate leprosy
ハンセン病、類結核型	Tuberculoid leprosy
ハーレクイン皮膚反応	Harlequin skin reaction
バソプレシン負荷試験	Vasopressin challenge test
バビンスキー反射試験	Babinski reflex test
バリウム飲み込み正常	Barium swallow normal
バリウム飲み込み異常	Barium swallow abnormal
バークホルデリア感染	Burkholderia infection
パスツレラヘモリチカ	Mannheimia haemolytica
パスツレラムルトシダ	Pasteurella multocida
パスツレラ菌性敗血症	Sepsis pasteurella
パスツレラ菌性蜂巣炎	Cellulitis pasteurella
パラインフルエンザ菌	Haemophilus parainfluenzae
パルビモナス検査陰性	Parvimonas test negative
パルビモナス検査陽性	Parvimonas test positive
ヒステロスコピー正常	Hysteroscopy normal
ヒステロスコピー異常	Hysteroscopy abnormal
ヒトブラストシスチス	Blastocystis hominis
ヒトボカウイルス感染	Human bocavirus infection
ヒトボカウイルス検査	Human bocavirus test
ビオチニダーゼ欠損症	Biotinidase deficiency
ピアシング関連合併症	Piercing associated complication
ピグミーチンパンジー	Pan paniscus
ピコルナウイルス感染	Picornavirus infection
ピックウィック症候群	Pickwickian syndrome
フィッシュベイン反応	Fishbane reaction
フィネガンスコア増加	Finnegan score increased
フィブロネクチン増加	Fibronectin increased
フィブロネクチン正常	Fibronectin normal
フィブロネクチン減少	Fibronectin decreased
フィブロネクチン異常	Fibronectin abnormal
フォザーギル徴候陽性	Fothergill sign positive
フソバクテリウム感染	Fusobacterium infection
フランシセラ検査陽性	Francisella test positive
フロッピー眼瞼症候群	Floppy eyelid syndrome
フローサイトメトリー	Flow cytometry
ブドウ球菌性外陰腟炎	Vulvovaginitis staphylococcal
ブドウ球菌性心内膜炎	Endocarditis staphylococcal
ブドウ球菌性耳下腺炎	Staphylococcal parotitis
ブニヤンベラウイルス	Bunyamwera virus
ブルータングウイルス	Bluetongue virus
プラスミノーゲン増加	Plasminogen increased
プラスミノーゲン正常	Plasminogen normal
プラスミノーゲン減少	Plasminogen decreased
プリンツメタル狭心症	Prinzmetal angina
プレカリクレイン増加	Prekallikrein increased
プレカリクレイン検査	Prekallikrein test
プレカリクレイン減少	Prekallikrein decreased
プレグネノロン欠乏症	Pregnenolone deficiency
プロカルシトニン増加	Procalcitonin increased
プロカルシトニン正常	Procalcitonin normal
プロカルシトニン減少	Procalcitonin decreased
プロカルシトニン異常	Procalcitonin abnormal
プロゲステロン欠乏症	Progesterone deficiency
プロコアグラント療法	Procoagulant therapy
プロテウスミラビリス	Proteus mirabilis
プロテウス・ペンネリ	Proteus penneri
プロテウス菌性胃腸炎	Gastroenteritis proteus
プロテーゼ周囲骨溶解	Periprosthetic osteolysis
プロトロンビン時間比	Prothrombin time ratio
プロトロンビン量増加	Prothrombin level increased
プロトロンビン量正常	Prothrombin level normal
プロトロンビン量減少	Prothrombin level decreased
プロトロンビン量異常	Prothrombin level abnormal
プーマラウイルス検査	Puumala virus test
ヘパプラスチンテスト	Hepaplastin test
ヘモグロビン電気泳動	Haemoglobin electrophoresis
ヘモフィルス・スイス	Haemophilus parasuis
ヘモフィルス性中耳炎	Otitis media haemophilus
ヘモフィルス性敗血症	Haemophilus sepsis
ヘモフィルス性菌血症	Haemophilus bacteraemia
ヘモフィルス性髄膜炎	Meningitis haemophilus
ヘモフィルス検査陽性	Haemophilus test positive
ヘリコバクターピロリ	Helicobacter pylori
ヘリコバクター性胃炎	Helicobacter gastritis
ヘリコバクター胃潰瘍	Gastric ulcer helicobacter
ヘリコバクター菌血症	Helicobacter bacteraemia
ヘルペスウイルス感染	Herpes virus infection
ヘルペスウイルス検査	Herpes virus test
ヘルペスウイルス肺炎	Pneumonia herpes viral
ヘルペス性神経根障害	Herpetic radiculopathy
ヘルペス性髄膜脊髄炎	Meningomyelitis herpes
ペニシリウム検査陰性	Penicillium test negative
ペニシリウム検査陽性	Penicillium test positive
ペースメーカー症候群	Pacemaker syndrome
ホリデーハート症候群	Holiday heart syndrome
ポリメラーゼ連鎖反応	Polymerase chain reaction
ポリープ切除後症候群	Postpolypectomy syndrome
ポルフィリン代謝障害	Porphyrin metabolism disorder
ポルフィロモナス感染	Porphyromonas infection
マイコバクテリア感染	Mycobacterial infection
マイコプラズマ咽頭炎	Pharyngitis mycoplasmal
マイコプラズマ性肺炎	Pneumonia mycoplasmal
マイコプラズマ産褥熱	Mycoplasmal postpartum fever
マイボーム腺機能不全	Meibomian gland dysfunction
マクログロブリン陽性	Macroglobulin present
マクロファージ活性化	Macrophage activation
マグネシウム代謝障害	Magnesium metabolism disorder
マンゴスチン(植物)	Garcinia mangostana
マントル細胞リンパ腫	Mantle cell lymphoma
ミオクロニーてんかん	Myoclonic epilepsy
ミトコンドリア心筋症	Mitochondrial cardiomyopathy
ミトコンドリア細胞症	Mitochondrial cytopathy
ミトコンドリア肝障害	Mitochondrial hepatopathy
ミトコンドリア脳筋症	Mitochondrial encephalomyopathy
ミュータンス連鎖球菌	Streptococcus mutans
ムンプス性精巣上体炎	Epididymitis mumps
メタノブレビバクター	Methanobrevibacter
モラクセラ性気管支炎	Bronchitis moraxella
モラクセラ菌性中耳炎	Otitis media moraxella
ユーバクテリウム感染	Eubacterium infection
ヨーロッパヒキガエル	Bufo bufo
ラオウルテラ検査陽性	Raoultella test positive
リウマトイド結節切除	Rheumatoid nodule removal
リジン尿性蛋白不耐症	Lysinuric protein intolerance
リステリア菌性髄膜炎	Meningitis listeria
リラクゼーション療法	Relaxation therapy
リンパ嚢腫ドレナージ	Lymphocele drainage
リンパ球養子免疫療法	Lymphocyte adoptive therapy
リンパ管静脈バイパス	Lymphovenous bypass
ルビウイルス検査陽性	Rubivirus test positive
ルードウィッヒ口峡炎	Ludwig angina
レクレルシア性菌血症	Leclercia bacteraemia
レスピロウイルス検査	Respirovirus test
レッドブレスト症候群	Red breast syndrome
レプチン受容体欠損症	Leptin receptor deficiency
レプトスピラ性敗血症	Leptospira sepsis
レプトスピラ性髄膜炎	Meningitis leptospiral
レプトスピラ検査陽性	Leptospira test positive
レンサ球菌性外陰腟炎	Vulvovaginitis streptococcal
レンサ球菌性心内膜炎	Streptococcal endocarditis
レンサ球菌性気管支炎	Streptococcal bronchitis
レンズ核線状体血管症	Lenticulostriatal vasculopathy
ロイコノストック感染	Leuconostoc infection
ロゼオロウイルス検査	Roseolovirus test
ロタウイルス検査陰性	Rotavirus test negative
ロタウイルス検査陽性	Rotavirus test positive
ロドコッカス検査陽性	Rhodococcus test positive
ロリテトラサイクリン	Rolitetracycline
ワクチンウイルス排出	Vaccine virus shedding
ワクチンウイルス血症	Vaccine viraemia
ワクチン接種後の水痘	Varicella post vaccine
ワクチン接種後の麻疹	Measles post vaccine
ワクチン接種後症候群	Post vaccination syndrome
ワクチン接種部位丘疹	Vaccination site papule
ワクチン接種部位乾燥	Vaccination site dryness
ワクチン接種部位冷感	Vaccination site coldness
ワクチン接種部位出血	Vaccination site haemorrhage
ワクチン接種部位分泌	Vaccination site discharge
ワクチン接種部位反応	Vaccination site reaction
ワクチン接種部位嚢胞	Vaccination site cyst
ワクチン接種部位壊死	Vaccination site necrosis
ワクチン接種部位変色	Vaccination site discolouration
ワクチン接種部位局面	Vaccination site plaque
ワクチン接種部位感染	Vaccination site infection
ワクチン接種部位損傷	Vaccination site injury
ワクチン接種部位浮腫	Vaccination site oedema
ワクチン接種部位湿疹	Vaccination site eczema
ワクチン接種部位溢出	Vaccination site extravasation
ワクチン接種部位潰瘍	Vaccination site ulcer
ワクチン接種部位炎症	Vaccination site inflammation
ワクチン接種部位焼痂	Vaccination site eschar
ワクチン接種部位熱感	Vaccination site warmth
ワクチン接種部位疼痛	Vaccination site pain
ワクチン接種部位痂皮	Vaccination site scab
ワクチン接種部位瘢痕	Vaccination site scar
ワクチン接種部位発疹	Vaccination site rash
ワクチン接種部位硬結	Vaccination site induration
ワクチン接種部位紅斑	Vaccination site erythema
ワクチン接種部位結節	Vaccination site nodule
ワクチン接種部位線条	Vaccination site streaking
ワクチン接種部位肥厚	Vaccination site hypertrophy
ワクチン接種部位腫瘤	Vaccination site mass
ワクチン接種部位腫脹	Vaccination site swelling
ワクチン接種部位膿疱	Vaccination site pustule
ワクチン接種部位膿瘍	Vaccination site abscess
ワクチン接種部位萎縮	Vaccination site atrophy
ワクチン接種部位蒼白	Vaccination site pallor
ワクチン接種部位虚血	Vaccination site ischaemia
ワクチン接種部位血栓	Vaccination site thrombosis
ワクチン接種部位血腫	Vaccination site haematoma
ワクチン接種部位裂傷	Vaccination site laceration
一過性てんかん性健忘	Transient epileptic amnesia
一過性棘融解性皮膚症	Transient acantholytic dermatosis
三官能性蛋白質欠損症	Trifunctional protein deficiency
三鞭毛トリコモナス属	Tritrichomonas
不健康な生活スタイル	Unhealthy lifestyle
不完全型思春期早発症	Incomplete precocious puberty
中毒性ショック症候群	Toxic shock syndrome
中毒性ニューロパチー	Toxic neuropathy
中毒性結節性甲状腺腫	Toxic nodular goitre
中毒性表皮壊死融解症	Toxic epidermal necrolysis
乳児敗血症性肉芽腫症	Infantile septic granulomatosis
乳房インプラント触知	Breast implant palpable
二糖類分解酵素欠損症	Disaccharidase deficiency
人工関節メタローシス	Periprosthetic metallosis
代謝性アルカローシス	Metabolic alkalosis
伝染性胃腸炎ウイルス	Transmissible gastroenteritis virus
伝染性軟属腫ウイルス	Molluscum contagiosum virus
低ナトリウム血性昏睡	Hyponatraemic coma
低ナトリウム血性痙攣	Hyponatraemic seizure
低ナトリウム血性脳症	Hyponatraemic encephalopathy
低ナトリウム血症候群	Hyponatraemic syndrome
低リン血症性骨軟化症	Hypophosphataemic osteomalacia
便中ウロビリノーゲン	Urobilinogen faeces
便中エラスターゼ検査	Faecal elastase test
便中カルプロテクチン	Faecal calprotectin
便中ポルフィリン増加	Porphyrins stool increased
便中マグネシウム増加	Stool magnesium increased
傍神経節の悪性新生物	Paraganglion neoplasm malignant
傍神経節の良性新生物	Paraganglion neoplasm benign
先天性アクロコルドン	Congenital acrochordon
先天性ウイルス性肝炎	Congenital viral hepatitis
先天性オロット酸尿症	Oroticaciduria congenital
先天性ニューロパチー	Congenital neuropathy
先天性パラミオトニー	Paramyotonia congenita
先天性レプチン欠乏症	Congenital leptin deficiency
先天性再生不良性貧血	Congenital aplastic anaemia
先天性剥脱性角質剥離	Keratolysis exfoliativa congenital
先天性外胚葉形成不全	Congenital ectodermal dysplasia
先天性多形皮膚萎縮症	Congenital poikiloderma
先天性多発性関節拘縮	Congenital multiplex arthrogryposis
先天性梅毒性骨軟骨炎	Congenital syphilitic osteochondritis
先天性横隔膜ヘルニア	Congenital diaphragmatic hernia
先天性毛細血管拡張症	Telangiectasia congenital
先天性毛髪色素欠乏症	Achromotrichia congenital
先天性泌尿生殖器異常	Congenital genitourinary abnormality
先天性腎盂腎杯拡張症	Congenital pyelocaliectasis
内リンパシャント留置	Endolymphatic shunt placement
内分泌腺の悪性新生物	Endocrine neoplasm malignant
内分泌腺の良性新生物	Benign endocrine neoplasm
内臓リーシュマニア症	Visceral leishmaniasis
冠動脈スチール症候群	Coronary steal syndrome
冠動脈バイパス血栓症	Coronary bypass thrombosis
冠血管近距離照射療法	Coronary brachytherapy
処方に基づく過量投与	Prescribed overdose
出血性アルコール胃炎	Gastritis alcoholic haemorrhagic
分類不能型免疫不全症	Immunodeficiency common variable
制吐薬による補助療法	Antiemetic supportive care
前兆を伴わない片頭痛	Migraine without aura
前立腺アブレーション	Prostate ablation
前立腺アミロイド小体	Corpora amylacea prostate
前立腺超音波検査正常	Ultrasound prostate normal
前立腺超音波検査異常	Ultrasound prostate abnormal
副甲状腺スキャン正常	Parathyroid scan normal
副甲状腺スキャン異常	Parathyroid scan abnormal
副腎アンドロゲン欠乏	Adrenal androgen deficiency
副腎アンドロゲン過剰	Adrenal androgen excess
副腎静脈サンプリング	Adrenal vein sampling
動物による引っかき傷	Animal scratch
動静脈グラフト血栓症	Arteriovenous graft thrombosis
医学的カウンセリング	Medical counselling
医療機器の機械的問題	Device mechanical issue
医療機器の温度の問題	Device temperature issue
医療機器データの問題	Device data issue
医療機器プライミング	Device priming
医療機器リード不具合	Device lead issue
医療機器付着性の問題	Device adhesion issue
医療機器機能不良なし	No device malfunction
医療機器沈着物の問題	Device deposit issue
医療機器留め具の問題	Device fastener issue
医療機器関連真菌血症	Device related fungaemia
医療機器電気的不具合	Device electrical finding
十二指腸の良性新生物	Benign duodenal neoplasm
単核細胞症異染性試験	Mononucleosis heterophile test
単純ヘルペス性咽頭炎	Herpes simplex pharyngitis
単純ヘルペス性大腸炎	Herpes simplex colitis
単純ヘルペス性敗血症	Herpes simplex sepsis
単純ヘルペス性食道炎	Herpes simplex oesophagitis
単純ヘルペス気管支炎	Herpes simplex bronchitis
卵形マラリア原虫感染	Plasmodium ovale infection
原発性体腔性リンパ腫	Primary effusion lymphoma
原発性免疫不全症候群	Primary immunodeficiency syndrome
原発性高シュウ酸尿症	Primary hyperoxaluria
口腔アスペルギルス症	Aspergillosis oral
口腔アレルギー症候群	Oral allergy syndrome
右房下大静脈シャント	Atriocaval shunt
合併症を伴うマラリア	Complicated malaria
合併症を伴う不全流産	Abortion incomplete complicated
合併症を伴う人工流産	Abortion induced complicated
合併症を伴う完全流産	Abortion complete complicated
合併症を伴う自然流産	Abortion spontaneous complicated
同種免疫性溶血性疾患	Isoimmune haemolytic disease
呼吸性アルカローシス	Respiratory alkalosis
呼気中アルコール検査	Breath alcohol test
唾液中アルコール検査	Saliva alcohol test
唾液中テストステロン	Saliva testosterone
喉頭ストロボスコピー	Laryngeal stroboscopy
塵埃吸入による肺病変	Dust inhalation pneumopathy
増殖性外毛根鞘性腫瘍	Proliferating pilar tumour
壊死融解性遊走性紅斑	Necrolytic migratory erythema
壊疽性横隔膜ヘルニア	Diaphragmatic hernia gangrenous
外科的ステープリング	Surgical stapling
多中心性細網組織球症	Multicentric reticulohistiocytosis
多形性神経膠芽細胞腫	Glioblastoma multiforme
多核細胞血管組織球腫	Multinucleate cell angiohistiocytoma
多発血管炎性肉芽腫症	Granulomatosis with polyangiitis
大動脈肺動脈中隔欠損	Aorticopulmonary septal defect
大脳皮質基底核変性症	Corticobasal degeneration
好酸球性膿疱性毛包炎	Eosinophilic pustular folliculitis
妊娠甲状腺機能亢進症	Gestational hyperthyroidism
婦人科クラミジア感染	Gynaecological chlamydia infection
子宮頚管ステント留置	Cervix stent placement
子宮頚管ポリープ切除	Cervical polypectomy
子宮頚部ジアテルミー	Cervical diathermy
子宮頚部レーザー療法	Cervical laser therapy
家族性多発性脂肪腫症	Familial multiple lipomatosis
家族性片麻痺性片頭痛	Familial hemiplegic migraine
家族性舟状頭蓋症候群	Familial scaphocephaly syndrome
小児遺伝性無顆粒球症	Infantile genetic agranulocytosis
小指球ハンマー症候群	Hypothenar hammer syndrome
尿中アルミニウム増加	Urine aluminium increased
尿中アルミニウム減少	Urine aluminium decreased
尿中ウロビリノーゲン	Urobilinogen urine
尿中カテコールアミン	Catecholamines urine
尿中ガラクトース増加	Galactose urine increased
尿中ガラクトース減少	Galactose urine decreased
尿中ガラクトース異常	Galactose urine abnormal
尿中クレアチニン増加	Creatinine urine increased
尿中クレアチニン正常	Creatinine urine normal
尿中クレアチニン減少	Creatinine urine decreased
尿中クレアチニン異常	Creatinine urine abnormal
尿中ピリジノリン増加	Pyridinoline urine increased
尿中ピリジノリン減少	Pyridinoline urine decreased
尿中ヘキソース四糖類	Urinary hexose tetrasaccharide
尿中ヘモグロビン陰性	Haemoglobin urine absent
尿中ヘモグロビン陽性	Haemoglobin urine present
尿中ヘモジデリン陽性	Haemosiderin urine positive
尿中ポルフィリン増加	Porphyrins urine increased
尿中ポルフィリン正常	Porphyrins urine normal
尿中ポルフィリン減少	Porphyrins urine decreased
尿中ポルフィリン異常	Porphyrins urine abnormal
尿中マグネシウム増加	Urine magnesium increased
尿中マグネシウム減少	Urine magnesium decreased
尿中ミオグロビン陰性	Myoglobin urine absent
尿中ミオグロビン陽性	Myoglobin urine present
尿中メタネフリン増加	Metanephrine urine increased
尿中メタネフリン正常	Metanephrine urine normal
尿中メタネフリン減少	Metanephrine urine decreased
尿中メタネフリン異常	Metanephrine urine abnormal
尿中メトヘモグロビン	Methaemoglobin urine
尿中遊離コルチゾール	Cortisol free urine
尿毒症性アシドーシス	Uraemic acidosis
帯状疱疹性髄膜脊髄炎	Herpes zoster meningomyelitis
弾性線維性仮性黄色腫	Pseudoxanthoma elasticum
後天性ポルフィリン症	Acquired porphyria
後天性レプチン欠乏症	Acquired leptin deficiency
後天性免疫不全症候群	Acquired immunodeficiency syndrome
後天性剥脱性角質剥離	Keratolysis exfoliativa acquired
後天性毛髪色素欠乏症	Achromotrichia acquired
後天性混合型高脂血症	Acquired mixed hyperlipidaemia
後天性腸性肢端皮膚炎	Acquired acrodermatitis enteropathica
徒手リンパドレナージ	Manual lymphatic drainage
心カテーテル検査正常	Catheterisation cardiac normal
心カテーテル検査異常	Catheterisation cardiac abnormal
心臓・顔・皮膚症候群	Cardiofaciocutaneous syndrome
心臓電気生理学的検査	Cardiac electrophysiologic study
急性前骨髄球性白血病	Acute promyelocytic leukaemia
急性副腎皮質機能不全	Adrenocortical insufficiency acute
急性巨核芽球性白血病	Acute megakaryocytic leukaemia
急性骨髄単球性白血病	Acute myelomonocytic leukaemia
急速進行性糸球体腎炎	Glomerulonephritis rapidly progressive
性病性リンパ肉芽腫症	Lymphogranuloma venereum
感染性アクロコルドン	Infected acrochordon
感染性腸間膜脂肪織炎	Infective mesenteric panniculitis
感覚異常性大腿神経痛	Meralgia paraesthetica
慢性好酸球性副鼻腔炎	Chronic eosinophilic rhinosinusitis
慢性肥厚性カンジダ症	Chronic hyperplastic candidiasis
慢性萎縮性肢端皮膚炎	Acrodermatitis chronica atrophicans
慢性骨髄単球性白血病	Chronic myelomonocytic leukaemia
投与部位リンパ節腫脹	Administration site lymphadenopathy
抗うつ剤クリアランス	Antidepressant drug clearance
抗グリアジン抗体陽性	Antigliadin antibody positive
抗コリン作動性症候群	Anticholinergic syndrome
抗ゴナドトロピン陽性	Antigonadotrophins present
抗プロゲステロン療法	Antiprogestational therapy
抗ミトコンドリア抗体	Antimitochondrial antibody
抗リン脂質抗体症候群	Antiphospholipid syndrome
抗レトロウイルス療法	Antiretroviral therapy
拘束型慢性移植肺障害	Restrictive allograft syndrome
持続血糖モニタリング	Continuous glucose monitoring
放射線ニューロパチー	Radiation neuropathy
放射線性好中球減少症	Radiation neutropenia
放射線性白血球減少症	Radiation leukopenia
放射線性血小板減少症	Radiation thrombocytopenia
放射線療法毒性の減弱	Radiotherapy toxicity attenuation
救急医療における検査	Emergency care examination
敗血症スクリーニング	Septic screen
新生児リンパ球減少症	Lymphocytopenia neonatal
末梢性ニューロパチー	Neuropathy peripheral
染色体マッピング正常	Chromosome mapping normal
染色体マッピング異常	Chromosome mapping abnormal
核磁気共鳴神経造影術	Magnetic resonance neurography
根治的乳房切断術変法	Modified radical mastectomy
植込み型除細動器挿入	Implantable defibrillator insertion
植込み型除細動器置換	Implantable defibrillator replacement
植込み型除細動器除去	Implantable defibrillator removal
椎骨動脈の動脈硬化症	Vertebral artery arteriosclerosis
止瀉薬による補助療法	Antidiarrhoeal supportive care
歯牙のホワイトニング	Tooth whitening
歯科インプラント除去	Dental implant removal
母体のアルコール摂取	Maternal alcohol use
毛細血管拡張運動失調	Ataxia telangiectasia
気管切開チューブ除去	Tracheostomy tube removal
気管切開後の機能障害	Tracheostomy malfunction
気管支内バルブ植込み	Endobronchial valve implantation
水痘帯状疱疹性敗血症	Varicella zoster sepsis
水痘帯状疱疹性食道炎	Varicella zoster oesophagitis
治療薬物モニタリング	Therapeutic drug monitoring
注入部位リンパ節腫脹	Infusion site lymphadenopathy
注射部位リンパ節腫脹	Injection site lymphadenopathy
消化管ストーマ合併症	Gastrointestinal stoma complication
消化管マラコプラキア	Malacoplakia gastrointestinal
消化管内視鏡検査正常	Endoscopy gastrointestinal normal
消化管内視鏡検査異常	Endoscopy gastrointestinal abnormal
消化管神経内分泌腫瘍	Gastrointestinal neuroendocrine tumour
混合型腺神経内分泌癌	Mixed adenoneuroendocrine carcinoma
滴下投与部位そう痒感	Instillation site pruritus
滴下投与部位異常感覚	Instillation site paraesthesia
滴下投与部位皮膚剥脱	Instillation site exfoliation
滴下投与部位知覚低下	Instillation site hypoaesthesia
滴下投与部位知覚消失	Instillation site anaesthesia
滴下投与部位知覚過敏	Instillation site hyperaesthesia
滴下投与部位過敏反応	Instillation site hypersensitivity
無眼瞼・巨口症症候群	Ablepharon macrostomia syndrome
熱帯熱マラリア病原虫	Plasmodium falciparum
熱性てんかん重積状態	Febrile status epilepticus
片頭痛ポストドローム	Migraine postdrome
特発性滴状色素減少症	Idiopathic guttate hypomelanosis
特発性若年性骨粗鬆症	Idiopathic juvenile osteoporosis
特発性頭蓋内圧亢進症	Idiopathic intracranial hypertension
生理学的薬物配合禁忌	Drug physiologic incompatibility
甲状腺アブレーション	Thyroid ablation
甲状腺機能正常症候群	Euthyroid sick syndrome
甲状腺超音波検査正常	Ultrasound thyroid normal
甲状腺超音波検査異常	Ultrasound thyroid abnormal
異常遺伝子キャリアー	Abnormal gene carrier
疣贅状表皮発育異常症	Epidermodysplasia verruciformis
癌スクリーニング正常	Cancer screening normal
癌スクリーニング異常	Cancer screening abnormal
発作性夜間血色素尿症	Paroxysmal nocturnal haemoglobinuria
発疹チフスリケッチア	Rickettsia prowazekii
皮膚アミロイドーシス	Cutaneous amyloidosis
皮膚エリテマトーデス	Cutaneous lupus erythematosus
皮膚サルコイドーシス	Cutaneous sarcoidosis
皮膚ヒストプラスマ症	Histoplasmosis cutaneous
皮膚ブラストミセス症	Cutaneous blastomycosis
皮膚リーシュマニア症	Cutaneous leishmaniasis
皮膚壊死性クモ刺咬症	Dermonecrotic arachnidism
真菌性疾患キャリアー	Fungal disease carrier
眼部インプラント露出	Ocular implant exposure
石灰沈着性関節周囲炎	Periarthritis calcarea
破骨性気管気管支障害	Tracheobroncheopathia osteoclastica
硝子体網膜牽引症候群	Vitreoretinal traction syndrome
硬化性類上皮線維肉腫	Sclerosing epithelioid fibrosarcoma
硬膜外カテーテル留置	Epidural catheter placement
磁気共鳴胆道膵管撮影	Magnetic resonance cholangiopancreatography
社会心理学的補助療法	Psychosocial support
神経心理学的検査異常	Neuropsychological test abnormal
神経血管コンフリクト	Neurovascular conflict
移動性ペースメーカー	Wandering pacemaker
筋原線維性ミオパチー	Myofibrillar myopathy
精巣ハイポトロフィー	Testicular hypotrophy
精母細胞性セミノーマ	Spermatocytic seminoma
精神運動非適応症候群	Psychomotor disadaptation syndrome
糖尿病を合併する妊娠	Diabetes complicating pregnancy
糖尿病性代謝代償不全	Diabetic metabolic decompensation
糖尿病性冠微小血管症	Diabetic coronary microangiopathy
糖尿病性末端器官損傷	Diabetic endorgan damage
糖尿病性消化管合併症	Diabetic complication gastrointestinal
糖尿病性神経系合併症	Diabetic complication neurological
糖尿病性脂肪類壊死症	Necrobiosis lipoidica diabeticorum
細胞遺伝学的分析正常	Cytogenetic analysis normal
細胞遺伝学的分析異常	Cytogenetic analysis abnormal
細菌性疾患キャリアー	Bacterial disease carrier
組織ポリペプチド抗原	Tissue polypeptide antigen
経尿道的切除術症候群	Transurethral resection syndrome
経皮的硬膜外神経形成	Percutaneous epidural neuroplasty
網状赤血球百分率増加	Reticulocyte percentage increased
網状赤血球百分率正常	Reticulocyte percentage normal
網状赤血球百分率減少	Reticulocyte percentage decreased
網状赤血球百分率異常	Reticulocyte percentage abnormal
緑内障性毛様体炎発症	Glaucomatocyclitic crises
緩下薬による補助療法	Laxative supportive care
肛門直腸の悪性新生物	Malignant anorectal neoplasm
肛門直腸の良性新生物	Benign anorectal neoplasm
肛門直腸単純ヘルペス	Herpes simplex anorectal
肝胆道系の良性新生物	Benign hepatobiliary neoplasm
肥厚性ニューロパチー	Hypertrophic neuropathy
肥大性オリーブ変性症	Hypertrophic olivary degeneration
肺スポロトリコーシス	Pulmonary sporotrichosis
肺動脈カテーテル挿入	Pulmonary artery catheterisation
胃ステープリング解除	Gastric stapling reversal
胃ペースメーカー挿入	Gastric pacemaker insertion
胃ペースメーカー除去	Gastric pacemaker removal
胃腸内視鏡による治療	Gastrointestinal endoscopic therapy
胃食道括約筋機能不全	Gastrooesophageal sphincter insufficiency
胆汁うっ滞性そう痒症	Cholestatic pruritus
胎児ジストレス症候群	Foetal distress syndrome
胎児ヘモグロビン増加	Foetal haemoglobin increased
胎児ヘモグロビン正常	Foetal haemoglobin normal
胎児ヘモグロビン減少	Foetal haemoglobin decreased
胎児モニタリング正常	Foetal monitoring normal
胎児モニタリング異常	Foetal monitoring abnormal
胎児レチノイド症候群	Foetal retinoid syndrome
胎児下垂体機能低下症	Hypopituitarism foetal
胎児嚢胞性ヒグローマ	Foetal cystic hygroma
胸筋インプラント挿入	Pectoral implantation
胸膜肺実質線維弾性症	Pleuroparenchymal fibroelastosis
脈絡膜ジストロフィー	Choroidal dystrophy
脊椎インプラント挿入	Spinal implantation
脳アミロイド血管障害	Cerebral amyloid angiopathy
腫瘍随伴性糸球体腎炎	Paraneoplastic glomerulonephritis
腫瘍随伴性肢端角化症	Acrokeratosis paraneoplastica
腹部皮下脂肪組織切除	Abdominal panniculectomy
膜性増殖性糸球体腎炎	Glomerulonephritis membranoproliferative
膝蓋大腿関節痛症候群	Patellofemoral pain syndrome
膵仮性嚢胞ドレナージ	Pancreatic pseudocyst drainage
臍帯血性大腸炎症候群	Cord colitis syndrome
自己免疫性ぶどう膜炎	Autoimmune uveitis
自己免疫性ノドパチー	Autoimmune nodopathy
自己免疫性内分泌障害	Autoimmune endocrine disorder
自己免疫性水疱性疾患	Autoimmune blistering disease
自己免疫性溶血性貧血	Autoimmune haemolytic anaemia
自己免疫性甲状腺障害	Autoimmune thyroid disorder
自己免疫性脱髄性疾患	Autoimmune demyelinating disease
良性先天性筋緊張低下	Benign congenital hypotonia
薬物クリアランス増加	Drug clearance increased
薬物クリアランス減少	Drug clearance decreased
虚血性ニューロパチー	Ischaemic neuropathy
蛇昆虫の分泌毒液中毒	Venom poisoning
血中アルミニウム増加	Blood aluminium increased
血中アルミニウム正常	Blood aluminium normal
血中アルミニウム減少	Blood aluminium decreased
血中アルミニウム異常	Blood aluminium abnormal
血中イソプロパノール	Blood isopropanol
血中エストロゲン増加	Blood oestrogen increased
血中エストロゲン正常	Blood oestrogen normal
血中エストロゲン減少	Blood oestrogen decreased
血中エストロゲン異常	Blood oestrogen abnormal
血中エラスターゼ増加	Blood elastase increased
血中エラスターゼ減少	Blood elastase decreased
血中エリスロポエチン	Blood erythropoietin
血中カテコールアミン	Blood catecholamines
血中カルシトニン増加	Blood calcitonin increased
血中カルシトニン正常	Blood calcitonin normal
血中カルシトニン減少	Blood calcitonin decreased
血中カルシトニン異常	Blood calcitonin abnormal
血中ガラクトース増加	Blood galactose increased
血中ガラクトース正常	Blood galactose normal
血中ガラクトース減少	Blood galactose decreased
血中ガラクトース異常	Blood galactose abnormal
血中クレアチニン増加	Blood creatinine increased
血中クレアチニン正常	Blood creatinine normal
血中クレアチニン減少	Blood creatinine decreased
血中クレアチニン異常	Blood creatinine abnormal
血中コルチコステロン	Blood corticosterone
血中コルチコトロピン	Blood corticotrophin
血中プロラクチン増加	Blood prolactin increased
血中プロラクチン正常	Blood prolactin normal
血中プロラクチン減少	Blood prolactin decreased
血中プロラクチン異常	Blood prolactin abnormal
血中マグネシウム増加	Blood magnesium increased
血中マグネシウム正常	Blood magnesium normal
血中マグネシウム減少	Blood magnesium decreased
血中マグネシウム異常	Blood magnesium abnormal
血中ミオグロビン増加	Myoglobin blood increased
血中ミオグロビン減少	Myoglobin blood decreased
血中ミオグロビン陰性	Myoglobin blood absent
血中ミオグロビン陽性	Myoglobin blood present
血中メトヘモグロビン	Blood methaemoglobin
血中副甲状腺ホルモン	Blood parathyroid hormone
血中非抱合ビリルビン	Blood bilirubin unconjugated
血中黄体形成ホルモン	Blood luteinising hormone
血液量減少性ショック	Hypovolaemic shock
血管アクセス機能不全	Vascular access malfunction
血管バイパス機能障害	Vascular bypass dysfunction
血管陽性リモデリング	Positive vessel remodelling
血行力学的リバウンド	Haemodynamic rebound
術後下垂体機能低下症	Postoperative hypopituitarism
術後低インスリン血症	Hypoinsulinaemia postoperative
製品バーコードの問題	Product barcode issue
製品モニタリング過誤	Product monitoring error
視神経乳頭ドルーゼン	Optic disc drusen
角膜クロスリンキング	Corneal cross linking
詳細不明の心臓新生物	Cardiac neoplasm unspecified
誤った医療機器の選択	Wrong device selected
超音波内視鏡検査正常	Endoscopic ultrasound normal
超音波内視鏡検査異常	Endoscopic ultrasound abnormal
軸索型ニューロパチー	Axonal neuropathy
透析アミロイドーシス	Dialysis amyloidosis
造管術による神経修復	Tubulisation nerve repair
連続的横切開腸形成術	Serial transverse enteroplasty
進行性多巣性白質脳症	Progressive multifocal leukoencephalopathy
遊離アンドロゲン指数	Free androgen index
遊離サイロキシン増加	Thyroxine free increased
遊離サイロキシン正常	Thyroxine free normal
遊離サイロキシン減少	Thyroxine free decreased
遊離サイロキシン異常	Thyroxine free abnormal
遊離ヘモグロビン陰性	Free haemoglobin absent
遊離ヘモグロビン陽性	Free haemoglobin present
遠隔心臓モニタリング	Remote cardiac monitoring
遠隔転移を伴う中皮腫	Metastatic mesothelioma
遠隔転移を伴う咽頭癌	Pharyngeal cancer metastatic
遠隔転移を伴う喉頭癌	Laryngeal cancer metastatic
遠隔転移を伴う子宮癌	Metastatic uterine cancer
遠隔転移を伴う尿管癌	Ureteric cancer metastatic
遠隔転移を伴う尿道癌	Urethral cancer metastatic
遠隔転移を伴う扁桃癌	Tonsil cancer metastatic
遠隔転移を伴う新生物	Metastatic neoplasm
遠隔転移を伴う皮膚癌	Skin cancer metastatic
遠隔転移を伴う直腸癌	Rectal cancer metastatic
遠隔転移を伴う精巣癌	Testicular cancer metastatic
遠隔転移を伴う結腸癌	Colon cancer metastatic
遠隔転移を伴う絨毛癌	Metastatic choriocarcinoma
遠隔転移を伴う肛門癌	Anal cancer metastatic
遠隔転移を伴う胆嚢癌	Gallbladder cancer metastatic
遠隔転移を伴う胆道癌	Biliary cancer metastatic
遠隔転移を伴う胸腺癌	Thymic cancer metastatic
遠隔転移を伴う腹膜癌	Peritoneal carcinoma metastatic
遠隔転移を伴う虫垂癌	Appendix cancer metastatic
遠隔転移を伴う陰茎癌	Penis carcinoma metastatic
遠隔転移を伴う食道癌	Oesophageal cancer metastatic
遠隔転移を伴う骨肉腫	Osteosarcoma metastatic
適用部位リンパ節腫脹	Application site lymphadenopathy
遺伝性多発性骨軟骨腫	Hereditary multiple osteochondromas
遺伝性脈絡膜形成異常	Hereditary choroidal dystrophy
重症筋無力症クリーゼ	Myasthenia gravis crisis
鎌状赤血球サラセミア	Thalassaemia sickle cell
門脈圧亢進性結腸疾患	Portal hypertensive colopathy
間質性肉芽腫性皮膚炎	Interstitial granulomatous dermatitis
関節インピンジメント	Joint impingement
陰茎海綿体注射テスト	Intracavernosal injection test
非自発的な医学的治療	Involuntary medical treatment
頭を激しくぶっつける	Head banging
顎顔面領域筋膜隙感染	Maxillofacial space infection
食道胃内視鏡検査正常	Oesophagogastroscopy normal
食道胃内視鏡検査異常	Oesophagogastroscopy abnormal
骨クリプトコッカス症	Osseous cryptococcosis
骨セメントアレルギー	Bone cement allergy
骨外性粘液型軟骨肉腫	Extraskeletal myxoid chondrosarcoma
骨盤アライメント不良	Pelvic misalignment
骨盤部超音波検査正常	Ultrasound pelvis normal
骨盤部超音波検査異常	Ultrasound pelvis abnormal
高アンモニア血性脳症	Hyperammonaemic encephalopathy
高カイロミクロン血症	Chylomicron increased
高カルシウム血症治療	Hypercalcaemia therapy
高周波アブレーション	High frequency ablation
麻酔による心臓合併症	Anaesthetic complication cardiac
黄斑部毛細血管拡張症	Macular telangiectasia
鼡径部ブロック郭清術	Block dissection groin
鼻粘膜毛細血管拡張症	Nasal mucosa telangiectasia
Ｓ状結腸間膜ヘルニア	Sigmoid mesocolon hernia
Axinella属	Axinella
げっ歯類住血胞子虫	Plasmodium berghei
てんかん発作時頭痛	Ictal epileptic headache
びまん性層状角膜炎	Diffuse lamellar keratitis
びらん性十二指腸炎	Erosive duodenitis
ぶどう膜炎性緑内障	Uveitic glaucoma
まとまりのない会話	Disorganised speech
アイスパックテスト	Ice pack test
アクロコルドン切除	Acrochordon excision
アシダミノコッカス	Acidaminococcus
アシドーシス性昏睡	Coma acidotic
アスペルギルス感染	Aspergillus infection
アスペルギルス検査	Aspergillus test
アセトン血性嘔吐症	Acetonaemic vomiting
アデノウイルス感染	Adenovirus infection
アデノウイルス検査	Adenovirus test
アデノウイルス脳炎	Adenoviral encephalitis
アトピー性角結膜炎	Atopic keratoconjunctivitis
アトロピン負荷試験	Atropine stress test
アファノマイセス属	Aphanomyces
アフリカツメガエル	Xenopus laevis
アマゾンマナティー	Trichechus inunguis
アメリカマナティー	Trichechus manatus
アメリカミヤオソウ	Podophyllum peltatum
アメーバ性皮膚潰瘍	Amoebic skin ulcer
アメーバ性髄膜脳炎	Meningoencephalitis amoebic
アルカリゲネス感染	Alcaligenes infection
アルギナーゼ欠損症	Arginase deficiency
アルギニン濃度減少	Arginine level decreased
アルコールブロック	Alcoholisation procedure
アルコール性心筋症	Cardiomyopathy alcoholic
アルコール性肝疾患	Alcoholic liver disease
アルコール性肝硬変	Cirrhosis alcoholic
アルコール性脂肪肝	Fatty liver alcoholic
アルコール性脊髄症	Alcoholic myelopathy
アルコール性膵疾患	Alcoholic pancreopathy
アルコール検査陰性	Alcohol test negative
アルコール検査陽性	Alcohol test positive
アルコール相互作用	Alcohol interaction
アルストレム症候群	Alstroem syndrome
アルゼンチン出血熱	Argentine haemorrhagic fever
アルテルナリア感染	Alternaria infection
アルボウイルス感染	Arboviral infection
アレルギー性中耳炎	Allergic otitis media
アレルギー性口内炎	Allergic stomatitis
アレルギー性咽頭炎	Allergic pharyngitis
アレルギー性喉頭炎	Laryngitis allergic
アレルギー性外耳炎	Allergic otitis externa
アレルギー性大腸炎	Allergic colitis
アレルギー性強膜炎	Scleritis allergic
アレルギー性皮膚炎	Dermatitis allergic
アレルギー性眼瞼炎	Blepharitis allergic
アレルギー性結膜炎	Conjunctivitis allergic
アレルギー性胃腸炎	Allergic gastroenteritis
アレルギー性膀胱炎	Allergic cystitis
アレルギー性角膜炎	Allergic keratitis
アレルギー性関節炎	Arthritis allergic
アレルギー検査陰性	Allergy test negative
アレルギー検査陽性	Allergy test positive
アンドロゲン欠乏症	Androgen deficiency
アンフェタミン陰性	Amphetamines negative
アンフェタミン陽性	Amphetamines positive
インスリン分泌障害	Impaired insulin secretion
インスリン節約効果	Insulin sparing effect
インスリン耐性試験	Insulin tolerance test
インパルス振動測定	Impulse oscillometry
インフルエンザ免疫	Influenza immunisation
インフルエンザ脳炎	Encephalitis influenzal
ウィリアムス症候群	Williams syndrome
ウイルス性副鼻腔炎	Viral sinusitis
ウイルス性喉頭蓋炎	Viral epiglottitis
ウイルス性心内膜炎	Endocarditis viral
ウイルス性性器感染	Genital infection viral
ウイルス性棘細胞腫	Viral acanthoma
ウイルス性気管支炎	Bronchitis viral
ウイルス性耳下腺炎	Viral parotitis
ウイルス性脳脊髄炎	Encephalomyelitis viral
ウイルス性腎盂腎炎	Pyelonephritis viral
ウイルス性腹部感染	Viral abdominal infection
ウイルス性角膜潰瘍	Viral corneal ulcer
ウイルス性髄膜脳炎	Meningoencephalitis viral
ウイルス量検出不能	Viral load undetectable
ウエスト周囲径増加	Waist circumference increased
ウエスト周囲径正常	Waist circumference normal
ウエスト周囲径減少	Waist circumference decreased
ウォルフラム症候群	Wolfram syndrome
ウクニエミウイルス	Uukuniemi virus
ウレアプラズマ感染	Ureaplasma infection
ウロストミー合併症	Urostomy complication
エアロゾル化学療法	Aerosolised chemotherapy
エアーアニオン療法	Air anion therapy
エクセロヒルム感染	Exserohilum infection
エクセロヒルム検査	Exserohilum test
エコーウイルス感染	Echo virus infection
エコーウイルス検査	Echovirus test
エストリオール増加	Oestriol increased
エストリオール正常	Oestriol normal
エストリオール減少	Oestriol decreased
エストリオール異常	Oestriol abnormal
エストロゲン様作用	Oestrogenic effect
エストロゲン欠乏症	Oestrogen deficiency
エナメル上皮線維腫	Ameloblastic fibroma
エピデルモフィトン	Epidermophyton
エボラウイルス検査	Ebola virus test
エルシニア性敗血症	Yersinia sepsis
エルシニア性菌血症	Yersinia bacteraemia
エルシニア検査陰性	Yersinia test negative
エルシニア検査陽性	Yersinia test positive
エルスバーグ症候群	Elsberg syndrome
エンドトキシン検査	Endotoxin test
エーリキア検査陽性	Ehrlichia test positive
オウム病クラミジア	Chlamydophila psittaci
オクスプレノロール	Oxprenolol
オピオイド節約療法	Opioid sparing treatment
オルトラーニテスト	Ortolani test
オルビウイルス感染	Orbivirus infection
オレアンドマイシン	Oleandomycin
オンコウイルス検査	Oncovirus test
カイロミクロン減少	Chylomicron decreased
カプセル内視鏡検査	Capsule endoscopy
カプセル内視鏡滞留	Endoscopy capsule retention
カリウム喪失性腎症	Potassium wasting nephropathy
カリフォルニア脳炎	Encephalitis california
カルシウム・リン積	Calcium phosphate product
カルシウム代謝障害	Calcium metabolism disorder
カルジオリピン抗体	Cardiolipin antibody
カルチノイド心疾患	Carcinoid heart disease
カルチノイド症候群	Carcinoid syndrome
カロリーサイクル法	Calorie cycling
カンジダ性心内膜炎	Endocarditis candida
カーペンター症候群	Carpenter syndrome
ガストリン分泌障害	Gastrin secretion disorder
ガドリニウム沈着症	Gadolinium deposition disease
ガラクトース不耐症	Galactose intolerance
キャビンフィーバー	Cabin fever
クラミジア外陰腟炎	Vulvovaginitis chlamydial
クラミジア性尿道炎	Urethritis chlamydial
クラミジア性直腸炎	Proctitis chlamydial
クラミジア性眼感染	Eye infection chlamydial
クラミジア性結膜炎	Conjunctivitis chlamydial
クラミジア検査陰性	Chlamydia test negative
クラミジア検査陽性	Chlamydia test positive
クラミジア気管支炎	Chlamydial bronchitis
クラリスロマイシン	Clarithromycin
クレブシエラ膀胱炎	Cystitis klebsiella
クロノバクター感染	Cronobacter infection
クロモハロバクター	Chromohalobacter
グリココール酸増加	Glycocholic acid increased
グリコヘモグロビン	Glycosylated haemoglobin
グリンスパン症候群	Grinspan syndrome
グルカゴン分泌障害	Glucagon secretion disorder
グルカゴン刺激試験	Glucagon stimulation test
グルカゴン負荷試験	Glucagon tolerance test
グルタミン酸生産菌	Brevibacterium flavum
グルテンなしの食事	Gluten free diet
コクサッキー心筋炎	Coxsackie myocarditis
コクサッキー心膜炎	Coxsackie pericarditis
コクシエラ検査陽性	Coxiella test positive
コリン作動性症候群	Cholinergic syndrome
コルポスコピー正常	Colposcopy normal
コルポスコピー異常	Colposcopy abnormal
コロジオンベイビー	Collodion baby
コロナウイルス感染	Coronavirus infection
コロナウイルス検査	Coronavirus test
コールドフラッシュ	Cold flash
ゴキブリアレルギー	Cockroach allergy
サッカロポリスポラ	Saccharopolyspora
サリドマイド胎芽病	Thalidomide embryopathy
サルモネラ性敗血症	Salmonella sepsis
サルモネラ性菌血症	Salmonella bacteraemia
サルモネラ検査陰性	Salmonella test negative
サルモネラ検査陽性	Salmonella test positive
サルモネラ菌性肺炎	Pneumonia salmonella
サングイス連鎖球菌	Streptococcus sanguis
シアノトキシン中毒	Cyanotoxin intoxication
シトロバクター感染	Citrobacter infection
シトロバクター検査	Citrobacter test
シュワン細胞腫切除	Schwannoma resection
シュードモナス感染	Pseudomonas infection
シュードモナス検査	Pseudomonas test
ショウジョウバエ属	Drosophila
ジアルジア検査陰性	Giardia test negative
ジアルジア検査陽性	Giardia test positive
ジェーンウェー病変	Janeway lesion
ジストニア重積状態	Status dystonicus
スタフィロコッカス	Staphylococcus
ステロイド活性増加	Increased steroid activity
ステント開存性維持	Stent patency maintenance
ストレプトバシラス	Streptobacillus
ストレプトマイシン	Streptomycin
ストレプトマイセス	Streptomyces
ストーマ部そう痒感	Stoma site pruritus
ストーマ部カンジダ	Stoma site candida
ストーマ部ヘルニア	Stomal hernia
ストーマ部ポリープ	Stoma site polyp
ストーマ部異常感覚	Stoma site paraesthesia
ストーマ部知覚低下	Stoma site hypoaesthesia
ストーマ部管外漏出	Stoma site extravasation
ストーマ部過剰肉芽	Stoma site hypergranulation
ストーマ部過敏反応	Stoma site hypersensitivity
スピリルム検査陽性	Spirillum test positive
スペクチノマイシン	Spectinomycin
スポーツ心臓症候群	Athletic heart syndrome
スローウイルス感染	Slow virus infection
セファリン絮状反応	Cephalin flocculation
センシング振幅減少	Sensing amplitude decreased
ソルビトール不耐症	Sorbitol intolerance
チチュウカイミバエ	Ceratitis capitata
チフス菌キャリアー	Typhoid carrier
チャレンジ部位反応	Challenge site reaction
チョウセンアサガオ	Datura metel
ティネッティテスト	Tinetti test
テンシロン試験正常	Tensilon test normal
テンシロン試験異常	Tensilon test abnormal
デスミンミオパチー	Desmin myopathy
デスミン遺伝子変異	Desmin gene mutation
デメクロサイクリン	Demeclocycline
デングウイルス検査	Dengue virus test
デングウイルス血症	Dengue viraemia
トラガント(植物)	Astragalus gummifer
トリコスポロン感染	Trichosporon infection
トリプル内視鏡検査	Triple endoscopy
トルンヴァルト嚢炎	Tornwaldt cyst
トロンビン時間延長	Thrombin time prolonged
トロンビン時間正常	Thrombin time normal
トロンビン時間異常	Thrombin time abnormal
トロンビン時間短縮	Thrombin time shortened
トロンビン生成試験	Thrombin generation assay
トロンボキサン増加	Thromboxane increased
トロンボキサン減少	Thromboxane decreased
トークテノウイルス	Torque teno virus
ドライウェイト評価	Dry weight evaluation
ドライラング症候群	Dry lung syndrome
ナイセリア・シッカ	Neisseria sicca
ナイセリア検査陰性	Neisseria test negative
ナイセリア検査陽性	Neisseria test positive
ニコチンアミド増加	Nicotinamide increased
ニコチンアミド減少	Nicotinamide decreased
ニコチンアレルギー	Nicotine allergy
ネズミ肺炎ウイルス	Murine pneumonia virus
ノカルジア性敗血症	Nocardia sepsis
ノカルジア検査陽性	Nocardia test positive
ハイデルベルク分類	Heidelberg classification
ハプトグロビン増加	Haptoglobin increased
ハプトグロビン正常	Haptoglobin normal
ハプトグロビン減少	Haptoglobin decreased
ハプトグロビン異常	Haptoglobin abnormal
ハンセン病、境界群	Borderline leprosy
ハンタウイルス感染	Hantaviral infection
ハンタウイルス検査	Hantavirus test
ハンターンウイルス	Hantaan virus
バイタルサイン測定	Vital signs measurement
バクテロイデス感染	Bacteroides infection
バニリルマンデル酸	Vanillyl mandelic acid
バルタザールスコア	Balthazar score
バルトネラ検査陰性	Bartonella test negative
バルトネラ検査陽性	Bartonella test positive
バルビツール酸陰性	Barbiturates negative
バルビツール酸陽性	Barbiturates positive
バンクロフト糸状虫	Wuchereria bancrofti
バージニアマイシン	Virginiamycin
バーローテスト陰性	Barlow test negative
バーローテスト陽性	Barlow test positive
パスツレラ検査陽性	Pasteurella test positive
パドヴァ予測スコア	Padua prediction score
パラシュート僧帽弁	Parachute mitral valve
パラ大腸菌性胃腸炎	Gastroenteritis paracolon bacillus
パルボウイルス感染	Parvovirus infection
パレコウイルス感染	Parechovirus infection
パーソナリティ障害	Personality disorder
パートナーとの和解	Reconciliation with partner
ヒスタミン濃度増加	Histamine level increased
ヒスタミン濃度減少	Histamine level decreased
ヒスタミン遊離試験	Histamine release test
ヒステリー性精神病	Hysterical psychosis
ヒトのエーリキア症	Human ehrlichiosis
ヒトアナプラズマ症	Human anaplasmosis
ビブリオ・ミミカス	Vibrio mimicus
ビリルビン排泄障害	Bilirubin excretion disorder
ピルビン酸キナーゼ	Pyruvate kinase
ピンプリックテスト	Pinprick test
ファイファー症候群	Pfeiffer syndrome
ファウンテン症候群	Fountain syndrome
ファゼカススケール	Fazekas scale
ファンコニー症候群	Fanconi syndrome
ファントムショック	Phantom shocks
フィブリン分解産物	Fibrin degradation products
フィロウイルス感染	Filovirus infection
フェントラミン試験	Phentolamine test
フサリウム心内膜炎	Fusarium endocarditis
フラビウイルス感染	Flavivirus infection
フラビウイルス検査	Flavivirus test
フリクテン角結膜炎	Phlyctenular keratoconjunctivitis
フルクトサミン増加	Fructosamine increased
フルクトサミン正常	Fructosamine normal
フルクトサミン減少	Fructosamine decreased
フレイジャー症候群	Frasier syndrome
ブドウ球菌性中耳炎	Otitis media staphylococcal
ブドウ球菌性創感染	Wound infection staphylococcal
ブドウ球菌性咽頭炎	Staphylococcal pharyngitis
ブドウ球菌性毒血症	Staphylococcal toxaemia
ブドウ球菌性眼感染	Eye infection staphylococcal
ブドウ球菌性眼瞼炎	Staphylococcal blepharitis
ブドウ球菌性縦隔炎	Staphylococcal mediastinitis
ブドウ球菌性耳感染	Ear infection staphylococcal
ブドウ球菌性胃腸炎	Gastroenteritis staphylococcal
ブドウ球菌性膿痂疹	Staphylococcal impetigo
ブドウ球菌性菌血症	Staphylococcal bacteraemia
ブドウ球菌性蜂巣炎	Cellulitis staphylococcal
ブドウ球菌性骨髄炎	Staphylococcal osteomyelitis
ブドウ球菌性髄膜炎	Meningitis staphylococcal
ブドウ球菌検査陰性	Staphylococcus test negative
ブドウ球菌検査陽性	Staphylococcus test positive
ブドウ球菌皮膚感染	Staphylococcal skin infection
ブルンストローム法	Bruunstrom approach
ブレイクスルー溶血	Breakthrough haemolysis
プラセンタルレイク	Placental lake
プリスチナマイシン	Pristinamycin
プレアルブミン増加	Prealbumin increased
プレアルブミン減少	Prealbumin decreased
プレアルブミン異常	Prealbumin abnormal
プロゲステロン増加	Progesterone increased
プロゲステロン正常	Progesterone normal
プロゲステロン減少	Progesterone decreased
プロゲステロン異常	Progesterone abnormal
プロゲステロン療法	Progestin therapy
プロテウス検査陽性	Proteus test positive
プロトロンビン指数	Prothrombin index
プロトロンビン時間	Prothrombin time
プロビデンシア感染	Providencia infection
ヘアリー細胞白血病	Hairy cell leukaemia
ヘパプラスチン増加	Hepaplastin increased
ヘパプラスチン正常	Hepaplastin normal
ヘパプラスチン減少	Hepaplastin decreased
ヘパプラスチン異常	Hepaplastin abnormal
ヘマトクリット増加	Haematocrit increased
ヘマトクリット正常	Haematocrit normal
ヘマトクリット減少	Haematocrit decreased
ヘマトクリット異常	Haematocrit abnormal
ヘモグロビン分布幅	Haemoglobin distribution width
ヘモフィルス性肺炎	Pneumonia haemophilus
ヘリコバクター感染	Helicobacter infection
ヘリコバクター検査	Helicobacter test
ベイヨネラ検査陽性	Veillonella test positive
ベネズエラウマ脳炎	Encephalitis venezuelan equine
ベンジャミン症候群	Benjamin syndrome
ペンドレッド症候群	Pendred syndrome
ペースメーカー調律	Pacemaker generated rhythm
ホメオパシー的悪化	Homeopathic aggravation
ホモバニリン酸増加	Homovanillic acid increased
ボツリヌス毒素注入	Botulinum toxin injection
ボルデテラ検査陰性	Bordetella test negative
ボルデテラ検査陽性	Bordetella test positive
ボルナウイルス感染	Borna virus infection
ボーエン病様丘疹症	Bowenoid papulosis
ボーダー病ウイルス	Border disease virus
ポリオウイルス検査	Poliovirus test
ポリマーアレルギー	Polymers allergy
ポリマーヒューム熱	Polymer fume fever
ポルフィロマイシン	Porfiromycin
マイクロ眼瞼剥離術	Microblepharoexfoliation procedure
マイコプラズマ感染	Mycoplasma infection
マイコプラズマ検査	Mycoplasma test
マイトゲン刺激試験	Mitogen stimulation test
マイボーム腺分泌物	Meibomian gland discharge
マウス肝炎ウイルス	Murine hepatitis virus
マクロファージ増加	Macrophages increased
マクロファージ減少	Macrophages decreased
マグネトスピリラム	Magnetospirillum
マラリア血液スミア	Malaria blood smear
マンソン住血吸虫症	Schistosomiasis mansoni
ミクソーマウイルス	Myxoma virus
ミトコンドリア毒性	Mitochondrial toxicity
ミュヒニック症候群	Mutchinick syndrome
ミンク腸炎ウイルス	Mink enteritis virus
ムラサキウマゴヤシ	Medicago sativa
メチラポン負荷試験	Metyrapone challenge test
メチルマロン酸血症	Methylmalonic acidaemia
メラニン細胞過形成	Melanocytic hyperplasia
メラノサイト性母斑	Melanocytic naevus
メープルシロップ病	Maple syrup disease
モラクセラ検査陽性	Moraxella test positive
モラクセラ菌性肺炎	Pneumonia moraxella
モルガネラ検査陽性	Morganella test positive
モーリアック症候群	Mauriac syndrome
ユースタキオ弁肥大	Eustachian valve hypertrophy
ライノウイルス感染	Rhinovirus infection
ラクトース負荷試験	Lactose tolerance test
リウマチ因子定量法	Rheumatoid factor quantitative
リウマチ性多発筋痛	Polymyalgia rheumatica
リウマチ性心内膜炎	Endocarditis rheumatic
リウマチ性滑液包炎	Rheumatoid bursitis
リウマトイド強膜炎	Rheumatoid scleritis
リステリア性敗血症	Listeria sepsis
リステリア検査陽性	Listeria test positive
リンパ性脈絡髄膜炎	Choriomeningitis lymphocytic
リンパ球幼若化試験	Lymphocyte transformation test
リンパ球性リンパ腫	Lymphocytic lymphoma
リンパ球性下垂体炎	Lymphocytic hypophysitis
リンパ球百分率増加	Lymphocyte percentage increased
リンパ球百分率減少	Lymphocyte percentage decreased
リンパ球百分率異常	Lymphocyte percentage abnormal
リンパ節超音波検査	Ultrasound lymph nodes
リンパ系マッピング	Lymphatic mapping
リンパ芽球形態正常	Lymphoblast morphology normal
リンパ芽球形態異常	Lymphoblast morphology abnormal
ルブラウイルス検査	Rubulavirus test
レジオネラ検査陰性	Legionella test negative
レジオネラ検査陽性	Legionella test positive
レジオネラ菌性肺炎	Pneumonia legionella
レチノール結合蛋白	Retinol binding protein
レトロウイルス感染	Retroviral infection
レプトトリキア感染	Leptotrichia infection
レムナント高脂血症	Remnant hyperlipidaemia
レンサ桿菌検査陽性	Streptobacillus test positive
レンサ球菌性咽頭炎	Pharyngitis streptococcal
レンサ球菌性扁桃炎	Tonsillitis streptococcal
レンサ球菌性膿痂疹	Streptococcal impetigo
レンサ球菌性膿皮症	Pyoderma streptococcal
レンサ球菌性菌血症	Streptococcal bacteraemia
レンサ球菌性蜂巣炎	Cellulitis streptococcal
レンサ球菌性髄膜炎	Meningitis streptococcal
レンサ球菌検査陰性	Streptococcus test negative
レンサ球菌検査陽性	Streptococcus test positive
レンチウイルス感染	Lentivirus infection
ロイコトリエン増加	Leukotriene increased
ロイコトリエン検査	Leukotriene test
ロイコトリエン減少	Leukotriene decreased
ロキシスロマイシン	Roxithromycin
ロシオウイルス感染	Rocio virus infection
ロタウイルス胃腸炎	Gastroenteritis rotavirus
ロドシュードモナス	Rhodopseudomonas
ロンベルグ試験陽性	Romberg test positive
ワクシニアウイルス	Vaccinia virus
ワクシニア検査陽性	Vaccinia test positive
ワクチン接種合併症	Vaccination complication
ワクチン接種部位斑	Vaccination site macule
三日熱マラリア原虫	Plasmodium vivax
上咽頭の良性新生物	Nasopharyngeal neoplasm benign
上室性頻脈性不整脈	Supraventricular tachyarrhythmia
下咽頭の良性新生物	Hypopharyngeal neoplasm benign
下垂体スキャン異常	Pituitary scan abnormal
下肢静止不能症候群	Restless legs syndrome
下顎補てつ物使用者	Mandibular prosthesis user
不妊手術後再疎通術	Sterilisation reversal
不妊症のパートナー	Infertile partner
不整脈誘発性心筋症	Arrhythmia induced cardiomyopathy
不正な処方せん入手	Illicit prescription attainment
中咽頭の良性新生物	Oropharyngeal neoplasm benign
中咽頭リンパ上皮腫	Oropharyngeal lymphoepithelioma
乳児の栄養摂取不良	Poor feeding infant
乳房アブレーション	Breast ablation
乳房嚢胞ドレナージ	Breast cyst drainage
乳房被膜拘縮解除術	Breast capsulotomy
乳房超音波検査正常	Ultrasound breast normal
乳房超音波検査異常	Ultrasound breast abnormal
乳腺内リンパ節腫脹	Intramammary lymphadenopathy
乳腺神経内分泌腫瘍	Neuroendocrine breast tumour
乳酸／ピルビン酸比	Lactate pyruvate ratio
乳頭腫ウイルス感染	Papilloma viral infection
予防接種の効果不良	Vaccination failure
予防的患者体位変換	Prophylactic patient repositioning
亜急性硬化性全脳炎	Subacute sclerosing panencephalitis
交差適合試験不適合	Crossmatch incompatible
人工流産による出血	Induced abortion haemorrhage
人工流産による感染	Induced abortion infection
介護ストレス症候群	Caregiver stress syndrome
付合い程度の飲酒者	Social alcohol drinker
代謝性アシドーシス	Metabolic acidosis
企図的医療機器誤用	Intentional device misuse
会陰裂傷縫合部離開	Perineal repair breakdown
低カリウム血症候群	Hypokalaemic syndrome
低血圧性輸血副作用	Hypotensive transfusion reaction
体内医療機器の露出	Internal device exposed
使用医療機器の誤り	Wrong device used
便中キモトリプシン	Stool chymotrypsin
便中ナトリウム増加	Stool sodium increased
便中ラクトフェリン	Faecal lactoferrin
促進型心室固有調律	Accelerated idioventricular rhythm
側頭骨茎状突起切除	Temporal bone styloidectomy
偶発的医療機器誤飲	Accidental device ingestion
傍十二指腸ヘルニア	Paraduodenal hernia
傍気管リンパ節腫脹	Paratracheal lymphadenopathy
傍腫瘍性神経症候群	Paraneoplastic neurological syndrome
先天性ウイルス感染	Congenital viral infection
先天性コンジローマ	Congenital condyloma
先天性メラノーシス	Congenital melanosis
先天性中脳水道狭窄	Congenital aqueductal stenosis
先天性内分泌系異常	Congenital endocrine anomaly
先天性四肢発育不全	Limb hypoplasia congenital
先天性梅毒性髄膜炎	Congenital syphilitic meningitis
先天性気管支拡張症	Congenital bronchiectasis
先天性気管支軟化症	Congenital bronchomalacia
先天性皮膚形成不全	Aplasia cutis congenita
先天性皮膚掌紋異常	Dermatoglyphic anomaly
先天性眼球運動失行	Congenital oculomotor apraxia
先天性神経学的障害	Congenital neurological disorder
先天性筋無力症候群	Congenital myasthenic syndrome
先天性筋緊張低下児	Congenital floppy infant
先天性網膜芽細胞腫	Congenital retinoblastoma
先天性肝胆道系異常	Congenital hepatobiliary anomaly
先天性脈絡網膜変性	Chorioretinal degeneration congenital
先天性脊柱管狭窄症	Congenital spinal stenosis
先天性脊椎すべり症	Congenital spondylolisthesis
先天性腹部ヘルニア	Congenital abdominal hernia
先天性膀胱尿管逆流	Congenital vesicoureteric reflux
先天性色素沈着障害	Congenital pigmentation disorder
先天性血小板減少症	Congenital thrombocytopenia
先天性血液凝固異常	Congenital coagulopathy
先天性血液学的障害	Congenital haematological disorder
先天性食道ウエッブ	Congenital oesophageal web
先天性鼡径ヘルニア	Congenital inguinal hernia
免疫グロブリン増加	Immunoglobulins increased
免疫グロブリン正常	Immunoglobulins normal
免疫グロブリン減少	Immunoglobulins decreased
免疫グロブリン異常	Immunoglobulins abnormal
免疫グロブリン療法	Immunoglobulin therapy
免疫回復ぶどう膜炎	Immune recovery uveitis
免疫性血小板減少症	Immune thrombocytopenia
免疫芽球性リンパ腫	Immunoblastic lymphoma
全身性ウイルス感染	Systemic viral infection
全身性バルトネラ症	Systemic bartonellosis
全身性剥脱性皮膚炎	Dermatitis exfoliative generalised
内分泌性ミオパチー	Myopathy endocrine
内分泌系処置合併症	Endocrine procedural complication
円形細胞型脂肪肉腫	Round cell liposarcoma
再発性化膿性胆管炎	Recurrent pyogenic cholangitis
再発性多発性硬化症	Relapsing multiple sclerosis
再発濾胞性リンパ腫	Follicular lymphoma recurrent
再発直腸Ｓ状結腸癌	Rectosigmoid cancer recurrent
再発骨外性軟骨肉腫	Extraskeletal chondrosarcoma recurrent
冠動脈バイパス狭窄	Coronary bypass stenosis
処置によるショック	Procedural shock
処置による腸管穿孔	Procedural intestinal perforation
出産後ストレス障害	Postpartum stress disorder
出血性びらん性胃炎	Haemorrhagic erosive gastritis
出血性十二指腸潰瘍	Duodenal ulcer haemorrhage
分節ヒアリン血管炎	Segmented hyalinising vasculitis
分節性動脈中膜融解	Segmental arterial mediolysis
分類不能脊椎関節炎	Undifferentiated spondyloarthritis
前房内インプラント	Intracameral implant
前立腺容積測定検査	Prostate volume study
前立腺部尿路上皮癌	Prostatic urothelial carcinoma
前置胎盤による出血	Placenta praevia haemorrhage
副交感神経活動低下	Reduced parasympathetic activity
副鼻腔ポリープ切除	Paranasal sinus polypectomy
副鼻腔炎に伴う頭痛	Sinus headache
劣等コンプレックス	Inferiority complex
労作性横紋筋融解症	Exertional rhabdomyolysis
動脈カテーテル挿入	Arterial catheterisation
包装デザインの問題	Packaging design issue
化学物質性気管支炎	Bronchitis chemical
化学療法毒性の減弱	Chemotherapy toxicity attenuation
化学的薬物配合禁忌	Drug chemical incompatibility
区域性憩室性大腸炎	Segmental diverticular colitis
医療機器による治療	Device therapy
医療機器による疼痛	Medical device pain
医療機器の警報問題	Device alarm issue
医療機器アレルギー	Device allergy
医療機器リード損傷	Device lead damage
医療機器光学的問題	Device optical issue
医療機器効果不十分	Device effect incomplete
医療機器埋込み過誤	Device implantation error
医療機器接続不具合	Device connection issue
医療機器材質の問題	Device material issue
医療機器材質の混濁	Device material opacification
医療機器色調の問題	Device colour issue
医療機器装着の問題	Device deployment issue
医療機器設置の問題	Device placement issue
医療機器間相互作用	Device interaction
医療機器関連敗血症	Device related sepsis
医療機器関連菌血症	Device related bacteraemia
医療機器関連血栓症	Device related thrombosis
医療機器音響の問題	Device audio issue
医療的蛋白同化療法	Medical anabolic therapy
医薬品ノマディズム	Pharmaceutical nomadism
十二指腸括約筋切開	Duodenal sphincterotomy
単一遺伝子性糖尿病	Monogenic diabetes
単純ヘルペス性肺炎	Herpes simplex pneumonia
単純ヘルペス性胃炎	Herpes simplex gastritis
単純ヘルペス髄膜炎	Herpes simplex meningitis
卵巣漿液性嚢胞腺癌	Serous cystadenocarcinoma ovary
卵巣粘液性嚢胞腺癌	Mucinous cystadenocarcinoma ovary
卵巣超音波検査異常	Ultrasound ovary abnormal
卵巣過剰刺激症候群	Ovarian hyperstimulation syndrome
原発性乳腺リンパ腫	Primary breast lymphoma
原発性副腎機能不全	Primary adrenal insufficiency
原発性心臓リンパ腫	Primary cardiac lymphoma
原発性性腺機能低下	Primary hypogonadism
原発性精巣機能不全	Testicular failure primary
原発性線毛機能不全	Primary ciliary dyskinesia
原発性胆汁性胆管炎	Primary biliary cholangitis
原発性進行性失語症	Primary progressive aphasia
口腔顔面筋機能療法	Orofacial myofunctional therapy
合併症を伴う虫垂炎	Complicated appendicitis
周期性好中球減少症	Cyclic neutropenia
呼吸器ジスキネジア	Respiratory dyskinesia
呼吸性アシドーシス	Respiratory acidosis
咽頭クラミジア感染	Pharyngeal chlamydia infection
器質性勃起機能不全	Organic erectile dysfunction
四日熱マラリア原虫	Plasmodium malariae
回収対象製品の適用	Recalled product administered
回避された投薬過誤	Intercepted medication error
固定性扁豆状角化症	Hyperkeratosis lenticularis perstans
埋込み部位そう痒感	Implant site pruritus
埋込み部位光線過敏	Implant site photosensitivity
埋込み部位異常感覚	Implant site paraesthesia
埋込み部位皮膚剥脱	Implant site exfoliation
埋込み部位知覚低下	Implant site hypoaesthesia
埋込み部位知覚過敏	Implant site hyperaesthesia
埋込み部位過敏反応	Implant site hypersensitivity
増強的薬物相互作用	Potentiating drug interaction
増殖性化膿性口内炎	Pyostomatitis vegetans
増殖性奇形腫症候群	Growing teratoma syndrome
増殖性硝子体網膜症	Proliferative vitreoretinopathy
壊死性潰瘍性歯周炎	Necrotising ulcerative periodontitis
壊死融解性肢端紅斑	Necrolytic acral erythema
壊疽性大腿ヘルニア	Femoral hernia gangrenous
壊疽性瘢痕ヘルニア	Incisional hernia gangrenous
壊疽性腹部ヘルニア	Abdominal hernia gangrenous
壊疽性裂孔ヘルニア	Hiatal hernia gangrenous
壊疽性鼡径ヘルニア	Inguinal hernia gangrenous
声帯毛細血管拡張症	Vocal cord telangiectasia
外側膝蓋支帯解離術	Patellar lateral release
外傷による眼球陥入	Enophthalmos traumatic
外傷性くも膜下出血	Traumatic subarachnoid haemorrhage
外科的歯科矯正治療	Orthognathic surgery
外科的血管シャント	Surgical vascular shunt
外陰腟皮膚粘膜剥脱	Vulvovaginal exfoliation
外陰部メラノーシス	Vulvar melanosis
外陰部腟カンジダ症	Vulvovaginal candidiasis
多嚢胞性甲状腺疾患	Polycystic thyroid disease
多巣性線維性硬化症	Multifocal fibrosclerosis
多発性内分泌新生物	Multiple endocrine neoplasia
多発性骨端異形成症	Multiple epiphyseal dysplasia
多系統炎症性症候群	Multisystem inflammatory syndrome
大動脈ステント挿入	Aortic stent insertion
大動脈弁閉鎖不全症	Aortic valve incompetence
大動脈肺動脈窓修復	Aorticopulmonary window repair
大腿骨減捻骨切り術	Femoral derotation osteotomy
女性オルガズム障害	Female orgasmic disorder
女性生殖器ポリープ	Female genital polyp
好中球減少性大腸炎	Neutropenic colitis
好中球減少性敗血症	Neutropenic sepsis
好塩基球百分率増加	Basophil percentage increased
好塩基球百分率減少	Basophil percentage decreased
好酸球陽イオン蛋白	Eosinophil cationic protein
子宮内膜扁平上皮癌	Squamous endometrial carcinoma
子宮平滑筋腫石灰化	Uterine leiomyoma calcification
子宮広間膜平滑筋腫	Broad ligament leiomyoma
子宮超音波検査正常	Ultrasound uterus normal
子宮超音波検査異常	Ultrasound uterus abnormal
子宮頚部スミア正常	Smear cervix normal
子宮頚部スミア異常	Smear cervix abnormal
子宮頚部上皮異形成	Cervical dysplasia
子宮頚部周囲縫合法	Cervix cerclage procedure
家族性拡張型心筋症	Familial dilated cardiomyopathy
家族性赤血球増加症	Familial polycythaemia
家族性軟骨石灰化症	Familial chondrocalcinosis
寒冷誘発性異常感覚	Cold dysaesthesia
尺骨突き上げ症候群	Ulnocarpal abutment syndrome
尿中アミロイド小体	Corpora amylacea urine
尿中アルコール検査	Urine alcohol test
尿中アルドステロン	Aldosterone urine
尿中アルブミン陰性	Albumin urine absent
尿中アルブミン陽性	Albumin urine present
尿中アンチモン増加	Urine antimony increased
尿中アンチモン減少	Urine antimony decreased
尿中アンフェタミン	Urine amphetamine
尿中カソモルフィン	Urine casomorphin
尿中カルシウム増加	Urine calcium increased
尿中カルシウム正常	Urine calcium normal
尿中カルシウム減少	Urine calcium decreased
尿中クレアチン増加	Creatine urine increased
尿中クレアチン正常	Creatine urine normal
尿中クレアチン減少	Creatine urine decreased
尿中クレアチン異常	Creatine urine abnormal
尿中グロブリン陽性	Globulin urine present
尿中システイン陰性	Cysteine urine absent
尿中システイン陽性	Cysteine urine present
尿中シュウ酸塩増加	Urine oxalate increased
尿中シュウ酸塩減少	Urine oxalate decreased
尿中セレニウム増加	Urine selenium increased
尿中セレニウム正常	Urine selenium normal
尿中セレニウム減少	Urine selenium decreased
尿中セレニウム異常	Urine selenium abnormal
尿中ナトリウム正常	Urine sodium normal
尿中ナトリウム減少	Urine sodium decreased
尿中ナトリウム異常	Urine sodium abnormal
尿中バルビツール酸	Urine barbiturates
尿中ビリルビン増加	Urine bilirubin increased
尿中ビリルビン減少	Urine bilirubin decreased
尿中ビリルビン陽性	Bilirubin urine present
尿中ベリリウム増加	Urine beryllium increased
尿中ベリリウム減少	Urine beryllium decreased
尿中ホモシステイン	Homocysteine urine
尿中乳酸脱水素酵素	Lactate dehydrogenase urine
尿中総エストロゲン	Oestrogens total urine
尿毒症性ミオパチー	Uraemic myopathy
尿管カテーテル留置	Ureteral catheterisation
尿管瘻造設部不快感	Ureterostomy site discomfort
尿素サイクル異常症	Urea cycle disorder
尿道カルンクル除去	Urethral caruncle removal
巨大結膜円蓋症候群	Giant fornix syndrome
帯状疱疹性髄膜脳炎	Herpes zoster meningoencephalitis
幽門括約筋機能不全	Pyloric sphincter insufficiency
形質芽球性リンパ腫	Plasmablastic lymphoma
後天性指被角線維症	Acquired digital fibrokeratoma
後天性涙嚢ヘルニア	Dacryocystocoele acquired
後天性穿孔性皮膚症	Acquired perforating dermatosis
後天性膀胱位置異常	Bladder malposition acquired
後天性舌小帯短縮症	Ankyloglossia acquired
後天性色素性網膜症	Acquired pigmented retinopathy
後天性食道ウエッブ	Acquired oesophageal web
後腹膜の良性新生物	Benign retroperitoneal neoplasm
後腹膜リンパ節腫脹	Retroperitoneal lymphadenopathy
後骨髄球百分率増加	Metamyelocyte percentage increased
微少病変糸球体腎炎	Glomerulonephritis minimal lesion
微生物学的検査正常	Microbiology test normal
微生物学的検査異常	Microbiology test abnormal
心アミロイドーシス	Cardiac amyloidosis
心サルコイドーシス	Cardiac sarcoidosis
心モニタリング正常	Cardiac monitoring normal
心モニタリング異常	Cardiac monitoring abnormal
心因性勃起機能不全	Psychogenic erectile dysfunction
心室性頻脈性不整脈	Ventricular tachyarrhythmia
心臓アブレーション	Cardiac ablation
心臓カテーテル除去	Cardiac catheter removal
心電図テレメトリー	Cardiac telemetry
急性ポルフィリン症	Porphyria acute
急性リンパ性白血病	Acute lymphocytic leukaemia
急性出血性白質脳炎	Acute haemorrhagic leukoencephalitis
急性散在性脳脊髄炎	Acute disseminated encephalomyelitis
急性未分化型白血病	Acute undifferentiated leukaemia
急性黄斑神経網膜症	Acute macular neuroretinopathy
性器マイコプラズマ	Mycoplasma genitalium
性転換ホルモン療法	Transgender hormonal therapy
悪性ガストリノーマ	Gastrinoma malignant
悪性リンパ様新生物	Malignant lymphoid neoplasm
悪性乏突起神経膠腫	Malignant oligodendroglioma
悪性線維性組織球腫	Malignant fibrous histiocytoma
悪性血管周囲細胞腫	Malignant haemangiopericytoma
感染性結晶状角膜症	Infectious crystalline keratopathy
感染性虹彩毛様体炎	Infectious iridocyclitis
慢性リンパ性白血病	Chronic lymphocytic leukaemia
慢性乳頭腫状皮膚炎	Chronic papillomatous dermatitis
慢性好酸球性白血病	Chronic eosinophilic leukaemia
慢性発作性片側頭痛	Chronic paroxysmal hemicrania
慢性硬化性唾液腺炎	Chronic sclerosing sialadenitis
慢性線維性甲状腺炎	Thyroiditis fibrous chronic
成長ホルモン欠乏症	Growth hormone deficiency
扁桃アブレーション	Tonsil ablation
抑制的薬物相互作用	Inhibitory drug interaction
抗うつ薬中断症候群	Antidepressant discontinuation syndrome
抗アンドロゲン療法	Antiandrogen therapy
抗エストロゲン療法	Antioestrogen therapy
抗プロラクチン療法	Antiprolactin therapy
抗リン脂質抗体陰性	Antiphospholipid antibodies negative
抗リン脂質抗体陽性	Antiphospholipid antibodies positive
抗利尿ホルモン異常	Antidiuretic hormone abnormality
抗好中球細胞質抗体	Antineutrophil cytoplasmic antibody
抗生物質関連大腸炎	Antibiotic associated colitis
抗血小板薬拮抗療法	Antiplatelet reversal therapy
抱合ビリルビン増加	Bilirubin conjugated increased
抱合ビリルビン正常	Bilirubin conjugated normal
抱合ビリルビン減少	Bilirubin conjugated decreased
抱合ビリルビン異常	Bilirubin conjugated abnormal
拡大根治的乳房切断	Extended radical mastectomy
持続性部分てんかん	Epilepsia partialis continua
持続的ウイルス反応	Sustained viral response
持続的血液透析濾過	Continuous haemodiafiltration
排尿筋の括約筋失調	Detrusor sphincter dyssynergia
播種性ノカルジア症	Disseminated nocardiosis
播種性単純ヘルペス	Disseminated herpes simplex
播種性皮膚線維腫症	Dermatofibrosis lenticularis disseminata
放射性シード局在化	Radioactive seed localisation
放射線による肺損傷	Pulmonary radiation injury
放射線照射部位感染	Radiation site infection
新生児くも膜下出血	Subarachnoid haemorrhage neonatal
新生児てんかん発作	Neonatal epileptic seizure
新生児の麻酔合併症	Anaesthetic complication neonatal
新生児カンジダ感染	Neonatal candida infection
新生児ジスキネジア	Dyskinesia neonatal
新生児副腎機能不全	Adrenal insufficiency neonatal
新生児副腎皮質不全	Adrenocortical insufficiency neonatal
新生児好中球減少症	Neutropenia neonatal
新生児封入体結膜炎	Inclusion conjunctivitis neonatal
新生児徐脈性不整脈	Neonatal bradyarrhythmia
新生児感染性乳腺炎	Neonatal infective mastitis
新生児淋菌性結膜炎	Conjunctivitis gonococcal neonatal
新生児甲状腺中毒症	Neonatal thyrotoxicosis
新生児白血球減少症	Leukopenia neonatal
新生児脳室周囲出血	Periventricular haemorrhage neonatal
新生児血小板減少症	Thrombocytopenia neonatal
新生児血栓性静脈炎	Thrombophlebitis neonatal
新生児赤血球増加症	Polycythaemia neonatorum
新生児重症筋無力症	Myasthenia gravis neonatal
新生児頻脈性不整脈	Neonatal tachyarrhythmia
新生児顆粒球減少症	Granulocytopenia neonatal
早期の大人への移行	Early adult transition
月経前不快気分障害	Premenstrual dysphoric disorder
期限切れの製品使用	Expired product administered
末梢動脈内膜剥離術	Peripheral endarterectomy
末梢神経超音波検査	Peripheral nerve ultrasound
末端部黒子様黒色腫	Acral lentiginous melanoma
杆状核好中球百分率	Band neutrophil percentage
棘突起間関節形成症	Interspinous osteoarthritis
植物ステロール濃度	Phytosterol level
横隔膜ヘルニア修復	Hernia diaphragmatic repair
正色素性正球性貧血	Normochromic normocytic anaemia
歯および顔面の異常	Dentofacial anomaly
歯科矯正装置使用者	Orthodontic appliance user
歯科補てつ物使用者	Dental prosthesis user
歯肉側鼓形空隙拡大	Open gingival embrasures
毛包性ムチン沈着症	Follicular mucinosis
毛様体筋麻痺性屈折	Cycloplegic refraction
毛細血管漏出症候群	Capillary leak syndrome
毛細血管脆弱性正常	Capillary fragility normal
毛細血管脆弱性異常	Capillary fragility abnormal
毛細血管脆弱性試験	Capillary fragility test
毛細血管透過性増加	Capillary permeability increased
毛細血管透過性正常	Capillary permeability normal
毛髪鼻指節骨症候群	Trichorhinophalangeal syndrome
気管支の良性新生物	Bronchial neoplasm benign
気管支ステント挿入	Bronchial stent insertion
気管支ステント除去	Bronchial stent removal
気管支ポリープ切除	Bronchial polypectomy
気管支内超音波検査	Endobronchial ultrasound
気管支肺胞洗浄検査	Bronchoalveolar lavage
水晶体フェザリング	Lens feathering
水晶体嚢膨張症候群	Capsular block syndrome
水晶体融解性緑内障	Phacolytic glaucoma
水疱性出血性口峡炎	Angina bullosa haemorrhagica
水疱性出血性皮膚症	Bullous haemorrhagic dermatosis
水痘帯状疱疹性肺炎	Varicella zoster pneumonia
水痘帯状疱疹性胃炎	Varicella zoster gastritis
水酸化カリウム処理	Potassium hydroxide preparation
治療的薬物配合禁忌	Drug therapeutic incompatibility
泌尿生殖器真菌感染	Urogenital infection fungal
泌尿生殖器細菌感染	Urogenital infection bacterial
流行性多発性関節炎	Epidemic polyarthritis
浸透圧性脱髄症候群	Osmotic demyelination syndrome
消化器の良性新生物	Benign gastrointestinal neoplasm
消化器神経内分泌癌	Gastrointestinal neuroendocrine carcinoma
消化管スキャン異常	Gastrointestinal scan abnormal
消化管ストーマ壊死	Gastrointestinal stoma necrosis
涙液機能不全症候群	Dysfunctional tear syndrome
淋菌性タイソン腺炎	Gonococcal tysonitis
深在性嚢胞性大腸炎	Colitis cystica profunda
溶血性尿毒症症候群	Haemolytic uraemic syndrome
滴下投与部位びらん	Instillation site erosion
滴下投与部位不快感	Instillation site discomfort
滴下投与部位内出血	Instillation site bruise
滴下投与部位刺激感	Instillation site irritation
滴下投与部位合併症	Instillation site complication
滴下投与部位小水疱	Instillation site vesicles
滴下投与部位蕁麻疹	Instillation site urticaria
炎症性乳頭状過形成	Inflammatory papillary hyperplasia
無胆汁色素尿性黄疸	Jaundice acholuric
熱傷部デブリドマン	Burn debridement
熱帯リーシュマニア	Leishmania tropica
熱帯性好酸球増加症	Tropical eosinophilia
熱帯性痙性不全麻痺	Tropical spastic paresis
特発性全般てんかん	Idiopathic generalised epilepsy
特発性好中球減少症	Idiopathic neutropenia
特発性細菌性腹膜炎	Spontaneous bacterial peritonitis
特発性部分てんかん	Idiopathic partial epilepsy
生物医学的写真撮影	Biomedical photography
産褥期乳汁分泌増加	Lactation puerperal increased
用量未調節薬の投与	Unadjusted dose administered
甲状腺の理学的検査	Physical thyroid examination
甲状腺ホルモン増加	Thyroid hormones increased
甲状腺ホルモン検査	Thyroid hormones test
甲状腺ホルモン減少	Thyroid hormones decreased
甲状腺中毒クリーゼ	Thyrotoxic crisis
甲状腺中毒性心筋症	Thyrotoxic cardiomyopathy
男性オルガズム障害	Male orgasmic disorder
異所性ホルモン分泌	Ectopic hormone secretion
癌遺伝子キャリアー	Cancer gene carrier
発作性中枢性無呼吸	Ictal central apnoea
発作性夜間呼吸困難	Dyspnoea paroxysmal nocturnal
発作性房室ブロック	Paroxysmal atrioventricular block
発熱性好中球減少症	Febrile neutropenia
発達性協調運動障害	Developmental coordination disorder
皮膚イトグモ刺咬症	Cutaneous loxoscelism
皮膚ジストロフィー	Skin dystrophy
皮膚ツルゴール低下	Skin turgor decreased
皮膚マラコプラキア	Cutaneous malacoplakia
皮膚内植込み物除去	Skin implant removal
皮膚病性リンパ節症	Dermatopathic lymphadenopathy
皮質手指領域脳卒中	Cortical hand stroke
直腸超音波検査正常	Rectal ultrasound normal
直腸超音波検査異常	Rectal ultrasound abnormal
真菌性壊死性筋膜炎	Necrotising fasciitis fungal
眼カナロプラスティ	Eye canaloplasty
眼サルコイドーシス	Ocular sarcoidosis
眼・下顎・顔症候群	Oculomandibulofacial syndrome
眼球外網膜芽細胞腫	Extraocular retinoblastoma
眼瞼ミオクローヌス	Eyelid myoclonus
眼鏡による視力矯正	Eyeglasses therapy
睡眠時無呼吸症候群	Sleep apnoea syndrome
短毛髪成長期症候群	Short anagen syndrome
石灰化線維性偽腫瘍	Calcifying fibrous pseudotumour
硝子体のフィブリン	Vitreous fibrin
硝子体黄斑界面異常	Vitreomacular interface abnormal
硬膜外テストドーズ	Epidural test dose
神経アブレーション	Therapeutic nerve ablation
神経伝達物質値変動	Neurotransmitter level altered
神経学的処置合併症	Neurological procedural complication
神経学的無視症候群	Neurologic neglect syndrome
神経筋ブロック拮抗	Neuromuscular blockade reversal
神経筋ブロック療法	Neuromuscular blocking therapy
神経筋ブロック遷延	Neuromuscular block prolonged
神経補綴装置埋込み	Neuroprosthesis implantation
神経障害性そう痒症	Neuropathic pruritus
穿孔性十二指腸潰瘍	Duodenal ulcer perforation
第２原発性悪性疾患	Second primary malignancy
筋サルコイドーシス	Muscular sarcoidosis
筋萎縮性側索硬化症	Amyotrophic lateral sclerosis
筋骨格系処置合併症	Musculoskeletal procedural complication
管腔臓器ミオパチー	Hollow visceral myopathy
粘着性血小板症候群	Sticky platelet syndrome
粘膜皮膚カンジダ症	Mucocutaneous candidiasis
精巣超音波検査正常	Ultrasound testes normal
精巣超音波検査異常	Ultrasound testes abnormal
精神医学的評価正常	Psychiatric evaluation normal
精神医学的評価異常	Psychiatric evaluation abnormal
精神的機能代償不全	Psychiatric decompensation
糖尿病性ぶどう膜炎	Diabetic uveitis
糖尿病性ケトーシス	Diabetic ketosis
糖尿病性大血管障害	Diabetic macroangiopathy
糖尿病性微小血管症	Diabetic microangiopathy
糖尿病性皮膚合併症	Diabetic complication dermal
糖尿病性胃不全麻痺	Diabetic gastroparesis
糖尿病性脂質異常症	Diabetic dyslipidaemia
糖尿病性高血糖昏睡	Diabetic hyperglycaemic coma
細気管支肺胞上皮癌	Bronchioloalveolar carcinoma
細網内皮症ウイルス	Reticuloendotheliosis virus
細線維性糸球体腎炎	Fibrillary glomerulonephritis
細菌性気管気管支炎	Tracheobronchitis bacterial
細菌性肛門直腸感染	Anorectal infection bacterial
組織球性髄様細網症	Histiocytic medullary reticulosis
経尿道的前立腺摘除	Transurethral prostatectomy
経皮的バルーン圧迫	Percutaneous balloon compression
経静脈胆嚢造影正常	Cholecystogram intravenous normal
経静脈胆嚢造影異常	Cholecystogram intravenous abnormal
経鼻胃管排液量正常	Nasogastric output normal
経鼻胃管排液量異常	Nasogastric output abnormal
経鼻胃管排液量高値	Nasogastric output high
結節性再生性過形成	Nodular regenerative hyperplasia
結節性変形性関節症	Nodal osteoarthritis
結節性硬化症複合体	Tuberous sclerosis complex
結腸内視鏡検査正常	Colonoscopy normal
結腸内視鏡検査異常	Colonoscopy abnormal
結腸切除後汎小腸炎	Postcolectomy panenteritis
結膜リンパ管拡張症	Conjunctival lymphangiectasia
結膜毛細血管拡張症	Conjunctival telangiectasia
絞扼性ヘルニア修復	Strangulated hernia repair
絞扼性大腿ヘルニア	Femoral hernia strangulated
絞扼性瘢痕ヘルニア	Strangulated incisional hernia
絞扼性裂孔ヘルニア	Hiatus hernia strangulated
絞扼性鼡径ヘルニア	Inguinal hernia strangulated
統合失調症の近親者	Schizophrenic relative
続発性性腺機能低下	Secondary hypogonadism
続発性血小板増加症	Secondary thrombocytosis
網膜ジストロフィー	Retinal dystrophy
網膜下高反射滲出液	Subretinal hyperreflective exudation
網膜血管周囲鞘形成	Retinal perivascular sheathing
網膜血管増殖性腫瘍	Vasoproliferative retinal tumour
線維形成性線維芽腫	Desmoplastic fibroblastoma
耳介側頭神経症候群	Auriculotemporal syndrome
耳管カテーテル挿入	Auditory tube catheterisation
肉芽腫性リンパ節炎	Granulomatous lymphadenitis
肛門クラミジア感染	Anal chlamydia infection
肛門括約筋不全麻痺	Paresis anal sphincter
肛門括約筋無緊張症	Anal sphincter atony
肛門直腸静脈瘤出血	Anorectal varices haemorrhage
肝アミロイドーシス	Hepatic amyloidosis
肝サルコイドーシス	Liver sarcoidosis
肝胆道スキャン正常	Hepatobiliary scan normal
肝胆道スキャン異常	Hepatobiliary scan abnormal
肝胆道系処置合併症	Hepatobiliary procedural complication
肩回旋筋腱板症候群	Rotator cuff syndrome
肺アミロイドーシス	Pulmonary amyloidosis
肺エキノコッカス症	Pulmonary echinococciasis
肺クリアランス指数	Lung clearance index
肺サルコイドーシス	Pulmonary sarcoidosis
肺トリコスポロン症	Pulmonary trichosporonosis
肺ヒストプラスマ症	Pulmonary histoplasmosis
肺ブラストミセス症	Pulmonary blastomycosis
肺動脈弁閉鎖不全症	Pulmonary valve incompetence
肺動脈性肺高血圧症	Pulmonary arterial hypertension
肺炎マイコプラズマ	Mycoplasma pneumoniae
肺炎球菌性気管支炎	Bronchitis pneumococcal
肺経由動脈熱希釈法	Transpulmonary thermodilution
肺胞毛細血管異形成	Alveolar capillary dysplasia
肺静脈性肺高血圧症	Pulmonary venous hypertension
胃バンディング解除	Gastric banding reversal
胆嚢摘出術後症候群	Post cholecystectomy syndrome
胆汁うっ滞性肝損傷	Cholestatic liver injury
胆道カテーテル挿入	Biliary catheter insertion
胆道カテーテル除去	Biliary catheter removal
胎児抗痙攣剤症候群	Foetal anticonvulsant syndrome
胎児超音波検査異常	Ultrasound foetal abnormal
胎盤限局性モザイク	Confined placental mosaicism
脊柱後側弯性心疾患	Kyphoscoliotic heart disease
脳アスペルギルス症	Cerebral aspergillosis
脳トキソプラズマ症	Cerebral toxoplasmosis
脳ヘモジデリン沈着	Cerebral haemosiderin deposition
脳動脈バイパス手術	Cerebral bypass surgery
脳実質外動脈塞栓症	Precerebral artery embolism
脳実質外動脈硬化症	Precerebral arteriosclerosis
脳実質外動脈血栓症	Precerebral artery thrombosis
脳室周囲白質軟化症	Periventricular leukomalacia
脳脊髄液ドレナージ	Cerebrospinal fluid drainage
脾サルコイドーシス	Splenic sarcoidosis
腎アミロイドーシス	Renal amyloidosis
腎エキノコックス症	Renal echinococciasis
腎コロボーマ症候群	Renal coloboma syndrome
腎動脈の動脈硬化症	Renal artery arteriosclerosis
腎原性全身性線維症	Nephrogenic systemic fibrosis
腎尿素クリアランス	Urea renal clearance
腫瘍アブレーション	Tumour ablation
腫瘍随伴性そう痒症	Tumour pruritus
腫瘍随伴性皮膚筋炎	Paraneoplastic dermatomyositis
腫瘤様多発性硬化症	Tumefactive multiple sclerosis
腸管ダイアフラム病	Intestinal diaphragm disease
腸管バリア機能障害	Intestinal barrier dysfunction
腸管リンパ管拡張症	Lymphangiectasia intestinal
腸管神経節神経腫症	Intestinal ganglioneuromatosis
腸間膜の悪性新生物	Malignant mesenteric neoplasm
腸間膜の良性新生物	Benign mesenteric neoplasm
腸間膜静脈性血管瘤	Mesenteric vein aneurysm
腸骨肋骨摩擦症候群	Iliocostal friction syndrome
腹腔神経叢ブロック	Coeliac plexus block
腹膜カテーテル挿入	Peritoneal catheter insertion
腹部絞扼性ヘルニア	Abdominal strangulated hernia
腹部超音波検査正常	Ultrasound abdomen normal
腹部超音波検査異常	Ultrasound abdomen abnormal
膀胱アブレーション	Bladder ablation
膀胱カテーテル留置	Bladder catheterisation
膀胱カテーテル置換	Bladder catheter replacement
膀胱カテーテル除去	Bladder catheter removal
膀胱マラコプラキア	Malacoplakia vesicae
膀胱尿管逆流防止術	Vesicoureteral reflux surgery
膀胱括約筋無緊張症	Bladder sphincter atony
膀胱羊膜腔シャント	Vesicoamniotic shunt
膀胱超音波検査正常	Ultrasound bladder normal
膀胱超音波検査異常	Ultrasound bladder abnormal
膠細胞神経細胞腫瘍	Glioneuronal tumour
自己免疫性甲状腺炎	Autoimmune thyroiditis
自己免疫性高脂血症	Autoimmune hyperlipidaemia
致死性家族性不眠症	Fatal familial insomnia
舌アミロイドーシス	Tongue amyloidosis
良性乏突起神経膠腫	Oligodendroglioma benign
色素異常性固定紅斑	Erythema dyschromicum perstans
若年性乾癬性関節炎	Juvenile psoriatic arthritis
若年性特発性関節炎	Juvenile idiopathic arthritis
萎縮性毛孔性角化症	Keratosis pilaris atrophicans
薬剤性塞栓性皮膚症	Embolia cutis medicamentosa
薬剤投与中止後消失	Drug dechallenge positive
薬物スクリーニング	Drug screen
虹彩緊張低下症候群	Floppy iris syndrome
虹彩角膜内皮症候群	Iridocorneal endothelial syndrome
血中アルコール増加	Blood alcohol increased
血中アルコール正常	Blood alcohol normal
血中アルコール減少	Blood alcohol decreased
血中アルコール異常	Blood alcohol abnormal
血中アルドステロン	Blood aldosterone
血中アルブミン増加	Blood albumin increased
血中アルブミン正常	Blood albumin normal
血中アルブミン減少	Blood albumin decreased
血中アルブミン異常	Blood albumin abnormal
血中アンチモン増加	Blood antimony increased
血中アンチモン正常	Blood antimony normal
血中アンチモン減少	Blood antimony decreased
血中インスリン増加	Blood insulin increased
血中インスリン正常	Blood insulin normal
血中インスリン減少	Blood insulin decreased
血中インスリン異常	Blood insulin abnormal
血中エタノール増加	Blood ethanol increased
血中エタノール正常	Blood ethanol normal
血中エタノール減少	Blood ethanol decreased
血中カドミウム増加	Blood cadmium increased
血中カドミウム正常	Blood cadmium normal
血中カドミウム減少	Blood cadmium decreased
血中カフェイン増加	Blood caffeine increased
血中カフェイン正常	Blood caffeine normal
血中カフェイン減少	Blood caffeine decreased
血中カルシウム増加	Blood calcium increased
血中カルシウム正常	Blood calcium normal
血中カルシウム減少	Blood calcium decreased
血中カルシウム異常	Blood calcium abnormal
血中カンナビノイド	Blood cannabinoids
血中ガストリン増加	Blood gastrin increased
血中ガストリン正常	Blood gastrin normal
血中ガストリン減少	Blood gastrin decreased
血中クレアチン増加	Blood creatine increased
血中クレアチン正常	Blood creatine normal
血中クレアチン減少	Blood creatine decreased
血中クレアチン異常	Blood creatine abnormal
血中グルカゴン増加	Blood glucagon increased
血中グルカゴン正常	Blood glucagon normal
血中グルカゴン減少	Blood glucagon decreased
血中グルカゴン異常	Blood glucagon abnormal
血中コレステロール	Blood cholesterol
血中ゴナドトロピン	Blood gonadotrophin
血中シアン化物増加	Blood cyanide increased
血中シアン化物正常	Blood cyanide normal
血中シアン化物減少	Blood cyanide decreased
血中セレニウム増加	Blood selenium increased
血中セレニウム正常	Blood selenium normal
血中セレニウム減少	Blood selenium decreased
血中セレニウム異常	Blood selenium abnormal
血中テストステロン	Blood testosterone
血中トリグリセリド	Blood triglycerides
血中トリプシン増加	Blood trypsin increased
血中トリプシン減少	Blood trypsin decreased
血中トロンビン増加	Blood thrombin increased
血中トロンビン正常	Blood thrombin normal
血中トロンビン減少	Blood thrombin decreased
血中トロンビン異常	Blood thrombin abnormal
血中ナトリウム増加	Blood sodium increased
血中ナトリウム正常	Blood sodium normal
血中ナトリウム減少	Blood sodium decreased
血中ナトリウム異常	Blood sodium abnormal
血中ビリルビン増加	Blood bilirubin increased
血中ビリルビン正常	Blood bilirubin normal
血中ビリルビン減少	Blood bilirubin decreased
血中ビリルビン異常	Blood bilirubin abnormal
血中フィブリノゲン	Blood fibrinogen
血中プロインスリン	Blood proinsulin
血中ベリリウム増加	Blood beryllium increased
血中ベリリウム正常	Blood beryllium normal
血中ベリリウム減少	Blood beryllium decreased
血中ホモシステイン	Blood homocysteine
血中メタノール増加	Blood methanol increased
血中メタノール正常	Blood methanol normal
血中メタノール減少	Blood methanol decreased
血中乳酸脱水素酵素	Blood lactate dehydrogenase
血中抗利尿ホルモン	Blood antidiuretic hormone
血小板クリット増加	Plateletcrit increased
血小板クリット正常	Plateletcrit normal
血小板クリット減少	Plateletcrit decreased
血小板クリット異常	Plateletcrit abnormal
血小板減少性紫斑病	Thrombocytopenic purpura
血栓性閉塞性血管炎	Thromboangiitis obliterans
血液アルカリ化療法	Blood alkalinisation therapy
血清セロトニン増加	Serum serotonin increased
血清セロトニン減少	Serum serotonin decreased
血清フェリチン増加	Serum ferritin increased
血清フェリチン正常	Serum ferritin normal
血清フェリチン減少	Serum ferritin decreased
血清フェリチン異常	Serum ferritin abnormal
血清反応陰性関節炎	Seronegative arthritis
血管カテーテル挿入	Vascular catheterisation
血管グラフト血栓症	Vascular graft thrombosis
血管ステント血栓症	Vascular stent thrombosis
血管デバイス使用者	Vascular device user
血管中心性リンパ腫	Angiocentric lymphoma
血管中心性神経膠腫	Angiocentric glioma
血管偽動脈瘤血栓症	Vascular pseudoaneurysm thrombosis
血管近距離照射療法	Vascular brachytherapy
術後縫合による膿瘻	Postoperative stitch sinus
表在性炎症性皮膚症	Superficial inflammatory dermatosis
補正カルシウム増加	Adjusted calcium increased
補正カルシウム減少	Adjusted calcium decreased
製品の清浄化不十分	Product cleaning inadequate
製品デザインの問題	Product design issue
製品デザインの混同	Product design confusion
製品レジメンの混同	Product regimen confusion
製造中止製品の使用	Discontinued product administered
製造原材料等の問題	Manufacturing materials issue
製造原材料等の汚染	Manufacturing materials contamination
褐色細胞腫クリーゼ	Phaeochromocytoma crisis
視神経乳頭色素沈着	Optic disc pigmentation
角層下膿疱性皮膚症	Subcorneal pustular dermatosis
角膜ジストロフィー	Corneal dystrophy
角膜フラップ合併症	Corneal flap complication
角膜内皮顕微鏡検査	Corneal endothelial microscopy
角膜移植片拒絶反応	Corneal graft rejection
誤った投与量の投与	Incorrect dosage administered
負荷心エコー図正常	Stress echocardiogram normal
負荷心エコー図異常	Stress echocardiogram abnormal
超音波スキャン正常	Ultrasound scan normal
超音波スキャン異常	Ultrasound scan abnormal
超音波血管造影正常	Ultrasonic angiogram normal
超音波血管造影異常	Ultrasonic angiogram abnormal
身体固定期間の延長	Immobilisation prolonged
身体的診察結果正常	Physical examination normal
身体的診察結果異常	Physical examination abnormal
軟膜・髄膜骨髄腫症	Leptomeningeal myelomatosis
近視性網脈絡膜変性	Myopic chorioretinal degeneration
迷路性回転性めまい	Vertigo labyrinthine
退形成性神経節膠腫	Anaplastic ganglioglioma
逆説的乾癬性関節炎	Paradoxical psoriatic arthritis
進行性多発性硬化症	Progressive multiple sclerosis
進行性顔面片側萎縮	Progressive facial hemiatrophy
進行性骨幹異形成症	Progressive diaphyseal dysplasia
遅発性ジスキネジア	Tardive dyskinesia
運動ニューロン疾患	Motor neurone disease
運動低下性構音障害	Hypokinetic dysarthria
運動負荷心電図正常	Exercise electrocardiogram normal
運動負荷心電図異常	Exercise electrocardiogram abnormal
遠位中間肢異形成症	Acromesomelic dysplasia
遠隔転移を伴う乳癌	Breast cancer metastatic
遠隔転移を伴う肉腫	Sarcoma metastatic
遠隔転移を伴う肝癌	Hepatic cancer metastatic
遠隔転移を伴う肺癌	Lung cancer metastatic
遠隔転移を伴う胃癌	Metastatic gastric cancer
遠隔転移を伴う腎癌	Renal cancer metastatic
遠隔転移を伴う腟癌	Vaginal cancer metastatic
遠隔転移を伴う腺癌	Adenocarcinoma metastatic
遠隔転移を伴う舌癌	Tongue cancer metastatic
遠隔転移を伴う骨癌	Bone cancer metastatic
遺伝子塩基配列決定	Gene sequencing
遺伝性乾燥赤血球症	Hereditary xerocytosis
遺伝性有口赤血球症	Hereditary stomatocytosis
遺伝性楕円赤血球症	Elliptocytosis hereditary
遺伝性歯肉線維腫症	Hereditary gingival fibromatosis
遺伝性鉄芽球性貧血	Hereditary sideroblastic anaemia
避妊用インプラント	Contraceptive implant
酸素飽和度測定不能	Oxygen saturation immeasurable
錐体ジストロフィー	Cone dystrophy
鎌状赤血球形成傾向	Sickle cell trait
鎖骨遠位端骨溶解症	Distal clavicular osteolysis
門脈圧亢進性胃障害	Portal hypertensive gastropathy
門脈圧亢進性胆道症	Portal hypertensive biliopathy
関節デブリードマン	Joint debridement
関節超音波検査正常	Ultrasound joint normal
関節超音波検査異常	Ultrasound joint abnormal
限局性結節性過形成	Focal nodular hyperplasia
陰茎超音波検査異常	Ultrasound penis abnormal
陽電子放出断層撮影	Positron emission tomogram
隆起性皮膚線維肉腫	Dermatofibrosarcoma protuberans
電気ショック様感覚	Electric shock sensation
静脈カテーテル留置	Catheterisation venous
非感染性乳様突起炎	Noninfective mastoiditis
非感染性外尿道口炎	Noninfectious urinary meatitis
非感染性精巣上体炎	Noninfective epididymitis
非感染性脈絡網膜炎	Noninfective chorioretinitis
非確定的結核菌検査	Indeterminate tuberculosis test
頚動脈洞マッサージ	Carotid sinus massage
頚動脈血管造影正常	Arteriogram carotid normal
頚動脈血管造影異常	Arteriogram carotid abnormal
頚原性回転性めまい	Cervicogenic vertigo
頭位性回転性めまい	Vertigo positional
頭蓋外胚葉性異形成	Cranioectodermal dysplasia
頭蓋縫合部閉鎖遅延	Delayed fontanelle closure
頭蓋限局性骨粗鬆症	Osteoporosis circumscripta cranii
頭部インパルス検査	Head impulse test
頭部超音波検査正常	Ultrasound head normal
頭部超音波検査異常	Ultrasound head abnormal
顎関節クリッキング	Jaw clicking
顔面神経動的再建術	Facial reanimation operation
顕微鏡的多発血管炎	Microscopic polyangiitis
食道－胃底部形成術	Oesophagogastric fundoplasty
骨折デブリードマン	Fracture debridement
骨盤腹腔鏡検査正常	Pelvic laparoscopy normal
骨盤腹腔鏡検査異常	Pelvic laparoscopy abnormal
骨髄芽球百分率増加	Myeloblast percentage increased
骨髄芽球百分率減少	Myeloblast percentage decreased
髄膜炎菌性心内膜炎	Endocarditis meningococcal
髄膜炎菌性視神経炎	Optic neuritis meningococcal
高ピペコリン酸血症	Hyperpipecolic acidaemia
高炭酸ガス血性昏睡	Hypercapnic coma
高血圧性脳血管疾患	Hypertensive cerebrovascular disease
鼡径部ヘルニア修復	Inguinal hernia repair
鼻咽腔閉鎖機能不全	Velopharyngeal incompetence
鼻腔内タンポン挿入	Nasal cavity packing
鼻腔通気度検査正常	Rhinomanometry normal
鼻腔通気度検査異常	Rhinomanometry abnormal
Ｓ状結腸鏡検査正常	Sigmoidoscopy normal
Ｓ状結腸鏡検査異常	Sigmoidoscopy abnormal
Apgarスコア	Apgar score
Hansen病菌	Mycobacterium leprae
αグロブリン増加	Alpha globulin increased
αグロブリン減少	Alpha globulin decreased
βグロブリン増加	Beta globulin increased
βグロブリン正常	Beta globulin normal
βグロブリン減少	Beta globulin decreased
てんかん性自動症	Automatism epileptic
てんかん重積状態	Status epilepticus
びまん性肺胞障害	Diffuse alveolar damage
びまん性軸索損傷	Diffuse axonal injury
まだら模様症候群	Harlequin syndrome
もやもやエコー心	Spontaneous echocardiographic contrast
アエロモナス感染	Aeromonas infection
アガストンスコア	Agatston score
アクチノバシラス	Actinobacillus
アクチノマイセス	Actinomyces
アクロモバクター	Achromobacter
アシドフィルス菌	Lactobacillus acidophilus
アシネトバクター	Acinetobacter
アジスロマイシン	Azithromycin
アジュバント療法	Adjuvant therapy
アトピー性白内障	Atopic cataract
アブフラクション	Dental abfraction
アプガールスコア	Apgar score
アポクリン腺乳癌	Apocrine breast carcinoma
アポリポ蛋白増加	Apolipoprotein increased
アポリポ蛋白正常	Apolipoprotein normal
アポリポ蛋白減少	Apolipoprotein decreased
アポリポ蛋白異常	Apolipoprotein abnormal
アミロイド関節症	Amyloid arthropathy
アメーバ性心膜炎	Pericarditis amoebic
アメーバ性肺膿瘍	Amoebic lung abscess
アメーバ性脳膿瘍	Amoebic brain abscess
アメーバ検査陰性	Amoeba test negative
アメーバ検査陽性	Amoeba test positive
アラジール症候群	Alagille syndrome
アルギナーゼ増加	Arginase increased
アルギナーゼ減少	Arginase decreased
アルコールの解毒	Alcohol detoxification
アルコール不耐性	Alcohol intolerance
アルコール性弱視	Amblyopia alcohol
アルコール性昏睡	Alcoholic coma
アルコール性痙攣	Alcoholic seizure
アルコール性肝炎	Hepatitis alcoholic
アルコール性胃炎	Gastritis alcoholic
アルコール性脳症	Alcoholic encephalopathy
アルコール性膵炎	Alcoholic pancreatitis
アルコール精神病	Alcoholic psychosis
アルスロバクター	Arthrobacter
アルドラーゼ増加	Aldolase increased
アルドラーゼ正常	Aldolase normal
アルドラーゼ減少	Aldolase decreased
アルドラーゼ異常	Aldolase abnormal
アルプレノロール	Alprenolol
アルミニウム過剰	Aluminium overload
アレキサンダー病	Alexander disease
アレルギー性咳嗽	Allergic cough
アレルギー性浮腫	Allergic oedema
アレルギー性肝炎	Allergic hepatitis
アレルギー性脳症	Encephalopathy allergic
アレルギー性腎炎	Nephritis allergic
アレルギー性鼻炎	Rhinitis allergic
アントラマイシン	Anthramycin
アンドロゲン増加	Androgens increased
アンドロゲン正常	Androgens normal
アンドロゲン減少	Androgens decreased
アンドロゲン異常	Androgens abnormal
アンドロゲン療法	Androgen therapy
アンブリオスポラ	Amblyospora
インスリン抵抗性	Insulin resistance
インフルエンザ菌	Haemophilus influenzae
インポスター現象	Impostor phenomenon
ウィダールテスト	Widal test
ウィーバー症候群	Weaver syndrome
ウイルス力価増加	Viral titre increased
ウイルス力価減少	Viral titre decreased
ウイルス変異検出	Viral mutation identified
ウイルス学的失敗	Virologic failure
ウイルス性中耳炎	Otitis media viral
ウイルス性乳腺炎	Viral mastitis
ウイルス性創感染	Wound infection viral
ウイルス性咽頭炎	Viral pharyngitis
ウイルス性喉頭炎	Laryngitis viral
ウイルス性外耳炎	Otitis externa viral
ウイルス性尿道炎	Viral urethritis
ウイルス性心筋炎	Viral myocarditis
ウイルス性心筋症	Viral cardiomyopathy
ウイルス性心膜炎	Viral pericarditis
ウイルス性扁桃炎	Viral tonsillitis
ウイルス性敗血症	Viral sepsis
ウイルス性気管炎	Viral tracheitis
ウイルス性直腸炎	Proctitis viral
ウイルス性眼感染	Eye infection viral
ウイルス性結膜炎	Conjunctivitis viral
ウイルス性網膜炎	Retinitis viral
ウイルス性耳感染	Ear infection viral
ウイルス性胃腸炎	Viral diarrhoea
ウイルス性胸膜炎	Pleurisy viral
ウイルス性脊髄炎	Viral myelitis
ウイルス性脾感染	Splenic infection viral
ウイルス性腹膜炎	Peritonitis viral
ウイルス性膀胱炎	Cystitis viral
ウイルス性血管炎	Viral vasculitis
ウイルス性角膜炎	Keratitis viral
ウイルス性迷路炎	Viral labyrinthitis
ウイルス性関節炎	Arthritis viral
ウイルス性食道炎	Viral oesophagitis
ウイルス性骨髄炎	Osteomyelitis viral
ウイルス性髄膜炎	Meningitis viral
ウイルス感染予防	Antiviral prophylaxis
ウイルス検査陰性	Viral test negative
ウイルス検査陽性	Viral test positive
ウォーケス症候群	Sinus polyp degeneration
ウロストミー閉鎖	Urostomy closure
エストロゲン療法	Oestrogen therapy
エソメプラゾール	Esomeprazole
エピネフリン増加	Epinephrine increased
エピネフリン正常	Epinephrine normal
エピネフリン減少	Epinephrine decreased
エピネフリン異常	Epinephrine abnormal
エマヌエル症候群	Emanuel syndrome
エリスロマイシン	Erythromycin
エルシニア髄膜炎	Yersinia meningitis
エンテロコッカス	Enterococcus
エンドセリン上昇	Endothelin increased
エンドセリン低下	Endothelin decreased
エンドセリン正常	Endothelin normal
エンドセリン異常	Endothelin abnormal
エンビオマイシン	Enviomycin
エヴァンズ症候群	Evans syndrome
オキシトシン増加	Oxytocin increased
オキシトシン正常	Oxytocin normal
オキシトシン減少	Oxytocin decreased
オキシトシン異常	Oxytocin abnormal
オルガズム感減少	Orgasmic sensation decreased
オレキシン欠乏症	Orexin deficiency
オンコタイプ検査	Oncotype test
カプノグラム正常	Capnogram normal
カプノグラム異常	Capnogram abnormal
カプレオマイシン	Capreomycin
カラスノエンドウ	Vicia sativa
カルシウムイオン	Calcium ionised
カルシウム塞栓症	Calcium embolism
カルチノイド腫瘍	Carcinoid tumour
カルニチン欠損症	Carnitine deficiency
カルノフスキ尺度	Karnofsky scale
カンジダ性亀頭炎	Balanitis candida
カンジダ性外耳炎	Otitis externa candida
カンジダ性尿道炎	Candida urethritis
カンジダ性敗血症	Candida sepsis
カンジダ性眼内炎	Candida endophthalmitis
カンジダ性網膜炎	Candida retinitis
カンジダ性骨髄炎	Candida osteomyelitis
カンジダ性髄膜炎	Meningitis candida
カンジダ検査陰性	Candida test negative
カンジダ検査陽性	Candida test positive
カンピロバクター	Campylobacter
ガスリー試験陰性	Guthrie test negative
ガスリー試験陽性	Guthrie test positive
ガリウムスキャン	Scan gallium
ガードネレラ検査	Gardnerella test
キンゲラ・キンゲ	Kingella kingae
ギャルサン症候群	Garcin syndrome
クスマウル大呼吸	Kussmaul respiration
クラミジア性肺炎	Pneumonia chlamydial
クラミジア性腟炎	Vaginitis chlamydial
クラミドモナス属	Chlamydomonas
クラリーノ症候群	Currarino syndrome
クリプトコッカス	Cryptococcus
クリンダマイシン	Clindamycin
クルイベロミセス	Kluyveromyces
クレブシエラ感染	Klebsiella infection
クレブシエラ検査	Klebsiella test
クームス試験陰性	Coombs test negative
クームス試験陽性	Coombs test positive
グリコアルブミン	Glycated albumin
グリコール酸増加	Glycolic acid increased
グリコール酸正常	Glycolic acid normal
グリコール酸減少	Glycolic acid decreased
グリコール酸異常	Glycolic acid abnormal
グルコノバクター	Gluconobacter
グルタチオン増加	Glutathione increased
グルタチオン検査	Glutathione test
グルタチオン減少	Glutathione decreased
グレープフルーツ	Citrus paradisi
ゲオトリクム感染	Geotrichum infection
コクサッキー心炎	Coxsackie carditis
コナヒョウヒダニ	Dermatophagoides farinae
コルチゾール増加	Cortisol increased
コルチゾール正常	Cortisol normal
コルチゾール減少	Cortisol decreased
コルチゾール異常	Cortisol abnormal
コレトトリチュム	Colletotrichum
サイクロバクター	Psychrobacter
サイトカイン増加	Cytokine increased
サイトカイン検査	Cytokine test
サイトカイン異常	Cytokine abnormal
サイロキシン増加	Thyroxine increased
サイロキシン正常	Thyroxine normal
サイロキシン減少	Thyroxine decreased
サイロキシン異常	Thyroxine abnormal
サイロキシン療法	Thyroxine therapy
サシチョウバエ熱	Phlebotomus fever
サポウイルス感染	Sapovirus infection
サポウイルス検査	Sapovirus test
サルコペニア肥満	Sarcopenic obesity
サンシチニンジン	Panax notoginseng
サーモグラム正常	Thermogram normal
サーモグラム異常	Thermogram abnormal
ザイデル試験陽性	Seidel test positive
シタラビン症候群	Cytarabine syndrome
シックセル症候群	Sick cell syndrome
シャント機能不全	Shunt malfunction
ショードマイシン	Showdomycin
シンツェル症候群	Schinzel syndrome
ジェボンズ症候群	Jeavons syndrome
ジカウイルス感染	Zika virus infection
ジュベール症候群	Joubert syndrome
ステロイド糖尿病	Steroid diabetes
ステント機能不良	Stent malfunction
ストレス潰瘍出血	Stress ulcer haemorrhage
ストロフルス痒疹	Prurigo strophulus
ストーマ部不快感	Stoma site discomfort
ストーマ部刺激感	Stoma site irritation
ストーマ部合併症	Stoma site complication
ストーマ部皮膚炎	Stoma site dermatitis
ストーマ部蜂巣炎	Stoma site cellulitis
ストーマ部血管炎	Stoma site vasculitis
ストーマ部静脈炎	Stoma site phlebitis
スパルソマイシン	Sparsomycin
スピロヘータ感染	Spirochaetal infection
スフィンゴモナス	Sphingomonas
スワイヤー症候群	Swyer syndrome
セイヨウアカマツ	Pinus sylvestris
セイヨウアブラナ	Brassica napus
セイヨウニワトコ	Sambucus nigra
セイロンニッケイ	Cinnamomum zeylanicum
セザリー細胞増加	Sezary cells increased
セラチア性敗血症	Serratia sepsis
セラチア性菌血症	Serratia bacteraemia
セラチア検査陽性	Serratia test positive
セレスチン管挿入	Celestin tube insertion
セレスチン管除去	Celestin tube removal
セロトニン欠乏症	Serotonin deficiency
セロトニン症候群	Serotonin syndrome
センダイウイルス	Sendai virus
セントラルコア病	Central core disease
タイセイヨウサケ	Salmo salar
ダクチノマイシン	Dactinomycin
ダンピング症候群	Dumping syndrome
チクングニヤ免疫	Chikungunya immunisation
チクングニヤ検査	Chikungunya test
チシマリンドウ属	Gentianella
チモール混濁反応	Thymol turbidity test
チョウセンアザミ	Cynara scolymus
ツベルクリン反応	Tuberculin test
ティモシー症候群	Timothy syndrome
テトラサイクリン	Tetracycline
デジタルＸ線撮影	Digital radiogram
デスルフォモナス	Desulfuromonas
トラコーマ病原体	Chlamydia trachomatis
トリガーポイント	Trigger points
トリプターゼ増加	Tryptase increased
トリプターゼ減少	Tryptase decreased
トルロプシス感染	Torulopsis infection
ドキシサイクリン	Doxycycline
ドナヒュー症候群	Donohue syndrome
ドナー白血球輸注	Donor leukocyte infusion
ドナー部位合併症	Donor site complication
ナンバンサイカチ	Moringa oleifera
ニコチン性口内炎	Nicotinic stomatitis
ニコチン検査陰性	Nicotine test negative
ニコチン検査陽性	Nicotine test positive
ニパウイルス感染	Nipah virus infection
ニューカッスル病	Newcastle disease
ネフローゼ症候群	Nephrotic syndrome
ノロウイルス感染	Norovirus infection
ノロウイルス検査	Norovirus test
ハウスダストダニ	Dermatophagoides sp House dust mite IgE Ab
ハロセン抗体陰性	Halothane antibody negative
ハロセン抗体陽性	Halothane antibody positive
ハンセニアスポラ	Hanseniaspora
ハーレクイン胎児	Harlequin foetus
バソプレシン療法	Vasopressive therapy
バチルス性胃腸炎	Gastroenteritis bacillus
バチルス性菌血症	Bacillus bacteraemia
バチルス検査陽性	Bacillus test positive
バナジウム欠乏症	Vanadium deficiency
バラカット症候群	Barakat syndrome
バリウムがゆ正常	Barium meal normal
バリウムがゆ異常	Barium meal abnormal
バリウム二重撮影	Barium double contrast
バリウム注腸正常	Barium enema normal
バリウム注腸異常	Barium enema abnormal
バリウム飲み込み	Barium swallow
パスツレラ菌血症	Pasteurella bacteraemia
パルビモナス感染	Parvimonas infection
パルビモナス検査	Parvimonas test
パントテン酸欠乏	Pantothenic acid deficiency
パーキンソン歩行	Parkinsonian gait
パーキンソン発症	Parkinsonian crisis
パールマン症候群	Perlman syndrome
ヒアルロン酸増加	Hyaluronic acid increased
ヒアルロン酸正常	Hyaluronic acid normal
ヒアルロン酸注入	Hyaluronic acid injection
ヒアルロン酸減少	Hyaluronic acid decreased
ヒアルロン酸異常	Hyaluronic acid abnormal
ヒスタミン不耐性	Histamine intolerance
ヒストリチクス菌	Hathewaya histolytica
ヒストン抗体陰性	Histone antibody negative
ヒストン抗体陽性	Histone antibody positive
ヒトボカウイルス	Human bocavirus
ヒュルトレ細胞癌	Huerthle cell carcinoma
ビショップスコア	Bishop score
ビブリオ性胃腸炎	Gastroenteritis vibrio
ビブリオ検査陽性	Vibrio test positive
ビーバーテール肝	Beaver tail liver
ピチンデウイルス	Pichinde virus
ピューロマイシン	Puromycin
フィブロバクター	Fibrobacter
フィリッピ症候群	Filippi syndrome
フォヴィル症候群	Foville syndrome
フマラーゼ欠損症	Fumarase deficiency
フランシセラ検査	Francisella test
フルクトース増加	Fructose increased
フルクトース減少	Fructose decreased
フレイルチェスト	Flail chest
フレキシバクター	Flexibacter
フレーザー症候群	Fraser syndrome
ブドウ球菌性肺炎	Pneumonia staphylococcal
ブドウ球菌性膿瘍	Staphylococcal abscess
ブドウ糖負荷試験	Glucose tolerance test
ブラキスピラ感染	Brachyspira infection
ブルセラ・オビス	Brucella ovis
ブルセラ性敗血症	Brucella sepsis
ブルセラ検査陰性	Brucella test negative
ブルセラ検査陽性	Brucella test positive
ブルンナー症候群	Brunner syndrome
プルチェル網膜症	Purtscher retinopathy
プロテウス性肺炎	Pneumonia proteus
プロテウス症候群	Proteus syndrome
プロテーゼ使用者	Prosthesis user
プロトロンビン量	Prothrombin level
プロピオン酸血症	Propionic acidaemia
プロプラノロール	Propranolol
プロポキシカイン	Propoxycaine
プーマラウイルス	Puumala virus
ヘパリン中和療法	Heparin neutralisation therapy
ヘモグロビン増加	Haemoglobin increased
ヘモグロビン正常	Haemoglobin normal
ヘモグロビン減少	Haemoglobin decreased
ヘモグロビン異常	Haemoglobin abnormal
ヘモジデリン着色	Haemosiderin stain
ヘモフィルス感染	Haemophilus infection
ヘモフィルス検査	Haemophilus test
ヘモペキシン減少	Haemopexin decreased
ヘリオトロープ疹	Heliotrope rash
ヘルバスピリウム	Herbaspirillum
ヘルペス後神経痛	Post herpetic neuralgia
ヘルペス性咽頭炎	Herpes pharyngitis
ヘルペス性大腸炎	Colitis herpes
ヘルペス性敗血症	Herpes sepsis
ヘルペス性状湿疹	Eczema herpeticum
ヘルペス性皮膚炎	Herpes dermatitis
ヘルペス性食道炎	Herpes oesophagitis
ヘルペス性髄膜炎	Meningitis herpes
ベンチレータ離脱	Wean from ventilator
ペスカタリアン食	Pescetarian diet
ペニシリウム感染	Penicillium infection
ホモゲンチジン酸	Homogentisic acid
ホルモン抑制療法	Hormone suppression therapy
ホルモン補充療法	Hormone replacement therapy
ボルティセラ感染	Vorticella infection
ボルナ病ウイルス	Borna disease virus
ボレリア性髄膜炎	Meningitis borrelia
ボレリア検査陰性	Borrelia test negative
ボレリア検査陽性	Borrelia test positive
ポケット状びらん	Pocket erosion
ポリープ様膀胱炎	Polypoid cystitis
ポルフィロモナス	Porphyromonas
ポンティアック熱	Pontiac fever
ポンデローサマツ	Pinus ponderosa
マクロファージ数	Macrophage count
マグネシウム欠乏	Magnesium deficiency
マスクされた発熱	Masked fever
マヤロウイルス病	Mayaro virus disease
マラリア性心筋炎	Malarial myocarditis
マラリア抗体検査	Malaria antibody test
マラリア抗原検査	Malaria antigen test
マランパチスコア	Mallampati score
マンソン住血吸虫	Schistosoma mansoni
ミクログリア結節	Microglial nodules
ミクロモノスポラ	Micromonospora
ムンプスウイルス	Mumps virus
ムンプス性精巣炎	Orchitis mumps
ムンプス性髄膜炎	Meningitis mumps
ムンプス抗体検査	Mumps antibody test
メコニウムシスト	Meconium cyst
メタボリック手術	Metabolic surgery
メタヴィアスコア	Metavir score
メチプラノロール	Metipranolol
メフィストサイン	Mephisto sign
モニリア性直腸炎	Proctitis monilial
モリブデン欠乏症	Molybdenum deficiency
ヤケヒョウヒダニ	Dermatophagoides sp House dust mite IgE Ab
ヤコブセン症候群	Jacobsen syndrome
ユリシーズ症候群	Ulysses syndrome
ヨウ素アレルギー	Iodine allergy
ライム病ボレリア	Borrelia burgdorferi
ラクターゼ欠乏症	Lactase deficiency
ラクトース不耐性	Lactose intolerance
ラスムッセン脳炎	Rasmussen encephalitis
ラパデリノ症候群	Rapadilino syndrome
ラブリュン症候群	Labrune syndrome
ランソプラゾール	Lansoprazole
リウマチ因子増加	Rheumatoid factor increased
リウマチ因子減少	Rheumatoid factor decreased
リウマチ因子陰性	Rheumatoid factor negative
リウマチ因子陽性	Rheumatoid factor positive
リウマチ性心疾患	Rheumatic heart disease
リウマチ性心膜炎	Pericarditis rheumatic
リウマチ性胸膜炎	Rheumatoid pleuritis
リウマチ性脳疾患	Rheumatic brain disease
リウマチ性血管炎	Rheumatoid vasculitis
リウマチ性髄膜炎	Rheumatoid meningitis
リウマトイド結節	Rheumatoid nodule
リケッチア性脳炎	Encephalitis rickettsial
リステリア性脳炎	Listeria encephalitis
リステリア胃腸炎	Gastroenteritis listeria
リソソーム蓄積症	Lysosomal storage disorder
リボスタマイシン	Ribostamycin
リポ蛋白代謝障害	Lipoprotein metabolism disorder
リュープス症候群	Rhupus syndrome
リンパ嚢腫造袋術	Lymphocele marsupialisation
リンパ増殖性障害	Lymphoproliferative disorder
リンパ性糸状虫症	Filariasis lymphatic
リンパ球刺激試験	Lymphocyte stimulation test
リンパ球形態正常	Lymphocyte morphology normal
リンパ球形態異常	Lymphocyte morphology abnormal
リンパ球性食道炎	Lymphocytic oesophagitis
リンパ管造影正常	Lymphangiogram normal
リンパ管造影異常	Lymphangiogram abnormal
リンパ節スキャン	Scan lymph nodes
リンパ組織低形成	Lymphoid tissue hypoplasia
リンパ組織過形成	Lymphoid tissue hyperplasia
リンパ腫様丘疹症	Lymphomatoid papulosis
リンパ芽球数増加	Lymphoblast count increased
リードの位置ずれ	Lead dislodgement
ルセンソマイシン	Lucensomycin
ルポイド肝硬変症	Lupoid hepatic cirrhosis
ルリッシュ症候群	Leriche syndrome
ループス心内膜炎	Lupus endocarditis
レオウイルス感染	Reoviral infection
レフグレン症候群	Loefgren syndrome
レプチン濃度増加	Leptin level increased
レプチン濃度減少	Leptin level decreased
レプトスピラ検査	Leptospira test
レミエール症候群	Lemierre syndrome
レンサ球菌性肺炎	Pneumonia pneumococcal
レンサ球菌性膿瘍	Streptococcal abscess
レーバンド症候群	Laband syndrome
ロタウイルス免疫	Rotavirus immunisation
ロタウイルス感染	Rotavirus infection
ロタウイルス検査	Rotavirus test
ロドコッカス感染	Rhodococcus infection
ワクチン同時接種	Vaccine coadministration
ワクチン接種過誤	Vaccination error
ワクチン相互作用	Vaccine interaction
ワクチン細菌排出	Vaccine bacteria shedding
一次性咳嗽性頭痛	Primary cough headache
一次性穿刺様頭痛	Primary stabbing headache
一過性脳虚血発作	Transient ischaemic attack
三叉神経不全麻痺	Trigeminal nerve paresis
三叉神経感覚消失	Trigeminal anaesthesia
三尖弁閉鎖不全症	Tricuspid valve incompetence
上斜筋ミオキミア	Superior oblique myokymia
上腕動脈脈拍増加	Brachial pulse increased
上腕動脈脈拍正常	Brachial pulse normal
上腕動脈脈拍減少	Brachial pulse decreased
上腕動脈脈拍異常	Brachial pulse abnormal
上行性弛緩性麻痺	Ascending flaccid paralysis
上顎顔面洞新生物	Maxillofacial sinus neoplasm
下垂体の悪性腫瘍	Malignant pituitary tumour
下垂体の良性腫瘍	Pituitary tumour benign
下垂体放射線療法	Pituitary gland radiotherapy
下垂体黄色肉芽腫	Pituitary xanthogranuloma
下顎顔面形成異常	Mandibulofacial dysostosis
不十分な腟の潤滑	Inadequate lubrication
不可逆電気穿孔法	Irreversible electroporation
不器用な子症候群	Clumsy child syndrome
不均一高濃度乳房	Heterogeneously dense breasts
不適切な性的行動	Sexually inappropriate behaviour
不適正な腹膜透析	Inadequate peritoneal dialysis
不適正な血液透析	Inadequate haemodialysis
中咽頭カンジダ症	Oropharyngeal candidiasis
中心性チアノーゼ	Cyanosis central
中毒性ミオパチー	Myopathy toxic
中毒重症度スコア	Poisoning severity score
乏突起膠細胞損傷	Oligodendrocyte injury
乱視矯正角膜切開	Astigmatic keratotomy
乳児皮質骨増殖症	Infantile cortical hyperostosis
乳房の放射状瘢痕	Breast radial scar
乳房の理学的検査	Physical breast examination
乳房の良性新生物	Benign breast neoplasm
乳房スキャン異常	Breast scan abnormal
乳房嚢胞内乳頭腫	Intracystic breast papilloma
乳汁分泌促進療法	Lactation stimulation therapy
乳汁分泌抑制療法	Lactation inhibition therapy
乳腺の構築の乱れ	Breast architectural distortion
乳酸アシドーシス	Lactic acidosis
乳酸桿菌検査陽性	Lactobacillus test positive
乳頭の悪性新生物	Malignant nipple neoplasm
乳頭の良性新生物	Benign nipple neoplasm
予想外の治療反応	Therapeutic response unexpected
二核アメーバ感染	Dientamoeba infection
二次性小脳変性症	Secondary cerebellar degeneration
五日熱リケッチア	Bartonella quintana
交差適合試験適合	Crossmatch compatible
交感神経作動作用	Sympathomimetic effect
人工流産の不成功	Induced abortion failed
人工関節周囲骨折	Periprosthetic fracture
人畜共通細菌感染	Zoonotic bacterial infection
仙腸関節機能障害	Sacroiliac joint dysfunction
代謝性ミオパチー	Metabolic myopathy
企図的過少量投与	Intentional underdose
伝染性単核症肝炎	Hepatitis infectious mononucleosis
低血糖性意識消失	Hypoglycaemic unconsciousness
住血吸虫検査陰性	Schistosoma test negative
住血吸虫検査陽性	Schistosoma test positive
体力トレーニング	Physical fitness training
体性感覚誘発電位	Somatosensory evoked potentials
便中クロール増加	Stool chloride increased
側頭動脈拍動増加	Temporal pulse increased
偶発的過少量投与	Accidental underdose
偽性思春期早発症	Pseudoprecocious puberty
傍腫瘍性脳脊髄炎	Paraneoplastic encephalomyelitis
僧帽弁閉鎖不全症	Mitral valve incompetence
先天性くも状母斑	Naevus spider congenital
先天性くも膜嚢胞	Congenital arachnoid cyst
先天性シュウ酸症	Congenital oxalosis
先天性ミオパチー	Congenital myopathy
先天性リンパ浮腫	Congenital lymphoedema
先天性不全片麻痺	Congenital hemiparesis
先天性免疫不全症	Immunodeficiency congenital
先天性円錐水晶体	Congenital lenticonus
先天性喉頭蓋異常	Congenital epiglottal anomaly
先天性四肢過伸展	Congenital limb hyperextension
先天性声門下狭窄	Congenital subglottic stenosis
先天性大動脈拡張	Congenital aortic dilatation
先天性大動脈狭窄	Congenital aortic stenosis
先天性大動脈異常	Congenital aortic anomaly
先天性大動脈閉鎖	Congenital aortic atresia
先天性小脳無形成	Congenital cerebellar agenesis
先天性心ブロック	Heart block congenital
先天性心血管異常	Congenital cardiovascular anomaly
先天性悪性新生物	Congenital malignant neoplasm
先天性握り母指症	Congenital clasped thumb
先天性梅毒性脳炎	Congenital syphilitic encephalitis
先天性横隔膜異常	Congenital diaphragmatic anomaly
先天性正中線欠損	Congenital midline defect
先天性気管軟化症	Congenital tracheomalacia
先天性水痘感染症	Congenital varicella infection
先天性無水晶体眼	Aphakia congenital
先天性甲状腺障害	Congenital thyroid disorder
先天性異所性脾臓	Congenital ectopic spleen
先天性異所性膀胱	Congenital ectopic bladder
先天性皮膚弛緩症	Congenital cutis laxa
先天性眼球突出症	Exophthalmos congenital
先天性眼瞼内反症	Entropion congenital
先天性瞳孔不同症	Congenital anisocoria
先天性硝子体異常	Congenital vitreous anomaly
先天性筋骨格障害	Congenital musculoskeletal disorder
先天性精索静脈瘤	Congenital varicocele
先天性網膜分離症	Retinoschisis congenital
先天性肺高血圧症	Congenital pulmonary hypertension
先天性胆管拡張症	Cholangiectasis congenital
先天性脈絡膜異常	Congenital choroidal anomaly
先天性脊柱後弯症	Kyphosis congenital
先天性脳血管異常	Congenital cerebrovascular anomaly
先天性脾機能亢進	Hypersplenism congenital
先天性膝関節脱臼	Congenital knee dislocation
先天性臍ヘルニア	Congenital umbilical hernia
先天性良性新生物	Congenital benign neoplasm
先天性血小板障害	Congenital thrombocyte disorder
先天性角化異常症	Congenital dyskeratosis
先天性鎖骨無形成	Congenital clavicular agenesis
先天性風疹症候群	Congenital rubella syndrome
先端短肢異形成症	Acromicric dysplasia
光線力学的診断法	Photodynamic diagnostic procedure
光線性弾性線維症	Actinic elastosis
免疫学的検査正常	Immunology test normal
免疫学的検査異常	Immunology test abnormal
全身性ワクシニア	Generalised vaccinia
全身性接触皮膚炎	Systemic contact dermatitis
全身性肥満細胞症	Systemic mastocytosis
共有精神病性障害	Shared psychotic disorder
内包性前兆症候群	Capsular warning syndrome
内皮細胞機能不全	Endothelial dysfunction
内臓単純ヘルペス	Herpes simplex visceral
内視鏡的嚥下評価	Endoscopic swallowing evaluation
再発性発疹チフス	Recrudescent typhus
再発神経線維肉腫	Neurofibrosarcoma recurrent
再発骨外性骨肉腫	Extraskeletal osteosarcoma recurrent
冠動脈入口部狭窄	Coronary ostial stenosis
冠動脈内膜剥離術	Coronary endarterectomy
処方せんの改ざん	Prescription form tampering
処置によるめまい	Procedural dizziness
処置による低血圧	Procedural hypotension
処置による高血圧	Procedural hypertension
処置に対する不安	Procedural anxiety
処置後ドレナージ	Post procedural drainage
処置関連膀胱破裂	Urinary bladder explosion
出血性動静脈奇形	Haemorrhagic arteriovenous malformation
出血性十二指腸炎	Duodenitis haemorrhagic
出血性吻合部潰瘍	Anastomotic ulcer haemorrhage
出血性壊死性膵炎	Haemorrhagic necrotic pancreatitis
出血性水痘症候群	Haemorrhagic varicella syndrome
出血性消化性潰瘍	Peptic ulcer haemorrhage
出血性甲状腺嚢胞	Haemorrhagic thyroid cyst
分娩後静脈血栓症	Postpartum venous thrombosis
切開部位そう痒感	Incision site pruritus
切開部位異常感覚	Incision site paraesthesia
切開部位知覚低下	Incision site hypoaesthesia
切開部位知覚過敏	Incision site hyperaesthesia
前リンパ性白血病	Prolymphocytic leukaemia
前兆を伴う片頭痛	Migraine with aura
前房のフィブリン	Anterior chamber fibrin
前立腺マッサージ	Prostate massage
前立腺動脈塞栓術	Prostatic artery embolisation
前立腺特異性抗原	Prostatic specific antigen
前立腺超音波検査	Ultrasound prostate
前頭側頭型認知症	Frontotemporal dementia
前骨間神経症候群	Anterior interosseous syndrome
副甲状腺スキャン	Scan parathyroid
副甲状腺再移植術	Parathyroid reimplantation
副腎ブロック療法	Adrenal blockade therapy
副腎皮質形成不全	Adrenal cortex dysplasia
副腎髄質機能亢進	Adrenal medulla hyperfunction
副鼻腔粘液膿嚢胞	Paranasal mucopyocoele
動脈ステント挿入	Arterial stent insertion
動脈ステント除去	Arterial stent removal
動脈バイパス手術	Arterial bypass operation
動脈硬化性網膜症	Arteriosclerotic retinopathy
動静脈グラフト瘤	Arteriovenous graft aneurysm
化学物質性膀胱炎	Chemical cystitis
化学物質性食道炎	Oesophagitis chemical
化膿性血栓静脈炎	Thrombophlebitis septic
医療機器のゆるみ	Device loosening
医療機器交付過誤	Device dispensing error
医療機器位置異常	Device dislocation
医療機器効果増強	Device effect increased
医療機器効果変動	Device effect variable
医療機器効果減弱	Device effect decreased
医療機器効果遅延	Device effect delayed
医療機器捕捉問題	Device capturing issue
医療機器機能不良	Device malfunction
医療機器機能検査	Device function test
医療機器関連感染	Device related infection
十二指腸ポリープ	Duodenal polyp
十二指腸潰瘍修復	Duodenal ulcer repair
十二指腸球部変形	Duodenal bulb deformity
卒中の出血性変化	Haemorrhagic transformation stroke
単核細胞症症候群	Mononucleosis syndrome
単純ヘルペス再燃	Herpes simplex reactivation
単純ヘルペス検査	Herpes simplex test
単純ヘルペス肝炎	Herpes simplex hepatitis
卵巣機能抑制療法	Therapeutic ovarian suppression
卵形マラリア原虫	Plasmodium ovale
卵管ジアテルミー	Tubal diathermy
原発性小脳変性症	Primary cerebellar degeneration
原発性骨髄線維症	Primary myelofibrosis
原虫性消化管感染	Gastrointestinal protozoal infection
双胎児発育不均衡	Discordant twin
口下顎ジストニア	Oromandibular dystonia
口唇の良性新生物	Lip neoplasm benign
口腔の良性新生物	Oral neoplasm benign
口腔ウイルス感染	Oral viral infection
口腔ポリープ切除	Oral polypectomy
口腔上顎洞瘻修復	Oroantral fistula repair
口腔内毛様白斑症	Oral hairy leukoplakia
口腔咽頭プラーク	Oropharyngeal plaque
口腔咽頭水疱形成	Oropharyngeal blistering
口腔咽頭淋菌感染	Oropharyngeal gonococcal infection
口腔灼熱感症候群	Oral dysaesthesia
口腔疣贅性過形成	Oral verrucous hyperplasia
口腔粘膜下線維症	Oral submucosal fibrosis
口腔粘膜水疱形成	Oral mucosal blistering
口腔顔面肉芽腫症	Orofacial granulomatosis
口蓋の悪性新生物	Malignant palate neoplasm
口蓋インプラント	Palatal implant
右心低形成症候群	Pseudotruncus arteriosus
合併症を伴う流産	Abortion complicated
周期性嘔吐症候群	Cyclic vomiting syndrome
呼吸器モニリア症	Respiratory moniliasis
呼気水素ガス試験	Hydrogen breath test
咽頭の良性新生物	Pharyngeal neoplasm benign
咽頭ジスキネジア	Pharyngeal dyskinesia
咽頭ポリープ切除	Pharyngeal polypectomy
喉頭の良性新生物	Benign laryngeal neoplasm
喉頭ジスキネジア	Laryngeal dyskinesia
喉頭ポリープ切除	Laryngeal polypectomy
喉頭神経機能障害	Laryngeal nerve dysfunction
嚢胞性子宮頚管炎	Cervicitis cystic
四辺形間隙症候群	Quadrilateral space syndrome
回腸空腸バイパス	Ileojejunal bypass
回腸結腸バイパス	Ileocolic bypass
埋込み部位びらん	Implant site erosion
埋込み部位内出血	Implant site bruising
埋込み部位刺激感	Implant site irritation
埋込み部位小水疱	Implant site vesicles
埋込み部位漿液腫	Implant site seroma
埋込み部位皮膚炎	Implant site dermatitis
埋込み部位石灰化	Implant site calcification
埋込み部位線維症	Implant site fibrosis
埋込み部位蕁麻疹	Implant site urticaria
埋込み部位蜂巣炎	Implant site cellulitis
埋込み部位静脈炎	Implant site phlebitis
基準マーカー留置	Fiducial marker placement
境界悪性卵巣腫瘍	Borderline ovarian tumour
増殖性糸球体腎炎	Glomerulonephritis proliferative
壊死性リンパ節症	Necrotic lymphadenopathy
壊死性細気管支炎	Necrotising bronchiolitis
壊死性血管皮膚炎	Necrotic angiodermatitis
壊疽性臍ヘルニア	Umbilical hernia gangrenous
声帯ポリープ切除	Vocal cord polypectomy
変容性骨異形成症	Metatropic dysplasia
変異性紅斑角皮症	Erythrokeratodermia variabilis
外傷性前立腺損傷	Traumatic prostate injury
外傷性頭蓋内出血	Traumatic intracranial haemorrhage
外傷性頭蓋内血腫	Traumatic intracranial haematoma
外因性気管閉塞症	Tracheal obstruction extrinsic
外陰の良性新生物	Benign vulval neoplasm
外陰部被角血管腫	Vulval angiokeratoma
多形性平滑筋肉腫	Pleomorphic leiomyosarcoma
多房性嚢胞性腎腫	Multilocular cystic nephroma
多発性黒子症候群	Multiple lentigines syndrome
多胎児の兄弟姉妹	Multiple birth sibling
大動脈弁下膜切除	Subaortic membrane removal
大腸ポリープ切除	Large intestinal polypectomy
大腸菌性腎盂腎炎	Escherichia pyelonephritis
大腿ヘルニア修復	Femoral hernia repair
大腿動脈脈拍増加	Femoral pulse increased
大腿動脈脈拍正常	Femoral pulse normal
大腿動脈脈拍減少	Femoral pulse decreased
大腿動脈脈拍異常	Femoral pulse abnormal
大腿皮膚溝非対称	Asymmetric thigh fold
大静脈肺動脈吻合	Cavopulmonary anastomosis
奇異性気管支痙攣	Bronchospasm paradoxical
女性外陰部蜂巣炎	Vulval cellulitis
女性性腺機能低下	Hypogonadism female
女性生殖器の血瘤	Haematocoele female
女性生殖器新生物	Female reproductive neoplasm
女性用コンドーム	Female condom
好中球性脂肪織炎	Neutrophilic panniculitis
好中球減少性感染	Neutropenic infection
好中球百分率増加	Neutrophil percentage increased
好中球百分率減少	Neutrophil percentage decreased
好中球百分率異常	Neutrophil percentage abnormal
好中球走化性正常	Neutrophil chemotaxis normal
好中球走化性異常	Neutrophil chemotaxis abnormal
好塩基球形態正常	Basophil morphology normal
好塩基球形態異常	Basophil morphology abnormal
好塩基球性白血病	Leukaemia basophilic
好酸球増加症候群	Hypereosinophilic syndrome
好酸球増多性鼻炎	Eosinophilic rhinitis
好酸球性気管支炎	Eosinophilic bronchitis
好酸球性脂肪織炎	Eosinophilic panniculitis
好酸球百分率増加	Eosinophil percentage increased
好酸球百分率減少	Eosinophil percentage decreased
好酸球百分率異常	Eosinophil percentage abnormal
妊娠性絨毛性腫瘍	Gestational trophoblastic tumour
妊娠期栄養膜剥離	Gestational trophoblastic detachment
子宮の良性新生物	Benign uterine neoplasm
子宮ポリープ切除	Uterine polypectomy
子宮付属器石灰化	Adnexa uteri calcification
子宮内外同時妊娠	Heterotopic pregnancy
子宮内膜形成不全	Endometrial hypoplasia
子宮内膜形成異常	Endometrial dysplasia
子宮内膜生検正常	Biopsy endometrium normal
子宮内膜生検異常	Biopsy endometrium abnormal
子宮内膜肉腫再発	Endometrial sarcoma recurrent
子宮内膜間質結節	Endometrial stromal nodule
子宮内膜間質肉腫	Endometrial stromal sarcoma
子宮卵管造影正常	Hysterosalpingogram normal
子宮卵管造影異常	Hysterosalpingogram abnormal
子宮平滑筋腫壊死	Uterine leiomyoma necrosis
子宮平滑筋腫破裂	Uterine leiomyoma rupture
子宮平滑筋腫脱出	Uterine leiomyoma prolapse
子宮鏡下組織摘出	Hysteroscopic tissue extraction
子宮頚管ポリープ	Cervical polyp
子宮頚管内膜掻爬	Endocervical curettage
子宮頚管内膜肥厚	Endocervical mucosal thickening
子宮頚部リンパ腫	Uterine cervix lymphoma
子宮頚部上皮剥脱	Uterine cervical exfoliation
子宮頚部円錐切除	Cervical conisation
子宮頚部凍結療法	Cervix cryotherapy
子宮頚部培養陰性	Culture cervix negative
子宮頚部培養陽性	Culture cervix positive
子宮頚部生検正常	Biopsy cervix normal
子宮頚部生検異常	Biopsy cervix abnormal
子宮頚部発育不全	Uterine cervix hypoplasia
子宮頚部腫瘍切除	Cervix tumour excision
季節性アレルギー	Seasonal allergy
孤立性線維性腫瘍	Solitary fibrous tumour
完全房室ブロック	Atrioventricular block complete
家族性先端巨大症	Familial acromegaly
家族性周期性麻痺	Familial periodic paralysis
寄生虫アレルギー	Parasite allergy
寒冷ショック反応	Cold shock response
小崎過成長症候群	Kosaki overgrowth syndrome
小腸ポリープ切除	Small intestinal polypectomy
尺骨神経管症候群	Ulnar tunnel syndrome
尿アルカリ化療法	Urine alkalinisation therapy
尿中アルミニウム	Urine aluminium
尿中カリウム増加	Urine potassium increased
尿中カリウム正常	Urine potassium normal
尿中カリウム減少	Urine potassium decreased
尿中カリウム異常	Urine potassium abnormal
尿中ガラクトース	Galactose urine
尿中クレアチニン	Creatinine urine
尿中クロール増加	Urine chloride increased
尿中クロール減少	Urine chloride decreased
尿中グリセリン酸	Glyceric acid urine
尿中シスチン陽性	Cystine urine present
尿中ピリジノリン	Pyridinoline urine
尿中ブドウ糖陰性	Glucose urine absent
尿中ブドウ糖陽性	Glucose urine present
尿中ヘモグロビン	Haemoglobin urine
尿中ポルフィリン	Porphyrins urine
尿中マグネシウム	Urine magnesium
尿中ミオグロビン	Myoglobin urine
尿中メタネフリン	Metanephrine urine
尿中リパーゼ増加	Lipase urine increased
尿中リパーゼ減少	Lipase urine decreased
尿中亜硝酸塩陰性	Nitrite urine absent
尿中亜硝酸塩陽性	Nitrite urine present
尿流動態検査異常	Urodynamics measurement abnormal
尿管ステント挿入	Ureteral stent insertion
尿管ステント除去	Ureteral stent removal
尿細管間質性腎炎	Tubulointerstitial nephritis
尿路系超音波検査	Ultrasound urinary system
尿道ステント挿入	Urethral stent insertion
尿道ステント除去	Urethral stent removal
局所性上皮過形成	Focal epithelial hyperplasia
嵌頓ヘルニア修復	Incarcerated hernia repair
嵌頓大腿ヘルニア	Femoral hernia incarcerated
嵌頓腹部ヘルニア	Abdominal incarcerated hernia
嵌頓裂孔ヘルニア	Incarcerated hiatus hernia
嵌頓鼡径ヘルニア	Incarcerated inguinal hernia
帯状疱疹性咽頭炎	Herpes zoster pharyngitis
強皮症腎クリーゼ	Scleroderma renal crisis
強直性間代性運動	Tonic clonic movements
強膜脈絡膜石灰化	Sclerochoroidal calcification
弾発肩甲骨症候群	Snapping scapula syndrome
形質細胞性外陰炎	Plasma cell vulvitis
形質細胞性白血病	Plasma cell leukaemia
形質細胞性骨髄腫	Plasma cell myeloma
後天性アミノ酸尿	Acquired aminoaciduria
後天性サラセミア	Acquired thalassaemia
後天性円錐水晶体	Acquired lenticonus
後天性染色体異常	Acquired chromosomal abnormality
後天性気管支嚢胞	Acquired bronchial cyst
後天性汗孔角化症	Acquired porokeratosis
後天性肝脳変性症	Acquired hepatocerebral degeneration
後天性胆管拡張症	Cholangiectasis acquired
後天性脊髄空洞症	Acquired syringomyelia
後天性表皮水疱症	Acquired epidermolysis bullosa
後天性遺伝子変異	Acquired gene mutation
後骨間神経症候群	Posterior interosseous syndrome
循環抗凝血素陽性	Circulating anticoagulant positive
心カテーテル検査	Catheterisation cardiac
心内膜線維弾性症	Endocardial fibroelastosis
心室リモデリング	Ventricular remodelling
心室奇異性壁運動	Ventricular dyskinesia
心房内血流転換術	Atrial switch operation
心筋壊死マーカー	Myocardial necrosis marker
心筋血流スキャン	Scan myocardial perfusion
心膜の悪性新生物	Malignant pericardial neoplasm
心膜の良性新生物	Benign pericardium neoplasm
心膜切開後症候群	Postpericardiotomy syndrome
心臓の悪性新生物	Cardiac neoplasm malignant
心臓の良性新生物	Benign cardiac neoplasm
心臓クリアランス	Cardiac clearance
心臓弁弾性線維腫	Cardiac valve fibroelastoma
心臓性溶血性貧血	Cardiac haemolytic anaemia
心電図再分極異常	Electrocardiogram repolarisation abnormality
急性ストレス障害	Acute stress disorder
急性二系統白血病	Acute bilineal leukaemia
急性冠動脈症候群	Acute coronary syndrome
急性出血性結膜炎	Acute haemorrhagic conjunctivitis
急性単球性白血病	Acute monocytic leukaemia
急性同種移植腎症	Acute allograft nephropathy
急性壊死性胆嚢炎	Acute cholecystitis necrotic
急性壊死性脊髄炎	Acute necrotising myelitis
急性大動脈症候群	Acute aortic syndrome
急性好酸球性肺炎	Eosinophilic pneumonia acute
急性弛緩性脊髄炎	Acute flaccid myelitis
急性混合性白血病	Acute biphenotypic leukaemia
急性無菌性関節炎	Acute aseptic arthritis
急性間質性肺臓炎	Idiopathic interstitial pneumonia
急性骨髄性白血病	Acute myeloid leukaemia
性判別不能外性器	Genitalia external ambiguous
性的にアクティブ	Sexually active
恐怖性姿勢めまい	Phobic postural vertigo
悪性副甲状腺腫瘍	Parathyroid tumour malignant
悪性組織球増殖症	Malignant histiocytosis
悪性腸腰筋症候群	Malignant psoas syndrome
悪性萎縮性丘疹症	Malignant atrophic papulosis
感染後糸球体腎炎	Post infection glomerulonephritis
感染性ぶどう膜炎	Infective uveitis
感染性リンパ嚢腫	Infected lymphocele
感染性乳房分泌物	Breast discharge infected
感染性亀頭包皮炎	Balanoposthitis infective
感染性小腸結腸炎	Enterocolitis infectious
感染性心嚢液貯留	Infective pericardial effusion
感染性胆汁性嚢胞	Biloma infected
慢性光線性皮膚炎	Chronic actinic dermatitis
慢性増殖性歯髄炎	Chronic hyperplastic pulpitis
慢性好酸球性肺炎	Eosinophilic pneumonia chronic
慢性特発性蕁麻疹	Chronic spontaneous urticaria
慢性疾患代償不全	Chronic disease decompensation
慢性肉芽腫性疾患	Chronic granulomatous disease
慢性肥厚性喉頭炎	Chronic hyperplastic laryngitis
慢性骨髄性白血病	Chronic myeloid leukaemia
戒律に従った食事	Kosher diet
房室結節機能不全	Atrioventricular node dysfunction
房水のフィブリン	Aqueous fibrin
扁平コンジローマ	Condyloma latum
扁平苔癬類天疱瘡	Lichen planus pemphigoides
扁桃の良性新生物	Tonsillar neoplasm benign
手掌おとがい反射	Palmomental reflex
投与部位そう痒感	Administration site pruritus
投与部位異常感覚	Administration site paraesthesia
投与部位皮膚剥脱	Administration site exfoliation
投与部位知覚不全	Administration site dysaesthesia
投与部位知覚低下	Administration site hypoaesthesia
投与部位知覚消失	Administration site anaesthesia
投与部位知覚過敏	Administration site hyperaesthesia
投与部位過敏反応	Administration site hypersensitivity
抗アレルギー療法	Antiallergic therapy
抗ウイルス薬濃度	Antiviral drug level
抗グリアジン抗体	Antigliadin antibody
抗合成酵素症候群	Antisynthetase syndrome
抗生剤濃度治療量	Antibiotic level therapeutic
抗生物質予防投与	Antibiotic prophylaxis
抗真菌薬予防投与	Antifungal prophylaxis
抗筋内膜抗体検査	Antiendomysial antibody test
抗筋内膜抗体陽性	Antiendomysial antibody positive
抗菌薬感受性試験	Antimicrobial susceptibility test
持続性抑うつ障害	Persistent depressive disorder
持続性隆起性紅斑	Erythema elevatum diutinum
捻曲性骨異形成症	Diastrophic dysplasia
接合部異所性頻脈	Junctional ectopic tachycardia
播種性ムコール症	Disseminated mucormycosis
播種性血管内凝固	Disseminated intravascular coagulation
放射性ヨウ素療法	Radioactive iodine therapy
放射線リンパ浮腫	Radiation lymphoedema
放射線傾眠症候群	Radiation somnolence syndrome
放射線宿酔症候群	Radiation sickness syndrome
放射線性外陰腟炎	Radiation vulvovaginitis
放射線性気管支炎	Radiation bronchitis
放射線性白質脳症	Radiation leukoencephalopathy
放射線性脊柱後弯	Kyphosis radiation
放線菌性皮膚感染	Actinomycotic skin infection
放線菌性腹部感染	Actinomycotic abdominal infection
放線菌症性敗血症	Actinomycotic sepsis
敗血症性ショック	Septic shock
敗血症性凝固異常	Septic coagulopathy
敗血症性心内膜炎	Septic endocarditis
敗血症性肺塞栓症	Septic pulmonary embolism
敗血症性脳塞栓症	Septic cerebral embolism
散弾状網脈絡膜症	Birdshot chorioretinopathy
整形外科検査正常	Orthopaedic examination normal
整形外科検査異常	Orthopaedic examination abnormal
斑点熱リケッチア	Rickettsia rickettsii
新生児チアノーゼ	Cyanosis neonatal
新生児中毒性紅斑	Erythema toxicum neonatorum
新生児壊死性腸炎	Necrotising enterocolitis neonatal
新生児感染性下痢	Diarrhoea infectious neonatal
新生児末梢性浮腫	Peripheral oedema neonatal
新生児灰白症候群	Grey syndrome neonatal
新生児硬膜下出血	Subdural haemorrhage neonatal
新生児筋緊張亢進	Hypertonia neonatal
新生児筋緊張低下	Hypotonia neonatal
新生児細菌性肺炎	Neonatal bacterial pneumonia
新生児肝細胞障害	Hepatocellular damage neonatal
新生児肺高血圧症	Neonatal pulmonary hypertension
新生児胆汁うっ滞	Neonatal cholestasis
新生児脳室内出血	Intraventricular haemorrhage neonatal
新生児行動症候群	Neonatal behavioural syndrome
新生児静脈血栓症	Venous thrombosis neonatal
新生児頭蓋内出血	Intracranial haemorrhage neonatal
日焼け止め過敏症	Sunscreen sensitivity
早朝覚醒型不眠症	Terminal insomnia
早期再分極症候群	Early repolarisation syndrome
最小発育阻止濃度	Minimum inhibitory concentration
末梢動脈バイパス	Peripheral artery bypass
末梢神経不全麻痺	Peripheral nerve paresis
末梢神経注入療法	Peripheral nerve injection
末梢神経過剰興奮	Peripheral nerve hyperexcitability
末梢血管造影正常	Angiogram peripheral normal
末梢血管造影異常	Angiogram peripheral abnormal
本態性血小板血症	Essential thrombocythaemia
根治的前立腺摘除	Radical prostatectomy
梅毒トレポネーマ	Treponema pallidum
梅毒性リンパ節症	Adenopathy syphilitic
椎間関節ブロック	Facet joint block
椎骨動脈形成不全	Vertebral artery hypoplasia
椎骨脳底動脈不全	Vertebrobasilar insufficiency
椎骨脳底動脈卒中	Vertebrobasilar stroke
椎骨脳底動脈梗塞	Vertebrobasilar infarction
椎骨脳底動脈解離	Vertebrobasilar artery dissection
横紋筋肉腫様腫瘍	Rhabdoid tumour
横隔神経刺激症状	Phrenic nerve irritation
橈骨動脈脈拍増加	Radial pulse increased
橈骨動脈脈拍正常	Radial pulse normal
橈骨動脈脈拍減少	Radial pulse decreased
橈骨動脈脈拍異常	Radial pulse abnormal
機械的換気合併症	Mechanical ventilation complication
欲求不満耐性低下	Frustration tolerance decreased
歯のフッ化物療法	Dental fluoride therapy
歯牙フッ素沈着症	Fluorosis dental
歯科補てつ物装着	Dental prosthesis placement
歯科補てつ物除去	Dental prosthesis removal
歯膿瘍ドレナージ	Tooth abscess drainage
毒性学的検査正常	Toxicologic test normal
毒性学的検査異常	Toxicologic test abnormal
毛孔性紅色粃糠疹	Pityriasis rubra pilaris
毛様体扁平部嚢胞	Pars plana cyst
気管の良性新生物	Benign tracheal neoplasm
気管内挿管合併症	Endotracheal intubation complication
気管切開部位感染	Tracheostomy infection
気管支内皮脂肪腫	Endobronchial lipoma
気管支分泌物貯留	Bronchial secretion retention
気管支動脈塞栓術	Bronchial artery embolisation
気管支反応性亢進	Bronchial hyperreactivity
気管支吻合合併症	Bronchial anastomosis complication
気管支病変部切除	Bronchial lesion excision
気管支肺異形成症	Bronchopulmonary dysplasia
気管支鏡検査正常	Bronchoscopy normal
気管支鏡検査異常	Bronchoscopy abnormal
気管支静脈瘤出血	Bronchial varices haemorrhage
気道リモデリング	Airway remodelling
水痘ウイルス検査	Varicella virus test
汎発性膿疱性乾癬	Generalised pustular psoriasis
治療レスポンダー	Therapy responder
泌尿器科検査正常	Urological examination normal
泌尿器科検査異常	Urological examination abnormal
泌尿生殖器新生物	Genitourinary tract neoplasm
泌尿生殖器瘻修復	Urogenital fistula repair
泌尿生殖器黒色腫	Genitourinary melanoma
注入部位そう痒感	Infusion site pruritus
注入部位異常感覚	Infusion site paraesthesia
注入部位皮膚剥脱	Infusion site exfoliation
注入部位知覚不全	Infusion site dysaesthesia
注入部位知覚低下	Infusion site hypoaesthesia
注入部位知覚消失	Infusion site anaesthesia
注入部位知覚過敏	Infusion site hyperaesthesia
注入部位過敏反応	Infusion site hypersensitivity
注射部位そう痒感	Injection site pruritus
注射部位皮膚剥脱	Injection site exfoliation
注射部位知覚不全	Injection site dysaesthesia
注射部位知覚低下	Injection site hypoaesthesia
注射部位知覚消失	Injection site anaesthesia
注射部位知覚異常	Injection site paraesthesia
注射部位知覚過敏	Injection site hyperaesthesia
注射部位脂肪織炎	Injection site panniculitis
注射部位過敏反応	Injection site hypersensitivity
海綿静脈洞症候群	Cavernous sinus syndrome
海綿静脈洞血栓症	Cavernous sinus thrombosis
消化器カンジダ症	Gastrointestinal candidiasis
消化管内視鏡検査	Endoscopy gastrointestinal
消化管粘膜下腫瘍	Gastrointestinal submucosal tumour
消化管間質性腫瘍	Gastrointestinal stromal tumour
淋菌性子宮内膜炎	Endometritis gonococcal
淋菌性子宮頚管炎	Cervicitis gonococcal
深在性嚢胞性胃炎	Gastritis cystica profunda
湿疹のリバウンド	Rebound eczema
溶血性黄疸性貧血	Haemolytic icteroanaemia
滴下投与部位丘疹	Instillation site papules
滴下投与部位乾燥	Instillation site dryness
滴下投与部位冷感	Instillation site coldness
滴下投与部位出血	Instillation site haemorrhage
滴下投与部位分泌	Instillation site discharge
滴下投与部位反応	Instillation site reaction
滴下投与部位壊死	Instillation site necrosis
滴下投与部位変色	Instillation site discolouration
滴下投与部位感染	Instillation site infection
滴下投与部位流涙	Instillation site lacrimation
滴下投与部位浮腫	Instillation site oedema
滴下投与部位潰瘍	Instillation site ulcer
滴下投与部位炎症	Instillation site inflammation
滴下投与部位熱傷	Instillation site burn
滴下投与部位熱感	Instillation site warmth
滴下投与部位痂皮	Instillation site scab
滴下投与部位発疹	Instillation site rash
滴下投与部位硬結	Instillation site induration
滴下投与部位紅斑	Instillation site erythema
滴下投与部位結節	Instillation site nodule
滴下投与部位腫脹	Instillation site swelling
滴下投与部位膿疱	Instillation site pustules
滴下投与部位膿瘍	Instillation site abscess
滴下投与部位萎縮	Instillation site atrophy
滴下投与部位血栓	Instillation site thrombosis
滴下投与部位血腫	Instillation site haematoma
漿液腫ドレナージ	Seroma drainage
潰瘍性十二指腸炎	Ulcerative duodenitis
炎症マーカー上昇	Inflammatory marker increased
炎症マーカー低下	Inflammatory marker decreased
炎症マーカー検査	Inflammatory marker test
炭水化物代謝障害	Carbohydrate metabolism disorder
炭水化物耐性上昇	Carbohydrate tolerance increased
炭水化物耐性低下	Carbohydrate tolerance decreased
点状軟骨異形成症	Chondrodysplasia punctata
無疱疹性帯状疱疹	Zoster sine herpete
無症候性心筋梗塞	Silent myocardial infarction
無症候性洞症候群	Silent sinus syndrome
無白血病性白血病	Aleukaemic leukaemia
爪ジストロフィー	Nail dystrophy
爪囲炎ドレナージ	Paronychia drainage
特発性下顎頭吸収	Idiopathic condylar resorption
特発性環境不耐症	Idiopathic environmental intolerance
特発性硬膜下血腫	Spontaneous subdural haematoma
特発性肺炎症候群	Idiopathic pneumonia syndrome
特発性血管性浮腫	Idiopathic angioedema
球状赤血球性貧血	Spherocytic anaemia
産褥子宮復古不全	Postpartum uterine subinvolution
甲状腺性皮膚障害	Thyroid dermatopathy
甲状腺新生物切除	Thyroid neoplasm removal
甲状腺超音波検査	Ultrasound thyroid
甲状舌管嚢胞感染	Thyroglossal cyst infection
甲状舌管嚢胞摘除	Thyroglossal cyst excision
甲状舌管瘻孔切除	Thyroglossal fistula excision
男性性腺機能低下	Testicular failure
界面液化腔症候群	Interface fluid syndrome
畑ネズミバベジア	Babesia microti
異型リンパ球増加	Atypical lymphocytes increased
異型リンパ過形成	Atypical lymphoid hyperplasia
異形成母斑症候群	Dysplastic naevus syndrome
異所性レニン分泌	Ectopic renin secretion
疎成長期毛症候群	Loose anagen syndrome
疣贅状異常角化腫	Warty dyskeratoma
疣贅状肢端角化症	Acrokeratosis verruciformis
疾患活動性スコア	Disease activity score
痛風結節除去手術	Tophus removal operation
瘢痕ヘルニア修復	Incisional hernia repair
瘢痕ヘルニア嵌頓	Incarcerated incisional hernia
瘢痕ヘルニア穿孔	Incisional hernia perforation
癌スクリーニング	Cancer screening
癌性多発性関節炎	Carcinomatous polyarthritis
癌胎児性抗原増加	Carcinoembryonic antigen increased
癌胎児性抗原正常	Carcinoembryonic antigen normal
癌胎児性抗原減少	Carcinoembryonic antigen decreased
発作性徐脈症候群	Ictal bradycardia syndrome
発疹性偽血管腫症	Eruptive pseudoangiomatosis
発疹熱リケッチア	Rickettsia typhi
白内障手術合併症	Cataract operation complication
白血球停滞症候群	Leukostasis syndrome
白血球接着不全症	Leukocyte adhesion deficiency
白血球減少性腸炎	Enteritis leukopenic
皮膚のつっぱり感	Skin tightness
皮膚のべとつき感	Sticky skin
皮膚ウイルス感染	Viral skin infection
皮膚ノカルジア症	Cutaneous nocardiosis
皮膚リステリア症	Cutaneous listeriosis
皮膚レーザー療法	Skin laser therapy
皮膚粘膜潰瘍形成	Mucocutaneous ulceration
皮膚粘膜眼症候群	Oculomucocutaneous syndrome
皮膚膠原性血管症	Cutaneous collagenous vasculopathy
皮質脳波電極装着	Electrocorticogram electrodes placement
皮質脳波電極除去	Electrocorticogram electrodes removal
直接クームス試験	Coombs direct test
直腸タンポナーデ	Rectal tamponade
直腸チューブ挿入	Rectal tube insertion
直腸ポリープ切除	Rectal polypectomy
真珠様陰茎小丘疹	Pearly penile papules
真菌性リンパ節炎	Lymphadenitis fungal
真菌性乳様突起炎	Mastoiditis fungal
真菌性口腔咽頭炎	Oropharyngitis fungal
真菌性消化管感染	Gastrointestinal fungal infection
眼内レンズ使用者	Intraocular lens user
眼底血圧検査正常	Ophthalmodynamometry normal
眼底血圧検査異常	Ophthalmodynamometry abnormal
眼球運動検査正常	Oculomotor study normal
眼球運動検査異常	Oculomotor study abnormal
眼球運動顔面麻痺	Oculofacial paralysis
眼瞼ウェイト装着	Eyelid weights application
眼瞼脂漏性角化症	Eyelid seborrhoeic keratosis
眼窩先端部症候群	Orbital apex syndrome
眼筋麻痺性片頭痛	Ophthalmoplegic migraine
眼耳介脊椎異形成	Oculoauriculovertebral dysplasia
眼部液ドレナージ	Ophthalmic fluid drainage
眼頭回転反射欠如	Oculocephalogyric reflex absent
睡眠下内視鏡検査	Sleep endoscopy
知能指数検査正常	Intelligence test normal
知能指数検査異常	Intelligence test abnormal
石灰乳胆汁症候群	Limy bile syndrome
破壊性脊椎関節症	Destructive spondyloarthropathy
硝子体嵌頓症候群	Vitreous wick syndrome
硝酸塩化合物療法	Nitrate compound therapy
硬膜下ヒグローマ	Subdural hygroma
神経原性ショック	Neurogenic shock
神経外胚葉新生物	Neuroectodermal neoplasm
神経学的代償不全	Neurological decompensation
神経学的検査正常	Neurological examination normal
神経学的検査異常	Neurological examination abnormal
神経心理学的検査	Neuropsychological test
神経心理学的症状	Neuropsychological symptoms
神経栄養性角膜症	Neurotrophic keratopathy
神経痛性筋萎縮症	Neuralgic amyotrophy
神経精神ループス	Neuropsychiatric lupus
神経細胞遊走障害	Neuronal migration disorder
神経障害性関節症	Neuropathic arthropathy
禁忌医療機器使用	Contraindicated device used
移動性盲腸症候群	Mobile caecum syndrome
穿刺部位そう痒感	Puncture site pruritus
穿刺部位ヘルニア	Puncture site hernia
穿刺部位知覚低下	Puncture site hypoaesthesia
穿孔性吻合部潰瘍	Anastomotic ulcer perforation
穿孔性弾性線維症	Elastosis perforans
穿孔性消化性潰瘍	Peptic ulcer perforation
穿通性大動脈潰瘍	Penetrating aortic ulcer
窒息性胸郭異形成	Asphyxiating thoracic dystrophy
第１中足骨内反症	Metatarsus primus varus
筋ジストロフィー	Muscular dystrophy
筋緊張性発声障害	Muscle tension dysphonia
粘液性子宮内膜癌	Mucinous endometrial carcinoma
精巣スキャン正常	Testicular scan normal
精巣スキャン異常	Testicular scan abnormal
精巣上体嚢胞吸引	Aspiration epididymal cyst
精巣上体嚢胞摘除	Epididymal cyst removal
精巣上体生検正常	Biopsy epididymis normal
精巣上体生検異常	Biopsy epididymis abnormal
精神生理性不眠症	Psychophysiologic insomnia
精神的発育遅延者	Mentally late developer
精神運動機能障害	Psychomotor skills impaired
糖尿病性手関節症	Diabetic cheiroarthropathy
糖尿病性皮膚障害	Diabetic dermopathy
糖尿病性眼筋麻痺	Diabetic ophthalmoplegia
糖尿病性網膜浮腫	Diabetic retinal oedema
糖尿病性胃腸障害	Diabetic gastroenteropathy
糖尿病性血管障害	Diabetic vascular disorder
細胞マーカー増加	Cell marker increased
細胞マーカー減少	Cell marker decreased
細胞遺伝学的分析	Cytogenetic analysis
細胞遺伝学的効果	Cytogenetic response
細胞遺伝学的異常	Cytogenetic abnormality
細菌性リンパ節炎	Lymphadenitis bacterial
細菌性子宮内膜炎	Endometritis bacterial
細菌性消化管感染	Gastrointestinal bacterial infection
組織学的検査正常	Histology normal
組織学的検査異常	Histology abnormal
経口胆嚢造影正常	Cholecystogram oral normal
経口胆嚢造影異常	Cholecystogram oral abnormal
経尿道的膀胱凝固	Transurethral bladder coagulation
経尿道的膀胱切除	Transurethral bladder resection
経表皮性排除疾患	Transepidermal elimination disorder
結核性子宮内膜炎	Tuberculous endometritis
結節性多発動脈炎	Polyarteritis nodosa
結腸ドーナツ切除	Colon donut excision
絞扼性臍ヘルニア	Strangulated umbilical hernia
統合失調感情障害	Schizoaffective disorder
統合失調症様障害	Schizophreniform disorder
続発性免疫不全症	Secondary immunodeficiency
網状赤血球数増加	Reticulocyte count increased
網状赤血球数正常	Reticulocyte count normal
網状赤血球数減少	Reticulocyte count decreased
網状赤血球数異常	Reticulocyte count abnormal
網状赤血球百分率	Reticulocyte percentage
網膜レーザー凝固	Retinal laser coagulation
網膜外層管状構造	Outer retinal tubulation
網膜末梢血管拡張	Retinal telangiectasia
網膜血管造影正常	Angiogram retina normal
網膜血管造影異常	Angiogram retina abnormal
緑内障性視神経症	Glaucomatous optic neuropathy
線維化性結腸疾患	Fibrosing colonopathy
線維形成性中皮腫	Desmoplastic mesothelioma
線維形成性黒色腫	Desmoplastic melanoma
線維性骨皮質欠損	Fibrous cortical defect
線維柱帯色素沈着	Trabecular meshwork pigmentation
線維筋性形成異常	Fibromuscular dysplasia
線維素性唾液管炎	Sialodochitis fibrinosa
線維素性気管支炎	Fibrinous bronchitis
線維腺腫様乳腺症	Fibroadenomatoid mastopathy
緩和的放射線療法	Palliative radiation
縦隔の悪性新生物	Malignant mediastinal neoplasm
縦隔の良性新生物	Benign mediastinal neoplasm
縦隔リンパ節切除	Mediastinal lymphadenectomy
縦隔リンパ節腫脹	Lymphadenopathy mediastinal
肛門ポリープ切除	Anal polypectomy
肛門周囲体毛乱生	Anal trichiasis
肛門性器扁平苔癬	Anogenital lichen planus
肛門性器肉芽腫症	Anogenital granulomatosis
肛門括約筋過緊張	Anal sphincter hypertonia
肛門直腸ヘルペス	Anorectal herpes
肛門直腸ポリープ	Anorectal polyp
肛門直腸内圧測定	Anorectal manometry
肛門直腸帯状疱疹	Anorectal herpes zoster
肛門直腸感覚消失	Anorectal sensory loss
肝アブレーション	Liver ablation
肝炎ウイルス検査	Hepatitis viral test
肝胆道系障害予防	Hepatobiliary disorder prophylaxis
肝超音波検査正常	Ultrasound liver normal
肝超音波検査異常	Ultrasound liver abnormal
肢先端脳梁症候群	Acrocallosal syndrome
肥満細胞性白血病	Mastocytic leukaemia
肩回旋筋腱板修復	Rotator cuff repair
肺アブレーション	Pulmonary ablation
肺リンパ管拡張症	Pulmonary lymphangiectasia
肺内リンパ節腫脹	Intrapulmonary lymphadenopathy
肺創路切開止血術	Pulmonary tractotomy
肺動脈内膜剥離術	Pulmonary endarterectomy
肺原発悪性黒色腫	Primary pulmonary melanoma
肺成熟障害症候群	Pulmonary dysmaturity syndrome
肺炎球菌性中耳炎	Otitis media pneumococcal
肺炎球菌性敗血症	Pneumococcal sepsis
肺炎球菌性腹膜炎	Peritonitis pneumococcal
肺炎球菌性菌血症	Pneumococcal bacteraemia
肺炎球菌性髄膜炎	Meningitis pneumococcal
肺門リンパ節腫脹	Hilar lymphadenopathy
肺高血圧クリーゼ	Pulmonary hypertensive crisis
胃ステープリング	Gastric stapling
胃バンディング術	Gastric banding
胃十二指腸動脈瘤	Gastroduodenal artery aneurysm
胃粘膜石灰沈着症	Gastric mucosal calcinosis
胃腸ポリープ出血	Gastrointestinal polyp haemorrhage
胃腸管動静脈奇形	Gastrointestinal arteriovenous malformation
胃腸管血管異形成	Gastrointestinal angiodysplasia
胃酸分泌過多再燃	Rebound acid hypersecretion
胃食道逆流性疾患	Gastrooesophageal reflux disease
胆嚢ポリープ切除	Gallbladder polypectomy
胆嚢内乳頭状腫瘍	Intracholecystic papillary neoplasm
胆嚢腺扁平上皮癌	Gallbladder adenosquamous carcinoma
胆汁うっ滞性肝炎	Hepatitis cholestatic
胆汁うっ滞性黄疸	Jaundice cholestatic
胆道の良性新生物	Benign biliary neoplasm
胆道ジスキネジア	Biliary dyskinesia
胆道鋳造物症候群	Biliary cast syndrome
胎児の麻酔合併症	Anaesthetic complication foetal
胎児アシドーシス	Foetal acidosis
胎児タバコ症候群	Foetal tobacco syndrome
胎児ヘモグロビン	Foetal haemoglobin
胎児モニタリング	Foetal monitoring
胎児性横紋筋肉腫	Embryonal rhabdomyosarcoma
胎児血管潅流障害	Foetal vascular malperfusion
胎児頻脈性不整脈	Foetal tachyarrhythmia
胎盤遺残除去手術	Retained placenta operation
胞巣状横紋筋肉腫	Alveolar rhabdomyosarcoma
胸腔チューブ挿入	Chest tube insertion
胸腔チューブ除去	Chest tube removal
胸膜の良性新生物	Benign pleural neoplasm
胸部スキャン異常	Chest scan abnormal
胸部打聴診音増強	Thorax hyperphonesis
胸部脊柱管狭窄症	Thoracic spinal stenosis
胸鎖乳突筋症候群	Sternocleidomastoid syndrome
胸骨鋼線結紮固定	Sternal wiring
脂肪過負荷症候群	Fat overload syndrome
脈絡叢黄色肉芽腫	Choroid plexus xanthogranuloma
脊椎後方すべり症	Spinal retrolisthesis
脊椎骨端異形成症	Spondyloepiphyseal dysplasia
脊髄くも膜下出血	Spinal subarachnoid haemorrhage
脊髄コルドトミー	Spinal cordotomy
脊髄分節機能不全	Spinal segmental dysfunction
脱分化型脂肪肉腫	Dedifferentiated liposarcoma
脳アミロイド小体	Corpora amylacea brain
脳卒中後てんかん	Post stroke epilepsy
脳卒中後痙攣発作	Post stroke seizure
脳実質外動脈解離	Precerebral artery dissection
脳実質外動脈閉塞	Precerebral artery occlusion
脳底動脈型片頭痛	Basilar migraine
脳心筋炎ウイルス	Encephalomyocarditis virus
脳毛細血管拡張症	Cerebral capillary telangiectasia
脳海綿状血管奇形	Cerebral cavernous malformation
脳神経膠細胞集合	Brain satellitosis
脳肋骨下顎症候群	Cerebrocostomandibular syndrome
脳血管動静脈奇形	Cerebrovascular arteriovenous malformation
脳血管漏斗状拡大	Cerebrovascular infundibular dilatation
脳超音波検査正常	Echoencephalogram normal
脳超音波検査異常	Echoencephalogram abnormal
脾臓の悪性新生物	Malignant splenic neoplasm
脾臓スキャン正常	Spleen scan normal
脾臓スキャン異常	Spleen scan abnormal
脾臓分離クリーゼ	Splenic sequestration crisis
腋窩リンパ節郭清	Axillary lymphadenectomy
腎アブレーション	Kidney ablation
腎尿細管機能障害	Renal tubular dysfunction
腎炎関連自己抗体	Nephritic factor autoantibody
腎臓の良性新生物	Benign renal neoplasm
腎超音波検査正常	Ultrasound kidney normal
腎超音波検査異常	Ultrasound kidney abnormal
腕橈骨筋そう痒症	Brachioradial pruritus
腟ペッサリー抜去	Vaginal pessary removal
腟ペッサリー挿入	Vaginal pessary insertion
腫瘍マーカー上昇	Tumour marker increased
腫瘍マーカー低下	Tumour marker decreased
腫瘍マーカー検査	Tumour marker test
腫瘍マーカー異常	Tumour marker abnormal
腫瘍ワクチン療法	Tumour vaccine therapy
腫瘍縮小効果判定	Tumour response assessment
腫瘍随伴性低血糖	Paraneoplastic hypoglycaemia
腫瘍随伴性多毛症	Paraneoplastic hypertrichosis
腫瘍随伴性天疱瘡	Paraneoplastic pemphigus
腫瘍随伴性皮膚症	Paraneoplastic dermatosis
腫瘍随伴性紅痛症	Paraneoplastic erythromelalgia
腫瘍随伴性網膜症	Paraneoplastic retinopathy
腫瘍随伴性血栓症	Paraneoplastic thrombosis
腫瘍随伴性関節炎	Paraneoplastic arthritis
腰仙部神経叢病変	Lumbosacral plexus lesion
腰仙部神経叢障害	Lumbosacral plexopathy
腰仙部神経根障害	Lumbosacral radiculopathy
腰部脊柱管狭窄症	Lumbar spinal stenosis
腸トリコモナス症	Trichomoniasis intestinal
腸球菌性心内膜炎	Endocarditis enterococcal
腸管ステント挿入	Intestinal stent insertion
腸管ステント除去	Intestinal stent removal
腸管移植拒絶反応	Intestine transplant rejection
腸間膜リンパ節炎	Mesenteric lymphadenitis
腸間膜動脈塞栓術	Mesenteric artery embolisation
腸間膜動脈硬化症	Mesenteric arteriosclerosis
腸間膜動脈血栓症	Mesenteric artery thrombosis
腸間膜牽引症候群	Mesenteric traction syndrome
腸間膜静脈塞栓症	Mesenteric vein embolism
腸間膜静脈硬化症	Mesenteric phlebosclerosis
腸間膜静脈血栓症	Thrombosis mesenteric vessel
腹腔静脈シャント	Peritoneovenous shunt
腹膜の悪性新生物	Malignant peritoneal neoplasm
腹膜の良性新生物	Benign peritoneal neoplasm
腹膜癒着部切離術	Peritoneal adhesions division
腹膜透析排液検査	Peritoneal effluent analysis
腹膜透析排液正常	Peritoneal effluent normal
腹膜透析排液混濁	Peritoneal cloudy effluent
腹膜透析排液異常	Peritoneal effluent abnormal
腹部の良性新生物	Benign abdominal neoplasm
腹部スキャン正常	Abdomen scan normal
腹部スキャン異常	Scan abdomen abnormal
腹部ヘルニア修復	Abdominal hernia repair
腹部ヘルニア感染	Abdominal hernia infection
腹部ヘルニア穿孔	Abdominal hernia perforation
腹部リンパ節腫脹	Abdominal lymphadenopathy
膀胱タンポナーデ	Bladder tamponade
膀胱ポリープ切除	Bladder polypectomy
膀胱毛細血管拡張	Bladder telangiectasia
膝窩動脈脈拍増加	Popliteal pulse increased
膝窩動脈脈拍正常	Popliteal pulse normal
膝窩動脈脈拍減少	Popliteal pulse decreased
膝窩動脈脈拍異常	Popliteal pulse abnormal
膝窩翼状片症候群	Popliteal pterygium syndrome
膵嚢胞ドレナージ	Pancreatic cyst drainage
膵神経内分泌腫瘍	Pancreatic neuroendocrine tumour
膵管ステント留置	Pancreatic stent placement
膵管ステント除去	Pancreatic stent removal
膵臓の良性新生物	Benign pancreatic neoplasm
膵超音波検査正常	Ultrasound pancreas normal
膵超音波検査異常	Ultrasound pancreas abnormal
自己免疫性卵巣炎	Autoimmune oophoritis
自己免疫性大腸炎	Autoimmune colitis
自己免疫性心筋炎	Autoimmune myocarditis
自己免疫性心膜炎	Autoimmune pericarditis
自己免疫性皮膚炎	Autoimmune dermatitis
自己免疫性網膜症	Autoimmune retinopathy
自己免疫性肺疾患	Autoimmune lung disease
自己免疫性胆管炎	Autoimmune cholangitis
自己免疫性脊髄炎	Autoimmune myelitis
自己免疫性関節炎	Autoimmune arthritis
自律神経異常反射	Autonomic dysreflexia
自然災害の目撃者	Natural disaster witness
自発的オルガズム	Spontaneous orgasm
自閉症広域表現型	Broad autism phenotype
舌下神経不全麻痺	Hypoglossal nerve paresis
良性前立腺肥大症	Benign prostatic hyperplasia
良性副甲状腺腫瘍	Parathyroid tumour benign
良性家族性天疱瘡	Benign familial pemphigus
良性膵高酵素血症	Benign pancreatic hyperenzymaemia
良性若年性黒色腫	Juvenile melanoma benign
若年性多発性筋炎	Juvenile polymyositis
若年性脊椎関節炎	Juvenile spondyloarthritis
若年性血管線維腫	Juvenile angiofibroma
若年性足底皮膚症	Juvenile plantar dermatosis
若年性黄色肉芽腫	Juvenile xanthogranuloma
若年欠神てんかん	Juvenile absence epilepsy
落屑性炎症性腟炎	Desquamative inflammatory vaginitis
薬剤再投与後再発	Drug rechallenge positive
薬剤漸増漸減過誤	Drug titration error
薬物クリアランス	Drug clearance
薬物濃度上下変動	Drug level fluctuating
薬物特異体質反応	Idiosyncratic drug reaction
虚血性僧帽弁逆流	Ischaemic mitral regurgitation
蛋白アルブミン比	Protein albumin ratio
蛋白細胞解離陽性	Albuminocytological dissociation present
蛋白電気泳動正常	Electrophoresis protein normal
蛋白電気泳動異常	Electrophoresis protein abnormal
蛍光血管造影正常	Fluorescence angiogram normal
蛍光血管造影異常	Fluorescence angiogram abnormal
蠕虫性リンパ節炎	Lymphadenitis helminthic
血中アルミニウム	Blood aluminium
血中エストロゲン	Blood oestrogen
血中エラスターゼ	Blood elastase
血中カリウム増加	Blood potassium increased
血中カリウム正常	Blood potassium normal
血中カリウム減少	Blood potassium decreased
血中カリウム異常	Blood potassium abnormal
血中カルシトニン	Blood calcitonin
血中ガラクトース	Blood galactose
血中クレアチニン	Blood creatinine
血中クロール増加	Blood chloride increased
血中クロール正常	Blood chloride normal
血中クロール減少	Blood chloride decreased
血中クロール異常	Blood chloride abnormal
血中コバルト増加	Blood cobalt increased
血中コルチゾール	Blood cortisol
血中ブドウ糖増加	Blood glucose increased
血中ブドウ糖変動	Blood glucose fluctuation
血中ブドウ糖正常	Blood glucose normal
血中ブドウ糖減少	Blood glucose decreased
血中ブドウ糖異常	Blood glucose abnormal
血中プロラクチン	Blood prolactin
血中マグネシウム	Blood magnesium
血中ミオグロビン	Myoglobin blood
血中成長ホルモン	Blood growth hormone
血中重炭酸塩増加	Blood bicarbonate increased
血中重炭酸塩正常	Blood bicarbonate normal
血中重炭酸塩減少	Blood bicarbonate decreased
血中重炭酸塩異常	Blood bicarbonate abnormal
血友病キャリアー	Haemophilia carrier
血小板凝集能検査	Platelet aggregation test
血小板大小不同症	Platelet anisocytosis
血小板機能異常症	Platelet dysfunction
血小板粘着性増加	Platelet adhesiveness increased
血小板粘着性正常	Platelet adhesiveness normal
血小板粘着性減少	Platelet adhesiveness decreased
血小板粘着性異常	Platelet adhesiveness abnormal
血性腹膜透析排液	Bloody peritoneal effluent
血栓性微小血管症	Thrombotic microangiopathy
血液学的悪性疾患	Haematological neoplasm
血液学的検査正常	Haematology test normal
血液学的検査異常	Haematology test abnormal
血液学的血清療法	Haematologic serotherapy
血清学的検査正常	Serology normal
血清学的検査異常	Serology abnormal
血清学的検査陰性	Serology negative
血清学的検査陽性	Serology positive
血管の良性新生物	Benign vascular neoplasm
血管アクセス留置	Vascular access placement
血管ステント挿入	Vascular stent insertion
血管ステント狭窄	Vascular stent stenosis
血管ステント閉塞	Vascular stent occlusion
血管ステント除去	Vascular stent removal
血管デバイス感染	Vascular device infection
血管デバイス閉塞	Vascular device occlusion
血管偽動脈瘤破裂	Vascular pseudoaneurysm ruptured
血管吻合部動脈瘤	Vascular anastomosis aneurysm
血管形成後再狭窄	Post angioplasty restenosis
血行力学検査正常	Haemodynamic test normal
血行力学検査異常	Haemodynamic test abnormal
術前ホルモン療法	Preoperative hormone treatment
術後卵巣機能不全	Ovarian failure postoperative
術後急性唾液腺炎	Acute postoperative sialadenitis
術後精巣機能不全	Testicular failure postoperative
表在性静脈血栓症	Superficial vein thrombosis
被嚢性腹膜硬化症	Encapsulating peritoneal sclerosis
裂孔ヘルニア修復	Hernia hiatus repair
裂孔原性網膜剥離	Rhegmatogenous retinal detachment
製品の化学的汚染	Product contamination chemical
製品の微生物汚染	Product contamination microbial
製品の物理的汚染	Product contamination physical
製品サイズの問題	Product size issue
製品付着性の問題	Product adhesion issue
製品供給力の問題	Product availability issue
製品流通時の問題	Product distribution issue
製品溶解性の異常	Product solubility abnormal
規定量以上の投与	Extra dose administered
視覚情報処理障害	Visual processing disorder
角膜局所所見正常	Topography corneal normal
角膜局所所見異常	Topography corneal abnormal
解離性同一性障害	Dissociative identity disorder
解離性心筋内血腫	Intramyocardial dissecting haematoma
誤った製品の保管	Wrong product stored
誤った製品の調達	Wrong product procured
誤った製品の適用	Wrong product administered
赤血球系成熟停止	Erythroid maturation arrest
超音波内視鏡検査	Endoscopic ultrasound
足底腱膜線維腫症	Plantar fascial fibromatosis
足病学的検査正常	Podiatric examination normal
足病学的検査異常	Podiatric examination abnormal
足関節上腕血圧比	Ankle brachial index
距骨下関節制動術	Subtalar arthroereisis
身体障害の近親者	Disabled relative
軟膜下皮質多切術	Multiple subpial transection
軟骨の良性新生物	Benign cartilage neoplasm
軟骨外胚葉異形成	Chondroectodermal dysplasia
軽症型サラセミア	Thalassaemia minor
輪状咽頭機能不全	Cricopharyngeal dysfunction
近視性牽引黄斑症	Myopic traction maculopathy
透析による高血圧	Dialysis induced hypertension
透析不均衡症候群	Dialysis disequilibrium syndrome
透析時非経腸栄養	Intradialytic parenteral nutrition
通年性アレルギー	Perennial allergy
造影剤アレルギー	Contrast media allergy
進行性ワクシニア	Progressive vaccinia
進行性塊状線維症	Progressive massive fibrosis
進行性外眼筋麻痺	Progressive external ophthalmoplegia
進行性小脳変性症	Progressive cerebellar degeneration
進行性核上性麻痺	Progressive supranuclear palsy
遅発性アカシジア	Tardive akathisia
遊走性血栓静脈炎	Thrombophlebitis migrans
遊離サイロキシン	Thyroxine free
遊離ヘモグロビン	Free haemoglobin
運動失調評価尺度	Ataxia assessment scale
過剰可動性症候群	Hypermobility syndrome
適用部位そう痒感	Application site pruritus
適用部位異常感覚	Application site paraesthesia
適用部位皮膚剥脱	Application site exfoliation
適用部位知覚不全	Application site dysaesthesia
適用部位知覚低下	Application site hypoaesthesia
適用部位知覚消失	Application site anaesthesia
適用部位知覚過敏	Application site hyperaesthesia
適用部位過敏反応	Application site hypersensitivity
遺伝性小球性貧血	Hereditary microcytic anaemia
遺伝性掌蹠角化症	Hereditary palmoplantar keratoderma
遺伝性溶血性貧血	Hereditary haemolytic anaemia
遺伝性痙性対麻痺	Hereditary spastic paraplegia
遺伝性脳変性疾患	Hereditary cerebral degeneration
遺伝性血管性浮腫	Hereditary angioedema
遺伝性視神経萎縮	Hereditary optic atrophy
遺伝性運動失調症	Hereditary ataxia
避妊スポンジ使用	Contraceptive sponge use
避妊用ペッサリー	Contraceptive diaphragm
配偶子卵管内移植	Gamete intrafallopian transfer
鉄欠乏性嚥下障害	Sideropenic dysphagia
鎌状赤血球網膜症	Retinopathy sickle cell
鎖骨下動脈塞栓症	Subclavian artery embolism
鎖骨下動脈硬化症	Subclavian arteriosclerosis
鎖骨下動脈血栓症	Subclavian artery thrombosis
鎖骨下静脈塞栓症	Subclavian vein embolism
鎖骨下静脈血栓症	Subclavian vein thrombosis
門脈周囲洞拡張症	Periportal sinus dilatation
門脈圧亢進性腸症	Portal hypertensive enteropathy
閉塞性喉頭気管炎	Laryngotracheitis obstructive
閉塞性細気管支炎	Obliterative bronchiolitis
閉塞性網膜血管炎	Retinal occlusive vasculitis
閉経後骨量減少症	Postmenopausal osteopenia
閉鎖骨折徒手整復	Closed fracture manipulation
間接クームス試験	Coombs indirect test
間欠性爆発性障害	Intermittent explosive disorder
間脳性内分泌障害	Endocrinopathy diencephalic
関節の悪性新生物	Malignant joint neoplasm
関節の良性新生物	Benign joint neoplasm
関節液ドレナージ	Joint fluid drainage
陰茎の良性新生物	Benign penile neoplasm
陰茎海綿体血栓症	Thrombosis corpora cavernosa
陰部単純ヘルペス	Genital herpes simplex
陰部神経ブロック	Pudendal block
陰部神経管症候群	Pudendal canal syndrome
離脱性カタトニー	Withdrawal catatonia
電子タバコ使用者	Electronic cigarette user
静脈うっ滞網膜症	Venous stasis retinopathy
静脈ステント挿入	Venous stent insertion
静脈内平滑筋腫症	Intravenous leiomyomatosis
静脈血酸素飽和度	Venous oxygen saturation
静脈閉塞性肝疾患	Venoocclusive liver disease
非定型大腿骨骨折	Atypical femur fracture
非感染性クループ	Croup noninfectious
非感染性唾液腺炎	Noninfective sialoadenitis
非感染性心内膜炎	Endocarditis noninfective
非感染性気管支炎	Noninfective bronchitis
非感染性脳脊髄炎	Noninfective encephalomyelitis
非確定的検査結果	Indeterminate investigation result
頚動脈内膜剥離術	Carotid endarterectomy
頚動脈延長拡張症	Carotid artery dolichoectasia
頚動脈破裂症候群	Carotid blowout syndrome
頚椎症性筋萎縮症	Cervical spondylotic amyotrophy
頚神経叢ブロック	Cervical plexus block
頚部脊柱管狭窄症	Cervical spinal stenosis
頭蓋内悪性髄膜腫	Intracranial meningioma malignant
頭蓋形状誘導療法	Cranial remodelling therapy
頭部乳頭状皮膚炎	Dermatitis papillaris capillitii
顆粒球百分率増加	Granulocyte percentage increased
顆粒球百分率減少	Granulocyte percentage decreased
顔面指性器異形成	Faciodigitogenital dysplasia
類表皮嚢胞切除術	Epidermoid cyst excision
食事による鉄過剰	Dietary iron overload
食物との相互作用	Food interaction
食道の良性新生物	Benign oesophageal neoplasm
食道ジスキネジア	Dyskinesia oesophageal
食道ステント狭窄	Oesophageal stent stenosis
食道ステント除去	Oesophageal stent removal
食道タンポナーデ	Oesophageal tamponade
食道ポリープ切除	Oesophageal polypectomy
食道多発輪状狭窄	Feline oesophagus
食道腺扁平上皮癌	Oesophageal adenosquamous carcinoma
骨デブリードマン	Bone debridement
骨内アクセス留置	Intraosseous access placement
骨折による偽関節	Fracture nonunion
骨盤内炎症性疾患	Pelvic inflammatory disease
骨盤部超音波検査	Ultrasound pelvis
骨髄増殖性新生物	Myeloproliferative neoplasm
骨髄炎ドレナージ	Osteomyelitis drainage
骨髄球百分率増加	Myelocyte percentage increased
骨髄球百分率減少	Myelocyte percentage decreased
骨髄異形成症候群	Myelodysplastic syndrome
髄腔内ポンプ挿入	Intrathecal pump insertion
髄膜炎菌性心筋炎	Myocarditis meningococcal
髄膜炎菌性心膜炎	Pericarditis meningococcal
髄膜炎菌性心臓炎	Meningococcal carditis
髄膜炎菌性敗血症	Meningococcal sepsis
髄膜炎菌性菌血症	Meningococcal bacteraemia
髄膜炎菌性髄膜炎	Meningitis meningococcal
高ナトリウム尿症	Urine sodium increased
高血圧性血管障害	Hypertensive angiopathy
高血糖性意識消失	Hyperglycaemic unconsciousness
鳥インフルエンザ	Avian influenza
黄斑部網膜厚測定	Macula thickness measurement
黒色菌糸症脳膿瘍	Phaeohyphomycotic brain abscess
鼓膜聴力検査正常	Tympanometry normal
鼓膜聴力検査異常	Tympanometry abnormal
鼡径ヘルニア穿孔	Inguinal hernia perforation
鼻うっ血除去療法	Nasal decongestion therapy
鼻プロテーゼ挿入	Nose prosthesis insertion
鼻汁中好酸球陽性	Nasal eosinophils present
鼻脳型ムコール症	Rhinocerebral mucormycosis
Ｓ状静脈洞血栓症	Sigmoid sinus thrombosis
C.エレガンス	Caenorhabditis elegans
βグロビン異常	Beta globin abnormal
うっ滞性皮膚炎	Stasis dermatitis
うっ血性心不全	Cardiac failure congestive
うっ血性肝障害	Congestive hepatopathy
くも膜嚢胞手術	Arachnoid cyst surgery
つぎ足歩行検査	Tandem gait test
てんかんの前兆	Epileptic aura
てんかん性脳症	Epileptic encephalopathy
てんかん精神病	Epileptic psychosis
びまん性脱毛症	Diffuse alopecia
びらん性亀頭炎	Erosive balanitis
びらん性大腸炎	Colitis erosive
びらん性膀胱炎	Cystitis erosive
びらん性食道炎	Erosive oesophagitis
ぶどう膜黒色腫	Uveal melanoma
アイパッチ適用	Eye patch application
アエロゲネス菌	Enterobacter aerogenes
アエロコッカス	Aerococcus
アエロバクター	Enterobacter
アコレプラスマ	Acholeplasma
アセトバクター	Acetobacter
アセブトロール	Acebutolol
アゾスピリルム	Azospirillum
アゾトバクター	Azotobacter
アデノイド肥大	Adenoidal hypertrophy
アデノイド障害	Adenoidal disorder
アニソマイシン	Anisomycin
アブラツノザメ	Squalus acanthias
アポクリン汗疹	Apocrine miliaria
アマルガム刺青	Amalgam tattoo
アミラーゼ増加	Amylase increased
アミラーゼ正常	Amylase normal
アミラーゼ減少	Amylase decreased
アミラーゼ異常	Amylase abnormal
アルカリ大便菌	Alcaligenes faecalis
アルコバクター	Arcobacter
アルコール中毒	Alcohol poisoning
アルコール乱用	Alcohol abuse
アルコール検査	Alcohol test
アルテロモナス	Alteromonas
アレルギー予防	Allergy prophylaxis
アレルギー検査	Allergy test
アンモニア増加	Ammonia increased
アンモニア正常	Ammonia normal
アンモニア減少	Ammonia decreased
アンモニア異常	Ammonia abnormal
アーレン症候群	Irlen syndrome
イオノマイシン	Ionomycin
イソ吉草酸血症	Isovaleric acidaemia
インスリン療法	Insulin therapy
ウイルス性発疹	Viral rash
ウイルス性筋炎	Viral myositis
ウイルス性肝炎	Hepatitis viral
ウイルス性肺炎	Pneumonia viral
ウイルス性胃炎	Gastritis viral
ウイルス性脳炎	Encephalitis viral
ウイルス性腟炎	Vaginitis viral
ウイルス性腸炎	Enterocolitis viral
ウイルス性膵炎	Pancreatitis viral
ウイルス性鼻炎	Viral rhinitis
ウイルス重感染	Superinfection viral
ウイルス量増加	Viral load increased
ウイルス量減少	Viral load decreased
ウイルス量異常	Viral load abnormal
ウエスト周囲径	Waist circumference
ウシモラクセラ	Moraxella bovis
ウレアプラズマ	Ureaplasma
エキノマイシン	Echinomycin
エストロン増加	Oestrone increased
エストロン減少	Oestrone decreased
エゾアカガエル	Rana temporaria
エドワージエラ	Edwardsiella
エナメル上皮癌	Ameloblastic carcinoma
エナメル質異常	Enamel anomaly
エルシニア感染	Yersinia infection
エルシニア検査	Yersinia test
エーリキア検査	Ehrlichia test
オエノコッカス	Oenococcus
オオヒキガエル	Bufo marinus
オクロモナス属	Ochromonas
オグデン症候群	Ogden syndrome
オムスク出血熱	Omsk haemorrhagic fever
オメプラゾール	Omeprazole
オランウータン	Pongo pygmaeus
オルガズム異常	Orgasm abnormal
オルトレキシア	Orthorexia nervosa
オルフウイルス	Orf virus
オロプーシェ熱	Oropouche fever
オーメン症候群	Omenn syndrome
カウロバクター	Caulobacter
カテーテル留置	Catheter placement
カテーテル管理	Catheter management
カテーテル除去	Catheter removal
カニングハメラ	Cunninghamella
カフェイン依存	Caffeine dependence
カフェイン消費	Caffeine consumption
カルシウム中毒	Calcium intoxication
カルシウム欠乏	Calcium deficiency
カルシマイシン	Calcimycin
カルニチン増加	Carnitine increased
カルニチン正常	Carnitine normal
カルニチン減少	Carnitine decreased
カルニチン異常	Carnitine abnormal
カワリミズカビ	Allomyces
カンジダ性肺炎	Candida pneumonia
カーニー複合体	Carney complex
ガルシニアコラ	Garcinia kola
ガンサー症候群	Ganser syndrome
キサントモナス	Xanthomonas
キタサマイシン	Kitasamycin
ギプス包帯使用	Cast application
ギプス包帯除去	Cast removal
ギャンブル障害	Gambling disorder
クックス症候群	Cooks syndrome
クラミジア感染	Chlamydial infection
クラミジア検査	Chlamydia test
クリスタル腎症	Crystal nephropathy
クロタネソウ属	Nigella
クローン性造血	Clonal haematopoiesis
グアナーゼ増加	Guanase increased
グラム染色陰性	Gram stain negative
グラム染色陽性	Gram stain positive
グリセリ症候群	Griscelli syndrome
グルテン失調症	Gluten ataxia
グルテン過敏症	Gluten sensitivity
グロブリン増加	Globulins increased
グロブリン減少	Globulins decreased
グロブリン異常	Globulin abnormal
ケモカイン増加	Chemokine increased
ケモカイン検査	Chemokine test
ケモカイン減少	Chemokine decreased
ケモカイン異常	Chemokine abnormal
コクシエラ感染	Coxiella infection
コクシエラ検査	Coxiella test
コステロ症候群	Costello syndrome
コホルマイシン	Coformycin
コリン性蕁麻疹	Urticaria cholinergic
コロラドダニ熱	Colorado tick fever
コーエン症候群	Cohen syndrome
コーニス症候群	Kounis syndrome
サイクロスポラ	Cyclospora
サルベージ療法	Salvage therapy
サルモネラ検査	Salmonella test
サル痘ウイルス	Monkeypox virus
サヴァン症候群	Savant syndrome
サーモプラズマ	Thermoplasma
ザントバクター	Xanthobacter
シェロング試験	Schellong test
シトロバクター	Citrobacter
シネココッカス	Synechococcus
シミター症候群	Scimitar syndrome
シャピロ症候群	Shapiro syndrome
シャント血栓症	Shunt thrombosis
シュードモナス	Pseudomonas
シリコン肉芽腫	Silicon granuloma
シリンジの問題	Syringe issue
シロアリタケ属	Termitomyces
シンブウイルス	Simbu virus
ジアルジア検査	Giardia test
ジストニア振戦	Dystonic tremor
ジフテリア免疫	Diphtheria immunisation
ジョサマイシン	Josamycin
スタノゾロール	Stanozolol
ステロイド依存	Steroid dependence
ステロイド活性	Steroid activity
ステロイド療法	Steroid therapy
ストレス心筋症	Stress cardiomyopathy
ストーマ合併症	Stoma complication
ストーマ部出血	Stoma site haemorrhage
ストーマ部分泌	Stoma site discharge
ストーマ部創傷	Stoma site wound
ストーマ部反応	Stoma site reaction
ストーマ部感染	Stoma site infection
ストーマ部浮腫	Stoma site oedema
ストーマ部潰瘍	Stoma site ulcer
ストーマ部炎症	Stoma site inflammation
ストーマ部疼痛	Stoma site pain
ストーマ部発疹	Stoma site rash
ストーマ部硬結	Stoma site induration
ストーマ部紅斑	Stoma site erythema
ストーマ部膿瘍	Stoma site abscess
ストーマ部虚血	Stoma site ischaemia
ストーマ部血栓	Stoma site thrombosis
ストーマ静脈瘤	Stomal varices
スピラマイシン	Spiramycin
スピロプラズマ	Spiroplasma
スプリント装着	Splint application
セイヨウハッカ	Mentha piperita
セクレチン試験	Secretin test
セザリー細胞数	Sezary cell count
セラチア性肺炎	Pneumonia serratia
セリプロロール	Celiprolol
セレニウム欠乏	Selenium deficiency
ゼッケル症候群	Seckel syndrome
ソウルウイルス	Seoul virus
タバコ使用障害	Tobacco abuse
タバコ相互作用	Tobacco interaction
タバコ離脱症状	Tobacco withdrawal symptoms
タルウマゴヤシ	Medicago truncatula
タンジエール病	Tangier disease
ダニアレルギー	Mite allergy
ダプトマイシン	Daptomycin
ダーサン症候群	Dursun syndrome
ツニカマイシン	Tunicamycin
ティノスポラ属	Tinospora
テルソン症候群	Terson syndrome
テルモコックス	Thermococcus
テンシロン試験	Tensilon test
デイノコッカス	Deinococcus
デバリオミセス	Debaryomyces
トキソプラズマ	Toxoplasma
トノサマバッタ	Locusta migratoria
トブラマイシン	Tobramycin
トヨカマイシン	Toyocamycin
トリコフィトン	Trichophyton
トロポニン増加	Troponin increased
トロポニン正常	Troponin normal
トロポニン減少	Troponin decreased
トロポニン異常	Troponin abnormal
トロンビン時間	Thrombin time
トンネル状視野	Tunnel vision
ドライニードル	Dry needling
ナイセリア感染	Neisseria infection
ナイセリア検査	Neisseria test
ナックルパッド	Knuckle pads
ナトリウム貯留	Sodium retention
ニコチン酸欠乏	Nicotinic acid deficiency
ニトレンジピン	Nitrendipine
ニトロバクター	Nitrobacter
ニューロスポラ	Neurospora
ヌーナン症候群	Noonan syndrome
ネグレリア感染	Naegleria infection
ネコ引っかき病	Cat scratch disease
ネズミチフス菌	Salmonella typhimurium
ネブラマイシン	Nebramycin
ネルフィナビル	Nelfinavir
ノガラマイシン	Nogalamycin
ハイリスク妊娠	High risk pregnancy
ハートナップ病	Hartnup disease
ハーブ相互作用	Herbal interaction
バイオマイシン	Viomycin
バラムチア感染	Balamuthia infection
バリノマイシン	Valinomycin
バルトネラ検査	Bartonella test
バンカート病変	Bankart lesion
バンコマイシン	Vancomycin
バーローテスト	Barlow test
パエニバチルス	Paenibacillus
パクタマイシン	Pactamycin
パスツレラ感染	Pasteurella infection
パタスモンキー	Erythrocebus patas
パテルギー反応	Pathergy reaction
パリノー症候群	Parinaud syndrome
パロモマイシン	Paromomycin
ヒスタミン正常	Histamine normal
ヒスタミン濃度	Histamine level
ヒスタミン異常	Histamine abnormal
ヒストプラスマ	Histoplasma
ヒツジ偽結核菌	Corynebacterium pseudotuberculosis
ヒメゾウリムシ	Paramecium aurelia
ビソプロロール	Bisoprolol
ファイトプズマ	Phytoplasma
フィタン酸増加	Phytanic acid increased
フィブリン増加	Fibrin increased
フィブリン正常	Fibrin normal
フィブリン減少	Fibrin decreased
フィブリン異常	Fibrin abnormal
フォアダイス斑	Fordyce spots
フォンタン手術	Fontan procedure
フサリウム感染	Fusarium infection
フニンウイルス	Junin virus
フラッド症候群	Flood syndrome
フリンス症候群	Fryns syndrome
ブドウ球菌感染	Staphylococcal infection
ブドウ球菌検査	Staphylococcus test
ブプラノロール	Bupranolol
ブラジル紫斑熱	Brazilian purpuric fever
ブラストミセス	Blastomyces
ブルガダ症候群	Brugada syndrome
ブルーム症候群	Bloom syndrome
ブレオマイシン	Bleomycin
ブレタノミセス	Brettanomyces
ブレンナー腫瘍	Brenner tumour
プラクトロール	Practolol
プラスミン増加	Plasmin increased
プラスミン減少	Plasmin decreased
プリカマイシン	Plicamycin
プリン代謝障害	Purine metabolism disorder
プレジオモナス	Plesiomonas
プロテウス感染	Proteus infection
プロテーゼ移植	Prosthesis implantation
プロロセラピー	Proliferative injection therapy
ヘパリン抵抗性	Heparin resistance
ヘプシジン検査	Hepcidin test
ヘプシジン減少	Hepcidin decreased
ヘリコバクター	Helicobacter
ヘルペス性胃炎	Gastritis herpes
ヘルペス眼感染	Herpes ophthalmic
ベイヨネラ感染	Veillonella infection
ベタキソロール	Betaxolol
ベツォルト膿瘍	Bezold abscess
ベントール手術	Bentall procedure
ペジオコックス	Pediococcus
ペプトコッカス	Peptococcus
ペプロマイシン	Peplomycin
ペンブトロール	Penbutolol
ホスホマイシン	Fosfomycin
ホルター弁挿入	Holter valve insertion
ホルモン値異常	Hormone level abnormal
ホームレス家族	Homeless family
ボリビア出血熱	Bolivian haemorrhagic fever
ボルデテラ感染	Bordetella infection
ボルデテラ検査	Bordetella test
ボンネットザル	Macaca radiata
ポリオ後症候群	Post polio syndrome
ポリグラフ検査	Polygraph test
ポルフィリン症	Porphyrin metabolism disorder
マイクロ波療法	Microwave therapy
マイコプラズマ	Mycoplasma
マイトマイシン	Mitomycin
マゾッティ反応	Mazzotti reaction
マフッチ症候群	Maffucci syndrome
マラセチア感染	Malassezia infection
マリノバクター	Marinobacter
マルファン体型	Marfanoid habitus
マレー渓谷脳炎	Encephalitis australia
マンガン欠乏症	Manganese deficiency
マールブルグ病	Marburg disease
ミオカマイシン	Miocamycin
ミクソコッカス	Myxococcus
ミクロコッカス	Micrococcus
ミノサイクリン	Minocycline
ミュラー管嚢胞	Mullerian duct cyst
ムエンケ症候群	Muenke syndrome
ムラサキイガイ	Mytilus edulis
ムンプス性肝炎	Hepatitis mumps
ムンプス性膵炎	Pancreatitis mumps
メイヨースコア	Mayo score
メゾヌーブ骨折	Maisonneuve fracture
メタゲノム解析	Metagenomic analysis
メタサイクリン	Methacycline
メタノコッカス	Methanococcus
メチロコッカス	Methylococcus
メトプロロール	Metoprolol
メバロン酸尿症	Mevalonic aciduria
メマツヨイグサ	Oenothera biennis
メラトニン欠乏	Melatonin deficiency
モラクセラ感染	Moraxella infection
モルガネラ感染	Morganella infection
モルガネラ検査	Morganella test
モルバン症候群	Morvan syndrome
ユビキノン増加	Ubiquinone increased
ユビキノン減少	Ubiquinone decreased
ヨウ素摂取増加	Iodine uptake increased
ヨウ素摂取正常	Iodine uptake normal
ヨウ素摂取減少	Iodine uptake decreased
ヨウ素摂取異常	Iodine uptake abnormal
ヨーロッパブナ	Beech Fagus IgE Ab
ライソバクター	Lysobacter
ラクトコッカス	Lactococcus
ラッサウイルス	Lassa virus
ラベプラゾール	Rabeprazole
ランブル鞭毛虫	Giardia lamblia
ラーセン症候群	Larsen syndrome
リウマチ性障害	Rheumatic disorder
リステリア検査	Listeria test
リスフラン骨折	Lisfranc fracture
リゾチーム増加	Lysozyme increased
リゾチーム減少	Lysozyme decreased
リバウンド乾癬	Rebound psoriasis
リバウンド効果	Rebound effect
リバウンド頻脈	Rebound tachycardia
リバウンド鼻閉	Rebound nasal congestion
リポ蛋白欠乏症	Lipoprotein deficiency
リメサイクリン	Lymecycline
リンコマイシン	Lincomycin
リンパ性白血病	Lymphocytic leukaemia
リンパ洞カタル	Lymphatic sinus catarrh
リンパ球数増加	Lymphocyte count increased
リンパ球数正常	Lymphocyte count normal
リンパ球数減少	Lymphocyte count decreased
リンパ球数異常	Lymphocyte count abnormal
リンパ球百分率	Lymphocyte percentage
リンパ節石灰化	Lymph node calcification
リンパ節線維症	Lymph node fibrosis
リンパ系新生物	Lymphatic system neoplasm
リンパ組織手術	Lymphoid tissue operation
リンパ腫の転化	Lymphoma transformation
リンパ芽球形態	Lymphoblast morphology
ルミノコッカス	Ruminococcus
ループス心筋炎	Lupus myocarditis
ループス心膜炎	Pericarditis lupus
ループス網膜症	Lupus retinopathy
ループス肺臓炎	Lupus pneumonitis
ループス胸膜炎	Lupus pleurisy
ループス腹膜炎	Peritonitis lupus
ループス膀胱炎	Lupus cystitis
ループス血管炎	Lupus vasculitis
レジオネラ感染	Legionella infection
レジオネラ検査	Legionella test
レスパイトケア	Respite care
レチクリン増加	Reticulin increased
レプトトリキア	Leptotrichia
レボブノロール	Levobunolol
レンサ桿菌感染	Streptobacillus infection
レンサ球菌感染	Streptococcal infection
レンサ球菌検査	Streptococcus test
ロゼオバクター	Roseobacter
ロドスピリルム	Rhodospirillum
ロバーツ症候群	Roberts syndrome
ロビノウ症候群	Robinow syndrome
ロンベルグ試験	Romberg test
ワニの涙症候群	Crocodile tears syndrome
一回拍出量増加	Stroke volume increased
一回拍出量正常	Stroke volume normal
一回拍出量減少	Stroke volume decreased
一回換気量増加	Tidal volume increased
一回換気量正常	Tidal volume normal
一回換気量減少	Tidal volume decreased
一回換気量異常	Tidal volume abnormal
一過性舌乳頭炎	Transient lingual papillitis
一酸化炭素中毒	Carbon monoxide poisoning
一酸化窒素測定	Nitric oxide test
三尖弁両室挿入	Straddling tricuspid valve
三次性副腎不全	Tertiary adrenal insufficiency
上位交差症候群	Upper crossed syndrome
上咽頭ポリープ	Nasopharyngeal polyp
上咽頭未分化癌	Undifferentiated nasopharyngeal carcinoma
上咽頭生検正常	Biopsy nasopharynx normal
上咽頭生検異常	Biopsy nasopharynx abnormal
上室性期外収縮	Supraventricular extrasystoles
上腕の神経根炎	Radiculitis brachial
上輪部角結膜炎	Superior limbic keratoconjunctivitis
上部消化管出血	Upper gastrointestinal haemorrhage
上部消化管穿孔	Upper gastrointestinal perforation
上顎洞仮性嚢胞	Maxillary sinus pseudocyst
下位交差症候群	Lower crossed syndrome
下垂体スキャン	Pituitary scan
下垂体後葉注射	Posterior pituitary injection
下垂体性無月経	Pituitary amenorrhoea
下垂体腫瘍摘出	Pituitary tumour removal
下部消化管出血	Lower gastrointestinal haemorrhage
下部消化管穿孔	Lower gastrointestinal perforation
下顎歯列弓拡大	Mandibular arch expansion
不妊症検査正常	Infertility tests normal
不妊症検査異常	Infertility tests abnormal
不完全人工流産	Abortion induced incomplete
不整脈ストーム	Arrhythmic storm
不純物混和製品	Adulterated product
不随意性筋収縮	Muscle contractions involuntary
丘疹膿疱性酒さ	Papulopustular rosacea
丘疹落屑性皮疹	Rash papulosquamous
両側卵巣摘出術	Oophorectomy bilateral
両眼視機能障害	Binocular visual dysfunction
中心窩反射異常	Foveal reflex abnormal
中毒性甲状腺腫	Toxic goitre
中毒性白質脳症	Toxic leukoencephalopathy
中毒性視神経症	Toxic optic neuropathy
乳児姿勢非対称	Infantile postural asymmetry
乳児弓なり姿勢	Infantile back arching
乳児殿部肉芽腫	Granuloma gluteale infantum
乳児用調製粉乳	Infant nutritional formula
乳児肢端膿疱症	Infantile acropustulosis
乳房処置合併症	Breast procedural complication
乳房増殖性変化	Breast proliferative changes
乳房超音波検査	Ultrasound breast
乳探し反射不良	Poor rooting reflex
乳酸桿菌菌血症	Lactobacillus bacteraemia
乳頭部ポリープ	Ampullary polyp
予防的化学療法	Prophylactic chemotherapy
予防的頭蓋照射	Prophylactic cranial irradiation
二糖類代謝障害	Disaccharide metabolism disorder
二酸化炭素増加	Carbon dioxide increased
二酸化炭素正常	Carbon dioxide normal
二酸化炭素減少	Carbon dioxide decreased
二酸化炭素異常	Carbon dioxide abnormal
二重皮質症候群	Double cortex syndrome
亜急性心内膜炎	Subacute endocarditis
亜急性甲状腺炎	Thyroiditis subacute
亜硝酸塩様反応	Nitritoid reaction
亜硫酸ガス測定	Sulphur dioxide test
交差感受性反応	Cross sensitivity reaction
交感神経節破壊	Sympathetic ganglion destruction
人工乳房使用者	Breast prosthesis user
人工内耳植込み	Cochlea implant
人工喉頭使用者	Laryngeal prosthesis user
人工弁心内膜炎	Prosthetic valve endocarditis
人工心臓植込み	Artificial heart implant
人工授精不成功	Failed artificial insemination
人工気管支挿入	Bronchial prosthesis insertion
人工網膜植込み	Retinal implant
人工脊椎使用者	Spinal prosthesis user
人工角膜植込み	Corneal implant
人工関節使用者	Joint prosthesis user
人間関係の問題	Personal relationship issue
他人の手症候群	Alien hand syndrome
他人の肢症候群	Alien limb syndrome
代謝異常の治療	Metabolic abnormality management
仮性動脈瘤感染	Pseudoaneurysm infection
企図的投薬欠落	Intentional dose omission
企図的製品誤用	Intentional product misuse
企図的過量投与	Intentional overdose
伸展性足底反応	Extensor plantar response
低比重リポ蛋白	Low density lipoprotein
低温による損傷	Cold exposure injury
低血圧クリーゼ	Hypotensive crisis
低血糖ショック	Shock hypoglycaemic
体液性免疫不全	Humoral immune defect
便中トリプシン	Stool trypsin
側頭葉てんかん	Temporal lobe epilepsy
偶発的過量投与	Accidental overdose
偽性ジストニア	Psychogenic movement disorder
偽水晶体緑内障	Pseudophakic glaucoma
偽神経学的症状	Pseudoneurologic symptom
偽造製品の使用	Counterfeit product administered
偽造製品の疑い	Suspected counterfeit product
傍卵巣嚢胞摘出	Paraovarian cystectomy
傍神経節新生物	Paraganglion neoplasm
傍腫瘍性脊髄症	Paraneoplastic myelopathy
傍静脈薬剤投与	Paravenous drug administration
傾斜乳頭症候群	Tilted disc syndrome
先天性てんかん	Epilepsy congenital
先天性デング熱	Congenital dengue disease
先天性ヘルニア	Hernia congenital
先天性マラリア	Congenital malaria
先天性上室頻拍	Congenital supraventricular tachycardia
先天性乳頭異常	Congenital nipple anomaly
先天性乳頭陥没	Congenital nipple inversion
先天性凝固亢進	Congenital hypercoagulation
先天性動脈奇形	Congenital arterial malformation
先天性動脈閉塞	Congenital arterial occlusion
先天性動静脈瘻	Congenital arteriovenous fistula
先天性卵巣異常	Congenital ovarian anomaly
先天性口腔奇形	Congenital oral malformation
先天性咽頭異常	Congenital pharyngeal anomaly
先天性喉頭喘鳴	Congenital laryngeal stridor
先天性喉頭奇形	Congenital laryngeal malformation
先天性大脳萎縮	Cerebral atrophy congenital
先天性子宮異常	Congenital uterine anomaly
先天性尿管異常	Congenital ureteric anomaly
先天性尿道異常	Congenital urethral anomaly
先天性巨大尿管	Congenital megaureter
先天性巨大結腸	Congenital megacolon
先天性弛緩麻痺	Congenital flaccid paralysis
先天性強膜障害	Congenital scleral disorder
先天性形成不全	Congenital aplasia
先天性後側弯症	Congenital kyphoscoliosis
先天性心臓疾患	Heart disease congenital
先天性性器奇形	Congenital genital malformation
先天性欠損矯正	Birth defect correction
先天性歯周異常	Periodontal congenital anomaly
先天性歯牙変色	Tooth discolouration congenital
先天性毛巣嚢胞	Pilonidal cyst congenital
先天性毛髪障害	Congenital hair disorder
先天性涙道狭窄	Dacryostenosis congenital
先天性爪肥厚症	Pachyonychia congenita
先天性甲状腺腫	Goitre congenital
先天性異所性膵	Congenital ectopic pancreas
先天性皮膚陥凹	Congenital skin dimples
先天性皮膚障害	Skin malformation
先天性眼瞼下垂	Eyelid ptosis congenital
先天性眼瞼奇形	Congenital eyelid malformation
先天性眼瞼贅皮	Congenital epiblepharon
先天性瞼裂狭小	Blepharophimosis congenital
先天性神経変性	Congenital neurological degeneration
先天性筋緊張症	Myotonia congenita
先天性網膜異常	Retinal anomaly congenital
先天性線維肉腫	Congenital fibrosarcoma
先天性聴覚障害	Congenital hearing disorder
先天性肝線維症	Congenital hepatic fibrosis
先天性胃腸障害	Gastrointestinal disorder congenital
先天性胆嚢異常	Gallbladder anomaly congenital
先天性胸腺欠損	Congenital thymus absence
先天性脊椎分離	Congenital spondylolysis
先天性脊椎融合	Congenital spinal fusion
先天性脳血管腫	Congenital cerebral haemangioma
先天性腎杯憩室	Congenital calyceal diverticulum
先天性腸管奇形	Congenital intestinal malformation
先天性膀胱憩室	Congenital bladder diverticulum
先天性膀胱異常	Congenital bladder anomaly
先天性膵臓異常	Congenital pancreatic anomaly
先天性虹彩異常	Congenital iris anomaly
先天性角膜混濁	Corneal opacity congenital
先天性角膜異常	Congenital corneal anomaly
先天性長睫毛症	Congenital trichomegaly
先天性関節奇形	Congenital joint malformation
先天性陰嚢肥大	Congenital scrotal hypertrophy
先天性風疹感染	Congenital rubella infection
先天性食道狭窄	Congenital oesophageal stenosis
先天性食道異常	Congenital oesophageal anomaly
先天性骨異形成	Congenital osteodystrophy
先天異常の予防	Congenital abnormality prophylaxis
光干渉断層撮影	Optical coherence tomography
光線過敏性反応	Photosensitivity reaction
免疫処置後脳炎	Encephalitis post immunisation
免疫抑制剤濃度	Immunosuppressant drug level
免疫抑制剤療法	Immunosuppressant drug therapy
免疫複合体測定	Immune complex assay
全般性不安障害	Generalised anxiety disorder
全身免疫活性化	Systemic immune activation
全身性カンジダ	Systemic candida
全身性硬化症肺	Systemic sclerosis pulmonary
全身性細菌感染	Systemic bacterial infection
全身性血管抵抗	Vascular resistance systemic
全身硬直症候群	Stiff person syndrome
全身系への漏出	Systemic leakage
全骨格検査正常	Skeletal survey normal
全骨格検査異常	Skeletal survey abnormal
内分泌性高血圧	Endocrine hypertension
内分泌検査正常	Endocrine test normal
内分泌検査異常	Endocrine test abnormal
内分泌腺新生物	Endocrine neoplasm
内分泌障害予防	Endocrine disorder prophylaxis
内臓幼虫移行症	Visceral larva migrans
内臓静脈血栓症	Visceral venous thrombosis
内視鏡検査正常	Endoscopy normal
内視鏡検査異常	Endoscopy abnormal
再潅流性不整脈	Reperfusion arrhythmia
再生不良性貧血	Aplastic anaemia
再発下垂体腫瘍	Pituitary tumour recurrent
再発子宮内膜癌	Endometrial cancer recurrent
再発子宮頚部癌	Cervix carcinoma recurrent
再発平滑筋肉腫	Leiomyosarcoma recurrent
再発悪性中皮腫	Mesothelioma malignant recurrent
再発悪性胸腺腫	Thymoma malignant recurrent
再発悪性間葉腫	Malignant mesenchymoma recurrent
再発横紋筋肉腫	Rhabdomyosarcoma recurrent
再発精巣絨毛癌	Testicular choriocarcinoma recurrent
再発結腸直腸癌	Colorectal cancer recurrent
再発類上皮肉腫	Epithelioid sarcoma recurrent
再膨張性肺水腫	Reexpansion pulmonary oedema
冠動脈バイパス	Coronary artery bypass
冠動脈血行再建	Coronary revascularisation
冠状静脈洞拡大	Coronary sinus dilatation
冠状静脈洞損傷	Coronary sinus injury
冠血流予備量比	Fractional flow reserve
冠血管造影正常	Arteriogram coronary normal
冠血管造影異常	Arteriogram coronary abnormal
処置による出血	Procedural haemorrhage
処置による嘔吐	Procedural vomiting
処置による悪心	Procedural nausea
処置による気胸	Procedural pneumothorax
処置による疼痛	Procedural pain
処置による膵炎	Procedural pancreatitis
処置による頭痛	Procedural headache
処置後そう痒感	Post procedural pruritus
出血リスク評価	Bleeding risk assessment
出血性ショック	Shock haemorrhagic
出血性乳房嚢胞	Haemorrhagic breast cyst
出血性副腎梗塞	Haemorrhagic adrenal infarction
出血性卵巣嚢胞	Haemorrhagic ovarian cyst
出血性小脳梗塞	Haemorrhagic cerebellar infarction
出血性皮膚潰瘍	Skin ulcer haemorrhage
出血性直腸潰瘍	Rectal ulcer haemorrhage
出血性肛門潰瘍	Anal ulcer haemorrhage
出血性胃腸潰瘍	Gastrointestinal ulcer haemorrhage
出血性腫瘍壊死	Haemorrhagic tumour necrosis
出血性腸憩室炎	Diverticulitis intestinal haemorrhagic
分娩過程合併症	Labour complication
切開部位びらん	Incision site erosion
切開部位不快感	Incision site discomfort
切開部位合併症	Incision site complication
切開部位小水疱	Incision site vesicles
切開部位漿液腫	Incision site seroma
切開部位皮膚炎	Incision site dermatitis
切開部位線維症	Incision site fibrosis
切開部位蜂巣炎	Incision site cellulitis
前庭性運動失調	Vestibular ataxia
前癌性皮膚病変	Precancerous skin lesion
前癌性粘膜病変	Precancerous mucosal lesion
前眼房結晶形成	Anterior chamber crystallisation
前眼部血管新生	Anterior segment neovascularisation
前立腺ポリープ	Prostatic polyp
前立腺形成不全	Prostatic hypoplasia
前立腺検査正常	Prostate examination normal
前立腺検査異常	Prostate examination abnormal
前立腺生検正常	Biopsy prostate normal
前立腺生検異常	Biopsy prostate abnormal
前立腺結石除去	Calculus prostatic removal
前赤芽球数増加	Proerythroblast count increased
前赤芽球数正常	Proerythroblast count normal
前赤芽球数減少	Proerythroblast count decreased
前赤芽球数異常	Proerythroblast count abnormal
前頭葉てんかん	Frontal lobe epilepsy
前骨髄球数増加	Promyelocyte count increased
前骨髄球数減少	Promyelocyte count decreased
副交感神経損傷	Parasympathetic nerve injury
副咽頭間隙感染	Parapharyngeal space infection
副甲状腺過形成	Parathyroid hyperplasia
副腎性器症候群	Adrenogenital syndrome
副舟状骨症候群	Accessory navicular syndrome
副鼻腔ポリープ	Sinus polyp
副鼻腔分泌低下	Paranasal sinus hyposecretion
副鼻腔分泌過多	Paranasal sinus hypersecretion
副鼻腔嚢胞切除	Paranasal cystectomy
副鼻腔形成不全	Paranasal sinus aplasia
副鼻腔生検正常	Paranasal biopsy normal
副鼻腔生検異常	Paranasal biopsy abnormal
創部ドレナージ	Wound drainage
労作性呼吸困難	Dyspnoea exertional
動的心筋形成術	Dynamic cardiomyoplasty
動脈延長拡張症	Arterial dolichoectasia
動脈瘤-解離性	Artery dissection
動脈瘤様骨嚢腫	Aneurysmal bone cyst
動脈蛇行症候群	Arterial tortuosity syndrome
動脈閉塞性疾患	Arterial occlusive disease
動静脈グラフト	Arteriovenous graft
動静脈瘻血栓症	Arteriovenous fistula thrombosis
化学療法剤濃度	Chemotherapeutic drug level
医学的観察正常	Medical observation normal
医学的観察異常	Medical observation abnormal
医用チスイヒル	Hirudo medicinalis
医療機器の問題	Device issue
医療機器の発火	Device catching fire
医療機器リーク	Device leakage
医療機器不具合	Device failure
医療機器不快感	Medical device discomfort
医療機器埋込み	Medical device implantation
十二指腸うっ滞	Duodenal stasis
十二指腸乳頭炎	Duodenal papillitis
十二指腸前門脈	Preduodenal portal vein
十二指腸断端瘻	Duodenal stump fistula
十二指腸新生物	Duodenal neoplasm
十二指腸胃逆流	Duodenogastric reflux
十二指腸静脈瘤	Duodenal varices
単球百分率増加	Monocyte percentage increased
単球百分率減少	Monocyte percentage decreased
単球百分率異常	Monocyte percentage abnormal
卵巣予備能低下	Diminished ovarian reserve
卵巣嚢腫摘出術	Ovarian cystectomy
卵巣新生物手術	Ovarian neoplasm surgery
卵巣病変部切除	Ovarian lesion excision
卵巣超音波検査	Ultrasound ovary
卵巣遺残症候群	Ovarian remnant syndrome
卵巣間質過形成	Ovarian stromal hyperplasia
卵巣静脈血栓症	Ovarian vein thrombosis
卵管通気通水法	Tubal insufflation
原産不明の製品	Product origin unknown
原虫性角膜潰瘍	Protozoal corneal ulcer
反応性愛着障害	Reactive attachment disorder
反抗挑戦性障害	Oppositional defiant disorder
口内組織係留症	Tethered oral tissue
口唇のひび割れ	Chapped lips
口腔カンジダ症	Oral candidiasis
口腔内潰瘍形成	Mouth ulceration
口腔内色素沈着	Oral pigmentation
口腔内装置装着	Oral appliance application
口腔咽頭不快感	Oropharyngeal discomfort
口腔咽頭異形成	Oropharyngeal dysplasia
口腔粘膜のあれ	Oral mucosal roughening
口腔粘膜びらん	Oral mucosa erosion
口腔紅色肥厚症	Oral erythroplasia
口腔苔癬様反応	Oral lichenoid reaction
口腔鼻腔瘻修復	Oronasal fistula repair
口蓋垂形成不全	Uvula aplasia
口蓋粘膜異形成	Palatal dysplasia
可視性蠕動不穏	Peristalsis visible
可逆性気道閉塞	Reversible airways obstruction
同心円性硬化症	Concentric sclerosis
同種免疫性肝炎	Alloimmune hepatitis
周術期心筋梗塞	Periprocedural myocardial infarction
呼吸器疾患増強	Enhanced respiratory disease
咽頭ジストニア	Pharyngeal dystonia
咽頭吻合部漏出	Pharyngeal anastomotic leak
唾液腺スキャン	Salivary scan
唾液腺筋上皮腫	Salivary gland myoepithelioma
唾液腺造影正常	Sialogram normal
唾液腺造影異常	Sialogram abnormal
喉頭蓋ポリープ	Epiglottic polyp
喉頭蓋機能不全	Epiglottis dysfunction
喉頭角化性局面	Laryngeal keratotic plaque
喉頭鏡検査正常	Laryngoscopy normal
喉頭鏡検査異常	Laryngoscopy abnormal
嗅脳性器異形成	Olfacto genital dysplasia
器質性脳症候群	Organic brain syndrome
嚢状腺様上皮腫	Epithelioma adenoides cysticum
嚢胞ドレナージ	Cyst drainage
嚢胞性二分脊椎	Spina bifida cystica
嚢胞性血管腫症	Cystic angiomatosis
嚢胞様黄斑浮腫	Cystoid macular oedema
四肢再接合手術	Limb reattachment surgery
四肢周囲径増加	Limb girth increased
四肢周囲径減少	Limb girth decreased
四肢外傷性切断	Limb traumatic amputation
四肢超音波検査	Limb ultrasound
回帰性リウマチ	Palindromic rheumatism
回復期血漿輸血	Convalescent plasma transfusion
回腸結腸瘻閉鎖	Ileocolostomy closure
坐骨孔ヘルニア	Sciatic hernia
埋没陰茎症候群	Buried penis syndrome
埋込み部位丘疹	Implant site papules
埋込み部位冷感	Implant site coldness
埋込み部位出血	Implant site haemorrhage
埋込み部位分泌	Implant site discharge
埋込み部位反応	Implant site reaction
埋込み部位嚢胞	Implant site cyst
埋込み部位壊死	Implant site necrosis
埋込み部位変色	Implant site discolouration
埋込み部位感染	Implant site infection
埋込み部位損傷	Implant site injury
埋込み部位浮腫	Implant site oedema
埋込み部位溢出	Implant site extravasation
埋込み部位潰瘍	Implant site ulcer
埋込み部位炎症	Implant site inflammation
埋込み部位熱感	Implant site warmth
埋込み部位疼痛	Implant site pain
埋込み部位瘢痕	Implant site scar
埋込み部位発疹	Implant site rash
埋込み部位硬結	Implant site induration
埋込み部位紅斑	Implant site erythema
埋込み部位結節	Implant site nodule
埋込み部位肥厚	Implant site hypertrophy
埋込み部位腫瘤	Implant site mass
埋込み部位腫脹	Implant site swelling
埋込み部位膿疱	Implant site pustules
埋込み部位膿瘍	Implant site abscess
埋込み部位萎縮	Implant site atrophy
埋込み部位蒼白	Implant site pallor
埋込み部位虚血	Implant site ischaemia
埋込み部位血栓	Implant site thrombosis
埋込み部位血腫	Implant site haematoma
塞栓性小脳梗塞	Embolic cerebellar infarction
塞栓術後症候群	Post embolisation syndrome
壊死性脂肪織炎	Necrotising panniculitis
壊疽性アンギナ	Angina gangrenous
壊疽性ヘルニア	Hernia gangrenous
変時性応答不全	Chronotropic incompetence
外傷を伴う分娩	Traumatic delivery
外傷性ショック	Traumatic shock
外傷性尿道狭窄	Urethral stricture traumatic
外傷性心臓損傷	Traumatic heart injury
外傷性腰椎穿刺	Traumatic lumbar puncture
外傷性関節障害	Traumatic arthropathy
外来心電図正常	Electrocardiogram ambulatory normal
外来心電図異常	Electrocardiogram ambulatory abnormal
外生殖器の圧挫	External genitalia crushing
外科手術不成功	Surgical failure
外科的心室再建	Surgical ventricular restoration
外科的脊椎固定	Spinal fusion surgery
外部圧迫性頭痛	External compression headache
外陰腟そう痒症	Vulvovaginal pruritus
外陰腟真菌感染	Vulvovaginal mycotic infection
外陰部ポリープ	Vulval polyp
外陰部疣贅除去	Vulval warts removal
外陰部血腫除去	Vulval haematoma evacuation
多嚢胞性肝疾患	Polycystic liver disease
多形性脂肪肉腫	Pleomorphic liposarcoma
多発性先天異常	Multiple congenital abnormalities
多発性脂腺嚢腫	Steatocystoma multiplex
大動脈バイパス	Aortic bypass
大動脈基部圧迫	Aortic root compression
大動脈壁内血腫	Aortic intramural haematoma
大動脈弁上狭窄	Supravalvular aortic stenosis
大動脈弁下狭窄	Subvalvular aortic stenosis
大動脈弁石灰化	Aortic valve calcification
大動脈弁硬化症	Aortic valve sclerosis
大動脈弁輪破裂	Aortic annulus rupture
大動脈形成不全	Aorta hypoplasia
大動脈瘤血栓症	Aortic aneurysm thrombosis
大動脈縮窄修復	Aorta coarctation repair
大動脈解離修復	Aortic dissection repair
大動脈解離破裂	Aortic dissection rupture
大動脈造影正常	Aortogram normal
大動脈造影異常	Aortogram abnormal
大後頭孔症候群	Foramen magnum syndrome
大脳動脈再狭窄	Cerebral artery restenosis
大脳動脈塞栓症	Cerebral artery embolism
大脳動脈血栓症	Cerebral artery thrombosis
大脳基底核出血	Basal ganglia haemorrhage
大脳基底核卒中	Basal ganglia stroke
大脳基底核変性	Basal ganglion degeneration
大脳基底核梗塞	Basal ganglia infarction
大脳基底核血腫	Basal ganglia haematoma
大脳性運動失調	Cerebral ataxia
大脳神経膠腫症	Gliomatosis cerebri
大脳静脈血栓症	Cerebral venous thrombosis
大腸菌性敗血症	Escherichia sepsis
大腸菌性腹膜炎	Escherichia peritonitis
大腸菌性膀胱炎	Cystitis escherichia
大腸菌性菌血症	Escherichia bacteraemia
大腸菌検査陰性	Escherichia test negative
大腸菌検査陽性	Escherichia test positive
大腸血管拡張症	Colonic angioectasia
大腿動脈塞栓症	Femoral artery embolism
大腿顔面症候群	Femoral facial syndrome
大腿骨頚部骨折	Femoral neck fracture
奇形性嚥下障害	Dysphagia lusoria
奇異的昇圧反応	Paradoxical pressor response
女性仮性半陰陽	Pseudohermaphroditism female
女性外陰部潰瘍	Vulval ulceration
女性性機能不全	Female sexual dysfunction
好中球形態正常	Neutrophil morphology normal
好中球形態異常	Neutrophil morphology abnormal
好中球性皮膚症	Neutrophilic dermatosis
好中球機能試験	Neutrophil function test
好中球機能障害	Neutrophil function disorder
好中球生着不全	Neutrophil engraftment failure
好中球生着検査	Neutrophil engraftment analysis
好中球生着遅延	Delayed neutrophil engraftment
好塩基球数増加	Basophil count increased
好塩基球数正常	Basophil count normal
好塩基球数減少	Basophil count decreased
好塩基球数異常	Basophil count abnormal
好塩基球百分率	Basophil percentage
好気菌性胃腸炎	Gastroenteritis aerobacter
好酸球形態正常	Eosinophil morphology normal
好酸球形態異常	Eosinophil morphology abnormal
好酸球性中耳炎	Eosinophilic otitis media
好酸球性心筋炎	Eosinophilic myocarditis
好酸球性白血病	Eosinophilic leukaemia
好酸球性筋膜炎	Eosinophilic fasciitis
好酸球性結腸炎	Eosinophilic colitis
好酸球性胃腸炎	Gastroenteritis eosinophilic
好酸球性胆嚢炎	Eosinophilic cholecystitis
好酸球性胆管炎	Eosinophilic cholangitis
好酸球性膀胱炎	Eosinophilic cystitis
好酸球性膿疱症	Eosinophilic pustulosis
好酸球性蜂巣炎	Eosinophilic cellulitis
好酸球性食道炎	Eosinophilic oesophagitis
好酸球性髄膜炎	Meningitis eosinophilic
妊娠性類天疱瘡	Pemphigoid gestationis
婦人科検査正常	Gynaecological examination normal
婦人科検査異常	Gynaecological examination abnormal
婦人科障害予防	Gynaecological disorder prophylaxis
子宮付属器嚢胞	Adnexa uteri cyst
子宮付属器捻転	Adnexal torsion
子宮付属器腫瘤	Adnexa uteri mass
子宮傍組織膿瘍	Parametric abscess
子宮内膜増殖症	Endometrial hyperplasia
子宮内膜新生物	Endometrial neoplasm
子宮内膜菲薄化	Endometrial thinning
子宮動脈塞栓術	Uterine artery embolisation
子宮双手圧迫法	Bimanual uterine compression
子宮峡部創陥凹	Uterine isthmocoele
子宮平滑筋肉腫	Uterine leiomyosarcoma
子宮広間膜血腫	Broad ligament haematoma
子宮広間膜裂傷	Broad ligament tear
子宮瘢痕部憩室	Uterine scar diverticulum
子宮筋緊張低下	Uterine hypotonus
子宮筋腫焼灼術	Fibroid myolysis procedure
子宮超音波検査	Ultrasound uterus
子宮頚部の炎症	Cervix inflammation
子宮頚部スミア	Smear vagina
子宮頚部性難産	Cervix dystocia
子宮頚部新生物	Cervix neoplasm
子宮頚部無形成	Uterine cervix agenesis
子宮頚部白斑症	Cervical leukoplakia
子宮頚部過形成	Uterine cervix hyperplasia
季節性感情障害	Seasonal affective disorder
定位的深部脳波	Stereotactic electroencephalography
定量的感覚検査	Quantitative sensory testing
家庭内ストレス	Family stress
家族性危険因子	Familial risk factor
家族性地中海熱	Familial mediterranean fever
家族性心房細動	Familial atrial fibrillation
家族性腎性糖尿	Familial renal glycosuria
寄生虫性胃腸炎	Parasitic gastroenteritis
寄生虫性食道炎	Parasitic oesophagitis
寄生虫感染予防	Parasitic infection prophylaxis
寄生虫検査陰性	Parasitic test negative
寄生虫検査陽性	Parasitic test positive
寒冷凝集素陰性	Cold agglutinins negative
寒冷凝集素陽性	Cold agglutinins positive
小児虐待症候群	Child maltreatment syndrome
小水疱性蕁麻疹	Urticaria vesiculosa
小球菌性敗血症	Micrococcal sepsis
小球菌検査陽性	Micrococcus test positive
小脳動脈血栓症	Cerebellar artery thrombosis
小脳吸収値低下	Cerebellar density decreased
小脳性運動失調	Cerebellar ataxia
小脳橋角部腫瘍	Cerebellopontine angle tumour
小腸内視鏡検査	Endoscopy small intestine
小腸平滑筋肉腫	Small intestine leiomyosarcoma
小膝蓋骨症候群	Small patella syndrome
就労能力障害者	Impaired work ability
尾部退行症候群	Caudal regression syndrome
尿中アルブミン	Albumin urine
尿中アンチモン	Urine antimony
尿中カルシウム	Urine calcium
尿中クレアチン	Creatine urine
尿中クロム増加	Urine chromium increased
尿中クロム減少	Urine chromium decreased
尿中グロブリン	Globulin urine
尿中システイン	Cysteine urine
尿中シュウ酸塩	Urine oxalate
尿中セレニウム	Urine selenium
尿中ナトリウム	Urine sodium
尿中ビリルビン	Bilirubin urine
尿中ベリリウム	Urine beryllium
尿中ヨウ素増加	Urine iodine increased
尿中好酸球陰性	Eosinophils urine absent
尿中好酸球陽性	Eosinophils urine present
尿中電解質増加	Urine electrolytes increased
尿中電解質正常	Urine electrolytes normal
尿中電解質減少	Urine electrolytes decreased
尿中電解質異常	Urine electrolytes abnormal
尿毒症性心筋症	Uraemic cardiomyopathy
尿毒症性心膜炎	Pericarditis uraemic
尿毒症性胃障害	Uraemic gastropathy
尿管アカラシア	Ureteral achalasia
尿管吻合合併症	Ureteric anastomosis complication
尿管周囲液貯留	Periureteral collection
尿管鏡検査正常	Ureteroscopy normal
尿管鏡検査異常	Ureteroscopy abnormal
尿路カンジダ症	Urinary tract candidiasis
尿路上皮びらん	Urothelium erosion
尿路上皮乳頭腫	Urothelial papilloma
尿道カルンクル	Urethral caruncle
尿道分泌症候群	Urethral discharge syndrome
尿電気泳動正常	Urine electrophoresis normal
尿電気泳動異常	Urine electrophoresis abnormal
嵌頓臍ヘルニア	Incarcerated umbilical hernia
巨大乳頭結膜炎	Giant papillary conjunctivitis
巨核球破壊亢進	Megakaryocyte destruction increased
巨細胞性動脈炎	Giant cell arteritis
巨細胞性心筋炎	Giant cell myocarditis
巨赤芽球性貧血	Anaemia megaloblastic
希釈性凝固障害	Dilutional coagulopathy
帝王切開の既往	Previous caesarean section
帽状腱膜下出血	Subgaleal haemorrhage
帽状腱膜下膿瘍	Subgaleal abscess
帽状腱膜下血腫	Subgaleal haematoma
平均血小板容積	Mean platelet volume
平均赤血球容積	Mean cell volume
平坦型上皮異型	Flat epithelial atypia
幻想振動症候群	Phantom vibration syndrome
幼若血小板比率	Immature platelet fraction
延髄外側症候群	Lateral medullary syndrome
強迫的ためこみ	Compulsive hoarding
形成性胃組織炎	Linitis plastica
形質細胞乳腺炎	Plasma cell mastitis
形質細胞亀頭炎	Plasma cell balanitis
形質芽球数増加	Plasmablast count increased
形質芽球数減少	Plasmablast count decreased
後天性喉頭嚢胞	Acquired laryngocele
後天性外耳変形	Ear deformity acquired
後天性涙道狭窄	Dacryostenosis acquired
後天性無眼球症	Acquired anophthalmos
後天性爪異形成	Acquired nail dysplasia
後天性眼瞼贅皮	Acquired epiblepharon
後天性脊椎癒合	Spinal fusion acquired
後天性脳性麻痺	Acquired cerebral palsy
後天性色覚異常	Colour blindness acquired
後天性過長結腸	Dolichocolon acquired
後天性陰嚢水瘤	Acquired hydrocele
後天性骨癒合症	Acquired synostosis
後根神経節障害	Dorsal root ganglionopathy
後頭葉てんかん	Occipital lobe epilepsy
後頭蓋窩症候群	Posterior fossa syndrome
後頭骨頚椎固定	Occipitocervical fusion
後骨髄球数増加	Metamyelocyte count increased
後骨髄球数減少	Metamyelocyte count decreased
後骨髄球百分率	Metamyelocyte percentage
循環不全性充血	Dependent rubor
循環血液量低下	Volume blood decreased
循環血液量増加	Volume blood increased
微生物学的検査	Microbiology test
微絨毛封入体病	Microvillous inclusion disease
微胞子虫類感染	Microsporidia infection
心エコー図正常	Echocardiogram normal
心エコー図異常	Echocardiogram abnormal
心タンポナーデ	Cardiac tamponade
心モニタリング	Cardiac monitoring
心原性ショック	Cardiogenic shock
心嚢ドレナージ	Pericardial drainage
心因性そう痒症	Psychogenic pruritus
心因性呼吸窮迫	Psychogenic respiratory distress
心因性排尿困難	Psychogenic dysuria
心因性発声障害	Dysphonia psychogenic
心因性視覚障害	Psychogenic visual disorder
心室中隔欠損症	Ventricular septal defect
心室内伝導障害	Defect conduction intraventricular
心室前負荷増加	Increased ventricular preload
心室前負荷減少	Decreased ventricular preload
心室壁運動亢進	Ventricular hyperkinesia
心室壁運動低下	Ventricular hypokinesia
心室後負荷増加	Increased ventricular afterload
心室後負荷減少	Decreased ventricular afterload
心室性期外収縮	Ventricular extrasystoles
心房中隔欠損症	Atrial septal defect
心移植拒絶反応	Heart transplant rejection
心筋再潅流障害	Myocardial reperfusion injury
心筋収縮性低下	Cardiac contractility decreased
心膜悪性中皮腫	Pericardial mesothelioma malignant
心膜減圧症候群	Pericardial decompression syndrome
心臓マッピング	Cardiac mapping
心臓再同調療法	Cardiac resynchronisation therapy
心臓処置合併症	Cardiac procedure complication
心臓弁閉鎖不全	Heart valve incompetence
心臓機器埋込み	Cardiac device implantation
心臓粘液腫切除	Cardiac myxoma resection
心血管検査異常	Cardiovascular examination abnormal
心血管機能検査	Cardiovascular function test
心血管障害予防	Cardiovascular event prophylaxis
急性リン酸腎症	Acute phosphate nephropathy
急性前庭症候群	Acute vestibular syndrome
急性心イベント	Acute cardiac event
急性糸球体腎炎	Glomerulonephritis acute
急性胸部症候群	Acute chest syndrome
性器カンジダ症	Genital candidiasis
性器潰瘍症候群	Genital ulcer syndrome
性心理学的療法	Psychosexual therapy
性的関係の変化	Sexual relationship change
患者の逃げ出し	Patient elopement
悪性カタトニー	Malignant catatonia
悪性上衣細胞腫	Ependymoma malignant
悪性心嚢液貯留	Pericardial effusion malignant
悪性新生物進行	Malignant neoplasm progression
悪性消化管閉塞	Malignant gastrointestinal obstruction
悪性眼球突出症	Malignant exophthalmos
悪性脊髄髄膜腫	Spinal meningioma malignant
悪性腎性高血圧	Malignant renal hypertension
悪性褐色細胞腫	Phaeochromocytoma malignant
悪性頭蓋咽頭腫	Craniopharyngioma malignant
感染性クループ	Croup infectious
感染性上強膜炎	Infective episcleritis
感染性大動脈炎	Infective aortitis
感染性尿貯留腫	Infected urinoma
感染性滑液包炎	Bursitis infective
感染性甲状腺炎	Infectious thyroiditis
感染性痛風結節	Infected gouty tophus
感染性皮膚嚢腫	Infected dermal cyst
感染性皮膚潰瘍	Infected skin ulcer
感染性硝子体炎	Vitritis infective
感染性角膜潰瘍	Infective corneal ulcer
感染性陰嚢水瘤	Hydrocele male infected
感覚レベル正常	Sensory level normal
感覚レベル異常	Sensory level abnormal
感覚処理感受性	Sensory processing sensitivity
感音性聴力低下	Neurosensory hypoacusis
慢性外傷性脳症	Chronic traumatic encephalopathy
慢性持続性肝炎	Hepatitis chronic persistent
慢性活動性肝炎	Hepatitis chronic active
慢性疲労症候群	Chronic fatigue syndrome
慢性糸球体腎炎	Glomerulonephritis chronic
慢性色素性紫斑	Chronic pigmented purpura
房室興奮の異常	Anomalous atrioventricular excitation
投与に伴う反応	Administration related reaction
投与部位びらん	Administration site erosion
投与部位不快感	Administration site discomfort
投与部位内出血	Administration site bruise
投与部位刺激感	Administration site irritation
投与部位多毛症	Administration site hypertrichosis
投与部位小水疱	Administration site vesicles
投与部位皮膚炎	Administration site dermatitis
投与部位石灰化	Administration site calcification
投与部位線維症	Administration site fibrosis
投与部位肉芽腫	Administration site granuloma
投与部位蕁麻疹	Administration site urticaria
投与部位蜂巣炎	Administration site cellulitis
投与部位血管炎	Administration site vasculitis
投与部位静脈炎	Administration site phlebitis
投薬中断後肝炎	Withdrawal hepatitis
抗ウイルス治療	Antiviral treatment
抗リン脂質抗体	Antiphospholipid antibodies
抗心筋抗体陰性	Antimyocardial antibody negative
抗心筋抗体陽性	Antimyocardial antibody positive
抗精神病薬濃度	Antipsychotic drug level
抗精神病薬療法	Antipsychotic therapy
抗血管新生療法	Antiangiogenic therapy
抗酸化物質療法	Antioxidant therapy
抱合ビリルビン	Bilirubin conjugated
拡張期血圧低下	Diastolic hypotension
持続性片側頭痛	Hemicrania continua
指尖陥凹性瘢痕	Digital pitting scar
指節骨形成不全	Phalangeal hypoplasia
排尿後の尿滴下	Post micturition dribble
接着テープ使用	Adhesive tape use
換気血流不均等	Ventilation perfusion mismatch
播種性帯状疱疹	Herpes zoster disseminated
播種性淋菌感染	Disseminated gonococcal infection
播種性糞線虫症	Disseminated strongyloidiasis
放射状角膜切開	Radial keratotomy
放射線前立腺炎	Radiation prostatitis
放射線去勢療法	Radiocastration procedure
放射線咽頭損傷	Pharynx radiation injury
放射線喉頭損傷	Radiation larynx injury
放射線嚥下障害	Radiation dysphagia
放射線増感療法	Radiosensitisation therapy
放射線心臓損傷	Radiation cardiac injury
放射線性中耳炎	Radiation otitis media
放射線性乳腺炎	Radiation mastitis
放射線性白内障	Radiation cataract
放射線性直腸炎	Radiation proctitis
放射線性粘膜炎	Radiation mucositis
放射線性膀胱炎	Cystitis radiation
放射線性食道炎	Radiation oesophagitis
放射線気管損傷	Tracheal radiation injury
放射線汚染検査	Radiation contamination survey
放射線甲状腺炎	Radiation thyroiditis
放射線皮膚損傷	Radiation skin injury
放射線相互作用	Radiation interaction
放射線角膜損傷	Radiation corneal injury
放射線過剰照射	Radiation overdose
放射線過少照射	Radiation underdose
放射線関連出血	Radiation associated haemorrhage
放射線骨盤計測	Radiologic pelvimetry
放線菌性肺感染	Actinomycotic pulmonary infection
放線菌検査陽性	Actinomyces test positive
敗血症性ペスト	Plague sepsis
敗血症性心筋炎	Myocarditis septic
敗血症性心筋症	Septic cardiomyopathy
敗血症性脳梗塞	Cerebral septic infarct
敗血症性血管炎	Septic vasculitis
敗血症性静脈炎	Septic phlebitis
整形インソール	Orthopaedic insoles
整形外科的処置	Orthopaedic procedure
新生児テタニー	Neonatal tetany
新生児低血糖症	Hypoglycaemia neonatal
新生児低酸素症	Neonatal hypoxia
新生児体重減少	Weight decrease neonatal
新生児保温療法	Neonatal warming therapy
新生児凝固障害	Coagulation disorder neonatal
新生児呼吸不全	Neonatal respiratory failure
新生児呼吸促迫	Neonatal respiratory distress
新生児呼吸停止	Neonatal respiratory arrest
新生児呼吸困難	Neonatal dyspnoea
新生児呼吸抑制	Neonatal respiratory depression
新生児呼吸障害	Respiratory disorder neonatal
新生児循環不全	Circulatory failure neonatal
新生児洞性徐脈	Neonatal sinus bradycardia
新生児洞性頻脈	Neonatal sinus tachycardia
新生児無酸素症	Neonatal anoxia
新生児神経芽腫	Neonatal neuroblastoma
新生児精巣捻転	Neonatal testicular torsion
新生児聴力低下	Neonatal hypoacusis
新生児肝脾腫大	Hepatosplenomegaly neonatal
新生児胃腸出血	Neonatal gastrointestinal haemorrhage
新生児胃腸障害	Neonatal gastrointestinal disorder
新生児腸管拡張	Neonatal intestinal dilatation
新生児腸管穿孔	Neonatal intestinal perforation
新生児視覚異常	Vision abnormal neonatal
新生児運動減退	Hypokinesia neonatal
新生児運動過多	Hyperkinesia neonatal
新生児頭部変形	Newborn head moulding
日和見感染予防	Opportunistic infection prophylaxis
日常的健康維持	Routine health maintenance
日本住血吸虫症	Schistosomiasis japonica
昆虫引っかき傷	Arthropod scratch
最大随意換気量	Maximal voluntary ventilation
月経中間期出血	Intermenstrual bleeding
月経随伴性気胸	Catamenial pneumothorax
有口赤血球陽性	Stomatocytes present
有痛性感覚消失	Anaesthesia dolorosa
末梢動脈再狭窄	Peripheral artery restenosis
末梢動脈再閉塞	Peripheral arterial reocclusion
末梢動脈血栓症	Peripheral artery thrombosis
末梢脈拍数減少	Peripheral pulse decreased
末梢脊椎関節炎	Peripheral spondyloarthritis
末梢血管塞栓症	Peripheral embolism
末梢静脈血栓症	Peripheral vein thrombosis
本態性高血圧症	Essential hypertension
杆状核好中球数	Band neutrophil count
染色体分析正常	Chromosome analysis normal
染色体分析異常	Karyotype analysis abnormal
染色体微細重複	Chromosomal microduplication
染色体検査正常	Chromosome banding normal
染色体検査異常	Chromosome banding abnormal
栄養補給不耐性	Feeding intolerance
根治的乳房切断	Radical mastectomy
根治的子宮摘出	Radical hysterectomy
根治的精巣摘除	Radical orchidectomy
根治的膀胱摘除	Radical cystectomy
梅毒性大動脈炎	Aortitis syphilitic
梅毒性大動脈瘤	Aortic aneurysm syphilitic
梅毒性心内膜炎	Endocarditis syphilitic
棘状毛髪異形成	Trichodysplasia spinulosa
植皮片拒絶反応	Skin graft rejection
植込み後症候群	Postimplantation syndrome
椎間板偽性膨隆	Intervertebral disc pseudobulging
椎間板造影正常	Discogram normal
椎間板造影異常	Discogram abnormal
椎間関節症候群	Facet joint syndrome
椎骨動脈窓形成	Vertebral artery fenestration
椎骨動脈血栓症	Vertebral artery thrombosis
標的状皮膚病変	Target skin lesion
横隔膜ヘルニア	Diaphragmatic hernia
横隔膜生検正常	Biopsy diaphragm normal
横隔膜生検異常	Biopsy diaphragm abnormal
横隔膜異常弛緩	Diaphragmatic abnormal relaxation
横隔膜筋力低下	Diaphragm muscle weakness
横静脈洞血栓症	Transverse sinus thrombosis
橈側列形成不全	Radial dysplasia
機械的イレウス	Mechanical ileus
機能性胃腸障害	Functional gastrointestinal disorder
機能的音声評価	Functional voice assessment
正常眼圧緑内障	Normal tension glaucoma
歩行距離テスト	Walking distance test
歯科修復不成功	Dental restoration failure
歯科印象採取法	Dental impression procedure
歯突起形成不全	Odontoid process hypoplasia
歯肉剥離掻爬術	Periodontal flap surgery
歯肉縁下掻爬術	Gingival curettage
残留卵巣症候群	Residual ovary syndrome
毛包閉塞３徴候	Follicular occlusion triad
毛孔性扁平苔癬	Lichen planopilaris
毛様体神経節炎	Ciliary ganglionitis
毛細血管透過性	Capillary permeability
毛髪プルテスト	Hair pull test
毛髪中金属検査	Hair metal test
気分循環性障害	Cyclothymic disorder
気管切開部閉鎖	Tracheostomy closure
気管支ポリープ	Bronchial polyp
気管支分泌増加	Increased bronchial secretion
気管支分泌減少	Decreased bronchial secretion
気管支動脈肥厚	Bronchial artery hypertrophy
気管支動脈造影	Bronchial arteriography
気管支原性嚢胞	Bronchogenic cyst
気管支潰瘍形成	Bronchial ulceration
気管支生検正常	Biopsy bronchus normal
気管支生検異常	Biopsy bronchus abnormal
気管支痙攣予防	Prophylaxis against bronchospasm
気管支粘膜充血	Bronchial mucosa hyperaemia
気管支造影正常	Bronchogram normal
気管支造影異常	Bronchogram abnormal
気管病変部切除	Tracheal lesion excision
気管鏡検査異常	Tracheoscopy abnormal
気腫性腎盂腎炎	Emphysematous pyelonephritis
水分摂取量減少	Fluid intake reduced
水原性そう痒症	Aquagenic pruritus
水晶体密度増加	Lens density increased
水晶体後嚢切開	Posterior lens capsulotomy
水晶体色素沈着	Lenticular pigmentation
泌尿生殖器出血	Urogenital haemorrhage
泌尿生殖器感染	Genitourinary tract infection
泌尿生殖器手術	Genitourinary operation
泌尿生殖器症状	Genitourinary symptom
泌尿生殖器萎縮	Urogenital atrophy
泌尿生殖器障害	Urogenital disorder
注入に伴う反応	Infusion related reaction
注入部位びらん	Infusion site erosion
注入部位不快感	Infusion site discomfort
注入部位内出血	Infusion site bruising
注入部位刺激感	Infusion site irritation
注入部位多毛症	Infusion site hypertrichosis
注入部位小水疱	Infusion site vesicles
注入部位皮膚炎	Infusion site dermatitis
注入部位石灰化	Infusion site calcification
注入部位線維症	Infusion site fibrosis
注入部位肉芽腫	Infusion site granuloma
注入部位蕁麻疹	Infusion site urticaria
注入部位蜂巣炎	Infusion site cellulitis
注入部位血管炎	Infusion site vasculitis
注入部位静脈炎	Infusion site phlebitis
注射に伴う反応	Injection related reaction
注射部位不快感	Injection site discomfort
注射部位内出血	Injection site bruising
注射部位刺激感	Injection site irritation
注射部位多毛症	Injection site hypertrichosis
注射部位小水疱	Injection site vesicles
注射部位皮膚炎	Injection site rash
注射部位石灰化	Injection site calcification
注射部位線維症	Injection site fibrosis
注射部位肉芽腫	Injection site granuloma
注射部位蕁麻疹	Injection site urticaria
注射部位蜂巣炎	Injection site cellulitis
注射部位血管炎	Injection site vasculitis
注射部位静脈炎	Injection site phlebitis
洞結節機能不全	Sinus node dysfunction
流産後の合併症	Post abortion complication
浮遊耳石置換法	Canalith repositioning procedure
消化性潰瘍修復	Peptic ulcer repair
消化管スキャン	Gastrointestinal scan
消化管刺激症状	Gastrointestinal tract irritation
消化管壁菲薄化	Gastrointestinal wall thinning
消化管粘膜嚢胞	Gastrointestinal mucocoele
消化管粘膜壊死	Gastrointestinal mucosal necrosis
消化管運動低下	Gastrointestinal hypomotility
消化管運動過剰	Gastrointestinal hypermotility
消化管運動障害	Gastrointestinal motility disorder
涙点プラグ挿入	Punctal plug insertion
涙点プラグ除去	Punctal plug removal
淋菌性前立腺炎	Prostatitis gonococcal
淋菌性外陰腟炎	Vulvovaginitis gonococcal
淋菌性心内膜炎	Endocarditis gonococcal
淋菌性肝周囲炎	Perihepatitis gonococcal
深部解離性血腫	Deep dissecting haematoma
深部静脈血栓症	Deep vein thrombosis
混合型網膜剥離	Combined retinal detachment
温度変化不耐症	Temperature intolerance
湿気の多い住居	Damp housing
湿潤ラップ療法	Wet wrap therapy
溶血性輸血反応	Haemolytic transfusion reaction
滑液中ブドウ糖	Synovial fluid glucose
滑液包吸引正常	Aspiration bursa normal
滑液包吸引異常	Aspiration bursa abnormal
滴下投与部位痛	Instillation site pain
滴下投与部位臭	Instillation site odour
漿液性網膜剥離	Serous retinal detachment
潜在性二分脊椎	Spina bifida occulta
濃縮胆汁症候群	Inspissated bile syndrome
濾胞性リンパ腫	Follicular lymphoma
濾胞性甲状腺癌	Follicular thyroid cancer
炭水化物不耐症	Carbohydrate intolerance
点状角質融解症	Pitted keratolysis
無呼吸検査異常	Apnoea test abnormal
無機質代謝障害	Mineral metabolism disorder
無水晶体緑内障	Aphakic glaucoma
無症候性細菌尿	Asymptomatic bacteriuria
無痛性甲状腺炎	Silent thyroiditis
無脈性電気活動	Pulseless electrical activity
無自覚性低血糖	Hypoglycaemia unawareness
熱帯性スプルー	Tropical sprue
燃え尽き症候群	Burnout syndrome
爆発頭部症候群	Exploding head syndrome
片側気管支痙攣	Unilateral bronchospasm
片側顔面無汗症	Hemifacial anhidrosis
片頭痛前駆症状	Migraine prodrome
片頭痛発作重積	Status migrainosus
片麻痺性片頭痛	Hemiplegic migraine
特発性前房出血	Spontaneous hyphaema
特発性眼窩炎症	Idiopathic orbital inflammation
特発性肺線維症	Idiopathic pulmonary fibrosis
牽引性網膜剥離	Tractional retinal detachment
狂犬病ウイルス	Rabies virus
狭心症相当症状	Anginal equivalent
生検部位合併症	Biopsy site complication
生殖器細胞脱落	Genital exfoliation
生産製造の問題	Manufacturing production issue
産科処置合併症	Obstetric procedure complication
産科的肺塞栓症	Obstetrical pulmonary embolism
産科的骨盤血腫	Pelvic haematoma obstetric
甲状腺スキャン	Scan thyroid gland
甲状腺単包虫症	Thyroid echinococciasis
甲状腺嚢腫摘出	Thyroid cystectomy
甲状腺抑制療法	Thyreostatic therapy
甲状腺未分化癌	Anaplastic thyroid cancer
甲状腺機能検査	Thyroid function test
甲状腺片葉欠損	Thyroid hemiagenesis
甲状腺結節除去	Thyroid nodule removal
甲状腺腺腫切除	Thyroid adenoma removal
甲状腺自家移植	Thyroid autotransplantation
男性仮性半陰陽	Pseudohermaphroditism male
男性子宮内膜症	Endometriosis male
男性性機能不全	Male sexual dysfunction
男性生殖器萎縮	Male genital atrophy
異型線維黄色腫	Atypical fibroxanthoma
異常前胸部運動	Abnormal precordial movement
異所性大動脈弓	Aberrant aortic arch
異所性妊娠中絶	Ectopic pregnancy termination
異所性妊娠破裂	Ruptured ectopic pregnancy
異所性心房調律	Ectopic atrial rhythm
異栄養性石灰化	Dystrophic calcification
疾患の危険因子	Disease risk factor
病的な疑い深さ	Pathological doubt
痘瘡リケッチア	Rickettsia akari
痙攣性発声障害	Spasmodic dysphonia
癌ホルモン療法	Cancer hormonal therapy
癌性リンパ管症	Lymphangiosis carcinomatosa
発達性会話障害	Speech disorder developmental
白色乳頭様所見	White nipple sign
白色海綿状母斑	White sponge naevus
白血性リンパ腫	Leukaemic lymphoma
白血病再発予防	Leukaemia recurrent prophylaxis
白血病卵巣浸潤	Leukaemic infiltration ovary
白血病性網膜症	Leukaemic retinopathy
白血病歯肉浸潤	Leukaemic infiltration gingiva
白血病髄外浸潤	Leukaemic infiltration extramedullary
皮下脂肪厚測定	Skinfold measurement
皮脂腺嚢胞切除	Sebaceous cyst excision
皮膚テスト陰性	Skin test negative
皮膚テスト陽性	Skin test positive
皮膚ムコール症	Cutaneous mucormycosis
皮膚充填剤反応	Dermal filler reaction
皮膚充填剤注射	Dermal filler injection
皮膚処置合併症	Skin procedural complication
皮膚幼虫移行症	Cutaneous larva migrans
皮膚新生物出血	Skin neoplasm bleeding
皮膚新生物切除	Skin neoplasm excision
皮膚病変の炎症	Skin lesion inflammation
皮膚硬化症候群	Stiff skin syndrome
皮膚科検査正常	Dermatologic examination normal
皮膚科検査異常	Dermatologic examination abnormal
皮膚粘膜弁壊死	Mucocutaneous flap necrosis
皮膚粘膜弁手術	Mucocutaneous flap operation
皮膚線維腫摘出	Dermatofibroma removal
皮質性視力障害	Cortical visual impairment
盲腸病変部切除	Caecal lesion excision
直腸新生物切除	Rectal neoplasm excision
直腸病変部切除	Rectal lesion excision
直腸腟中隔膿瘍	Rectovaginal septum abscess
直腸超音波検査	Rectal ultrasound
直腸鏡検査正常	Proctoscopy normal
直腸鏡検査異常	Proctoscopy abnormal
直腸Ｓ状結腸癌	Rectosigmoid cancer
真菌の過剰増殖	Overgrowth fungal
真菌アレルギー	Mycotic allergy
真菌性副鼻腔炎	Sinusitis fungal
真菌性心内膜炎	Fungal endocarditis
真菌性性器感染	Genital infection fungal
真菌性気管支炎	Bronchitis fungal
真菌性肛門感染	Anal fungal infection
真菌性腎盂腎炎	Pyelonephritis fungal
真菌性腹部感染	Fungal abdominal infection
真菌性角膜潰瘍	Mycotic corneal ulcer
眼のアレルギー	Eye allergy
眼の扁平濾過胞	Eye flat bleb
眼の輪状締結術	Eyeball cerclage
眼レーザー手術	Eye laser surgery
眼レーザー瘢痕	Eye laser scar
眼内レンズ復位	Intraocular lens repositioning
眼内レンズ挿入	Intraocular lens implant
眼呼吸器症候群	Oculorespiratory syndrome
眼歯指形成異常	Oculodentodigital dysplasia
眼瞼ミオキミア	Eyelid myokymia
眼窩周囲の炎症	Periorbital inflammation
眼窩周囲不快感	Periorbital discomfort
眼窩周囲皮膚炎	Periorbital dermatitis
眼窩周囲蜂巣炎	Periorbital cellulitis
眼窩容積形成術	Orbital volume augmentation
眼結晶沈着除去	Ocular deposits removal
眼脳皮膚症候群	Oculocerebrocutaneous syndrome
眼部血管外皮腫	Ocular haemangiopericytoma
石油留出物中毒	Petroleum distillate poisoning
破裂性脳動脈瘤	Ruptured cerebral aneurysm
硝子体内植込み	Intravitreal implant
硬膜下血腫除去	Subdural haematoma evacuation
硬膜外脂肪腫症	Epidural lipomatosis
硬膜外血腫除去	Extradural haematoma evacuation
神経内分泌腫瘍	Neuroendocrine tumour
神経刺激器除去	Neurostimulator removal
神経原性肺水腫	Neurogenic pulmonary oedema
神経周囲線維症	Perineural fibrosis
神経後枝症候群	Dorsal ramus syndrome
神経性無食欲症	Anorexia nervosa
神経性眼瞼障害	Neurological eyelid disorder
神経根周囲療法	Periradicular therapy
神経筋ブロック	Neuromuscular blockade
神経筋性側弯症	Neuromuscular scoliosis
神経精神症候群	Neuropsychiatric syndrome
神経障害性潰瘍	Neuropathic ulcer
禁忌製品の処方	Contraindicated product prescribed
移植片機能不全	Transplant dysfunction
移植片機能損失	Graft loss
移植片機能遅延	Delayed graft function
移植血管合併症	Vascular graft complication
移植適応の評価	Transplant evaluation
穿刺部位内出血	Puncture site bruise
穿刺部位蜂巣炎	Puncture site cellulitis
穿孔性空腸潰瘍	Jejunal ulcer perforation
穿孔性胃腸潰瘍	Gastrointestinal ulcer perforation
穿孔性腸憩室炎	Diverticulitis intestinal perforated
穿孔性食道潰瘍	Oesophageal ulcer perforation
筋の悪性新生物	Malignant muscle neoplasm
筋の良性新生物	Benign muscle neoplasm
筋肉病変部切除	Muscle lesion excision
筋膜疼痛症候群	Myofascial pain syndrome
筋電気刺激療法	Muscle electrostimulation therapy
筋骨格障害予防	Musculoskeletal disorder prophylaxis
粉塵アレルギー	Dust allergy
粘度亢進網膜症	Retinopathy hyperviscosity
粘液型脂肪肉腫	Myxoid liposarcoma
粘液性類表皮癌	Mucoepidermoid carcinoma
粘液水腫性苔癬	Lichen myxoedematosus
精巣上体新生物	Epididymal neoplasm
精巣平滑筋肉腫	Testicular leiomyosarcoma
精巣悪性奇形腫	Testicular malignant teratoma
精巣機能亢進症	Testicular hyperfunction
精巣良性奇形腫	Testicular teratoma benign
精巣超音波検査	Ultrasound testes
精液瘤吸引正常	Aspiration spermatocele normal
精液瘤吸引異常	Aspiration spermatocele abnormal
精神医学的ケア	Psychiatric care
精神医学的検査	Psychiatric investigation
精神医学的評価	Psychiatric evaluation
精神的機能障害	Mental impairment
精索静脈瘤修復	Varicocele repair
精索静脈血栓症	Spermatic vein thrombosis
糖尿病の近親者	Diabetic relative
糖尿病性乳腺症	Diabetic mastopathy
糖尿病性動脈炎	Diabetic arteritis
糖尿病性心筋症	Diabetic cardiomyopathy
糖尿病性白内障	Cataract diabetic
糖尿病性筋壊死	Diabetic myonecrosis
糖尿病性緑内障	Diabetic glaucoma
糖尿病性肝障害	Diabetic hepatopathy
糖尿病性胃障害	Diabetic gastropathy
糖尿病性胎児病	Diabetic foetopathy
糖尿病性腸障害	Diabetic enteropathy
糖尿病性膀胱症	Diabetic cystopathy
糖尿病性角膜症	Diabetic keratopathy
糖尿病性足感染	Diabetic foot infection
糖尿病性足病変	Diabetic foot
糖蛋白代謝障害	Glycoprotein metabolism disorder
糞線虫検査陽性	Strongyloides test positive
糸球体血管障害	Glomerular vascular disorder
系統転換白血病	Lineage switch leukaemia
細菌の過剰増殖	Overgrowth bacterial
細菌アレルギー	Bacterial allergy
細菌性前立腺炎	Bacterial prostatitis
細菌性副鼻腔炎	Sinusitis bacterial
細菌性外陰腟炎	Bacterial vulvovaginitis
細菌性心内膜炎	Endocarditis bacterial
細菌性性器感染	Genital infection bacterial
細菌性気管支炎	Bronchitis bacterial
細菌性滑液包炎	Bacterial bursitis
細菌性耳下腺炎	Bacterial parotitis
細菌性胸膜感染	Pleural infection bacterial
細菌性脳脊髄炎	Encephalomyelitis bacterial
細菌性腎盂腎炎	Bacterial pyelonephritis
細菌性腹部感染	Bacterial abdominal infection
細菌性血管腫症	Bacillary angiomatosis
組込み部位分析	Integration site analysis
経口投与合併症	Oral administration complication
経心筋血行再建	Transmyocardial revascularisation
経皮ペーシング	Transcutaneous pacing
経瞳孔温熱療法	Transpupillary thermotherapy
経蝶形骨洞手術	Transsphenoidal surgery
経静脈胆嚢造影	Cholecystogram intravenous
経頭蓋磁気刺激	Transcranial magnetic stimulation
結合双生児分離	Conjoined twins separation
結合組織の炎症	Connective tissue inflammation
結合組織新生物	Connective tissue neoplasm
結合組織異形成	Connective tissue dysplasia
結晶性関節障害	Crystal arthropathy
結核性前立腺炎	Prostatitis tuberculous
結核菌-トリ型	Mycobacterium avium
結腸直腸新生物	Colorectal neoplasm
結膜嚢胞切除術	Conjunctival cyst excision
絞扼性ヘルニア	Strangulated hernia
絨毛膜羊膜分離	Chorioamniotic separation
網内系機能障害	Reticuloendothelial dysfunction
網膜ドルーゼン	Retinal drusen
網膜動脈塞栓症	Retinal artery embolism
網膜動脈瘤破裂	Retinal aneurysm rupture
網膜動脈血栓症	Retinal artery thrombosis
網膜動静脈奇形	Retinal arteriovenous malformation
網膜微小血管症	Retinal microangiopathy
網膜星状細胞腫	Retinal astrocytoma
網膜色素上皮症	Retinal pigment epitheliopathy
網膜色素細胞腫	Retinal melanocytoma
網膜血管血栓症	Retinal vascular thrombosis
網膜静脈血栓症	Retinal vein thrombosis
緑内障薬物療法	Glaucoma drug therapy
緑膿菌性髄膜炎	Pseudomonas aeruginosa meningitis
線維性心内膜炎	Endocarditis fibroplastica
線維性組織球腫	Fibrous histiocytoma
線維素溶解亢進	Fibrinolysis increased
線維素溶解正常	Fibrinolysis normal
線維素溶解減少	Fibrinolysis decreased
線維素溶解異常	Fibrinolysis abnormal
縦隔鏡検査正常	Mediastinoscopy normal
縦隔鏡検査異常	Mediastinoscopy abnormal
縫合関連合併症	Suture related complication
羊水鏡検査正常	Amnioscopy normal
羊水鏡検査異常	Amnioscopy abnormal
老人性そう痒症	Senile pruritus
老人性骨粗鬆症	Senile osteoporosis
耳の悪性新生物	Ear neoplasm malignant
耳チューブ挿入	Ear tube insertion
耳チューブ除去	Ear tube removal
耳下腺嚢胞切除	Parotid cyst excision
耳下腺脂肪腫症	Parotid lipomatosis
耳部処置合併症	Ear procedural complication
耳音響放射検査	Otoacoustic emissions test
耳鳴再訓練療法	Tinnitus retraining therapy
耳鼻咽喉科手術	Otorhinolaryngological surgery
聴覚性ショック	Acoustic shock
職業性身体問題	Occupational physical problem
肉芽腫性口唇炎	Cheilitis granulomatosa
肉芽腫性皮膚炎	Granulomatous dermatitis
肉芽腫性肝疾患	Granulomatous liver disease
肉芽腫性肺臓炎	Granulomatous pneumonitis
肋骨脊柱角圧痛	Costovertebral angle tenderness
肛門カンジダ症	Anal candidiasis
肛門性器異形成	Anogenital dysplasia
肛門括約筋切離	Anal sphincterotomy
肛門挙筋症候群	Levator syndrome
肛門病変部切除	Anal lesion excision
肛門直腸不快感	Anorectal discomfort
肛門直腸無形成	Anorectal agenesis
肛門直腸蜂巣炎	Anorectal cellulitis
肛門直腸血管腫	Anorectal haemangioma
肛門直腸静脈瘤	Anorectal varices
肝の良性新生物	Benign hepatic neoplasm
肝スキャン正常	Liver scan normal
肝スキャン異常	Liver scan abnormal
肝リンパ球浸潤	Hepatic lymphocytic infiltration
肝移植拒絶反応	Liver transplant rejection
肝胆道スキャン	Hepatobiliary scan
肝胆道系新生物	Hepatobiliary neoplasm
肝脾カンジダ症	Hepatosplenic candidiasis
肝臓の鉄過剰症	Hepatic iron overload
肝臓血管腫破裂	Hepatic haemangioma rupture
肥大性骨関節症	Hypertrophic osteoarthropathy
肥満細胞性腸炎	Mastocytic enterocolitis
肩甲骨胸郭解離	Scapulothoracic dissociation
肩甲骨運動異常	Scapular dyskinesis
肺の悪性新生物	Lung neoplasm malignant
肺の理学的検査	Pulmonary physical examination
肺の良性新生物	Benign lung neoplasm
肺ノカルジア症	Pulmonary nocardiosis
肺全摘後症候群	Post pneumonectomy syndrome
肺動脈弁石灰化	Pulmonary valve calcification
肺動脈弁硬化症	Pulmonary valve sclerosis
肺嚢胞性線維症	Cystic fibrosis lung
肺好酸球増多症	Pulmonary eosinophilia
肺毛細血管腫症	Pulmonary capillary haemangiomatosis
肺活量測定正常	Spirometry normal
肺活量測定異常	Spirometry abnormal
肺炎症性偽腫瘍	Pulmonary inflammatory pseudotumour
肺硬化性血管腫	Sclerosing pneumocytoma
肺移植拒絶反応	Lung transplant rejection
肺血管造影正常	Angiogram pulmonary normal
肺血管造影異常	Angiogram pulmonary abnormal
胃の良性新生物	Benign gastric neoplasm
胃スキャン正常	Stomach scan normal
胃スキャン異常	Stomach scan abnormal
胃ステント挿入	Gastric stent insertion
胃ステント除去	Gastric stent removal
胃バイパス解除	Gastric bypass reversal
胃ポリープ切除	Gastric polypectomy
胃上皮下新生物	Gastric subepithelial neoplasm
胃内残渣量増加	Gastric residual increased
胃内残渣量評価	Gastric residual assessment
胃十二指腸出血	Gastroduodenal haemorrhage
胃底部造襞解除	Fundoplication reversal
胃洗浄検査正常	Gastric lavage normal
胃洗浄検査異常	Gastric lavage abnormal
胃潰瘍外科手術	Gastric ulcer surgery
胃瘻造設不成功	Gastrostomy failure
胃神経内分泌癌	Gastric neuroendocrine carcinoma
胃腸ムコール症	Gastrointestinal mucormycosis
胃腸処置合併症	Gastrointestinal procedural complication
胃腸吻合合併症	Gastrointestinal anastomotic complication
胃腸吻合部出血	Gastrointestinal anastomotic haemorrhage
胃腸吻合部漏出	Gastrointestinal anastomotic leak
胃腸吻合部狭窄	Gastrointestinal anastomotic stenosis
胃食道逆流予防	Gastrooesophageal reflux prophylaxis
胆嚢上皮内腫瘍	Cholecystic intraepithelial neoplasia
胆汁性嚢胞破裂	Biloma rupture
胆汁性消化不良	Biliary dyspepsia
胆汁酸吸収不良	Bile acid malabsorption
胆石性イレウス	Gallstone ileus
胆管吻合合併症	Biliary anastomosis complication
胆膵路バイパス	Biliopancreatic bypass
胆道内視鏡検査	Endoscopy biliary tract
胆道超音波検査	Ultrasound biliary tract
胎便吸引症候群	Meconium aspiration syndrome
胎児染色体異常	Foetal chromosome abnormality
胎児脳血管障害	Foetal cerebrovascular disorder
胎児超音波検査	Ultrasound foetal
胎盤絨毛血管腫	Placental chorioangioma
胎盤輸血症候群	Placental transfusion syndrome
胚生存能力低下	Decreased embryo viability
胸腔ドレナージ	Thoracic cavity drainage
胸膜悪性中皮腫	Pleural mesothelioma malignant
胸部超音波検査	Ultrasound chest
胸郭不全症候群	Thoracic insufficiency syndrome
胸郭出口症候群	Thoracic outlet syndrome
胸骨後胸水除去	Retrosternal fluid evacuation
胸髄神経根障害	Thoracic radiculopathy
脂肪塞栓症候群	Fat embolism syndrome
脂肪癒着症候群	Fat adherence syndrome
脈絡膜結核結節	Choroid tubercles
脈絡膜腫瘍切除	Choroid tumour excision
脈絡膜血管新生	Choroidal neovascularisation
脊椎炎性脊髄症	Spondylitic myelopathy
脊椎癒合部骨折	Spinal fusion fracture
脊椎肋骨異骨症	Spondylocostal dysostosis
脊椎靱帯骨化症	Spinal ligament ossification
脊髄ドレナージ	Spinal cord drainage
脊髄中心症候群	Central cord syndrome
脊髄係留症候群	Tethered cord syndrome
脊髄円錐症候群	Conus medullaris syndrome
脊髄動脈塞栓症	Spinal artery embolism
脊髄動脈血栓症	Spinal artery thrombosis
脊髄性筋萎縮症	Spinal muscular atrophy
脊髄放射線療法	Spinal radiotherapy
脊髄硬膜下出血	Spinal subdural haemorrhage
脊髄硬膜下血腫	Spinal subdural haematoma
脊髄硬膜外出血	Spinal epidural haemorrhage
脛骨粗面移動術	Tibial tuberosity transfer
脳の悪性新生物	Brain neoplasm malignant
脳の良性新生物	Brain neoplasm benign
脳コロイド嚢胞	Colloid brain cyst
脳スキャン正常	Brain scan normal
脳スキャン異常	Brain scan abnormal
脳ステント挿入	Brain stent insertion
脳ノカルジア症	Cerebral nocardiosis
脳内血腫除去術	Intracerebral haematoma evacuation
脳卒中後うつ病	Post stroke depression
脳実質外動脈瘤	Precerebral artery aneurysm
脳室ドレナージ	Ventricular drainage
脳底動脈血栓症	Basilar artery thrombosis
脳振盪後症候群	Post concussion syndrome
脳血流スキャン	Perfusion brain scan
脳血管偽動脈瘤	Cerebrovascular pseudoaneurysm
脳血管造影正常	Angiogram cerebral normal
脳血管造影異常	Angiogram cerebral abnormal
脳過潅流症候群	Cerebral hyperperfusion syndrome
脾腎シャント術	Splenorenal shunt procedure
脾臓の鉄過剰症	Splenic iron overload
脾臓処置合併症	Spleen procedural complication
脾臓濾胞過形成	Spleen follicular hyperplasia
脾臓超音波検査	Ultrasound spleen
脾静脈性血管瘤	Splenic vein aneurysm
腋窩静脈血栓症	Axillary vein thrombosis
腎の動脈硬化症	Renal arteriosclerosis
腎スキャン正常	Renal scan normal
腎スキャン異常	Renal scan abnormal
腎動脈血行再建	Renal artery revascularisation
腎動脈造影正常	Arteriogram renal normal
腎動脈造影異常	Arteriogram renal abnormal
腎盂鏡検査正常	Pyeloscopy normal
腎盂鏡検査異常	Pyeloscopy abnormal
腎臓病学的検査	Nephrological examination
腎血管性高血圧	Renovascular hypertension
腎静脈造影正常	Venogram renal normal
腎静脈造影異常	Venogram renal abnormal
腕頭動脈硬化症	Brachiocephalic arteriosclerosis
腕頭静脈血栓症	Brachiocephalic vein thrombosis
腟の良性新生物	Benign vaginal neoplasm
腟タンポン挿入	Vaginal tamponade
腟トリコモナス	Trichomonas vaginalis
腟内リング装着	Vaginal ring placement
腟粘膜水疱形成	Vaginal mucosal blistering
腫瘍の潰瘍形成	Tumour ulceration
腫瘍崩壊症候群	Tumour lysis syndrome
腫瘍細胞縮小術	Cytoreductive surgery
腫瘍血流遮断術	Tumour devascularisation
腫瘍随伴性発疹	Paraneoplastic rash
腫瘍随伴性胸水	Paraneoplastic pleural effusion
腫瘍随伴症候群	Paraneoplastic syndrome
腰仙神経叢損傷	Lumbosacral plexus injury
腰椎屈曲症候群	Lumbar flexion syndrome
腰髄神経根障害	Lumbar radiculopathy
腸ヘルニア修復	Enterocele repair
腸ポリープ切除	Intestinal polypectomy
腸回転異常修復	Intestinal malrotation repair
腸性肢端皮膚炎	Acrodermatitis enteropathica
腸炎エルシニア	Yersinia enterocolitica
腸球菌性敗血症	Enterococcal sepsis
腸球菌性胃腸炎	Enterococcal gastroenteritis
腸球菌性菌血症	Enterococcal bacteraemia
腸球菌性蜂巣炎	Cellulitis enterococcal
腸球菌性髄膜炎	Meningitis enterococcal
腸管吻合合併症	Intestinal anastomosis complication
腸管神経異形成	Intestinal neuronal dysplasia
腸管血管性浮腫	Intestinal angioedema
腸脛靱帯症候群	Iliotibial band syndrome
腸腰靱帯症候群	Iliolumbar syndrome
腸間膜動脈塞栓	Mesenteric artery embolism
腸間膜動脈狭窄	Mesenteric artery stenosis
腸間膜動脈閉塞	Mesenteric arterial occlusion
腸間膜脂肪織炎	Mesenteric panniculitis
腸間膜血管閉塞	Mesenteric vascular occlusion
腸間膜血行不全	Mesenteric vascular insufficiency
腸間膜静脈閉塞	Mesenteric venous occlusion
腸骨動脈再狭窄	Iliac artery restenosis
腸骨動脈塞栓症	Iliac artery embolism
腸骨動脈硬化症	Iliac artery arteriosclerosis
腸骨鼡径神経痛	Ilioinguinal neuralgia
腹腔ドレナージ	Abdominal cavity drainage
腹腔内容積増加	Increased intraperitoneal volume
腹腔洗浄細胞診	Peritoneal washing cytology
腹腔鏡検査正常	Laparoscopy normal
腹腔鏡検査異常	Laparoscopy abnormal
腹膜カンジダ症	Peritoneal candidiasis
腹膜中皮過形成	Peritoneal mesothelial hyperplasia
腹膜後ヘルニア	Retroperitoneal hernia
腹膜悪性中皮腫	Peritoneal mesothelioma malignant
腹膜神経膠腫症	Peritoneal gliomatosis
腹膜透析合併症	Peritoneal dialysis complication
腹膜透析液漏出	Peritoneal dialysate leakage
腹膜透過性上昇	Peritoneal permeability increased
腹膜透過性低下	Peritoneal permeability decreased
腹部超音波検査	Ultrasound abdomen
膀胱カンジダ症	Bladder candidiasis
膀胱マッピング	Bladder mapping
膀胱住血吸虫症	Schistosomiasis bladder
膀胱内免疫療法	Intravesical immunotherapy
膀胱出口部閉塞	Bladder outlet obstruction
膀胱吊り上げ術	Urinary bladder suspension
膀胱括約筋切除	Bladder sphincterectomy
膀胱新生物手術	Bladder neoplasm surgery
膀胱水圧拡張術	Bladder hydrodistension
膀胱病変部切除	Bladder lesion excision
膀胱超音波検査	Ultrasound bladder
膀胱鏡検査正常	Cystoscopy normal
膀胱鏡検査異常	Cystoscopy abnormal
膜性糸球体腎炎	Glomerulonephritis membranous
膝軟骨下骨形成	Knee subchondroplasty
膵フレグモーネ	Pancreatic phlegmon
膵仮性嚢胞出血	Pancreatic pseudocyst haemorrhage
膵仮性嚢胞破裂	Pancreatic pseudocyst rupture
膵嚢胞性線維症	Cystic fibrosis pancreatic
膵壊死組織切除	Pancreatic necrosectomy
膵移植拒絶反応	Pancreas transplant rejection
膵管ドレナージ	Pancreatic duct drainage
膵管括約筋切開	Pancreatic sphincterotomy
膵管括約筋切除	Pancreatic sphincterectomy
膵酵素検査正常	Pancreatic enzymes normal
膵酵素検査異常	Pancreatic enzymes abnormal
膿瘍ドレナージ	Abscess drainage
臍ヘルニア修復	Umbilical hernia repair
臍ヘルニア穿孔	Umbilical hernia perforation
臍動脈形成不全	Umbilical artery hypoplasia
臍帯付着部異常	Abnormal cord insertion
臨床試験参加者	Clinical trial participant
自家骨軟骨移植	Osteochondral autograft
自己免疫性筋炎	Autoimmune myositis
自己免疫性肝炎	Autoimmune hepatitis
自己免疫性脳症	Autoimmune encephalopathy
自己免疫性腎炎	Autoimmune nephritis
自己免疫性腸症	Autoimmune enteropathy
自己免疫性膵炎	Autoimmune pancreatitis
自己免疫性貧血	Autoimmune anaemia
自己受容性運動	Proprioceptive exercise
自己血パッチ法	Autologous blood patching
自律神経節切除	Autonomic ganglionectomy
自殺企図の疑い	Suspected suicide attempt
舌の良性新生物	Tongue neoplasm benign
舌骨吊り上げ術	Hyoid bone suspension
舟状月状骨解離	Scapholunate dissociation
良性上衣細胞腫	Ependymoma benign
良性家族性血尿	Benign familial haematuria
良性胸膜中皮腫	Benign pleural mesothelioma
良性脊髄髄膜腫	Spinal meningioma benign
色素性母斑切除	Mole excision
色素散乱症候群	Pigment dispersion syndrome
色素沈着性腎症	Pigment nephropathy
若年性春期丘疹	Juvenile spring eruption
萎縮性外陰腟炎	Atrophic vulvovaginitis
萎縮性甲状腺炎	Atrophic thyroiditis
葉酸欠乏性貧血	Anaemia folate deficiency
蓄膿ドレナージ	Empyema drainage
蔔行性脈絡膜炎	Serpiginous choroiditis
蕁麻疹性皮膚炎	Urticarial dermatitis
蕁麻疹様血管炎	Urticarial vasculitis
薬剤離脱症候群	Drug withdrawal syndrome
薬物トラフ濃度	Drug trough level
薬物代謝物濃度	Drug metabolite level
薬物濃度治療量	Drug level therapeutic
薬物特異性抗体	Drug specific antibody
薬物離脱性痙攣	Drug withdrawal convulsions
薬物離脱性頭痛	Drug withdrawal headache
虚血性皮膚潰瘍	Ischaemic skin ulcer
虚血性視神経症	Optic ischaemic neuropathy
虫垂粘液性腫瘍	Appendiceal mucinous neoplasm
蛋白欠乏性貧血	Protein deficiency anaemia
蛋白結合ヨウ素	Protein bound iodine
蠕虫性外陰腟炎	Vulvovaginitis helminthic
蠕虫性心内膜炎	Endocarditis helminthic
蠕虫性性器感染	Genital infection helminthic
蠕虫性髄膜脳炎	Meningoencephalitis helminthic
血中アルコール	Blood alcohol
血中アルブミン	Blood albumin
血中アンチモン	Blood antimony
血中インスリン	Blood insulin
血中エタノール	Blood ethanol
血中カドミウム	Blood cadmium
血中カフェイン	Blood caffeine
血中カルシウム	Blood calcium
血中ガストリン	Blood gastrin
血中クレアチン	Blood creatine
血中クロム増加	Blood chromium increased
血中クロム正常	Blood chromium normal
血中クロム減少	Blood chromium decreased
血中グルカゴン	Blood glucagon
血中シアン化物	Blood cyanide
血中セレニウム	Blood selenium
血中トリプシン	Blood trypsin
血中トロンビン	Blood thrombin
血中ナトリウム	Blood sodium
血中ビリルビン	Blood bilirubin
血中ピルビン酸	Blood pyruvic acid
血中ベリリウム	Blood beryllium
血中メタノール	Blood methanol
血中一酸化炭素	Blood carbon monoxide
血中寄生虫検査	Parasite blood test
血中電解質増加	Blood electrolytes increased
血中電解質正常	Blood electrolytes normal
血中電解質減少	Blood electrolytes decreased
血中電解質異常	Blood electrolytes abnormal
血友病性偽腫瘍	Haemophilic pseudotumour
血友病性関節症	Haemophilic arthropathy
血小板凝集亢進	Platelet aggregation increased
血小板凝集低下	Platelet aggregation decreased
血小板凝集抑制	Platelet aggregation inhibition
血小板凝集正常	Platelet aggregation normal
血小板形態正常	Platelet morphology normal
血小板形態異常	Platelet morphology abnormal
血小板成熟停止	Platelet maturation arrest
血小板機能検査	Platelet function test
血小板生成減少	Platelet production decreased
血小板生着不全	Platelet engraftment failure
血小板生着検査	Platelet engraftment analysis
血小板生着遅延	Delayed platelet engraftment
血小板破壊亢進	Platelet destruction increased
血性乳頭滲出液	Nipple exudate bloody
血液スミア試験	Blood smear test
血液希釈導入法	Haemodilution induction procedure
血液浸透圧上昇	Blood osmolarity increased
血液浸透圧低下	Blood osmolarity decreased
血液浸透圧正常	Blood osmolarity normal
血液浸透圧異常	Blood osmolarity abnormal
血液透析合併症	Haemodialysis complication
血清セロトニン	Serum serotonin
血清フェリチン	Serum ferritin
血管ヒアリン症	Vascular hyalinosis
血管処置合併症	Vascular procedure complication
血管原性脳浮腫	Vasogenic cerebral oedema
血管反応性試験	Vasoreactivity test
血管吻合部出血	Vascular anastomotic haemorrhage
血管性認知障害	Vascular cognitive impairment
血管確保合併症	Vascular access complication
血管運動性鼻炎	Vasomotor rhinitis
血管麻痺症候群	Vasoplegia syndrome
血行動態不安定	Haemodynamic instability
行軍血色素尿症	March haemoglobinuria
衒学的スピーチ	Pedantic speech
術後リンパ嚢腫	Postoperative lymphocele
術後凝固能亢進	Postoperative hypercoagulability
術後胃不全麻痺	Gastroparesis postoperative
術後脊柱後弯症	Kyphosis postoperative
表皮ブドウ球菌	Staphylococcus epidermidis
表皮母斑症候群	Epidermal naevus syndrome
補正カルシウム	Adjusted calcium
製品の包装偽造	Product packaging counterfeit
製品の知識不足	Product knowledge deficit
製品中の沈着物	Product deposit
製品交付の問題	Product dispensing issue
製品代替の問題	Product substitution issue
製品供給の問題	Product supply issue
製品処方の問題	Product prescribing issue
製品包装の問題	Product packaging issue
製品包装の混同	Product packaging confusion
製品名称の混同	Product name confusion
製品含量の混同	Product strength confusion
製品品質の問題	Product quality issue
製品変造の疑い	Suspected product tampering
製品外観の混同	Product appearance confusion
製品容器の問題	Product container issue
製品密閉の問題	Product closure issue
製品広告の問題	Product advertising issue
製品形状の問題	Product shape issue
製品汚染の疑い	Suspected product contamination
製品滅菌の問題	Product sterility issue
製品物性の問題	Product physical issue
製品用量の混同	Product dose confusion
製品組成の問題	Product formulation issue
製品色調の問題	Product colour issue
製品表示の偽装	Product label counterfeit
製品表示の問題	Product label issue
製品表示の混同	Product label confusion
製品調製の問題	Product preparation issue
製造施設の問題	Manufacturing facilities issue
製造装置の問題	Manufacturing equipment issue
複合アレルギー	Multiple allergies
複合型免疫不全	Combined immunodeficiency
複合的理学療法	Complete decongestive therapy
褐色細胞腫切除	Phaeochromocytoma excision
視動性眼振検査	Opticokinetic nystagmus tests
視床下部過誤腫	Hypothalamic hamartoma
視神経乳頭充血	Optic disc hyperaemia
視神経乳頭出血	Optic disc haemorrhage
視神経乳頭小窩	Optic disc pit
視神経乳頭陥凹	Optic nerve cupping
視神経乳頭障害	Optic disc disorder
角膜リポイド環	Arcus lipoides
角膜上皮小嚢胞	Corneal epithelial microcysts
角膜後面沈着物	Keratic precipitates
角膜病変部切除	Corneal lesion removal
角膜縫合部除去	Corneal sutures removal
触知可能紫斑病	Palpable purpura
評価不能の事象	Unevaluable event
評価不能の検体	Unevaluable specimen
評価不能の検査	Unevaluable investigation
評価不能の治療	Unevaluable therapy
認知症の近親者	Demented relative
誤った医療機器	Wrong device
負荷心エコー図	Stress echocardiogram
貧血性低酸素症	Anaemic hypoxia
赤痢菌性敗血症	Shigella sepsis
赤痢菌検査陽性	Shigella test positive
赤芽球形態異常	Erythroblast morphology abnormal
赤血球生成異常	Erythropoiesis abnormal
起立性蛋白尿症	Orthostatic proteinuria
超音波スキャン	Ultrasound scan
超音波血管造影	Ultrasonic angiogram
足指上腕血圧比	Toe brachial index
足指爪楔状切除	Wedge resection toenail
足踏み反射低下	Poor stepping reflex
軟部組織の炎症	Soft tissue inflammation
軟部組織新生物	Soft tissue neoplasm
転移性肺塞栓症	Metastatic pulmonary embolism
軸性脊椎関節炎	Axial spondyloarthritis
輪状咽頭筋切断	Cricopharyngeal myotomy
輸血関連合併症	Transfusion related complication
辺縁帯リンパ腫	Marginal zone lymphoma
追加免疫不接種	Booster dose missed
退形成性髄膜腫	Anaplastic meningioma
逆行性腎内手術	Retrograde intrarenal surgery
逆説的皮膚反応	Paradoxical skin reaction
透析関連合併症	Dialysis related complication
進行性筋萎縮症	Progressive muscular atrophy
運動負荷心電図	Exercise electrocardiogram
運転能力障害者	Impaired driving ability
過剰な歯肉露出	Excessive gingival display
過度装用症候群	Overwear syndrome
過形成性胆嚢症	Hyperplastic cholecystopathy
過敏性腸症候群	Irritable bowel syndrome
過粘稠度症候群	Hyperviscosity syndrome
適用部位びらん	Application site erosion
適用部位不快感	Application site discomfort
適用部位内出血	Application site haematoma
適用部位刺激感	Application site irritation
適用部位多毛症	Application site hypertrichosis
適用部位小水疱	Application site vesicles
適用部位毛包炎	Application site folliculitis
適用部位皮膚炎	Application site dermatitis
適用部位石灰化	Application site calcification
適用部位線維症	Application site fibrosis
適用部位肉芽腫	Application site granuloma
適用部位蕁麻疹	Application site urticaria
適用部位蜂巣炎	Application site cellulitis
適用部位血管炎	Application site vasculitis
適用部位静脈炎	Application site phlebitis
選択的妊娠中絶	Selective abortion
選択的摂食障害	Selective eating disorder
遺伝性歯牙奇形	Tooth malformation hereditary
遺伝性耳硬化症	Inherited otosclerosis
遺残尿膜管切除	Urachal remnant resection
酸素消費量増加	Oxygen consumption increased
酸素消費量減少	Oxygen consumption decreased
酸素飽和度上昇	Oxygen saturation increased
酸素飽和度低下	Oxygen saturation decreased
酸素飽和度正常	Oxygen saturation normal
酸素飽和度異常	Oxygen saturation abnormal
里親による養育	Foster care
金属ヒューム熱	Metal fume fever
鉗子分娩不成功	Failed forceps delivery
鎌状赤血球腎症	Sickle cell nephropathy
鎌状赤血球貧血	Sickle cell disease
鎖骨下動脈狭窄	Subclavian artery stenosis
鎖骨下動脈穿孔	Subclavian artery perforation
鎖骨下動脈解離	Subclavian artery dissection
鎖骨下動脈閉塞	Subclavian artery occlusion
鎖骨下静脈狭窄	Subclavian vein stenosis
鎖骨下静脈穿孔	Subclavian vein perforation
鎖骨下静脈閉塞	Subclavian vein occlusion
鎖骨頭蓋異骨症	Cleidocranial dysostosis
鎮痛効果不十分	Inadequate analgesia
門脈シャント術	Portal shunt procedure
門脈周囲線維症	Periportal fibrosis
門脈肺高血圧症	Portopulmonary hypertension
閉塞性ショック	Obstructive shock
閉塞性ヘルニア	Hernia obstructive
閉塞性喉頭蓋炎	Epiglottitis obstructive
閉塞性気道障害	Obstructive airways disorder
閉塞隅角緑内障	Angle closure glaucoma
閉経後骨粗鬆症	Osteoporosis postmenopausal
閉経期症状予防	Menopausal symptoms prophylaxis
閉鎖孔ヘルニア	Obturator hernia
閉鎖性眼球損傷	Closed globe injury
開放性眼球外傷	Open globe injury
開放隅角緑内障	Pigmentary glaucoma
関節の病的脱臼	Joint dislocation pathological
関節裂隙狭小化	Joint space narrowing
関節超音波検査	Ultrasound joint
関節鏡検査正常	Arthroscopy normal
関節鏡検査異常	Arthroscopy abnormal
限局性強膜結節	Focal scleral nodule
限局性皮質切除	Focal cortical resection
陰嚢被角血管腫	Scrotal angiokeratoma
陰茎海綿体手術	Corpora cavernosa surgery
陰茎超音波検査	Ultrasound penis
陰茎静脈血栓症	Penile vein thrombosis
隅角鏡検査正常	Gonioscopy normal
隅角鏡検査異常	Gonioscopy abnormal
電気眼振図正常	Electronystagmogram normal
電気眼振図異常	Electronystagmogram abnormal
電解質補充療法	Electrolyte substitution therapy
静脈閉塞性疾患	Venous occlusion
非協力的な患者	Patient uncooperative
非感染性卵巣炎	Noninfective oophoritis
非感染性尿道炎	Urethritis noninfective
非感染性歯肉炎	Noninfective gingivitis
非感染性精巣炎	Orchitis noninfective
非感染性結膜炎	Noninfective conjunctivitis
非感染性網膜炎	Noninfective retinitis
非感染性脊髄炎	Noninfectious myelitis
非感染性腹膜炎	Noninfectious peritonitis
非感染性膀胱炎	Cystitis noninfective
非感染性虫垂炎	Appendicitis noninfective
非感染性髄膜炎	Meningitis noninfective
非感染性鼓膜炎	Noninfective myringitis
鞭打ち様皮膚炎	Flagellate dermatitis
頚動脈バイパス	Carotid artery bypass
頚動脈形成不全	Carotid hypoplasia
頚動脈洞症候群	Carotid sinus syndrome
頚動脈脈拍増加	Carotid pulse increased
頚動脈脈拍正常	Carotid pulse normal
頚動脈脈拍減少	Carotid pulse decreased
頚動脈脈拍異常	Carotid pulse abnormal
頚動脈血行再建	Carotid revascularisation
頚原性嚥下障害	Cervicogenic dysphagia
頚部ヒグローマ	Hygroma colli
頚部超音波検査	Ultrasound neck
頚髄神経根障害	Cervical radiculopathy
頬部スミア正常	Smear buccal normal
頬部スミア異常	Smear buccal abnormal
頭蓋内動脈解離	Intracranial artery dissection
頭蓋内圧低下症	Intracranial hypotension
頭蓋内腫瘍出血	Intracranial tumour haemorrhage
頭蓋縫合部拡大	Cranial sutures widening
頭蓋顔面異骨症	Craniofacial dysostosis
頭蓋骨陥没骨折	Fractured skull depressed
頭蓋骨骨折治療	Skull fracture treatment
頭部下垂症候群	Dropped head syndrome
頭部超音波検査	Ultrasound head
頭頂葉てんかん	Parietal lobe epilepsy
顆粒球成熟停止	Granulocytes maturation arrest
顎部病変部切除	Jaw lesion excision
顔面ミオキミア	Facial myokymia
顔面病変部切除	Facial lesion excision
顕微鏡的大腸炎	Colitis microscopic
顕微鏡皮膚手術	Micrographic skin surgery
類上皮性中皮腫	Epithelioid mesothelioma
類丹毒性敗血症	Erysipelothrix sepsis
風疹性脳脊髄炎	Encephalomyelitis rubella
食事制限不成功	Diet failure
食事療法非遵守	Diet noncompliance
食物アレルギー	Food allergy
食道カンジダ症	Oesophageal candidiasis
食道病変部切除	Oesophageal lesion excision
食道粘膜過形成	Oesophageal mucosal hyperplasia
食道鏡検査正常	Oesophagoscopy normal
食道鏡検査異常	Oesophagoscopy abnormal
食道静脈瘤出血	Oesophageal varices haemorrhage
食道静脈瘤注入	Oesophageal variceal injection
食道静脈瘤結紮	Oesophageal variceal ligation
骨の良性新生物	Benign bone neoplasm
骨スキャン正常	Bone scan normal
骨スキャン異常	Bone scan abnormal
骨ミネラル喪失	Bone demineralisation
骨幹端異形成症	Metaphyseal dysplasia
骨性統合不十分	Inadequate osteointegration
骨折の変形治癒	Fracture malunion
骨折の遷延治癒	Fracture delayed union
骨折上顎骨挙上	Fractured maxilla elevation
骨盤内臓器損傷	Pelvic organ injury
骨盤底ヘルニア	Pelvic floor hernia
骨盤底機能不全	Pelvic floor dysfunction
骨盤腹腔鏡検査	Pelvic laparoscopy
骨盤静脈塞栓術	Pelvic vein embolisation
骨盤静脈血栓症	Pelvic venous thrombosis
骨粗鬆症性骨折	Osteoporotic fracture
骨髄再構築遅延	Delayed haematopoietic reconstitution
骨髄系成熟停止	Myeloid maturation arrest
骨髄腫円柱腎症	Myeloma cast nephropathy
骨髄芽球数増加	Myeloblast count increased
骨髄芽球数減少	Myeloblast count decreased
骨髄芽球百分率	Myeloblast percentage
髄膜炎菌性脳炎	Encephalitis meningococcal
髄膜脊髄瘤修復	Meningomyelocele repair
高アーチ型口蓋	High arched palate
高比重リポ蛋白	High density lipoprotein
高血圧クリーゼ	Hypertensive crisis
高血圧性心拡大	Hypertensive cardiomegaly
高血圧性心疾患	Hypertensive heart disease
高血圧性心筋症	Hypertensive cardiomyopathy
高血圧性網膜症	Retinopathy hypertensive
高血糖クリーゼ	Hyperglycaemic crisis
高齢者機能評価	Geriatric assessment
鵞口瘡カンジダ	Candida albicans
麻疹性角結膜炎	Keratoconjunctivitis measles
麻痺性イレウス	Ileus paralytic
麻薬性腸症候群	Narcotic bowel syndrome
黄体化過剰反応	Hyperreactio luteinalis
黄斑部反射異常	Macular reflex abnormal
黄斑部血管痙攣	Macular vasospasm
黄色ブドウ球菌	Staphylococcus aureus
鼻の良性新生物	Nasal neoplasm benign
鼻ポリープ切除	Nasal polypectomy
鼻副鼻腔乳頭腫	Sinonasal papilloma
鼻粘膜水疱形成	Nasal mucosal blistering
鼻腔内感覚鈍麻	Intranasal hypoaesthesia
鼻腔内異常感覚	Intranasal paraesthesia
ＢＳＰ検査正常	Bromosulphthalein test normal
A群連鎖球菌	Streptococcus pyogenes
B群連鎖球菌	Streptococcus agalactiae
Welch菌	Clostridium perfringens
αサラセミア	Thalassaemia alpha
βグロブリン	Beta globulin
βサラセミア	Thalassaemia beta
γ線照射療法	Gamma radiation therapy
あえぎ症候群	Gasping syndrome
あぶみ骨可動	Stapes mobilisation
うつ病性妄想	Depressive delusion
おむつ皮膚炎	Dermatitis diaper
かつら使用者	Wig wearer
くも膜下出血	Subarachnoid haemorrhage
くも膜下膿瘍	Subarachnoid abscess
くも膜下血腫	Subarachnoid haematoma
ざ瘡様皮膚炎	Dermatitis acneiform
そう痒性皮疹	Rash pruritic
てんかん手術	Epilepsy surgery
ばら色粃糠疹	Pityriasis rosea
びらん性胃炎	Gastritis erosive
ぶどう膜外反	Ectropion uveae
ぶどう膜脱出	Uveal prolapse
アカパンカビ	Neurospora crassa
アテノロール	Atenolol
アトピー咳嗽	Atopic cough
アナプラズマ	Anaplasma
アヌビスヒヒ	Papio anubis
アフタ性潰瘍	Aphthous ulcer
アヘン剤陰性	Opiates negative
アヘン剤陽性	Opiates positive
アミノ酸濃度	Amino acid level
アムロジピン	Amlodipine
アメリカ鉤虫	Necator americanus
アメーバ検査	Amoeba test
アメーバ赤痢	Amoebic dysentery
アルパース病	Alpers disease
アース症候群	Aase syndrome
イスラジピン	Isradipine
イヌホオズキ	Solanum nigrum
インジナビル	Indinavir
ウイルス力価	Viral titre
ウイルス感染	Viral infection
ウイルス検査	Viral test
ウツボグサ属	Prunella
エクリン腺癌	Eccrine carcinoma
エチドカイン	Etidocaine
エボラ出血熱	Ebola disease
エンドミケス	Endomyces
オキシトカ菌	Klebsiella oxytoca
カナマイシン	Kanamycin
カニクイザル	Macaca fascicularis
カリニ肺炎菌	Pneumocystis carinii
カルチカイン	Carticaine
カロチン増加	Carotene increased
カロチン正常	Carotene normal
カロチン減少	Carotene decreased
カロチン異常	Carotene abnormal
カロンンジー	Nigella sativa
カンジダ感染	Candida infection
カンジダ検査	Candida test
ガスリー試験	Phenylalanine screen
ガードネレラ	Gardnerella
キリップ分類	Killip classification
キレート療法	Chelation therapy
クエン酸毒性	Citrate toxicity
クサレケカビ	Mortierella
クソニンジン	Artemisia annua
クランベリー	Vaccinium macrocarpon
クレブシエラ	Klebsiella
クロタネソウ	Nigella damascena
クロム欠乏症	Chromium deficiency
クローン進化	Clonal evolution
クームス試験	Coombs test
グッド症候群	Good syndrome
グリコール酸	Glycolic acid
グリシン検査	Glycine test
グロムス腫瘍	Glomus tumour
ケブナー現象	Koebner phenomenon
ケロイド瘢痕	Keloid scar
ゲオトリクム	Geotrichum
ゲオバチルス	Geobacillus
コショウソウ	Lepidium sativum
ザイモモナス	Zymomonas
シアル酸増加	Sialic acid increased
シャント感染	Shunt infection
シャント狭窄	Shunt stenosis
シャント閉塞	Shunt occlusion
シュウワネラ	Shewanella
ショック症状	Shock symptom
ショーン複合	Shone complex
ショ糖不耐症	Sucrose intolerance
ジフテリア菌	Corynebacterium diphtheriae
ジーブ症候群	Zieve syndrome
スキャン正常	Scan normal
スキャン異常	Scan abnormal
スジイルカ属	Stenella
ステント留置	Stent placement
ステント除去	Stent removal
ストレス潰瘍	Stress ulcer
ストレス管理	Stress management
ストレス過食	Stressed eating
ストレス骨折	Stress fracture
ストーマケア	Stoma care
ストーマ脱出	Stoma prolapse
ストーマ造設	Stoma creation
ストーマ部臭	Stoma site odour
ストーマ閉塞	Stoma obstruction
ストーマ閉鎖	Stoma closure
スピリルム熱	Spirillary fever
スポーツ損傷	Sports injury
セメント塞栓	Cement embolism
セラチア感染	Serratia infection
セリアック病	Coeliac disease
セルロモナス	Cellulomonas
セレノモナス	Selenomonas
セローマ切除	Seroma capsule excision
ソモギー現象	Somogyi phenomenon
タバコ使用者	Tobacco user
タバコ性弱視	Amblyopia tobacco
チオバシラス	Thiobacillus
チャクマヒヒ	Papio ursinus
チャンス骨折	Chance fracture
チラミン反応	Tyramine reaction
チンパンジー	Pan troglodytes
テトラカイン	Tetracaine
デング出血熱	Dengue haemorrhagic fever
デング熱免疫	Dengue fever immunisation
デンタルケア	Dental care
トウモロコシ	Zea mays
トリコモナス	Trichomonas
トリメカイン	Trimecaine
トルラスポラ	Torulaspora
ドレーン抜去	Drain removal
ドレーン留置	Drain placement
ナジェ症候群	Nager syndrome
ナタマイシン	Natamycin
ナツシロギク	Tanacetum parthenium
ナノ粒子毒性	Nanoparticle toxicity
ニカルジピン	Nicardipine
ニコチン依存	Nicotine dependence
ニコチン検査	Nicotine test
ニソルジピン	Nisoldipine
ニフェジピン	Nifedipine
ネオマイシン	Neomycin
ネジリゲザル	Macaca nemestrina
ネズミ糞線虫	Strongyloides ratti
ネックリフト	Neck lift
ノーウッド法	Norwood procedure
ハイリスク児	High risk infant
ハインツ小体	Heinz bodies
ハルトマネラ	Hartmannella
ハロコッカス	Halococcus
ハロセン抗体	Halothane antibody
バイロフィラ	Bilophila
バチルス感染	Bacillus infection
バニオン手術	Bunion operation
バリウムがゆ	Barium meal
バリウム注腸	Barium enema
バリウム閉塞	Barium impaction
バルカン腎症	Balkan endemic nephropathy
バルサルバ法	Valsalva maneuver
バース症候群	Barth syndrome
パニック反応	Panic reaction
パニック発作	Panic attack
パニック障害	Panic disorder
パラコッカス	Paracoccus
パラ百日咳菌	Bordetella parapertussis
ヒアルロン酸	Hyaluronic acid
ヒストン抗体	Histone antibody
ヒップ周囲径	Hip circumference
ヒョウガエル	Rana pipiens
ビオチン欠乏	Biotin deficiency
ビタミン検査	Vitamin test
ビタミン補給	Vitamin supplementation
ピロミセス属	Piromyces
ピンドロール	Pindolol
フィランツス	Phyllanthus emblica
フェロジピン	Felodipine
フクロタケ属	Volvariella
フダンソウ属	Beta vulgaris
フッ化物増加	Fluoride increased
フラスコモ属	Nitella
フランシセラ	Francisella
フード状包皮	Hooded prepuce
ブピバカイン	Bupivacaine
ブラウ症候群	Blau syndrome
ブルセラ検査	Brucella test
プラーク偏位	Plaque shift
プリロカイン	Prilocaine
ヘルニア修復	Hernia repair
ヘルニア穿孔	Hernia perforation
ヘルペス脳炎	Herpes simplex encephalitis
ベンゾカイン	Benzocaine
ペシロミセス	Paecilomyces
ペリー症候群	Perry syndrome
ホウレンソウ	Spinacia oleracea
ホスピスケア	Hospice care
ホルモン検査	Hormone analysis
ホルモン療法	Hormone therapy
ホームズ振戦	Holmes tremor
ボウフラキン	Coelomomyces
ボストン発疹	Boston exanthema
ボツリヌス菌	Clostridium botulinum
ボレリア感染	Borrelia infection
ボレリア検査	Borrelia test
マッドパピー	Necturus maculosus
マラリア予防	Malaria prophylaxis
マラリア免疫	Malaria immunisation
マラリア再燃	Malaria recrudescence
マラリア再発	Malaria relapse
マリノモナス	Marinomonas
マレー糸状虫	Brugia malayi
マンガン増加	Manganese increased
マンガン正常	Manganese normal
マンガン減少	Manganese decreased
マーラー徴候	Mahler sign
ミオシン上昇	Myosin increased
ミカマイシン	Mikamycin
ミツバグサ属	Pimpinella
ミネラル補給	Mineral supplementation
ミラー症候群	Mirror syndrome
ムンプス免疫	Mumps immunisation
ムンプス脳炎	Encephalitis mumps
ムンプス難聴	Mumps deafness
メグサハッカ	Mentha pulegium
メチロモナス	Methylomonas
メピバカイン	Mepivacaine
モルビアン病	Morbihan disease
ライム関節炎	Lyme arthritis
ラクナ脳卒中	Lacunar stroke
ラステリ手術	Rastelli procedure
ラロン症候群	Laron syndrome
リウマチ因子	Rheumatoid factor
リウマチ検査	Rheumatological examination
リコール現象	Recall phenomenon
リステリア菌	Listeria monocytogenes
リパーゼ増加	Lipase increased
リパーゼ正常	Lipase normal
リパーゼ減少	Lipase decreased
リパーゼ異常	Lipase abnormal
リビドー亢進	Libido increased
リビドー減退	Libido decreased
リビドー障害	Libido disorder
リポイド肺炎	Pneumonia lipoid
リポ蛋白増加	Lipoprotein increased
リポ蛋白異常	Lipoprotein abnormal
リンパ球形態	Lymphocyte morphology
リンパ球浸潤	Lymphocytic infiltration
リンパ管奇形	Lymphatic malformation
リンパ管損傷	Lymphatic duct injury
リンパ管閉塞	Lymphatic obstruction
リンパ節出血	Lymph node haemorrhage
リンパ節感染	Lymph gland infection
リンパ節潰瘍	Lymph node ulcer
リンパ節生検	Biopsy lymph gland
リンパ節破裂	Lymph node rupture
リンパ節移植	Lymph node transplant
リンパ節結核	Lymph node tuberculosis
リンパ節膿瘍	Lymph node abscess
リンパ節触知	Lymph node palpable
リンパ腫手術	Lymphoma operation
リンパ芽球数	Lymphoblast count
リン代謝障害	Phosphorus metabolism disorder
ルジョ出血熱	Lujo haemorrhagic fever
ルタマイシン	Rutamycin
ループス筋炎	Lupus myositis
ループス肝炎	Lupus hepatitis
ループス脳炎	Lupus encephalitis
ループス腎炎	Lupus nephritis
ループス腸炎	Lupus enteritis
ループス膵炎	Lupus pancreatitis
ルー係蹄改変	Roux loop conversion
レイン症候群	Raine syndrome
レット症候群	Rett syndrome
レプチン濃度	Leptin level
レンサ桿菌熱	Streptobacillary fever
レーザー手術	Laser surgery
レーザー療法	Laser therapy
ロドコッカス	Rhodococcus
ロドバクター	Rhodobacter
ロボット手術	Robotic surgery
ワイセラ感染	Weissella infection
ワライガエル	Rana ridibunda
ワーラー変性	Wallerian degeneration
一過性全健忘	Transient global amnesia
一過性失語症	Transient aphasia
一過性精神病	Transient psychosis
一過性黒内障	Amaurosis fugax
三倍体症候群	Triploid syndrome
三叉神経切断	Trigeminal nerve ablation
三叉神経刺激	Trigeminal nerve stimulation
三叉神経注入	Trigeminal nerve injection
三叉神経障害	Trigeminal neuropathy
三叉神経麻痺	Trigeminal palsy
三尖弁石灰化	Tricuspid valve calcification
三尖弁硬化症	Tricuspid valve sclerosis
三束ブロック	Trifascicular block
三角骨症候群	Os trigonum syndrome
上咽頭スワブ	Nasopharyngeal swab
上室性不整脈	Arrhythmia supraventricular
上縦隔症候群	Superior mediastinal syndrome
上腕動脈脈拍	Brachial pulse
上顎側方拡大	Maxillary expansion
上顎骨切り術	Maxillary osteotomy
上顎鼻異形成	Maxillonasal dysplasia
下咽頭新生物	Hypopharyngeal neoplasm
下垂体低形成	Pituitary hypoplasia
下垂体過形成	Pituitary hyperplasia
下垂肩症候群	Dropped shoulder syndrome
不健康な食事	Unhealthy diet
不全自然流産	Abortion spontaneous incomplete
不十分な住居	Inadequate housing
不均一な精巣	Heterogeneous testis
不安定狭心症	Angina unstable
不相応な情動	Inappropriate affect
不規則睡眠期	Irregular sleep phase
不適切な食事	Inadequate diet
不適切洞頻脈	Inappropriate sinus tachycardia
丘疹状蕁麻疹	Urticaria papular
両側性乳房蕾	Bilateral breast buds
両側精巣摘除	Bilateral orchidectomy
中和抗体陰性	Neutralising antibodies negative
中和抗体陽性	Neutralising antibodies positive
中咽頭新生物	Oropharyngeal neoplasm
中心視野喪失	Central vision loss
中心視野消失	Central vision wipeout
中枢痛症候群	Central pain syndrome
中殿筋症候群	Gluteus medius syndrome
中毒性心筋症	Toxic cardiomyopathy
中毒性白内障	Toxic cataract
中胚葉性腎腫	Mesoblastic nephroma
中脳水道狭窄	Aqueductal stenosis
中隔心筋切除	Septal myectomy
乳アレルギー	Milk allergy
乳児排便困難	Infant dyschezia
乳児易刺激性	Infant irritability
乳児線維腫症	Infantile fibromatosis
乳房スキャン	Breast scan
乳房嚢胞切除	Breast cyst excision
乳房嚢胞破裂	Breast cyst rupture
乳房形成異常	Breast dysplasia
乳房撮影正常	Mammogram normal
乳房撮影異常	Mammogram abnormal
乳房温存手術	Breast conserving surgery
乳房潰瘍形成	Breast ulceration
乳房生検正常	Biopsy breast normal
乳房生検異常	Biopsy breast abnormal
乳房異常感覚	Breast paraesthesia
乳房発育不全	Breast hypoplasia
乳房線維腫症	Breast fibromatosis
乳房腫瘍切除	Breast tumour excision
乳房血管肉腫	Breast angiosarcoma
乳房被膜切除	Breast capsulectomy
乳様突起嚢胞	Mastoid cyst
乳様突起膿瘍	Mastoid abscess
乳様突起蓄膿	Mastoid empyema
乳汁分泌不全	Lactation insufficiency
乳汁分泌障害	Lactation disorder
乳突洞滲出液	Mastoid effusion
乳製品不耐症	Dairy intolerance
乳酸桿菌感染	Lactobacillus infection
乳酸連鎖球菌	Lactococcus lactis
乾癬性紅皮症	Erythrodermic psoriasis
乾癬性関節症	Psoriatic arthropathy
乾癬様皮膚炎	Dermatitis psoriasiform
二束ブロック	Bifascicular block
二次性高血圧	Secondary hypertension
二相性中皮腫	Biphasic mesothelioma
亜急性肝不全	Subacute hepatic failure
亜急性腎障害	Subacute kidney injury
亜鉛代謝障害	Zinc metabolism disorder
交代勤務障害	Shift work disorder
交感神経損傷	Sympathetic nerve injury
交感神経破壊	Sympathetic nerve destruction
人による咬傷	Human bite
人工乳房除去	Breast prosthesis removal
人工喉頭挿入	Laryngeal prosthesis placement
人工歯冠処置	Artificial crown procedure
人工気管再建	Prosthetic tracheal reconstruction
人工皮膚移植	Artificial skin graft
人工虹彩移植	Prosthetic iris implantation
人工血管移植	Prosthetic vessel implantation
人工血管除去	Prosthetic vessel removal
人工食道挿入	Oesophageal prosthesis insertion
他人の手徴候	Alien hand syndrome
仙腸関節骨折	Sacroiliac fracture
仙部神経根症	Sacral radiculopathy
仙骨形成不全	Sacral hypoplasia
代謝性心筋症	Metabolic cardiomyopathy
代謝性脳卒中	Metabolic stroke
代謝機能検査	Metabolic function test
代謝障害予防	Metabolic disorder prophylaxis
仮骨形成遅延	Callus formation delayed
仰臥位高血圧	Supine hypertension
伝染性単核症	Infectious mononucleosis
伝染性軟属腫	Molluscum contagiosum
低侵襲骨接合	Minimally invasive osteosynthesis
低回転型骨症	Low turnover osteopathy
低形成性貧血	Hypoplastic anaemia
低浸透圧状態	Hypoosmolar state
低浸透圧血症	Blood hyposmosis
低炭水化物食	Low carbohydrate diet
低眼圧黄斑症	Hypotony maculopathy
低緊張性膀胱	Hypotonic urinary bladder
低色素性貧血	Hypochromic anaemia
低血圧麻酔法	Hypotensive anaesthesia procedure
低血糖性痙攣	Hypoglycaemic seizure
低血糖性脳症	Hypoglycaemic encephalopathy
低酸素不耐性	Hypoxia intolerance
住血吸虫検査	Schistosoma test
住血線虫感染	Angiostrongylus infection
体位性めまい	Dizziness postural
体性機能障害	Somatic dysfunction
体液平衡失調	Fluid imbalance
体液平衡評価	Fluid balance assessment
体液平衡陰性	Fluid balance negative
体液平衡陽性	Fluid balance positive
体温調節障害	Temperature regulation disorder
体重増加不良	Weight gain poor
体重支持困難	Weight bearing difficulty
体重減少不良	Weight loss poor
便中クロール	Stool chloride
便寄生虫検査	Parasite stool test
保険上の問題	Insurance issue
個人衛生不良	Poor personal hygiene
側頭動脈狭窄	Temporal artery stenosis
偽性大動脈瘤	Aortic pseudoaneurysm
偽性根症候群	Pseudoradicular syndrome
偽膜性大腸炎	Pseudomembranous colitis
僧帽弁狭窄症	Mitral valve stenosis
僧帽弁異形成	Mitral valve dysplasia
僧帽弁石灰化	Mitral valve calcification
僧帽弁硬化症	Mitral valve sclerosis
先天性乳び胸	Congenital chylothorax
先天性側弯症	Congenital scoliosis
先天性偽関節	Congenital pseudarthrosis
先天性単精巣	Congenital monorchidism
先天性多毛症	Congenital hypertrichosis
先天性奇形腫	Congenital teratoma
先天性尿管瘤	Congenital ureterocele
先天性屈指症	Camptodactyly congenital
先天性感染症	Congenital infection
先天性扁平足	Congenital flat feet
先天性手奇形	Congenital hand malformation
先天性新生物	Congenital neoplasm
先天性水腎症	Congenital hydronephrosis
先天性水頭症	Congenital hydrocephalus
先天性漏斗胸	Pectus excavatum
先天性無嗅覚	Congenital anosmia
先天性爪障害	Congenital nail disorder
先天性白内障	Cataract congenital
先天性皮膚洞	Congenital dermal sinus
先天性筋欠損	Congenital muscle absence
先天性結核症	Congenital tuberculosis
先天性網膜症	Retinopathy congenital
先天性肝腫大	Congenital hepatomegaly
先天性肺気腫	Congenital emphysema
先天性胃異常	Congenital gastric anomaly
先天性脱毛症	Congenital alopecia
先天性脳嚢胞	Congenital cerebral cyst
先天性脳損傷	Congenital brain damage
先天性腎嚢胞	Congenital renal cyst
先天性腎水瘤	Congenital hydrocele renalis
先天性腎障害	Congenital renal disorder
先天性腟嚢胞	Congenital vaginal cyst
先天性腸閉塞	Congenital intestinal obstruction
先天性膝変形	Congenital knee deformity
先天性舌異常	Congenital tongue anomaly
先天性血管腫	Haemangioma congenital
先天性足奇形	Congenital foot malformation
先天性鉤爪趾	Congenital claw toe
先天性鼻奇形	Congenital nose malformation
光子照射療法	Photon radiation therapy
光感受性発作	Photosensitive seizure
光線性口唇炎	Actinic cheilitis
免疫吸着療法	Immunoadsorption therapy
免疫増強療法	Immune enhancement therapy
免疫学的検査	Immunology test
免疫寛容誘導	Immune tolerance induction
免疫応答低下	Decreased immune responsiveness
免疫状態不明	Unknown immunisation status
免疫調節療法	Immunomodulatory therapy
免疫障害予防	Immune disorder prophylaxis
兎の口症候群	Rabbit syndrome
兎眼性角膜炎	Exposure keratitis
全水分排出量	Total fluid output
全身スキャン	Whole body scan
全身健康状態	General physical condition
全身性右心室	Systemic right ventricle
全身性強皮症	Systemic scleroderma
全身性真菌症	Systemic mycosis
内リンパ水腫	Endolymphatic hydrops
内分泌性眼症	Endocrine ophthalmopathy
内分泌系検査	Endocrine system examination
内分泌腺手術	Endocrine gland operation
内因子欠乏症	Intrinsic factor deficiency
内臓ヘルニア	Hernial eventration
内視鏡的点墨	Endoscopic tattooing
円板状半月板	Discoid meniscus
再発上咽頭癌	Nasopharyngeal cancer recurrent
再発下咽頭癌	Hypopharyngeal cancer recurrent
再発中咽頭癌	Oropharyngeal cancer recurrent
再発乳房肉腫	Breast sarcoma recurrent
再発前立腺癌	Prostate cancer recurrent
再発外陰部癌	Vulval cancer recurrent
再発悪性黒子	Lentigo maligna recurrent
再発滑膜肉腫	Synovial sarcoma recurrent
再発甲状腺癌	Thyroid cancer recurrent
再発神経芽腫	Neuroblastoma recurrent
再発胃食道癌	Gastrooesophageal cancer recurrent
再発脂肪肉腫	Liposarcoma recurrent
再発膀胱腺癌	Bladder adenocarcinoma recurrent
再発血管肉腫	Angiosarcoma recurrent
再発軟骨肉腫	Chondrosarcoma recurrent
再発食道腺癌	Oesophageal adenocarcinoma recurrent
冠動脈再狭窄	Coronary artery restenosis
冠動脈再閉塞	Coronary artery reocclusion
冠動脈塞栓症	Coronary artery embolism
冠動脈硬化症	Arteriosclerosis coronary artery
冠動脈血栓症	Coronary artery thrombosis
冠状静脈結紮	Coronary vein ligation
凝固低下状態	Hypocoagulable state
凝固因子増加	Coagulation factor increased
凝固因子変異	Coagulation factor mutation
凝固因子減少	Coagulation factor deficiency
凝固因子異常	Abnormal clotting factor
凝固因子輸血	Clotting factor transfusion
凝固時間延長	Coagulation time prolonged
凝固時間正常	Coagulation time normal
凝固時間異常	Coagulation time abnormal
凝固時間短縮	Coagulation time shortened
凝固検査正常	Coagulation test normal
凝固検査異常	Coagulation test abnormal
処方転写過誤	Transcription medication error
処置後不快感	Post procedural discomfort
処置後低血圧	Post procedural hypotension
処置後分泌物	Post procedural discharge
処置後合併症	Post procedural complication
処置後敗血症	Post procedural sepsis
処置後脳卒中	Post procedural stroke
処置後蜂巣炎	Post procedural cellulitis
処置後髄膜炎	Post procedural meningitis
処置部位反応	Procedural site reaction
出生体重正常	Birth weight normal
出血後水頭症	Posthaemorrhagic hydrocephalus
出血性口内炎	Stomatitis haemorrhagic
出血性直腸炎	Proctitis haemorrhagic
出血性網膜症	Retinopathy haemorrhagic
出血性肝嚢胞	Haemorrhagic hepatic cyst
出血性胃潰瘍	Gastric ulcer haemorrhage
出血性胃腸炎	Haemorrhagic gastroenteritis
出血性胆嚢炎	Haemorrhagic cholecystitis
出血性脳梗塞	Haemorrhagic cerebral infarction
出血性腸憩室	Diverticulum intestinal haemorrhagic
出血性腸梗塞	Haemorrhagic intestinal infarction
出血性膀胱炎	Cystitis haemorrhagic
出血性膵嚢胞	Haemorrhagic pancreatic cyst
出血性蕁麻疹	Haemorrhagic urticaria
出血性蜂巣炎	Haemorrhagic cellulitis
出血性血管炎	Haemorrhagic vasculitis
出血性静脈瘤	Bleeding varicose vein
出血性食道炎	Oesophagitis haemorrhagic
出血時間延長	Bleeding time prolonged
出血時間正常	Bleeding time normal
出血時間異常	Bleeding time abnormal
出血時間短縮	Bleeding time shortened
分娩前後出血	Peripartum haemorrhage
分娩後血栓症	Postpartum thrombosis
分娩過程停止	Arrested labour
分娩過程正常	Normal labour
分娩開始切迫	Threatened labour
分離不安障害	Separation anxiety disorder
切迫子宮破裂	Threatened uterine rupture
切迫性尿失禁	Urge incontinence
切開部位出血	Incision site haemorrhage
切開部位分泌	Incision site discharge
切開部位浮腫	Incision site oedema
切開部位潰瘍	Incision site ulcer
切開部位炎症	Incision site inflammation
切開部位発疹	Incision site rash
切開部位紅斑	Incision site erythema
切開部位腫脹	Incision site swelling
切開部位膿瘍	Incision site abscess
切開部位血腫	Incision site haematoma
初老期認知症	Presenile dementia
前庭性片頭痛	Vestibular migraine
前庭性発作症	Vestibular paroxysmia
前庭機能検査	Vestibular function test
前房のフレア	Anterior chamber flare
前房色素沈着	Anterior chamber pigmentation
前癌病変切除	Precancerous lesion excision
前癌細胞陽性	Precancerous cells present
前眼房の変性	Anterior chamber degeneration
前立腺うっ血	Prostatic congestion
前立腺新生物	Neoplasm prostate
前立腺異形成	Prostatic dysplasia
前立腺石灰化	Prostatic calcification
前立腺線維症	Prostatic fibrosis
前立腺静脈瘤	Prostatic varices
前立腺非対称	Prostatic asymmetry
前脊髄症候群	Anterior cord syndrome
前頭鼻異形成	Frontonasal dysplasia
剣状突起陥凹	Xyphoid retraction
副甲状腺出血	Parathyroid haemorrhage
副甲状腺嚢胞	Parathyroid cyst
副甲状腺手術	Parathyroid gland operation
副甲状腺生検	Biopsy parathyroid gland
副甲状腺肥大	Parathyroid gland enlargement
副甲状腺腫瘍	Parathyroid tumour
副甲状腺膿瘍	Parathyroid gland abscess
副甲状腺障害	Parathyroid disorder
副腎スキャン	Scan adrenal gland
副腎抗体検査	Adrenal antibody test
副腎機能不全	Adrenal insufficiency
副腎皮質壊死	Adrenal cortex necrosis
副鼻腔うっ血	Sinus congestion
副鼻腔の炎症	Paranasal sinus inflammation
副鼻腔不快感	Paranasal sinus discomfort
副鼻腔低形成	Paranasal sinus hypoplasia
副鼻腔新生物	Paranasal sinus neoplasm
副鼻腔洞開窓	Sinus antrostomy
創傷培養陰性	Culture wound negative
創傷培養陽性	Culture wound positive
創傷治癒正常	Wound healing normal
創部内臓脱出	Wound evisceration
努力呼気流量	Forced expiratory flow
労作性めまい	Dizziness exertional
動眼神経手術	Oculomotor nerve operation
動脈グラフト	Arterial graft
動脈再疎通術	Arterial recanalisation procedure
動脈圧迫療法	Arterial compression therapy
動脈壁内血腫	Arterial intramural haematoma
動脈治療手技	Arterial therapeutic procedure
動脈生検正常	Biopsy artery normal
動脈生検異常	Biopsy artery abnormal
動脈瘤再疎通	Aneurysm recanalisation
動脈瘤血栓症	Aneurysm thrombosis
動脈管開存症	Patent ductus arteriosus
動脈血行再建	Arterial revascularisation
動脈造影正常	Arteriogram normal
動脈造影異常	Arteriogram abnormal
動静脈瘻手術	Arteriovenous fistula operation
動静脈瘻閉塞	Arteriovenous fistula occlusion
包皮小帯切除	Penis frenulectomy
包皮背面切開	Prepuce dorsal slit
化学性腹膜炎	Chemical peritonitis
化学性髄膜炎	Meningitis chemical
化学物質中毒	Chemical poisoning
化学的避妊法	Chemical contraception
化学的静脈炎	Chemical phlebitis
化粧品性ざ瘡	Acne cosmetica
化膿性分泌物	Purulent discharge
化膿性心膜炎	Purulent pericarditis
化膿性滑膜炎	Purulent synovitis
化膿性肉芽腫	Pyogenic granuloma
医療大麻治療	Medical cannabis therapy
医療機器反転	Device inversion
医療機器圧出	Device expulsion
医療機器埋没	Embedded device
医療機器塞栓	Device embolisation
医療機器変更	Medical device change
医療機器屈曲	Device kink
医療機器常用	Device dependence
医療機器排出	Device extrusion
医療機器欠陥	Device defective
医療機器毒性	Device toxicity
医療機器無効	Device ineffective
医療機器破損	Device breakage
医療機器調整	Medical device adjustment
医療機器閉塞	Device occlusion
医療機器除去	Medical device removal
医薬品副作用	Adverse drug reaction
十二指腸手術	Duodenal operation
十二指腸潰瘍	Duodenal ulcer
十二指腸狭窄	Duodenal stenosis
十二指腸破裂	Duodenal rupture
十二指腸穿孔	Duodenal perforation
十二指腸閉塞	Duodenal obstruction
十二指腸閉鎖	Duodenal atresia
協調運動異常	Coordination abnormal
単核球百分率	Mononuclear cell percentage
単球形態異常	Monocyte morphology abnormal
単球性白血病	Leukaemia monocytic
単純ヘルペス	Herpes simplex
単純乳房切断	Simple mastectomy
単純部分発作	Simple partial seizures
単肢筋萎縮症	Monomelic amyotrophy
単芽球数増加	Monoblast count increased
単芽球数減少	Monoblast count decreased
卵巣位置移動	Ovarian transposition
卵巣嚢胞捻転	Ovarian cyst torsion
卵巣嚢胞破裂	Ovarian cyst ruptured
卵巣嚢胞腺癌	Cystadenocarcinoma ovary
卵巣形成不全	Ovarian hypoplasia
卵巣機能不全	Ovarian failure
卵巣機能亢進	Ovarian hyperfunction
卵巣機能障害	Ovarian dysfunction
卵巣生検正常	Biopsy ovary normal
卵巣生検異常	Biopsy ovary abnormal
卵巣細菌感染	Ovarian bacterial infection
卵巣胎芽性癌	Ovarian embryonal carcinoma
卵巣良性腫瘍	Benign ovarian tumour
卵巣類内膜癌	Ovarian endometrioid carcinoma
卵母細胞採取	Oocyte harvest
卵母細胞提供	Oocyte donation
卵管平滑筋腫	Fallopian tube leiomyoma
卵管造影正常	Salpingogram normal
卵管造影異常	Salpingogram abnormal
卵胞成熟遅延	Delayed follicular ripening
原始反射試験	Primitive reflex test
反射試験正常	Reflex test normal
反射試験異常	Reflex test abnormal
反復手術手技	Surgical procedure repeated
反応性精神病	Reactive psychosis
反応性胃障害	Reactive gastropathy
反応性関節炎	Arthritis reactive
反社会的行動	Antisocial behaviour
収れん薬療法	Astringent therapy
収縮性心膜炎	Pericarditis constrictive
収縮期高血圧	Systolic hypertension
収縮機能障害	Systolic dysfunction
口の感覚消失	Anaesthesia oral
口の感覚鈍麻	Hypoaesthesia oral
口内知覚過敏	Oral hyperaesthesia
口唇そう痒症	Lip pruritus
口唇上皮剥脱	Lip exfoliation
口唇小帯切除	Labial frenectomy
口唇美容手技	Lip cosmetic procedure
口腔そう痒症	Oral pruritus
口腔ヘルペス	Oral herpes
口腔上顎洞瘻	Oroantral fistula
口腔内不快感	Oral discomfort
口腔内分泌物	Oral discharge
口腔内過角化	Oral hyperkeratosis
口腔内黒斑症	Melanoplakia oral
口腔冷却療法	Oral cryotherapy
口腔咽頭吸引	Oropharyngeal suctioning
口腔咽頭変色	Oropharyngeal discolouration
口腔咽頭手術	Oropharyngeal surgery
口腔咽頭浮腫	Oropharyngeal oedema
口腔咽頭狭窄	Oropharyngeal stenosis
口腔咽頭痙攣	Oropharyngeal spasm
口腔咽頭瘢痕	Oropharyngeal scar
口腔咽頭腫脹	Oropharyngeal swelling
口腔嚢胞切除	Mouth cyst excision
口腔帯状疱疹	Oral herpes zoster
口腔扁平苔癬	Oral lichen planus
口腔白色水腫	Oral leukoedema
口腔真菌感染	Oral fungal infection
口腔粘膜剥脱	Oral mucosal exfoliation
口腔粘膜変色	Oral mucosal discolouration
口腔粘膜痂皮	Oral mucosal scab
口腔粘膜瘢痕	Oral mucosal scar
口腔粘膜紅斑	Oral mucosal erythema
口腔粘膜肥厚	Oral mucosal hypertrophy
口腔粘膜萎縮	Oral mucosa atrophy
口腔粘膜血腫	Oral mucosa haematoma
口腔細菌感染	Oral bacterial infection
口腔蠕虫感染	Oral helminthic infection
口腔血性水疱	Oral blood blister
口蓋ポリープ	Palatal polyp
口蓋生検正常	Biopsy palate normal
口蓋生検異常	Biopsy palate abnormal
右室機能不全	Right ventricular dysfunction
同性愛の両親	Homosexual parent
同胞抗争障害	Sibling rivalry disorder
吸啜反射不良	Poor sucking reflex
吻合部びらん	Anastomotic erosion
周産期うつ病	Perinatal depression
周産期心筋症	Peripartum cardiomyopathy
周産期脳卒中	Perinatal stroke
周産期脳損傷	Perinatal brain damage
味覚検査正常	Gustometry normal
味覚検査異常	Gustometry abnormal
呼吸器乳頭腫	Respiratory papilloma
呼吸器振盪音	Respiratory fremitus
呼吸深度増加	Respiratory depth increased
呼吸深度減少	Respiratory depth decreased
呼吸筋力低下	Respiratory muscle weakness
呼吸障害予防	Respiratory disorder prophylaxis
咬合負荷測定	Occlusal load measurement
咳嗽誘発試験	Cough challenge test
咽頭ポリープ	Pharyngeal polyp
咽頭反射亢進	Hyperactive pharyngeal reflex
咽頭培養陰性	Culture throat negative
咽頭培養陽性	Culture throat positive
咽頭感覚鈍麻	Pharyngeal hypoaesthesia
咽頭生検正常	Biopsy pharynx normal
咽頭生検異常	Biopsy pharynx abnormal
咽頭異常感覚	Pharyngeal paraesthesia
咽頭知覚不全	Dysaesthesia pharynx
咽頭粘膜剥脱	Pharyngeal exfoliation
唾液分泌低下	Salivary hyposecretion
唾液検査正常	Saliva analysis normal
唾液検査異常	Saliva analysis abnormal
唾液管の炎症	Salivary duct inflammation
唾液腺新生物	Salivary gland neoplasm
喀痰培養陽性	Sputum culture positive
喉頭ポリープ	Laryngeal polyp
喉頭嚢胞切除	Laryngeal cyst removal
喉頭気管手術	Laryngotracheal operation
喉頭気管浮腫	Laryngotracheal oedema
喉頭生検正常	Biopsy larynx normal
喉頭生検異常	Biopsy larynx abnormal
喉頭神経麻痺	Laryngeal nerve palsy
喉頭蓋新生物	Epiglottic neoplasm
喉頭蓋谷嚢胞	Vallecular cyst
喘息クリーゼ	Asthmatic crisis
嗅神経無形成	Olfactory nerve agenesis
嗅覚検査正常	Olfactory test normal
嗅覚検査異常	Olfactory test abnormal
嘔吐反射試験	Gag reflex test
器質性うつ病	Organic depression
器質性脳疾患	Structural brain disorder
嚢胞吸引正常	Cyst aspiration normal
嚢胞吸引異常	Cyst aspiration abnormal
嚢胞性線維症	Cystic fibrosis
嚢胞性肺疾患	Cystic lung disease
嚥下検査異常	Swallow study abnormal
嚥下障害管理	Dysphagia management
四肢再建手術	Limb reconstructive surgery
四肢圧挫損傷	Limb crushing injury
回内筋症候群	Pronator teres syndrome
回収対象製品	Recalled product
回盲弁脂肪腫	Ileocaecal valve lipoma
回腸潰瘍穿孔	Ileal ulcer perforation
圧迫性蕁麻疹	Urticaria pressure
地方病性梅毒	Endemic syphilis
坐骨神経損傷	Sciatic nerve injury
坐骨神経麻痺	Sciatic nerve palsy
垂直感染伝播	Vertical infection transmission
埋没組織壊死	Implant tissue necrosis
埋込み合併症	Implantation complication
塞栓性脳卒中	Embolic stroke
塞栓性脳梗塞	Embolic cerebral infarction
境界域緑内障	Borderline glaucoma
増殖性網膜症	Retinopathy proliferative
壊死性口内炎	Stomatitis necrotising
壊死性大腸炎	Necrotising colitis
壊死性強膜炎	Necrotising scleritis
壊死性筋膜炎	Necrotising fasciitis
壊死性網膜炎	Necrotising retinitis
壊死性胞隔炎	Alveolitis necrotising
壊死性血管炎	Vasculitis necrotising
壊死性食道炎	Necrotising oesophagitis
壊疽性亀頭炎	Gangrenous balanitis
壊疽性膿皮症	Pyoderma gangrenosum
壊疽性蜂巣炎	Cellulitis gangrenous
壊血病性貧血	Scorbutic anaemia
声帯ポリープ	Vocal cord polyp
声帯不全麻痺	Vocal cord paresis
声帯弓状変化	Vocal cord bowing
声帯運動障害	Vocal fold immobility
声門下喉頭炎	Subglottic laryngitis
声門機能不全	Glottal incompetence
変形性脊椎症	Spinal osteoarthritis
変性多弁疾患	Degenerative multivalvular disease
変異原性作用	Mutagenic effect
外傷性歯転位	Traumatic tooth displacement
外傷性白内障	Cataract traumatic
外傷性緑内障	Glaucoma traumatic
外傷性肝損傷	Traumatic liver injury
外傷性肺損傷	Traumatic lung injury
外傷性脊椎症	Spondylopathy traumatic
外傷性腎損傷	Traumatic renal injury
外傷性虹彩炎	Traumatic iritis
外傷性関節炎	Traumatic arthritis
外傷性関節症	Traumatic arthrosis
外尿道口狭窄	Urethral meatus stenosis
外耳道拡大術	Ear canalplasty
外耳道擦過傷	Ear canal abrasion
外軟骨腫手術	Ecchondroma surgery
外転神経手術	Abducent nerve operation
外陰生検正常	Biopsy vulva normal
外陰生検異常	Biopsy vulva abnormal
外陰腟の炎症	Vulvovaginal inflammation
外陰腟不快感	Vulvovaginal discomfort
外陰腟灼熱感	Vulvovaginal burning sensation
外陰腟部疣贅	Vulvovaginal warts
外陰部びらん	Vulvar erosion
外陰部静脈瘤	Varicose veins vulval
多嚢胞性卵巣	Polycystic ovarian syndrome
多発性硬化症	Multiple sclerosis
多系統萎縮症	Multiple system atrophy
夜間呼吸困難	Nocturnal dyspnoea
大動脈一尖弁	Unicuspid aortic valve
大動脈二尖弁	Bicuspid aortic valve
大動脈再狭窄	Aortic restenosis
大動脈壁肥厚	Aortic wall hypertrophy
大動脈弁修復	Aortic valve repair
大動脈弁切開	Aortic valvotomy
大動脈弁疾患	Aortic valve disease
大動脈弁置換	Aortic valve replacement
大動脈弁肥厚	Aortic valve thickening
大動脈弁逸脱	Aortic valve prolapse
大動脈弁閉鎖	Aortic valve atresia
大動脈弓置換	Aortic arch replacement
大動脈瘤修復	Aortic aneurysm repair
大動脈瘤破裂	Aortic aneurysm rupture
大動脈硬化症	Aortic arteriosclerosis
大動脈腸管瘻	Aortoenteric fistula
大動脈血栓症	Aortic thrombosis
大後頭孔狭窄	Foramen magnum stenosis
大脳動脈狭窄	Cerebral artery stenosis
大脳動脈穿孔	Cerebral artery perforation
大脳動脈閉塞	Cerebral artery occlusion
大脳形成異常	Cerebral dysgenesis
大腸ポリープ	Large intestine polyp
大腸偽脂肪腫	Colonic pseudolipomatosis
大腸内圧測定	Colonic manometry
大腸菌性肺炎	Pneumonia escherichia
大腸菌性腟炎	Escherichia vaginitis
大腿ヘルニア	Femoral hernia
大腿動脈穿孔	Femoral artery perforation
大腿動脈脈拍	Femoral pulse
大腿動脈解離	Femoral artery dissection
大腿動脈雑音	Femoral bruit
大腿神経損傷	Femoral nerve injury
大腿神経麻痺	Femoral nerve palsy
大腿静脈穿孔	Femoral vein perforation
大腿骨全置換	Total femoral replacement
大静脈塞栓症	Vena cava embolism
大静脈血栓症	Vena cava thrombosis
大麻相互作用	Cannabis interaction
夫婦間の問題	Marital problem
失外套症候群	Apallic syndrome
奇異性塞栓症	Paradoxical embolism
女性不妊手術	Female sterilisation
女性乳房障害	Breast disorder female
女性性器切除	Female genital mutilation
女性性器感染	Genital infection female
女性性器手術	Female genital operation
好中球数増加	Neutrophil count increased
好中球数正常	Neutrophil count normal
好中球数減少	Neutrophil count decreased
好中球数異常	Neutrophil count abnormal
好中球百分率	Neutrophil percentage
好中球走化性	Neutrophil chemotaxis
好塩基性斑点	Punctate basophilia
好塩基球形態	Basophil morphology
好酸球性肝炎	Eosinophilic hepatitis
好酸球性肺炎	Eosinophilic pneumonia
好酸球性胃炎	Eosinophilic gastritis
好酸球性胸水	Eosinophilic pleural effusion
好酸球数増加	Eosinophil count increased
好酸球数正常	Eosinophil count normal
好酸球数減少	Eosinophil count decreased
好酸球数異常	Eosinophil count abnormal
好酸球百分率	Eosinophil percentage
妊娠反応陰性	Pregnancy test negative
妊娠反応陽性	Pregnancy test positive
妊娠未経験者	Nulli gravida
妊娠関連感染	Pregnancy related infection
姿勢反射障害	Postural reflex impairment
子宮ポリープ	Uterine polyp
子宮付属器痛	Adnexa uteri pain
子宮位置異常	Uterine malposition
子宮内膜化生	Endometrial metaplasia
子宮内膜生検	Biopsy endometrium
子宮内膜肉腫	Endometrial sarcoma
子宮内膜肥厚	Endometrial thickening
子宮内膜肥大	Endometrial hypertrophy
子宮内膜腺癌	Endometrial adenocarcinoma
子宮内膜腺腫	Endometrial adenoma
子宮内膜萎縮	Endometrial atrophy
子宮内膜障害	Endometrial disorder
子宮収縮異常	Uterine contractions abnormal
子宮嚢胞摘出	Uterine cystectomy
子宮圧迫縫合	Uterine compression sutures
子宮平滑筋腫	Uterine leiomyoma
子宮生検正常	Biopsy uterus normal
子宮生検異常	Biopsy uterus abnormal
子宮発育不全	Uterine hypoplasia
子宮筋腫分娩	Uterine myoma expulsion
子宮腫瘍切除	Uterine tumour excision
子宮蠕動欠如	Uterine peristalsis absent
子宮血管結紮	Uterine vessel ligation
子宮運動低下	Uterine hypokinesia
子宮過剰刺激	Uterine hypertonus
子宮頚管分泌	Cervical discharge
子宮頚管狭窄	Uterine cervix stenosis
子宮頚管短縮	Shortened cervix
子宮頚管裂傷	Uterine cervical laceration
子宮頚部出血	Cervix haemorrhage uterine
子宮頚部化生	Uterine cervical metaplasia
子宮頚部嚢胞	Cervical cyst
子宮頚部培養	Culture cervix
子宮頚部手術	Cervix operation
子宮頚部拡張	Cervical dilatation
子宮頚部損傷	Cervix injury
子宮頚部水疱	Cervical bulla
子宮頚部浮腫	Cervix oedema
子宮頚部潰瘍	Uterine cervix ulcer
子宮頚部焼灼	Cervix cautery
子宮頚部生検	Biopsy cervix
子宮頚部疣贅	Cervix warts
子宮頚部瘢痕	Cervix scarring
子宮頚部紅斑	Cervix erythema
子宮頚部肥大	Cervix enlargement
子宮頚部脆弱	Cervical friability
子宮頚部萎縮	Uterine cervix atrophy
子宮頚部血腫	Cervix haematoma uterine
子宮頚部障害	Cervix disorder
完全人工流産	Abortion induced complete
完全自然流産	Abortion spontaneous complete
実質臓器移植	Solid organ transplant
容積脈波低下	Pulse volume decreased
寄生虫性肺炎	Parasitic pneumonia
寄生虫性脳炎	Parasitic encephalitis
小水疱性湿疹	Eczema vesicular
小水疱性皮疹	Rash vesicular
小胞子菌感染	Microsporum infection
小脳動脈閉塞	Cerebellar artery occlusion
小脳形成異常	Cerebellar dysplasia
小脳微小出血	Cerebellar microhaemorrhage
小脳性無言症	Cerebellar mutism
小脳扁桃偏位	Cerebellar tonsillar ectopia
小腸ポリープ	Small intestine polyp
尺側重複肢症	Ulnar dimelia
尺骨神経損傷	Ulnar nerve injury
尺骨神経麻痺	Ulnar nerve palsy
尿中カリウム	Urine potassium
尿中クエン酸	Citric acid urine
尿中クロール	Urine chloride
尿中ケトン体	Urine ketone body
尿中シスチン	Cystine urine
尿中ブドウ糖	Glucose urine
尿中リパーゼ	Lipase urine
尿中リン増加	Urine phosphorus increased
尿中リン正常	Urine phosphorus normal
尿中リン減少	Urine phosphorus decreased
尿中リン異常	Urine phosphorus abnormal
尿中亜硝酸塩	Nitrite urine
尿中尿素正常	Urea urine normal
尿中尿素減少	Urea urine decreased
尿中尿素異常	Urea urine abnormal
尿中抗原検査	Urine antigen test
尿中水銀正常	Urine mercury normal
尿中水銀異常	Urine mercury abnormal
尿中砒素増加	Urine arsenic increased
尿中砒素減少	Urine arsenic decreased
尿中窒素増加	Urinary nitrogen increased
尿中窒素減少	Urinary nitrogen decreased
尿中結晶陰性	Crystal urine absent
尿中結晶陽性	Crystal urine present
尿中脂質陽性	Urinary lipids present
尿中蛋白陰性	Protein urine absent
尿中蛋白陽性	Protein urine present
尿毒症性昏睡	Coma uraemic
尿毒症性脳症	Uraemic encephalopathy
尿流動態検査	Urodynamics measurement
尿浸透圧上昇	Urine osmolarity increased
尿浸透圧低下	Urine osmolarity decreased
尿浸透圧正常	Urine osmolarity normal
尿生殖洞分離	Urogenital sinus mobilisation
尿生殖洞遺残	Persistent urogenital sinus
尿管ポリープ	Ureteral polyp
尿管生検正常	Ureter biopsy normal
尿管生検異常	Ureter biopsy abnormal
尿管結石除去	Ureteric calculus removal
尿粘稠度亢進	Urine viscosity increased
尿粘稠度低下	Urine viscosity decreased
尿粘稠度異常	Urine viscosity abnormal
尿細胞診正常	Urine cytology normal
尿細胞診異常	Urine cytology abnormal
尿膜管洞感染	Urachal sinus infection
尿路ポリープ	Urinary tract polyp
尿路結石分析	Urinary stone analysis
尿路結石除去	Urinary calculus removal
尿路造影正常	Urogram normal
尿路造影異常	Urogram abnormal
尿路顔症候群	Urofacial syndrome
尿道生検正常	Biopsy urethra normal
尿道生検異常	Biopsy urethra abnormal
尿道結石除去	Urethral calculus removal
局所化学療法	Regional chemotherapy
嵌頓ヘルニア	Incarcerated hernia
左室機能不全	Left ventricular dysfunction
左室過剰収縮	Hyperdynamic left ventricle
巨細胞歯肉腫	Giant cell epulis
巨赤芽球増加	Megaloblasts increased
帯状疱疹免疫	Herpes zoster immunisation
帯状疱疹再燃	Herpes zoster reactivation
常染色体異常	Autosomal chromosome anomaly
平衡機能検査	Balance test
幹細胞提供者	Stem cell donor
幽門前部狭窄	Prepyloric stenosis
広東住血線虫	Angiostrongylus cantonensis
延髄灰白髄炎	Bulbar poliomyelitis
弯曲肢症候群	Campomelic syndrome
強盗の被害者	Burglary victim
強直性脊椎炎	Ankylosing spondylitis
強膜生検正常	Biopsy sclera normal
強膜生検異常	Biopsy sclera abnormal
強膜色素沈着	Scleral pigmentation
強迫反すう症	Obsessive rumination
強迫性性行動	Compulsive sexual behaviour
形成腟不快感	Neovaginal discomfort
形成腟合併症	Neovaginal complication
形質細胞増加	Plasma cells increased
形質細胞存在	Plasma cells present
形質細胞欠損	Plasma cells absent
形質細胞減少	Plasma cells decreased
形質細胞障害	Plasma cell disorder
後嚢血管新生	Posterior capsule neovascularisation
後天性ろう唖	Acquired deaf mutism
後天性女性化	Feminisation acquired
後天性屈指症	Camptodactyly acquired
後天性巨舌症	Acquired macroglossia
後天性巨頭症	Acquired macrocephaly
後天性斜頭症	Acquired plagiocephaly
後天性涙腺炎	Dacryoadenitis acquired
後天性漏斗胸	Funnel chest acquired
後天性無脾症	Acquired asplenia
後天性竜骨胸	Keeled chest acquired
後天性血友病	Acquired haemophilia
後天性遊走脾	Acquired hypermobile spleen
後天性髄膜瘤	Meningocele acquired
後天性魚鱗癬	Ichthyosis acquired
後腹膜新生物	Retroperitoneal neoplasm
後腹膜滲出液	Retroperitoneal effusion
後腹膜線維症	Retroperitoneal fibrosis
後部皮質萎縮	Posterior cortical atrophy
後頭葉脳卒中	Occipital lobe stroke
後頭蓋窩減圧	Posterior fossa decompression
微小残存病変	Minimal residual disease
微小血管再建	Microvascular reconstruction
微小骨折手術	Microfracture surgery
微細運動遅延	Fine motor delay
微量元素欠乏	Trace element deficiency
微量凝集試験	Microagglutination test
心マッサージ	Cardiac massage
心リンパ管腫	Cardiac lymphangioma
心内膜下出血	Subendocardial haemorrhage
心内膜下虚血	Subendocardial ischaemia
心内膜炎予防	Endocarditis prophylaxis
心内膜線維症	Endocardial fibrosis
心内膜静脈瘤	Endocardial varices
心嚢排液検査	Pericardial drainage test
心因性偽失神	Psychogenic pseudosyncope
心因性多飲症	Polydipsia psychogenic
心因性失声症	Aphonia psychogenic
心因性結腸炎	Colitis psychogenic
心室中隔破裂	Interventricular septum rupture
心室同期不全	Ventricular dyssynchrony
心室固有調律	Rhythm idioventricular
心室性不整脈	Ventricular arrhythmia
心室性副収縮	Ventricular parasystole
心室機能不全	Ventricular dysfunction
心室造影正常	Cardiac ventriculogram normal
心室造影異常	Cardiac ventriculogram abnormal
心房補充調律	Atrial escape rhythm
心拍出量低下	Cardiac output decreased
心漏斗部切除	Cardiac infundibulectomy
心神経線維腫	Cardiac neurofibroma
心窩部不快感	Epigastric discomfort
心筋ブリッジ	Myocardial bridging
心筋低酸素症	Myocardial hypoxia
心筋血流欠損	Cardiac perfusion defect
心肺バイパス	Cardiopulmonary bypass
心肺運動試験	Cardiopulmonary exercise test
心胸郭比増加	Cardiothoracic ratio increased
心胸郭比減少	Cardiothoracic ratio decreased
心膜嚢胞切除	Pericardial cyst resection
心膜生検正常	Biopsy pericardium normal
心膜生検異常	Biopsy pericardium abnormal
心臓ヘルニア	Cardiac herniation
心臓ポリープ	Cardiac polyp
心臓位置異常	Cardiac malposition
心臓副伝導路	Accessory cardiac pathway
心臓局所冷却	Topical cardiac cooling
心臓弁石灰化	Heart valve calcification
心臓弁硬化症	Cardiac valve sclerosis
心臓弁膜疾患	Cardiac valve disease
心臓性肝硬変	Cardiac cirrhosis
心臓機器置換	Cardiac device replacement
心臓治療手技	Cardiac therapeutic procedure
心臓生検正常	Biopsy heart normal
心臓生検異常	Biopsy heart abnormal
心臓画像検査	Cardiac imaging procedure
心臓移植不全	Heart transplant failure
心臓負荷試験	Cardiac stress test
心臓静脈穿孔	Cardiac vein perforation
心臓静脈解離	Cardiac vein dissection
心良性血管腫	Cardiac haemangioma benign
心血管系梅毒	Cardiovascular syphilis
心配性の両親	Anxious parent
心電図高電位	Electrocardiogram high voltage
思春期早発症	Precocious puberty
思春期遅発症	Delayed puberty
急性副鼻腔炎	Acute sinusitis
急性呼吸不全	Acute respiratory failure
急性心内膜炎	Acute endocarditis
急性心筋梗塞	Acute myocardial infarction
急性甲状腺炎	Thyroiditis acute
急性腎盂腎炎	Pyelonephritis acute
急性角膜水腫	Acute corneal hydrops
急性赤白血病	Acute erythroid leukaemia
性交後避妊法	Post coital contraception
性別適合療法	Gender reassignment therapy
性器感覚鈍麻	Genital hypoaesthesia
性器潰瘍形成	Genital ulceration
性器異常感覚	Genital dysaesthesia
性器知覚過敏	Genital hyperaesthesia
性染色体異常	Sex chromosome abnormality
性欲促進療法	Aphrodisiac therapy
性的嫌悪障害	Sexual aversion disorder
性的活動亢進	Sexual activity increased
性的活動減退	Sexual activity decreased
性的空想過剰	Excessive sexual fantasies
性行為感染症	Sexually transmitted disease
患肢温存手術	Limb sparing surgery
悪性ポリープ	Malignant polyp
悪性卵巣嚢腫	Malignant ovarian cyst
悪性嚥下障害	Malignant dysphagia
悪性星細胞腫	Astrocytoma malignant
悪性気道閉塞	Malignant airway obstruction
悪性神経膠腫	Malignant glioma
悪性胆管閉塞	Malignant biliary obstruction
悪性胞状奇胎	Malignant hydatidiform mole
悪性青色母斑	Malignant blue naevus
感情の平板化	Flat affect
感染後心筋炎	Myocarditis post infection
感染性動脈炎	Arteritis infective
感染性動脈瘤	Infective aneurysm
感染性強膜炎	Infective scleritis
感染性心筋炎	Myocarditis infectious
感染性心膜炎	Pericarditis infective
感染性新生物	Infected neoplasm
感染性漿液腫	Infected seroma
感染性皮膚炎	Dermatitis infected
感染性精索炎	Spermatic cord funiculitis
感染性胆嚢炎	Cholecystitis infective
感染性胆管炎	Cholangitis infective
感染性脊椎炎	Infective spondylitis
感染性腱膜瘤	Infected bunion
感染性腱鞘炎	Infective tenosynovitis
感染性腸潰瘍	Infected intestinal ulcer
感染性虹彩炎	Infective iritis
感染性血栓症	Infective thrombosis
感染性血管炎	Infected vasculitis
感染性角膜炎	Infective keratitis
感染性軟骨炎	Infective chondritis
感染性関節炎	Arthritis infective
感染性静脈炎	Phlebitis infective
感染性静脈瘤	Infected varicose vein
感染性骨膜炎	Infective periostitis
感覚処理障害	Sensory processing disorder
感覚神経節炎	Sensory ganglionitis
感覚統合療法	Sensory integration therapy
感覚運動障害	Sensorimotor disorder
慢性冠症候群	Chronic coronary syndrome
慢性副鼻腔炎	Chronic sinusitis
慢性呼吸不全	Chronic respiratory failure
慢性呼吸疾患	Chronic respiratory disease
慢性気管支炎	Bronchitis chronic
慢性甲状腺炎	Thyroiditis chronic
慢性砒素毒性	Chronic arsenic toxicity
慢性移植腎症	Chronic allograft nephropathy
慢性胃腸出血	Chronic gastrointestinal bleeding
慢性腎盂腎炎	Pyelonephritis chronic
憩室ヘルニア	Diverticular hernia
房室ブロック	Atrioventricular block
房室中隔欠損	Atrioventricular septal defect
房室結節分散	Atrioventricular node dispersion
房水異常流入	Aqueous misdirection
扁桃周囲膿瘍	Peritonsillar abscess
扁桃結石除去	Tonsillolith removal
手廃用症候群	Useless hand syndrome
手首関節骨折	Wrist fracture
把握反射低下	Poor grasp reflex
抑制抗体陰性	Inhibiting antibodies negative
抑制抗体陽性	Inhibiting antibodies positive
投与部位ざ瘡	Administration site acne
投与部位丘疹	Administration site papule
投与部位乾燥	Administration site dryness
投与部位冷感	Administration site coldness
投与部位出血	Administration site haemorrhage
投与部位分泌	Administration site discharge
投与部位創傷	Administration site wound
投与部位反応	Administration site reaction
投与部位嚢胞	Administration site cyst
投与部位壊死	Administration site necrosis
投与部位変色	Administration site discolouration
投与部位局面	Administration site plaque
投与部位感染	Administration site infection
投与部位損傷	Administration site injury
投与部位浮腫	Administration site oedema
投与部位湿疹	Administration site eczema
投与部位溢出	Administration site extravasation
投与部位潰瘍	Administration site ulcer
投与部位炎症	Administration site inflammation
投与部位熱感	Administration site warmth
投与部位痂皮	Administration site scab
投与部位瘢痕	Administration site scar
投与部位発疹	Administration site rash
投与部位硬結	Administration site induration
投与部位紅斑	Administration site erythema
投与部位結節	Administration site nodule
投与部位線条	Administration site streaking
投与部位肥厚	Administration site hypertrophy
投与部位腫瘤	Administration site mass
投与部位腫脹	Administration site swelling
投与部位膿疱	Administration site pustule
投与部位膿瘍	Administration site abscess
投与部位萎縮	Administration site atrophy
投与部位蒼白	Administration site pallor
投与部位虚血	Administration site ischaemia
投与部位血栓	Administration site thrombosis
投与部位血腫	Administration site haematoma
投与部位裂傷	Administration site laceration
投与部位陥凹	Administration site indentation
抗うつ剤濃度	Antidepressant drug level
抗コリン作用	Anticholinergic effect
抗体検査正常	Antibody test normal
抗体検査異常	Antibody test abnormal
抗体検査陰性	Antibody test negative
抗体検査陽性	Antibody test positive
抗凝固薬濃度	Anticoagulation drug level
抗喘息薬濃度	Antasthmatic drug level
抗悪液質療法	Anticachectic therapy
抗核抗体増加	Antinuclear antibody increased
抗核抗体陰性	Antinuclear antibody negative
抗核抗体陽性	Antinuclear antibody positive
抗生物質療法	Antibiotic therapy
抗痙攣剤濃度	Anticonvulsant drug level
抗血小板療法	Antiplatelet therapy
抗酸化能検査	Antioxidant capacity test
拘束性心筋症	Restrictive cardiomyopathy
拘束性肺疾患	Restrictive pulmonary disease
拡張型心筋症	Dilated cardiomyopathy
拡張期高血圧	Diastolic hypertension
拡張機能障害	Diastolic dysfunction
振動性蕁麻疹	Urticaria vibratory
振動検査正常	Vibration test normal
振動検査異常	Vibration test abnormal
排便回数増加	Frequent bowel movements
排便回数減少	Infrequent bowel movements
排尿回数減少	Micturition frequency decreased
接触性口内炎	Contact stomatitis
摂食障害症状	Eating disorder symptom
放射線側弯症	Scoliosis radiation
放射線口内炎	Stomatitis radiation
放射線心筋炎	Radiation myocarditis
放射線心膜炎	Radiation pericarditis
放射線性貧血	Radiation anaemia
放射線性鼻炎	Radiation rhinitis
放射線網膜症	Radiation retinopathy
放射線線維症	Radiation fibrosis
放射線肺臓炎	Radiation pneumonitis
放射線胃腸炎	Gastroenteritis radiation
放射線胞隔炎	Radiation alveolitis
放射線脊髄症	Radiation myelopathy
放射線脱毛症	Radiation alopecia
放射線脳壊死	Brain radiation necrosis
放射線脳損傷	Cerebral radiation injury
放射線血管炎	Radiation vasculitis
放射線関連痛	Radiation associated pain
敗血症性塞栓	Septic embolus
敗血症性壊死	Septic necrosis
敗血症性脳症	Septic encephalopathy
敗血症症候群	Sepsis syndrome
整形外科検査	Orthopaedic examination
斑水疱性皮疹	Rash maculovesicular
断薬性高血圧	Withdrawal hypertension
新生児メレナ	Melaena neonatal
新生児不整脈	Arrhythmia neonatal
新生児低体温	Hypothermia neonatal
新生児低換気	Hypoventilation neonatal
新生児低血圧	Neonatal hypotension
新生児偽月経	Pseudomenstruation neonatal
新生児心不全	Neonatal cardiac failure
新生児心停止	Cardiac arrest neonatal
新生児心筋症	Cardiomyopathy neonatal
新生児敗血症	Sepsis neonatal
新生児無気肺	Atelectasis neonatal
新生児白血病	Neonatal leukaemia
新生児破傷風	Tetanus neonatorum
新生児糖尿病	Neonatal diabetes mellitus
新生児肝腫大	Neonatal hepatomegaly
新生児肺出血	Pulmonary haemorrhage neonatal
新生児肺水腫	Pulmonary oedema neonatal
新生児脳出血	Cerebral haemorrhage neonatal
新生児腎不全	Renal failure neonatal
新生児腎障害	Renal impairment neonatal
新生児腸閉塞	Neonatal intestinal obstruction
新生児菌血症	Neonatal bacteraemia
新生児過鎮静	Neonatal oversedation
新生児頻呼吸	Neonatal tachypnoea
新生児髄膜炎	Meningitis neonatal
新生児高血圧	Hypertension neonatal
新生児高血糖	Neonatal hyperglycaemia
新膀胱造設術	Neobladder surgery
日本住血吸虫	Schistosoma japonicum
日本脳炎免疫	Japanese encephalitis immunisation
早期初交経験	Early sexual debut
早期卵胞成熟	Premature follicular ripening
昏睡尺度正常	Coma scale normal
昏睡尺度異常	Coma scale abnormal
易感染性亢進	Infection susceptibility increased
星状硝子体症	Hyalosis asteroid
星細胞腫手術	Astrocytoma surgery
時間知覚変化	Time perception altered
更年期角化腫	Keratoderma climactericum
更年期関節炎	Arthritis climacteric
最高気道内圧	Airway peak pressure
月経てんかん	Catamenial epilepsy
月経前症候群	Premenstrual syndrome
月経周期管理	Menstrual cycle management
有害事象なし	No adverse event
有害食物反応	Adverse food reaction
有痛性脂肪症	Adiposis dolorosa
望まない妊娠	Unwanted pregnancy
未熟呼吸器系	Immature respiratory system
未熟顆粒球数	Immature granulocyte count
末梢動脈形成	Peripheral artery angioplasty
末梢動脈手術	Peripheral artery surgery
末梢動脈狭窄	Peripheral artery stenosis
末梢動脈解離	Peripheral artery dissection
末梢動脈造影	Peripheral arteriogram
末梢動脈閉塞	Peripheral artery occlusion
末梢循環不良	Poor peripheral circulation
末梢気道病変	Small airways disease
末梢神経刺激	Peripheral nerve neurostimulation
末梢神経感染	Peripheral nerve infection
末梢神経手術	Peripheral nerve operation
末梢神経損傷	Peripheral nerve injury
末梢神経生検	Biopsy peripheral nerve
末梢神経病変	Peripheral nerve lesion
末梢神経破壊	Peripheral nerve destruction
末梢神経移行	Peripheral nerve transposition
末梢神経除圧	Peripheral nerve decompression
末梢神経麻痺	Peripheral nerve palsy
末梢血管血腫	Peripheral vascular haematoma
末梢血管造影	Angiogram peripheral
末梢血管障害	Peripheral vascular disorder
末梢血行再建	Peripheral revascularisation
末梢静脈狭窄	Peripheral vein stenosis
末梢静脈疾患	Peripheral venous disease
末梢静脈閉塞	Peripheral vein occlusion
束枝ブロック	Fascicular block
東部ウマ脳炎	Encephalitis eastern equine
松果体新生物	Pineal neoplasm
栄養状態正常	Nutritional condition normal
栄養状態異常	Nutritional condition abnormal
栄養補給障害	Feeding disorder
核型分析正常	Karyotype analysis normal
根尖周囲疾患	Periapical disease
梅毒性心筋炎	Myocarditis syphilitic
梅毒性心膜炎	Pericarditis syphilitic
梅毒性眼感染	Eye infection syphilitic
梅毒性脱毛症	Alopecia syphilitic
梅毒性腹膜炎	Peritonitis syphilitic
梅毒検査陰性	Syphilis test negative
梅毒検査陽性	Syphilis test positive
梗塞後狭心症	Postinfarction angina
梨状筋症候群	Piriformis syndrome
棘状毛貯留症	Trichostasis spinulosa
棘細胞性貧血	Spur cell anaemia
植皮生着不全	Skin graft failure
椎前間隙感染	Prevertebral space infection
椎間板変性症	Intervertebral disc degeneration
椎間板石灰化	Intervertebral disc calcification
椎骨動脈狭窄	Vertebral artery stenosis
椎骨動脈穿孔	Vertebral artery perforation
椎骨動脈閉塞	Vertebral artery occlusion
横断性脊髄炎	Myelitis transverse
横隔神経損傷	Phrenic nerve injury
横隔神経麻痺	Phrenic nerve paralysis
横隔膜下膿瘍	Subdiaphragmatic abscess
横隔膜交通症	Pleuroperitoneal communication
横隔膜新生物	Diaphragm neoplasm
横隔膜無形成	Diaphragmatic aplasia
横隔膜縫縮術	Diaphragmatic plication
橈骨動脈脈拍	Radial pulse
橈骨神経圧迫	Radial nerve compression
橈骨神経損傷	Radial nerve injury
橈骨神経麻痺	Radial nerve palsy
機械性蕁麻疹	Mechanical urticaria
機能性心雑音	Cardiac murmur functional
機能的残気量	Functional residual capacity
正中口蓋嚢胞	Median palatal cyst
正中神経圧迫	Median nerve compression
正中神経損傷	Median nerve injury
正中離開閉鎖	Diastema closure
正常圧水頭症	Normal pressure hydrocephalus
正色素性貧血	Normochromic anaemia
歩行速度低下	Decreased gait velocity
歯の完全脱臼	Tooth avulsion
歯の感覚鈍麻	Hypoaesthesia teeth
歯の異常感覚	Dental dysaesthesia
歯の病的破折	Pathological tooth fracture
歯の発育障害	Tooth development disorder
歯の知覚検査	Dental sensitivity testing
歯の知覚過敏	Hyperaesthesia teeth
歯の骨性癒着	Tooth ankylosis
歯冠長延長術	Crown lengthening
歯原性敗血症	Dental sepsis
歯原性粘液腫	Odontogenic myxoma
歯牙形成不全	Tooth hypoplasia
歯科局所麻酔	Dental local anaesthesia
歯科検査正常	Dental examination normal
歯科検査異常	Dental examination abnormal
歯科美容手技	Dental cosmetic procedure
歯科障害予防	Dental disorder prophylaxis
歯組織の壊疽	Dental gangrene
歯肉そう痒症	Gingival pruritus
歯肉ポリープ	Gingival polyp
歯肉形成不全	Gingival hypoplasia
歯肉色素過剰	Gingival hyperpigmentation
死戦期あがき	Agonal death struggle
残留製品存在	Product residue present
母斑様黒色腫	Naevoid melanoma
毒性学的検査	Toxicologic test
毛包性角化症	Keratosis follicular
毛孔性角化症	Keratosis pilaris
毛様体筋痙攣	Ciliary muscle spasm
毛様体解離裂	Cyclodialysis cleft
毛様体黒色腫	Ciliary body melanoma
毛様小帯断裂	Ciliary zonular dehiscence
毛様小帯脆弱	Ciliary zonular weakness
毛細血管脆弱	Capillary fragility
毛細血管障害	Capillary disorder
毛髪成長異常	Hair growth abnormal
気圧性中耳炎	Barotitis media
気晴らし食い	Binge eating
気管ポリープ	Tracheal polyp
気管吸引培養	Tracheal aspirate culture
気管吸引正常	Aspiration tracheal normal
気管吸引異常	Aspiration tracheal abnormal
気管支動脈瘤	Bronchial artery aneurysm
気管支吸引法	Bronchial aspiration procedure
気管支壁肥厚	Bronchial wall thickening
気管支新生物	Bronchial neoplasm
気管支異形成	Bronchial dysplasia
気管支瘻修復	Bronchial fistula repair
気管支肺疾患	Bronchopulmonary disease
気管支胸膜瘻	Bronchopleural fistula
気管支静脈瘤	Bronchial varices
気管生検正常	Biopsy trachea normal
気管生検異常	Biopsy trachea abnormal
気腫性胆嚢炎	Emphysematous cholecystitis
気腫性膀胱炎	Emphysematous cystitis
気道刺激症状	Respiratory tract irritation
水分摂取制限	Fluid intake restriction
水晶体嚢切開	Lens capsulotomy
水晶体嚢切除	Lens capsulectomy
水疱性皮膚炎	Dermatitis bullous
水疱性膿痂疹	Bullous impetigo
水疱性角膜症	Bullous keratopathy
水痘性角膜炎	Varicella keratitis
水瘤排液検査	Hydrocele drainage test
水負荷テスト	Water loading test
永久歯欠損症	Tooth agenesis
汎発性脱毛症	Alopecia universalis
治療効果増強	Therapeutic response increased
治療効果変化	Therapeutic response changed
治療効果減弱	Therapeutic response decreased
治療効果短縮	Therapeutic response shortened
治療効果遅延	Therapeutic response delayed
治療効果遷延	Therapeutic response prolonged
治療的塞栓術	Therapeutic embolisation
泌尿器科検査	Urological examination
泌尿生殖器瘻	Urogenital fistula
泌尿生殖器脱	Urogenital prolapse
注入部位丘疹	Infusion site papule
注入部位乾燥	Infusion site dryness
注入部位冷感	Infusion site coldness
注入部位出血	Infusion site haemorrhage
注入部位分泌	Infusion site discharge
注入部位反応	Infusion site reaction
注入部位嚢胞	Infusion site cyst
注入部位壊死	Infusion site necrosis
注入部位変色	Infusion site discolouration
注入部位局面	Infusion site plaque
注入部位感染	Infusion site infection
注入部位損傷	Infusion site injury
注入部位浮腫	Infusion site oedema
注入部位湿疹	Infusion site eczema
注入部位溢出	Infusion site extravasation
注入部位潰瘍	Infusion site ulcer
注入部位炎症	Infusion site inflammation
注入部位焼痂	Infusion site eschar
注入部位熱感	Infusion site warmth
注入部位疼痛	Infusion site pain
注入部位痂皮	Infusion site scab
注入部位瘢痕	Infusion site scar
注入部位発疹	Infusion site rash
注入部位硬結	Infusion site induration
注入部位紅斑	Infusion site erythema
注入部位結節	Infusion site nodule
注入部位線条	Infusion site streaking
注入部位肥厚	Infusion site hypertrophy
注入部位腫瘤	Infusion site mass
注入部位腫脹	Infusion site swelling
注入部位膿疱	Infusion site pustule
注入部位膿瘍	Infusion site abscess
注入部位萎縮	Infusion site atrophy
注入部位蒼白	Infusion site pallor
注入部位虚血	Infusion site ischaemia
注入部位血栓	Infusion site thrombosis
注入部位血腫	Infusion site haematoma
注入部位裂傷	Infusion site laceration
注射部位丘疹	Injection site papule
注射部位乾燥	Injection site dryness
注射部位冷感	Injection site coldness
注射部位出血	Injection site haemorrhage
注射部位分泌	Injection site discharge
注射部位反応	Injection site reaction
注射部位嚢胞	Injection site cyst
注射部位壊死	Injection site erosion
注射部位変形	Injection site deformation
注射部位変色	Injection site discolouration
注射部位局面	Injection site plaque
注射部位感染	Injection site infection
注射部位損傷	Injection site injury
注射部位浮腫	Injection site oedema
注射部位湿疹	Injection site eczema
注射部位溢出	Injection site extravasation
注射部位潰瘍	Injection site ulcer
注射部位炎症	Injection site inflammation
注射部位熱感	Injection site warmth
注射部位疼痛	Injection site pain
注射部位痂皮	Injection site scab
注射部位瘢痕	Injection site scar
注射部位硬結	Injection site induration
注射部位紅斑	Injection site erythema
注射部位結節	Injection site nodule
注射部位線条	Injection site streaking
注射部位肥厚	Injection site hypertrophy
注射部位脱毛	Injection site alopecia
注射部位腫瘤	Injection site mass
注射部位腫脹	Injection site swelling
注射部位膿疱	Injection site pustule
注射部位膿瘍	Injection site abscess
注射部位萎縮	Injection site atrophy
注射部位蒼白	Injection site pallor
注射部位虚血	Injection site ischaemia
注射部位血栓	Injection site thrombosis
注射部位血腫	Injection site haematoma
注射部位裂傷	Injection site laceration
注射部位陥凹	Injection site indentation
注射針の問題	Needle issue
洞性気圧障害	Sinus barotrauma
洞房ブロック	Sinoatrial block
活動状態低下	Performance status decreased
流産後の出血	Post abortion haemorrhage
流行性胸膜痛	Epidemic pleurodynia
消化器新生物	Gastrointestinal neoplasm
消化器黒色腫	Gastrointestinal melanoma
消化管びらん	Gastrointestinal erosion
消化管壁異常	Gastrointestinal wall abnormal
消化管壁肥厚	Gastrointestinal wall thickening
消化管拡張術	Gastrointestinal dilation procedure
消化酵素増加	Digestive enzyme increased
消化酵素検査	Digestive enzyme test
消化酵素正常	Digestive enzyme normal
消化酵素減少	Digestive enzyme decreased
消化酵素異常	Digestive enzyme abnormal
消失肺症候群	Vanishing lung syndrome
涙器構造障害	Lacrimal structural disorder
涙液分泌低下	Lacrimation decreased
涙液層不安定	Tear film instability
涙管色素沈着	Lacrimal duct pigmentation
淋菌性卵管炎	Salpingitis gonococcal
淋菌性尿道炎	Urethritis gonococcal
淋菌性心疾患	Gonococcal heart disease
淋菌性心膜炎	Pericarditis gonococcal
淋菌性直腸炎	Proctitis gonococcal
淋菌性眼感染	Eye infection gonococcal
淋菌性精嚢炎	Seminal vesiculitis gonococcal
淋菌性腹膜炎	Peritonitis gonococcal
淋菌性膀胱炎	Cystitis gonococcal
淋菌性角化症	Keratosis gonococcal
淋菌性関節炎	Arthritis gonococcal
淋菌性髄膜炎	Meningitis gonococcal
淡水産線毛虫	Tetrahymena pyriformis
深吸気量増加	Inspiratory capacity increased
深吸気量正常	Inspiratory capacity normal
深吸気量減少	Inspiratory capacity decreased
深吸気量異常	Inspiratory capacity abnormal
深部組織損傷	Deep tissue injury
混合型肝損傷	Mixed liver injury
混合型認知症	Mixed dementia
混合性尿失禁	Mixed incontinence
温熱化学療法	Hyperthermic chemotherapy
湿疹性口唇炎	Eczematous cheilitis
滑液包石灰化	Bursa calcification
滑液嚢腫切除	Synovial cyst removal
滑膜生検異常	Synovial biopsy abnormal
滑車形成不全	Trochlear dysplasia
滑車神経手術	Trochlear nerve operation
滲出性網膜症	Exudative retinopathy
漿液性網膜症	Serous retinopathy
潜伏テタニー	Latent tetany
潰瘍性大腸炎	Colitis ulcerative
潰瘍性歯肉炎	Gingivitis ulcerative
潰瘍性直腸炎	Proctitis ulcerative
潰瘍性空腸炎	Ulcerative jejunitis
潰瘍性膀胱炎	Cystitis ulcerative
潰瘍性血管腫	Ulcerated haemangioma
潰瘍性角膜炎	Ulcerative keratitis
潰瘍性過角化	Ulcerative hyperkeratosis
潰瘍性食道炎	Oesophagitis ulcerative
激越性うつ病	Agitated depression
濾胞性膀胱炎	Follicular cystitis
灼熱足症候群	Burning feet syndrome
炎症スキャン	Inflammation scan
炎症性偽腫瘍	Inflammatory pseudotumour
炎症性腸疾患	Inflammatory bowel disease
炭疽性敗血症	Anthrax sepsis
点頭てんかん	Infantile spasms
無排卵性出血	Bleeding anovulatory
無排卵性周期	Anovulatory cycle
無緊張性膀胱	Atonic urinary bladder
無菌性髄膜炎	Meningitis aseptic
無酸素性発作	Seizure anoxic
熱傷部包帯法	Burn dressing
爪カンジダ症	Nail candida
爪甲下鞘嚢腫	Subungual onycholemmal cyst
爪甲形成不全	Nail aplasia
爪甲点状凹窩	Nail pitting
片側間代発作	Hemiclonic seizure
片頭痛性梗塞	Migrainous infarction
牛疫ウイルス	Rinderpest virus
牛痘ウイルス	Cowpox virus
物理的蕁麻疹	Urticaria physical
特発性肝硬変	Cryptogenic cirrhosis
特発性蕁麻疹	Idiopathic urticaria
狭窄性腱鞘炎	Tenosynovitis stenosans
狭苦しい住居	Overcrowded housing
猩紅熱様発疹	Rash scarlatiniform
環軸椎不安定	Atlantoaxial instability
環軸椎亜脱臼	Atlantoaxial subluxation
生体機能異常	Vital functions abnormal
生化学的妊娠	Biochemical pregnancy
生後発育不全	Postnatal growth restriction
生殖器の炎症	Genital tract inflammation
生殖器系障害	Reproductive tract disorder
生殖補助医療	Assisted reproductive technology
生気のない目	Glassy eyes
産科的感染症	Obstetric infection
用量算出過誤	Dose calculation error
甲状腺乳頭癌	Papillary thyroid cancer
甲状腺新生物	Thyroid neoplasm
甲状腺石灰化	Thyroid calcification
甲状腺線維症	Thyroid fibrosis
甲状腺脂肪症	Thyroid steatosis
甲状腺髄様癌	Medullary thyroid cancer
甲状舌管嚢胞	Thyroglossal cyst
男性不妊手術	Male sterilisation
男性乳房障害	Breast disorder male
男性性器感染	Genital infection male
男性生殖器癌	Genital cancer male
画像検査異常	Imaging procedure abnormal
異常体重増加	Abnormal weight gain
異常子宮出血	Abnormal uterine bleeding
異常消退出血	Abnormal withdrawal bleeding
異常運動行動	Aberrant motor behaviour
異所性灰白質	Grey matter heterotopia
異所性甲状腺	Ectopic thyroid
異所性胃粘膜	Ectopic gastric mucosa
異所性脳出血	Extraischaemic cerebral haematoma
異所性腎動脈	Accessory renal artery
異製品の混入	Product commingling
疣贅状象皮病	Elephantiasis nostras verrucosa
疱疹状皮膚炎	Dermatitis herpetiformis
疱疹状膿痂疹	Impetigo herpetiformis
病気の近親者	Sick relative
病理学的分離	Pathological dissection
病理学的検査	Pathology test
病的骨折予防	Pathological fracture prophylaxis
痘瘡ウイルス	Variola virus
痙性イレウス	Ileus spastic
痙攣発作予防	Seizure prophylaxis
痙攣閾値低下	Convulsive threshold lowered
痛覚閾値低下	Pain threshold decreased
痛風性関節炎	Gouty arthritis
瘢痕そう痒感	Itching scar
瘢痕ヘルニア	Incisional hernia
瘢痕性脱毛症	Alopecia scarring
瘢痕部不快感	Scar discomfort
癌胎児性抗原	Carcinoembryonic antigen
癒着性心膜炎	Pericardial fibrosis
発作後うつ病	Postictal depression
発作後精神病	Postictal psychosis
発作性不整脈	Paroxysmal arrhythmia
白癬性肉芽腫	Trichophytic granuloma
白血球空胞化	Leukocyte vacuolisation
白血病心浸潤	Leukaemic cardiac infiltration
白血病肝浸潤	Leukaemic infiltration hepatic
白血病肺浸潤	Leukaemic infiltration pulmonary
白血病腎浸潤	Leukaemic infiltration renal
白衣性高血圧	Labile hypertension
皮下生検異常	Subcutaneous biopsy abnormal
皮下組織膿瘍	Subcutaneous abscess
皮膚のたるみ	Skin laxity
皮膚の新生物	Neoplasm skin
皮膚カンジダ	Skin candida
皮膚リンパ腫	Cutaneous lymphoma
皮膚乾燥予防	Dry skin prophylaxis
皮膚内植込み	Skin implant
皮膚凍結療法	Skin cryotherapy
皮膚吸収不良	Dermal absorption impaired
皮膚吸収亢進	Dermal absorption increased
皮膚嚢胞切除	Skin cyst excision
皮膚培養陽性	Skin culture positive
皮膚変性障害	Skin degenerative disorder
皮膚潰瘍切除	Skin ulcer excision
皮膚生検正常	Biopsy skin normal
皮膚生検異常	Biopsy skin abnormal
皮膚病変切除	Skin lesion removal
皮膚瘢痕拘縮	Skin scar contracture
皮膚真菌感染	Fungal skin infection
皮膚粘膜出血	Mucocutaneous haemorrhage
皮膚粘膜毒性	Mucocutaneous toxicity
皮膚粘膜発疹	Mucocutaneous rash
皮膚粘膜障害	Mucocutaneous disorder
皮膚細菌感染	Skin bacterial infection
皮膚美容手技	Skin cosmetic procedure
皮膚色素減少	Skin hypopigmentation
皮膚色素脱失	Skin depigmentation
皮膚色素過剰	Skin hyperpigmentation
皮膚蠕虫感染	Skin infection helminthic
皮膚血管肉腫	Skin angiosarcoma
皮膚血管障害	Vascular skin disorder
皮膚表面再建	Skin resurfacing
皮膚輪郭変形	Cutaneous contour deformity
皮膚障害予防	Skin disorder prophylaxis
皮膚髄外造血	Cutaneous extramedullary haemopoiesis
皮質下脳卒中	Subcortical stroke
皮質層状壊死	Cortical laminar necrosis
直接感染伝播	Direct infection transmission
直接熱量測定	Direct calorimetry
直腸前立腺瘻	Rectoprostatic fistula
直腸周囲膿瘍	Perirectal abscess
直腸検査正常	Rectal examination normal
直腸検査異常	Rectal examination abnormal
直腸生検正常	Biopsy rectum normal
直腸生検異常	Biopsy rectum abnormal
直腸粘膜切除	Rectal mucosectomy
眉間反射異常	Glabellar reflex abnormal
真菌性中耳炎	Otitis media fungal
真菌性乳腺炎	Mastitis fungal
真菌性亀頭炎	Fungal balanitis
真菌性創感染	Wound infection fungal
真菌性咽頭炎	Fungal pharyngitis
真菌性喉頭炎	Laryngitis fungal
真菌性外耳炎	Otitis externa fungal
真菌性小腸炎	Fungal enteritis
真菌性尿道炎	Fungal urethritis
真菌性心筋炎	Myocarditis mycotic
真菌性心膜炎	Pericarditis fungal
真菌性扁桃炎	Tonsillitis fungal
真菌性敗血症	Fungal sepsis
真菌性気管炎	Fungal tracheitis
真菌性爪囲炎	Fungal paronychia
真菌性直腸炎	Proctitis fungal
真菌性眼内炎	Mycotic endophthalmitis
真菌性眼感染	Eye infection fungal
真菌性結膜炎	Conjunctivitis fungal
真菌性網膜炎	Fungal retinitis
真菌性耳感染	Ear infection fungal
真菌性肝感染	Hepatic infection fungal
真菌性脾感染	Splenic infection fungal
真菌性腹膜炎	Fungal peritonitis
真菌性膀胱炎	Fungal cystitis
真菌性舌感染	Tongue fungal infection
真菌性角膜炎	Keratitis fungal
真菌性足感染	Fungal foot infection
真菌性足菌腫	Mycetoma mycotic
真菌性迷路炎	Fungal labyrinthitis
真菌性関節炎	Arthritis fungal
真菌性食道炎	Fungal oesophagitis
真菌性骨髄炎	Osteomyelitis fungal
真菌性髄膜炎	Meningitis fungal
真菌検査陰性	Fungal test negative
真菌検査陽性	Fungal test positive
眼の異常感覚	Eye paraesthesia
眼の輻輳過多	Excessive ocular convergence
眼処置合併症	Ocular procedural complication
眼動脈血栓症	Ophthalmic artery thrombosis
眼底検査正常	Fundoscopy normal
眼底検査異常	Fundoscopy abnormal
眼底自発蛍光	Fundus autofluorescence
眼潤滑剤療法	Eye lubrication therapy
眼球スキャン	Ophthalmic scan
眼球回転発作	Oculogyric crisis
眼球心臓反射	Oculocardiac reflex
眼球運動失調	Ocular dysmetria
眼球運動検査	Oculomotor study
眼瞼そう痒症	Eyelids pruritus
眼瞼下垂修復	Ptosis repair
眼瞼保護縫合	Eyelids protective suture
眼瞼嚢胞切除	Eyelid cyst removal
眼瞼変性障害	Eyelid degenerative disorder
眼瞼機能障害	Eyelid function disorder
眼瞼生検正常	Biopsy eyelid normal
眼瞼生検異常	Biopsy eyelid abnormal
眼瞼皮膚乾燥	Eyelid skin dryness
眼瞼知覚障害	Eyelid sensory disorder
眼瞼縁分泌物	Lid margin discharge
眼瞼色素沈着	Blepharal pigmentation
眼瞼血管障害	Eyelid vascular disorder
眼科検査正常	Ophthalmological examination normal
眼科検査異常	Ophthalmological examination abnormal
眼窩上神経痛	Supraorbital neuralgia
眼窩内容除去	Orbital exenteration
眼窩周囲出血	Periorbital haemorrhage
眼窩周囲刺激	Periorbital irritation
眼窩周囲感染	Periorbital infection
眼窩周囲損傷	Periorbital injury
眼窩周囲浮腫	Periorbital oedema
眼窩周囲湿疹	Periorbital eczema
眼窩周囲腫脹	Periorbital swelling
眼窩周囲膿瘍	Periorbital abscess
眼窩周囲血腫	Periorbital haematoma
眼窩周囲障害	Periorbital disorder
眼筋腱切り術	Eye muscle tenotomy
眼脳腎症候群	Oculocerebrorenal syndrome
眼虚血症候群	Ocular ischaemic syndrome
眼血管血栓症	Ophthalmic vascular thrombosis
眼部リンパ腫	Ocular lymphoma
眼静脈血栓症	Ophthalmic vein thrombosis
睡眠の質低下	Poor quality sleep
睡眠検査正常	Sleep study normal
睡眠検査異常	Sleep study abnormal
睡眠障害治療	Sleep disorder therapy
睫毛色素減少	Eyelash hypopigmentation
睫毛色素過剰	Eyelash hyperpigmentation
瞳孔ブロック	Pupillary block
瞳孔反射障害	Pupillary reflex impaired
知的能力障害	Intellectual disability
知能指数検査	Intelligence test
知覚変容発作	Paroxysmal perceptual alteration
短い妊娠間隔	Short interpregnancy interval
石灰沈着除去	Calcific deposits removal
硝子体ヘイズ	Vitreous haze
硝子体浮遊物	Vitreous floaters
硬化性胆管炎	Cholangitis sclerosing
硬化性角膜炎	Keratitis sclerosing
硬膜下滲出液	Subdural effusion
硬膜動静脈瘻	Dural arteriovenous fistula
硬膜外新生物	Extradural neoplasm
硬膜外線維症	Epidural fibrosis
磁気共鳴画像	Magnetic resonance imaging
社交不安障害	Social anxiety disorder
社会逃避行動	Social avoidant behaviour
神経ブロック	Nerve block
神経内分泌癌	Neuroendocrine carcinoma
神経刺激検査	Nerve stimulation test
神経原性咳嗽	Neurogenic cough
神経原性腫瘍	Neurogenic tumour
神経原性骨折	Neurogenic fracture
神経因性膀胱	Neurogenic bladder
神経変性障害	Neurodegenerative disorder
神経学的検査	Neurological examination
神経学的症状	Neurological symptom
神経性過食症	Bulimia nervosa
神経性高血圧	Neurogenic hypertension
神経発達検査	Neurodevelopment test
神経発達遅延	Neurodevelopmental delay
神経発達障害	Neurodevelopmental disorder
神経系新生物	Nervous system neoplasm
禁忌製品使用	Contraindicated product administered
移入因子減少	Transfer factor reduced
移植拒絶反応	Transplant rejection
移植片合併症	Graft complication
移植片血栓症	Graft thrombosis
移植片過成長	Graft overgrowth
移植血管出血	Vascular graft haemorrhage
移植血管感染	Vascular graft infection
移植血管狭窄	Vascular graft stenosis
移植血管閉塞	Vascular graft restenosis
移植部位出血	Graft haemorrhage
種痘様水疱症	Hydroa vacciniforme
空の巣症候群	Empty nest syndrome
空気圧迫療法	Pneumatic compression therapy
穿刺部位出血	Puncture site haemorrhage
穿刺部位分泌	Puncture site discharge
穿刺部位反応	Puncture site reaction
穿刺部位変色	Puncture site discolouration
穿刺部位感染	Puncture site infection
穿刺部位損傷	Puncture site injury
穿刺部位浮腫	Puncture site oedema
穿刺部位炎症	Puncture site inflammation
穿刺部位疼痛	Puncture site pain
穿刺部位発疹	Puncture site rash
穿刺部位硬結	Puncture site induration
穿刺部位紅斑	Puncture site erythema
穿刺部位腫脹	Puncture site swelling
穿刺部位膿瘍	Puncture site abscess
穿刺部位血腫	Puncture site haematoma
穿孔性胃潰瘍	Gastric ulcer perforation
穿孔性腸潰瘍	Intestinal ulcer perforation
穿孔性虫垂炎	Appendicitis perforated
突然視力消失	Sudden visual loss
立方骨症候群	Cuboid syndrome
第５神経損傷	Vth nerve injury
筋無力症候群	Myasthenic syndrome
筋皮神経損傷	Musculocutaneous nerve injury
筋緊張低下児	Floppy infant
筋緊張性障害	Muscle tone disorder
筋肉増強療法	Muscle building therapy
筋肉量百分率	Muscle mass percentage
筋膜ヘルニア	Fascial hernia
筋膜皮弁手術	Fasciocutaneous flap operation
筋骨格不快感	Musculoskeletal discomfort
筋骨格内異物	Musculoskeletal foreign body
筋骨格系損傷	Musculoskeletal injury
筋骨格系毒性	Musculoskeletal toxicity
筋骨格系胸痛	Musculoskeletal chest pain
節足動物刺傷	Arthropod sting
節足動物咬傷	Arthropod bite
節足動物寄生	Arthropod infestation
粒起革様皮膚	Shagreen skin
粗大運動遅延	Gross motor delay
粘液溶解療法	Mucolytic treatment
粘膜の灼熱感	Burning sensation mucosal
粘膜生検正常	Biopsy mucosa normal
粘膜生検異常	Biopsy mucosa abnormal
粘膜異常感覚	Paraesthesia mucosal
粘膜脱症候群	Mucosal prolapse syndrome
粘膜色素沈着	Mucosal pigmentation
粘膜類天疱瘡	Mucous membrane pemphigoid
精子凍結保存	Sperm cryopreservation
精子形態正常	Spermatozoa morphology normal
精子形態異常	Spermatozoa morphology abnormal
精子形成異常	Spermatogenesis abnormal
精子濃度ゼロ	Sperm concentration zero
精子濃度増加	Sperm concentration increased
精子濃度正常	Sperm concentration normal
精子濃度減少	Sperm concentration decreased
精子濃度異常	Sperm concentration abnormal
精巣スキャン	Testicular scan
精巣上体嚢胞	Epididymal cyst
精巣上体圧痛	Epididymal tenderness
精巣上体手術	Epididymal operation
精巣上体生検	Biopsy epididymis
精巣上体結核	Epididymitis tuberculous
精巣上体結石	Epididymal calculus
精巣上体腫大	Epididymal enlargement
精巣上体障害	Epididymal disorder
精巣嚢胞切除	Testicular cyst excision
精巣形成異常	Testicular dysplasia
精巣生検正常	Biopsy testes normal
精巣生検異常	Biopsy testes abnormal
精巣胎芽性癌	Testicular embryonal carcinoma
精巣自己免疫	Testicular autoimmunity
精液検査正常	Sperm analysis normal
精液検査異常	Semen analysis abnormal
精液液化延長	Semen liquefaction prolonged
精液液化正常	Semen liquefaction normal
精液液化異常	Semen liquefaction abnormal
精液液化短縮	Semen liquefaction shortened
精液粘度増加	Semen viscosity increased
精液粘度正常	Semen viscosity normal
精液粘度減少	Semen viscosity decreased
精液粘度異常	Semen viscosity abnormal
精神性的障害	Psychosexual disorder
精神状態変化	Mental status changes
精神病の家族	Psychotic family member
精神病性障害	Psychotic disorder
精神病的行動	Psychotic behaviour
精神病質人格	Psychopathic personality
精神運動亢進	Psychomotor hyperactivity
精神運動制止	Psychomotor retardation
精神障害予防	Psychiatric disorder prophylaxis
糖尿病合併症	Diabetic complication
糖尿病性壊疽	Diabetic gangrene
糖尿病性失明	Diabetic blindness
糖尿病性昏睡	Diabetic coma
糖尿病性水疱	Diabetic bullosis
糖尿病性脳症	Diabetic encephalopathy
糖尿病性腎症	Diabetic nephropathy
糖尿病網膜症	Diabetic retinopathy
糸球体濾過率	Glomerular filtration rate
紡錘細胞肉腫	Spindle cell sarcoma
細胞マーカー	Cell marker
細胞毒性浮腫	Cytotoxic oedema
細菌性中耳炎	Otitis media bacterial
細菌性乳腺炎	Mastitis bacterial
細菌性創感染	Wound infection bacterial
細菌性卵管炎	Bacterial salpingitis
細菌性咽頭炎	Pharyngitis bacterial
細菌性喉頭炎	Laryngitis bacterial
細菌性外耳炎	Otitis externa bacterial
細菌性大腸炎	Bacterial colitis
細菌性尿管炎	Bacterial ureteritis
細菌性尿道炎	Bacterial urethritis
細菌性心筋炎	Myocarditis bacterial
細菌性心膜炎	Bacterial pericarditis
細菌性扁桃炎	Tonsillitis bacterial
細菌性敗血症	Bacterial sepsis
細菌性歯肉炎	Bacterial gingivitis
細菌性毒血症	Bacterial toxaemia
細菌性気管炎	Bacterial tracheitis
細菌性涙嚢炎	Bacterial dacryocystitis
細菌性爪感染	Bacterial nail infection
細菌性直腸炎	Proctitis bacterial
細菌性眼内炎	Bacterial endophthalmitis
細菌性眼感染	Eye infection bacterial
細菌性眼瞼炎	Bacterial blepharitis
細菌性結膜炎	Conjunctivitis bacterial
細菌性耳感染	Ear infection bacterial
細菌性肝感染	Hepatic infection bacterial
細菌性胃腸炎	Gastroenteritis bacterial
細菌性胸膜炎	Pleurisy bacterial
細菌性脾感染	Splenic infection bacterial
細菌性腹膜炎	Peritonitis bacterial
細菌性膀胱炎	Cystitis bacterial
細菌性虹彩炎	Bacterial iritis
細菌性角膜炎	Keratitis bacterial
細菌性迷路炎	Bacterial labyrinthitis
細菌性関節炎	Arthritis bacterial
細菌性食中毒	Bacterial food poisoning
細菌性食道炎	Oesophagitis bacterial
細菌性骨髄炎	Osteomyelitis bacterial
細菌性髄膜炎	Meningitis bacterial
細菌検査陰性	Bacterial test negative
細菌検査陽性	Bacterial test positive
組織接着閉鎖	Tissue sealing
組織検体培養	Culture tissue specimen
組織無酸素症	Tissue anoxia
組織癒着予防	Tissue adhesion prophylaxis
経口胆嚢造影	Cholecystogram oral
結合組織障害	Connective tissue disorder
結核性卵管炎	Salpingitis tuberculous
結核性喉頭炎	Tuberculous laryngitis
結核性心膜炎	Pericarditis tuberculous
結核性敗血症	Tuberculosis sepsis
結核性結膜炎	Conjunctivitis tuberculous
結核性胸膜炎	Tuberculous pleurisy
結核性腱鞘炎	Tuberculous tenosynovitis
結核性腹膜炎	Peritoneal tuberculosis
結核性髄膜炎	Meningitis tuberculous
結節性不整脈	Nodal arrhythmia
結節性筋膜炎	Nodular fasciitis
結節性血管炎	Nodular vasculitis
結節性黒色腫	Nodular melanoma
結腸生検正常	Biopsy colon normal
結腸生検異常	Biopsy colon abnormal
結腸直腸腺癌	Colorectal adenocarcinoma
結腸直腸腺腫	Colorectal adenoma
結腸肛門吻合	Coloanal anastomosis
結膜下線維症	Subconjunctival fibrosis
結膜生検正常	Biopsy conjunctiva normal
結膜生検異常	Biopsy conjunctiva abnormal
結膜色素沈着	Conjunctival pigmentation
結膜血管障害	Conjunctival vascular disorder
給付金受給者	Monetary allowance recipient
絨毛膜下出血	Subchorionic haemorrhage
絨毛膜下血腫	Subchorionic haematoma
網状赤血球数	Reticulocyte count
網目状静脈瘤	Reticular veins
網脈絡膜皺襞	Chorioretinal folds
網膜上膜剥離	Epiretinal membrane peel
網膜下線維症	Subretinal fibrosis
網膜側副血管	Retinal collateral vessels
網膜動脈攣縮	Retinal artery spasm
網膜動脈狭窄	Retinal artery stenosis
網膜動脈閉塞	Retinal artery occlusion
網膜嚢胞切除	Retinal cyst excision
網膜小窩障害	Retinal fovea disorder
網膜性片頭痛	Retinal migraine
網膜生検正常	Biopsy retina normal
網膜生検異常	Biopsy retina abnormal
網膜腫瘍摘除	Retinal tumour excision
網膜色素沈着	Retinal pigmentation
網膜色素脱失	Retinal depigmentation
網膜血管断裂	Retinal vessel avulsion
網膜血管新生	Retinal neovascularisation
網膜血管芽腫	Retinal haemangioblastoma
網膜血管造影	Angiogram retina
網膜血管閉塞	Retinal vascular occlusion
網膜血管障害	Retinal vascular disorder
網膜静脈閉塞	Retinal vein occlusion
総動脈幹修復	Truncus arteriosus repair
総動脈幹遺残	Truncus arteriosus persistent
総排泄腔外反	Cloacal exstrophy
総排泄腔遺残	Persistent cloaca
緑色爪症候群	Green nail syndrome
線状歯肉紅斑	Lineal gingival erythema
線維柱帯吸引	Trabecular aspiration
縦隔生検正常	Mediastinal biopsy normal
縦隔生検異常	Mediastinal biopsy abnormal
縫工筋転位術	Sartorius transposition
縮小肺症候群	Shrinking lung syndrome
羊水穿刺正常	Amniocentesis normal
羊水穿刺異常	Amniocentesis abnormal
羊膜索症候群	Amniotic band syndrome
義歯性口内炎	Denture stomatitis
翼口蓋神経痛	Sphenopalatine neuralgia
老人性乾皮症	Senile xerosis
老人性精神病	Senile psychosis
耐糖能境界型	Indeterminate glucose tolerance
耳下腺石灰化	Parotid calcification
耳下腺管閉塞	Parotid duct obstruction
耳介仮性嚢胞	Auricular pseudocyst
耳垢分泌過多	Excessive cerumen production
耳科検査正常	Otic examination normal
耳科検査異常	Otic examination abnormal
耳鏡検査正常	Otoscopy normal
耳鏡検査異常	Otoscopy abnormal
聴神経腫切除	Acoustic neuroma removal
聴覚刺激検査	Acoustic stimulation tests
職場環境問題	Occupational problem environmental
職業に不満足	Job dissatisfaction
職業性皮膚炎	Occupational dermatitis
肉胞子虫感染	Sarcocystis infection
肉腫様中皮腫	Sarcomatoid mesothelioma
肋間神経切除	Intercostal neurectomy
肋骨形成不全	Rib hypoplasia
肌のきめ異常	Skin texture abnormal
肘部管症候群	Cubital tunnel syndrome
肛門そう痒症	Anal pruritus
肛門位置異常	Preternatural anus
肛門外陰部瘻	Anovulvar fistula
肛門性器疣贅	Anogenital warts
肛門感覚鈍麻	Anal hypoaesthesia
肛門検査正常	Anal examination normal
肛門検査異常	Anal examination abnormal
肛門淋菌感染	Anal gonococcal infection
肛門生検正常	Biopsy anus normal
肛門生検異常	Biopsy anus abnormal
肛門直腸奇形	Anorectal malformation
肛門直腸感染	Anorectal infection
肛門直腸手術	Anorectal operation
肛門直腸潰瘍	Anorectal ulcer
肛門直腸狭窄	Anorectal stenosis
肛門直腸腫脹	Anorectal swelling
肛門直腸障害	Anorectal disorder
肛門肥大乳頭	Hypertrophic anal papilla
肝アメーバ症	Hepatic amoebiasis
肝カンジダ症	Hepatic candidiasis
肝住血吸虫症	Schistosomiasis liver
肝動脈塞栓症	Hepatic artery embolism
肝動脈血栓症	Hepatic artery thrombosis
肝動静脈奇形	Hepatic arteriovenous malformation
肝周囲不快感	Perihepatic discomfort
肝性脳症予防	Hepatic encephalopathy prophylaxis
肝新生物摘出	Hepatic neoplasm removal
肝細胞性黄疸	Jaundice hepatocellular
肝胆道系嚢胞	Hepatobiliary cyst
肝胆道系感染	Hepatobiliary infection
肝胆道系手術	Hepatobiliary operation
肝胆道系疾患	Hepatobiliary disease
肝蛭検査陽性	Fasciola test positive
肝血管血栓症	Hepatic vascular thrombosis
肝被膜下血腫	Subcapsular hepatic haematoma
肝超音波検査	Ultrasound liver
肝静脈塞栓症	Hepatic vein embolism
肝静脈血栓症	Hepatic vein thrombosis
肝頚静脈逆流	Hepatojugular reflux
股関節唇再建	Labral reconstruction
股関節部骨折	Hip fracture
股関節離断術	Hip disarticulation
肢断端形成術	Limb stump plasty
肥厚性骨膜炎	Periostitis hypertrophic
肥大型心筋症	Hypertrophic cardiomyopathy
肺ムコール症	Pulmonary mucormycosis
肺住血吸虫症	Schistosomiasis pulmonary
肺動脈二尖弁	Bicuspid pulmonary valve
肺動脈弁修復	Pulmonary valve repair
肺動脈弁切開	Pulmonary valvotomy
肺動脈弁狭窄	Pulmonary valve stenosis
肺動脈弁疾患	Pulmonary valve disease
肺動脈弁置換	Pulmonary valve replacement
肺動脈弁肥厚	Pulmonary valve thickening
肺動脈硬化症	Pulmonary artery arteriosclerosis
肺動脈絞扼術	Pulmonary artery banding
肺動脈血栓症	Pulmonary artery thrombosis
肺拡散能検査	Lung diffusion test
肺新生物手術	Lung neoplasm surgery
肺炎球菌免疫	Pneumococcal immunisation
肺炎球菌感染	Pneumococcal infection
肺胞含気亢進	Alveolar aeration excessive
肺静脈血栓症	Pulmonary venous thrombosis
胃内容物検査	Stomach content analysis
胃吊り上げ術	Gastric transposition
胃心臓症候群	Gastrocardiac syndrome
胃病変部切除	Stomach lesion excision
胃腸ポリープ	Gastrointestinal polyp
胃腸リンパ腫	Gastrointestinal lymphoma
胃腸検査正常	Gastrointestinal examination normal
胃腸検査異常	Gastrointestinal examination abnormal
胃腸潰瘍治療	Gastrointestinal ulcer management
胃腸管瘻修復	Gastrointestinal fistula repair
胃腸管血管炎	Vasculitis gastrointestinal
胃腸粘膜充血	Gastrointestinal mucosa hyperaemia
胃腸粘膜剥脱	Gastrointestinal mucosal exfoliation
胃腸粘膜障害	Gastrointestinal mucosal disorder
胃腸血管奇形	Gastrointestinal vascular malformation
胃腸障害予防	Gastrointestinal disorder prophylaxis
胃腸障害治療	Gastrointestinal disorder therapy
胃酸分泌欠如	Secretion gastric absent
胃静脈瘤出血	Gastric varices haemorrhage
胃静脈瘤注入	Gastric variceal injection
胃静脈瘤結紮	Gastric variceal ligation
胆嚢ポリープ	Gallbladder polyp
胆嚢機能亢進	Gallbladder hyperfunction
胆嚢機能低下	Gallbladder hypofunction
胆嚢生検正常	Biopsy gallbladder normal
胆嚢生検異常	Biopsy gallbladder abnormal
胆嚢粘液嚢胞	Gallbladder mucocoele
胆汁円柱腎症	Bile cast nephropathy
胆汁培養陰性	Bile culture negative
胆汁培養陽性	Bile culture positive
胆汁性肝硬変	Biliary cirrhosis
胆管造影正常	Cholangiogram normal
胆管造影異常	Cholangiogram abnormal
胆道ポリープ	Biliary polyp
背部異常感覚	Notalgia paraesthetica
胎便イレウス	Meconium ileus
胎便性腹膜炎	Meconium peritonitis
胎便栓症候群	Meconium plug syndrome
胎児巨大膀胱	Foetal megacystis
胎児性巨大児	Foetal macrosomia
胎児栄養失調	Foetal malnutrition
胎児毒性試験	Embryotoxicity test
胎児治療手技	Foetal therapeutic procedure
胎児生検正常	Biopsy foetal normal
胎児生検異常	Biopsy foetal abnormal
胎児発育異常	Foetal growth abnormality
胎児赤芽球症	Erythroblastosis foetalis
胎盤ポリープ	Placental polyp
胎盤成長因子	Placenta growth factor
胎盤機能不全	Placental insufficiency
胚細胞新生物	Germ cell neoplasm
胸腺形成不全	Thymus hypoplasia
胸腺退縮不全	Incomplete thymus involution
胸膜生検正常	Biopsy pleura normal
胸膜生検異常	Biopsy pleura abnormal
胸膜癒着剥離	Pleural adhesiolysis
胸部の圧挫傷	Chest crushing
胸部スキャン	Chest scan
胸部拡張減少	Chest expansion decreased
胸部理学療法	Physiotherapy chest
胸郭出口手術	Thoracic outlet surgery
胸郭変形矯正	Thorax deformity correction
脂漏性皮膚炎	Seborrhoeic dermatitis
脂漏性脱毛症	Seborrhoeic alopecia
脂漏性角化症	Seborrhoeic keratosis
脂肪組織増加	Fat tissue increased
脂肪組織減少	Fat tissue decreased
脂肪酸欠乏症	Fatty acid deficiency
脂腺機能亢進	Sebaceous glands overactivity
脂質代謝障害	Lipid metabolism disorder
脈波伝播速度	Pulse wave velocity
脈絡叢乳頭腫	Choroid plexus papilloma
脈絡網膜瘢痕	Chorioretinal scar
脈絡膜新生物	Choroid neoplasm
脈絡膜硬化症	Choroidal sclerosis
脈絡膜血管腫	Choroidal haemangioma
脈絡膜黒色腫	Choroid melanoma
脊柱管狭窄症	Spinal stenosis
脊椎固定不全	Incomplete spinal fusion
脊椎変形矯正	Spinal deformity correction
脊椎徒手整復	Spinal manipulation
脊椎椎弓切除	Spinal laminectomy
脊椎滑液嚢腫	Spinal synovial cyst
脊椎癒合遅延	Delayed spinal fusion
脊椎脱臼整復	Vertebra dislocation reduction
脊椎靱帯手術	Spinal ligament operation
脊椎骨折治療	Spinal fracture treatment
脊椎骨盤固定	Spinopelvic fixation
脊髄ショック	Spinal shock
脊髄ヘルニア	Spinal cord herniation
脊髄低酸素症	Spinal cord hypoxia
脊髄小脳障害	Spinocerebellar disorder
脊髄性跛行症	Spinal claudication
脊髄血管障害	Spinal vascular disorder
脊髄造影正常	Spinal myelogram normal
脊髄造影異常	Spinal myelogram abnormal
脊髄髄膜嚢胞	Spinal meningeal cyst
脱出臓器還納	Eventration repair
脱腸帯使用者	Truss user
脳カンジダ症	Cerebral candidiasis
脳再潅流障害	Cerebral reperfusion injury
脳動脈瘤穿孔	Cerebral aneurysm perforation
脳動脈硬化症	Cerebral arteriosclerosis
脳動脈窓形成	Intracranial arterial fenestration
脳回転状皮膚	Cutis verticis gyrata
脳室脳槽吻合	Ventricular cisternostomy
脳室造影正常	Cerebral ventriculogram normal
脳室造影異常	Cerebral ventriculogram abnormal
脳幹微小出血	Brain stem microhaemorrhage
脳幹神経膠腫	Brain stem glioma
脳底動脈狭窄	Basilar artery stenosis
脳底動脈穿孔	Basilar artery perforation
脳底動脈閉塞	Basilar artery occlusion
脳微小塞栓症	Cerebral microembolism
脳微小血管症	Cerebral microangiopathy
脳心臓症候群	Cerebrocardiac syndrome
脳神経新生物	Cranial nerve neoplasm
脳神経減圧術	Cranial nerve decompression
脳肝腎症候群	Cerebrohepatorenal syndrome
脳腱黄色腫症	Cerebrotendinous xanthomatosis
脳転位症候群	Brain dislocation syndrome
脾カンジダ症	Splenic candidiasis
脾動脈塞栓術	Splenic artery embolisation
脾動脈血栓症	Splenic artery thrombosis
脾摘後症候群	Postsplenectomy syndrome
脾湾曲部授動	Splenic flexure mobilisation
脾腎シャント	Splenorenal shunt
脾臓スキャン	Scan spleen
脾被膜下血腫	Subcapsular splenic haematoma
脾静脈瘤出血	Splenic varices haemorrhage
脾静脈血栓症	Splenic vein thrombosis
腋窩神経損傷	Axillary nerve injury
腎リンパ嚢腫	Renal lymphocele
腎リン脂質症	Renal phospholipidosis
腎仮性動脈瘤	Renal pseudoaneurysm
腎処置合併症	Renal procedural complication
腎前性腎不全	Prerenal failure
腎動脈再狭窄	Renal artery restenosis
腎動脈塞栓術	Renal artery embolisation
腎動脈狭窄症	Renal artery stenosis
腎動脈血栓症	Renal artery thrombosis
腎動静脈奇形	Renal arteriovenous malformation
腎周囲液貯留	Perinephric collection
腎尿細管壊死	Renal tubular necrosis
腎尿細管損傷	Renal tubular injury
腎尿細管萎縮	Renal tubular atrophy
腎後性腎不全	Postrenal failure
腎病変部切除	Renal lesion excision
腎細胞異形成	Renal cell dysplasia
腎結石症予防	Renal lithiasis prophylaxis
腎膨大細胞腫	Renal oncocytoma
腎血管血栓症	Renal vascular thrombosis
腎被膜下血腫	Subcapsular renal haematoma
腎超音波検査	Ultrasound kidney
腎静脈塞栓症	Renal vein embolism
腎静脈血栓症	Renal vein thrombosis
腎静脈静脈瘤	Renal vein varices
腓骨神経損傷	Peroneal nerve injury
腓骨神経麻痺	Peroneal nerve palsy
腕神経叢損傷	Brachial plexus injury
腕神経叢障害	Brachial plexopathy
腕頭動脈狭窄	Brachiocephalic artery stenosis
腕頭動脈閉塞	Brachiocephalic artery occlusion
腕頭静脈狭窄	Brachiocephalic vein stenosis
腕頭静脈閉塞	Brachiocephalic vein occlusion
腟スミア正常	Smear vaginal normal
腟スミア異常	Smear vaginal abnormal
腟超音波検査	Ultrasound scan vagina
腫瘍の滲出液	Tumour exudation
腫瘍偽性進行	Tumour pseudoprogression
腫瘍内動脈瘤	Intratumoural aneurysm
腫瘍周囲浮腫	Peritumoural oedema
腫瘍学的評価	Oncological evaluation
腫瘍性塞栓症	Tumour embolism
腫瘍性血栓症	Tumour thrombosis
腫瘍空洞形成	Tumour cavitation
腫瘍細胞動員	Tumour cell mobilisation
腫瘍血栓摘除	Tumour thrombectomy
腰動脈塞栓術	Lumbar artery embolisation
腰椎穿刺正常	Lumbar puncture normal
腰椎穿刺異常	Lumbar puncture abnormal
腱交差症候群	Intersection syndrome
腸チフス免疫	Typhoid fever immunisation
腸住血吸虫症	Intestinal schistosomiasis
腸新生物手術	Intestinal neoplasm surgery
腸炎ビブリオ	Vibrio parahaemolyticus
腸炎性脊椎炎	Enteropathic spondylitis
腸炎性関節炎	Arthritis enteropathic
腸発酵症候群	Gut fermentation syndrome
腸管アンギナ	Intestinal angina
腸管ポリープ	Intestinal polyp
腸管由来感染	Gut derived infection
腸管粘膜肥厚	Intestinal mucosal hypertrophy
腸管粘膜萎縮	Intestinal mucosal atrophy
腸管粘膜裂傷	Intestinal mucosal tear
腸管結晶沈着	Crystal deposit intestine
腸軸捻転修復	Volvulus repair
腸間膜動脈瘤	Mesenteric artery aneurysm
腸間膜新生物	Mesenteric neoplasm
腸間膜線維症	Mesenteric fibrosis
腸静脈瘤出血	Intestinal varices haemorrhage
腸骨動脈狭窄	Iliac artery stenosis
腸骨動脈疾患	Iliac artery disease
腸骨動脈破裂	Iliac artery rupture
腸骨動脈穿孔	Iliac artery perforation
腸骨動脈解離	Iliac artery dissection
腸骨動脈閉塞	Iliac artery occlusion
腸骨動脈雑音	Iliac bruit
腸骨静脈狭窄	Iliac vein stenosis
腸骨静脈穿孔	Iliac vein perforation
腸骨静脈閉塞	Iliac vein occlusion
腹圧性尿失禁	Stress urinary incontinence
腹壁形成異常	Abdominal wall anomaly
腹腔動脈狭窄	Coeliac artery stenosis
腹腔動脈血栓	Truncus coeliacus thrombosis
腹腔動脈閉塞	Coeliac artery occlusion
腹腔鏡下手術	Laparoscopic surgery
腹膜ヘルニア	Peritoneal hernia
腹膜偽粘液腫	Pseudomyxoma peritonei
腹膜平衡試験	Peritoneal equilibration test
腹膜播種係数	Peritoneal cancer index
腹膜生検正常	Biopsy peritoneum normal
腹膜生検異常	Biopsy peritoneum abnormal
腹部スキャン	Abdomen scan
腹部ヘルニア	Internal hernia
腹部内臓転位	Abdominal transposition
腹部瘻孔修復	Abdominal sinus repair
腹部癒着剥離	Abdominal adhesiolysis
腺扁平上皮癌	Adenosquamous cell carcinoma
膀胱スキャン	Bladder scan
膀胱ヘルニア	Urinary bladder herniation
膀胱ポリープ	Urinary bladder polyp
膀胱内注入法	Bladder instillation procedure
膀胱刺激症状	Bladder irritation
膀胱壁石灰化	Bladder wall calcification
膀胱容量減少	Reduced bladder capacity
膀胱尿管逆流	Vesicoureteric reflux
膀胱尿道吻合	Vesicourethral anastomosis
膀胱機能障害	Bladder dysfunction
膀胱生検正常	Biopsy bladder normal
膀胱生検異常	Biopsy bladder abnormal
膀胱結石除去	Bladder calculus removal
膀胱肉柱形成	Bladder trabeculation
膀胱腫瘍抗原	Bladder tumour antigen
膀胱造影正常	Cystogram normal
膀胱造影異常	Cystogram abnormal
膀胱部分切除	Partial cystectomy
膀胱除神経術	Bladder denervation procedure
膀胱頚部切除	Bladder neck resection
膀胱頚部手術	Bladder neck operation
膜安定化作用	Membrane stabilising effect
膝窩動脈脈拍	Popliteal pulse
膝窩外側除圧	Lateral popliteal decompression
膵仮性動脈瘤	Pancreatic pseudoaneurysm
膵内分泌障害	Endocrine pancreatic disorder
膵周囲の炎症	Peripancreatic inflammation
膵周囲液貯留	Peripancreatic fluid collection
膵周囲静脈瘤	Peripancreatic varices
膵病変部切除	Pancreatic lesion excision
膵超音波検査	Ultrasound pancreas
膿漏性角皮症	Keratoderma blenorrhagica
膿痂疹性湿疹	Eczema impetiginous
臓器成熟異常	Abnormal organ maturation
臨床検査干渉	Laboratory test interference
臨床検査正常	Laboratory test normal
臨床検査異常	Laboratory test abnormal
自己免疫障害	Autoimmune disorder
自己抗体検査	Autoantibody test
自己抗体陰性	Autoantibody negative
自己抗体陽性	Autoantibody positive
自己炎症疾患	Autoinflammatory disease
自己臭恐怖症	Olfactory reference syndrome
自律神経手術	Autonomic nerve operation
自律神経発作	Autonomic seizure
自発陰茎勃起	Spontaneous penile erection
舌のこわばり	Stiff tongue
舌の運動障害	Tongue movement disturbance
舌下神経障害	Hypoglossal nerve disorder
舌下神経麻痺	Hypoglossal nerve paralysis
舌咽神経障害	Glossopharyngeal nerve disorder
舌咽神経麻痺	Glossopharyngeal nerve paralysis
舌根粘膜切除	Tongue base mucosectomy
良性神経膠腫	Benign glioma
良性神経鞘腫	Neurilemmoma benign
良性胞状奇胎	Benign hydatidiform mole
良性腫瘍切除	Benign tumour excision
色素性乾皮症	Xeroderma pigmentosum
色素性網膜炎	Retinitis pigmentosa
色素性蕁麻疹	Urticaria pigmentosa
色素性黄斑症	Pigmentary maculopathy
色素沈着障害	Pigmentation disorder
芽球細胞増殖	Blast cell proliferation
芽球細胞陰性	Blast cells absent
芽球細胞陽性	Blast cells present
苔癬様異形成	Lichenoid dysplasia
苔癬様角化症	Lichenoid keratosis
薬剤漸増漸減	Drug titration
薬剤耐性変異	Drug resistance mutation
薬剤誘発試験	Drug provocation test
薬剤逆説反応	Paradoxical drug reaction
薬剤違法流用	Drug diversion
薬物中毒予防	Drug toxicity prophylaxis
薬物乱用頭痛	Medication overuse headache
薬物最高濃度	Drug peak level
薬物濃度増加	Drug level increased
薬物濃度変化	Drug level changed
薬物濃度減少	Drug level decreased
薬物濃度異常	Drug level abnormal
薬物療法強化	Drug therapy enhancement
薬物相互作用	Drug interaction
薬物耐性上昇	Drug tolerance increased
薬物耐性低下	Drug tolerance decreased
薬用ヒル療法	Medicinal leech application
虚血性四肢痛	Ischaemic limb pain
虚血性大腸炎	Colitis ischaemic
虚血性小腸炎	Ischaemic enteritis
虚血性心筋症	Ischaemic cardiomyopathy
虚血性胆嚢炎	Ischaemic cholecystitis
虚血性脳卒中	Ischaemic stroke
虚血性脳梗塞	Ischaemic cerebral infarction
虫垂粘液嚢胞	Appendiceal mucocoele
虹彩徹照異常	Iris transillumination defect
虹彩色素減少	Iris hypopigmentation
虹彩色素過剰	Iris hyperpigmentation
虹彩血管新生	Iris neovascularisation
虹彩血管障害	Iris vascular disorder
蛇行状血管腫	Angioma serpiginosum
蛋白同化亢進	Protein anabolism increased
蛋白電気泳動	Electrophoresis protein
蛍光血管造影	Fluorescence angiogram
蝶形骨洞手術	Sphenoid sinus operation
蝸牛形成不全	Cochlear hypoplasia
蠕虫性創感染	Wound infection helminthic
蠕虫性心筋炎	Myocarditis helminthic
蠕虫性心膜炎	Pericarditis helminthic
蠕虫性眼感染	Eye infection helminthic
蠕虫性肝感染	Hepatic infection helminthic
蠕虫性脾感染	Splenic infection helminthic
蠕虫性腹膜炎	Peritonitis helminthic
蠕虫性膀胱炎	Cystitis helminthic
蠕虫性関節炎	Arthritis helminthic
血中カリウム	Blood potassium
血中クエン酸	Blood citric acid
血中クロール	Blood chloride
血中ケトン体	Blood ketone body
血中ブドウ糖	Blood glucose
血中リン増加	Blood phosphorus increased
血中リン正常	Blood phosphorus normal
血中リン減少	Blood phosphorus decreased
血中リン異常	Blood phosphorus abnormal
血中亜鉛増加	Blood zinc increased
血中亜鉛正常	Blood zinc normal
血中亜鉛減少	Blood zinc decreased
血中亜鉛異常	Blood zinc abnormal
血中尿素増加	Blood urea increased
血中尿素正常	Blood urea normal
血中尿素減少	Blood urea decreased
血中尿素異常	Blood urea abnormal
血中殺菌活性	Blood bactericidal activity
血中水銀正常	Blood mercury normal
血中水銀異常	Blood mercury abnormal
血中砒素増加	Blood arsenic increased
血中砒素正常	Blood arsenic normal
血中臭素増加	Blood bromide increased
血中臭素正常	Blood bromide normal
血中臭素減少	Blood bromide decreased
血中臭素異常	Blood bromide abnormal
血中葉酸増加	Blood folate increased
血中葉酸正常	Blood folate normal
血中葉酸減少	Blood folate decreased
血中葉酸異常	Blood folate abnormal
血中重炭酸塩	Blood bicarbonate
血圧測定不能	Blood pressure immeasurable
血小板分布幅	Platelet distribution width
血小板数増加	Platelet count increased
血小板数正常	Platelet count normal
血小板数減少	Platelet count decreased
血小板数異常	Platelet count abnormal
血小板粘着性	Platelet adhesiveness
血栓後症候群	Post thrombotic syndrome
血栓後網膜症	Post thrombotic retinopathy
血栓性脳卒中	Thrombotic stroke
血栓性脳梗塞	Thrombotic cerebral infarction
血栓性静脈瘤	Thrombosed varicose vein
血液ガス正常	Blood gases normal
血液ガス異常	Blood gases abnormal
血液型不適合	Blood type incompatibility
血液培養陰性	Blood culture negative
血液培養陽性	Blood culture positive
血液媒介感染	Bloodborne infection
血液学的嚢胞	Haematological cyst
血液学的感染	Haematological infection
血液検査正常	Blood test normal
血液検査異常	Blood test abnormal
血液粘度増加	Blood viscosity increased
血液粘度減少	Blood viscosity decreased
血液粘度異常	Blood viscosity abnormal
血液製剤拒否	Blood product refusal
血液障害予防	Blood disorder prophylaxis
血清学的検査	Serology test
血清色調異常	Serum colour abnormal
血漿粘度正常	Plasma viscosity normal
血漿粘度減少	Plasma viscosity decreased
血漿粘度異常	Plasma viscosity abnormal
血管グラフト	Vascular graft
血管シャント	Vascular shunt
血管偽動脈瘤	Vascular pseudoaneurysm
血管内脂肪腫	Intravascular lipoma
血管圧迫療法	Vascular compression therapy
血管性紫斑病	Vascular purpura
血管性認知症	Vascular dementia
血管検査正常	Vascular test normal
血管検査異常	Vascular test abnormal
血管炎性潰瘍	Vasculitic ulcer
血管炎性皮疹	Vasculitic rash
血管腫塞栓術	Haemangioma embolisation
血管造影正常	Angiogram normal
血管造影異常	Angiogram abnormal
血管障害予防	Vascular disorder prophylaxis
血行力学検査	Haemodynamic test
血餅退縮正常	Clot retraction normal
血餅退縮異常	Clot retraction abnormal
術後イレウス	Postoperative ileus
術後創合併症	Postoperative wound complication
術後呼吸不全	Postoperative respiratory failure
術後呼吸窮迫	Postoperative respiratory distress
術後尿道狭窄	Urethral stricture postoperative
術後病的利尿	Postoperative pathological diuresis
術後皮膚裂傷	Surgical skin tear
術後直腸裂傷	Rectal laceration postoperative
術後関節脱臼	Joint dislocation postoperative
衛生状態不良	Poor sanitation
表在性静脈炎	Phlebitis superficial
表在静脈隆起	Superficial vein prominence
裂孔ヘルニア	Hiatus hernia
補体因子増加	Complement factor increased
補体因子正常	Complement factor normal
補体因子減少	Complement factor decreased
補体因子異常	Complement factor abnormal
補体結合異常	Complement fixation abnormal
製品中不純物	Product impurity
製品交付過誤	Product dispensing error
製品代替過誤	Product substitution error
製品保管過誤	Product storage error
製品処方過誤	Product prescribing error
製品調製過誤	Product preparation error
製品適用中断	Product administration interrupted
製品適用過誤	Product administration error
製品選択過誤	Product selection error
複合リンパ腫	Composite lymphoma
襟巻き状陰嚢	Shawl scrotum
西部ウマ脳炎	Encephalitis western equine
視交差症候群	Chiasma syndrome
視力矯正手術	Vision correction operation
視床下部腫大	Hypothalamic enlargement
視床微小出血	Thalamic microhaemorrhage
視標追跡検査	Visual tracking test
視神経低形成	Optic nerve hypoplasia
視神経周囲炎	Optic perineuritis
視神経新生物	Optic nerve neoplasm
視覚の明るさ	Visual brightness
視覚成熟遅延	Delayed visual maturation
視覚皮質萎縮	Visual cortex atrophy
視覚誘発電位	Visual evoked potentials
角膜ブドウ腫	Corneal staphyloma
角膜上皮増殖	Corneal epithelial downgrowth
角膜上皮欠損	Corneal epithelium defect
角膜上皮皺襞	Corneal epithelial wrinkling
角膜代償不全	Corneal decompensation
角膜内皮障害	Corneal endothelial disorder
角膜反射低下	Corneal reflex decreased
角膜反射試験	Corneal reflex test
角膜局所所見	Topography corneal
角膜形状変化	Corneal warpage
角膜生検正常	Biopsy cornea normal
角膜生検異常	Biopsy cornea abnormal
角膜神経再生	Corneal neurotisation
角膜移植不全	Corneal graft failure
角膜色素沈着	Corneal pigmentation
角膜血管新生	Corneal neovascularisation
角膜酸素欠乏	Corneal hypoxia
触診所見異常	Palpatory finding abnormal
認知機能検査	Cognitive test
認知言語障害	Cognitive linguistic deficit
認知障害発作	Focal dyscognitive seizures
誤嚥性肺臓炎	Pneumonitis aspiration
調節卵巣刺激	Controlled ovarian stimulation
象徴機能障害	Symbolic dysfunction
赤痢アメーバ	Entamoeba histolytica
赤色光線療法	Red light therapy
赤色反射異常	Red reflex abnormal
赤芽球数増加	Erythroblast count increased
赤芽球数正常	Erythroblast count normal
赤芽球数減少	Erythroblast count decreased
赤芽球数異常	Erythroblast count abnormal
赤血球異形成	Erythroid dysplasia
赤血球系異常	Erythroid series abnormal
起立性低血圧	Orthostatic hypotension
起立性高血圧	Orthostatic hypertension
足根洞症候群	Sinus tarsi syndrome
足根管症候群	Tarsal tunnel syndrome
足病学的検査	Podiatric examination
足関節部骨折	Ankle fracture
身体能力評価	Physical capacity evaluation
身体醜形障害	Body dysmorphic disorder
車椅子使用者	Wheelchair user
軟部組織出血	Soft tissue haemorrhage
軟部組織切除	Soft tissue excision
軟部組織壊死	Soft tissue necrosis
軟部組織感染	Soft tissue infection
軟部組織手術	Soft tissue surgery
軟部組織損傷	Soft tissue injury
軟部組織治療	Soft tissue therapy
軟部組織生検	Biopsy soft tissue
軟部組織肉腫	Soft tissue sarcoma
軟部組織腫瘤	Soft tissue mass
軟部組織腫脹	Soft tissue swelling
軟部組織膿瘍	Abscess soft tissue
軟部組織萎縮	Soft tissue atrophy
軟部組織障害	Soft tissue disorder
軟骨生検正常	Biopsy cartilage normal
軟骨生検異常	Biopsy cartilage abnormal
軟骨発育障害	Cartilage development disorder
転移性石灰化	Calcification metastatic
輸入脚症候群	Afferent loop syndrome
輸血後紫斑病	Post transfusion purpura
近親婚の両親	Parental consanguinity
迷走神経障害	Vagus nerve disorder
迷走神経麻痺	Vagus nerve paralysis
逆流性喉頭炎	Reflux laryngitis
逆行性射精症	Retrograde ejaculation
逆説性不眠症	Paradoxical insomnia
透明中隔欠損	Septum pellucidum agenesis
透析効果検査	Dialysis efficacy test
透析機器挿入	Dialysis device insertion
造影スキャン	Scan with contrast
造血器新生物	Haematopoietic neoplasm
進行性球麻痺	Progressive bulbar palsy
進行性高血圧	Accelerated hypertension
遂行機能障害	Executive dysfunction
運動器症候群	Locomotive syndrome
運動感覚障害	Kinaesthetic sense disorder
運動機能障害	Motor dysfunction
運動発達遅滞	Motor developmental delay
運動耐性上昇	Exercise tolerance increased
運動耐性低下	Exercise tolerance decreased
運動試験正常	Exercise test normal
運動試験異常	Exercise test abnormal
運動誘発喘息	Asthma exercise induced
過保護の両親	Overprotective parent
過剰塩基増加	Base excess increased
過剰塩基減少	Base excess decreased
過剰塩基異常	Base excess abnormal
過剰塩基陰性	Base excess negative
過剰塩基陽性	Base excess positive
過剰肉芽組織	Excessive granulation tissue
過剰驚愕反応	Exaggerated startle response
過動心症候群	Hyperkinetic heart syndrome
過成長症候群	Overgrowth syndrome
過敏性心筋症	Hypersensitivity myocarditis
過敏性肺臓炎	Hypersensitivity pneumonitis
過敏性血管炎	Hypersensitivity vasculitis
遠位鎖骨切除	Distal clavicle excision
適用部位ざ瘡	Application site acne
適用部位丘疹	Application site papules
適用部位乾燥	Application site dryness
適用部位亀裂	Application site fissure
適用部位冷感	Application site coldness
適用部位出血	Application site haemorrhage
適用部位分泌	Application site discharge
適用部位創傷	Application site wound
適用部位反応	Application site reaction
適用部位嚢胞	Application site cyst
適用部位壊死	Application site necrosis
適用部位変色	Application site discolouration
適用部位局面	Application site plaque
適用部位感染	Application site infection
適用部位損傷	Application site injury
適用部位浮腫	Application site oedema
適用部位湿疹	Application site eczema
適用部位溢出	Application site extravasation
適用部位潰瘍	Application site ulcer
適用部位炎症	Application site inflammation
適用部位熱傷	Application site burn
適用部位熱感	Application site warmth
適用部位疼痛	Administration site pain
適用部位痂皮	Application site scab
適用部位瘢痕	Application site scar
適用部位発汗	Application site perspiration
適用部位硬結	Application site induration
適用部位紅斑	Application site erythema
適用部位結節	Application site nodule
適用部位線条	Application site streaking
適用部位肥厚	Application site hypertrophy
適用部位脱毛	Application site alopecia
適用部位腫瘤	Application site mass
適用部位腫脹	Application site swelling
適用部位膿疱	Application site pustules
適用部位膿瘍	Application site abscess
適用部位萎縮	Application site atrophy
適用部位蒼白	Application site pallor
適用部位虚血	Application site ischaemia
適用部位血栓	Application site thrombosis
適用部位裂傷	Application site laceration
選択的緘黙症	Selective mutism
遺伝学的検査	Genetic testing
避妊リズム法	Contraceptive rhythm method
配偶者の虐待	Spousal abuse
酵素活性上昇	Enzyme activity increased
酵素活性低下	Enzyme activity decreased
酵素活性正常	Enzyme activity normal
酵素活性測定	Enzyme activity assay
酵素活性異常	Enzyme activity abnormal
酵素濃度増加	Enzyme level increased
酵素濃度減少	Enzyme level decreased
酵素濃度測定	Enzyme level test
酵素濃度異常	Enzyme level abnormal
酸化ストレス	Oxidative stress
酸消化性障害	Acid peptic disease
重度月経出血	Heavy menstrual bleeding
重症筋無力症	Myasthenia gravis
重複子宮頚部	Double cervix
重複治療過誤	Duplicate therapy error
野兎病性肺炎	Pneumonia tularaemia
鉄欠乏性貧血	Iron deficiency anaemia
鉄芽球性貧血	Sideroblastic anaemia
銅欠乏性貧血	Copper deficiency anaemia
鋭的腹部外傷	Penetrating abdominal trauma
錐体外路障害	Extrapyramidal disorder
錐体路症候群	Pyramidal tract syndrome
鎖骨下動脈瘤	Subclavian artery aneurysm
門脈ガス血症	Portal venous gas
門脈シャント	Portal shunt
門脈周囲浮腫	Periportal oedema
門脈圧亢進症	Portal hypertension
門脈域の炎症	Portal tract inflammation
閉塞性気管炎	Tracheitis obstructive
閉塞性胆石症	Cholelithiasis obstructive
閉塞性角化症	Keratosis obturans
閉経期うつ病	Menopausal depression
閉鎖卵胞増加	Increased follicular atresia
間接感染伝播	Indirect infection transmission
間接熱量測定	Indirect calorimetry
間質性卵巣癌	Ovarian stromal cancer
間質性肺異常	Interstitial lung abnormality
間質性肺疾患	Interstitial lung disease
関節パンヌス	Joint pannus
関節リウマチ	Rheumatoid arthritis
関節吸引正常	Aspiration joint normal
関節吸引異常	Aspiration joint abnormal
関節周囲障害	Periarticular disorder
関節徒手整復	Joint manipulation
関節微小出血	Joint microhaemorrhage
関節脱臼整復	Joint dislocation reduction
関節造影正常	Arthrogram normal
関節造影異常	Arthrogram abnormal
関節鏡下手術	Arthroscopic surgery
限外濾過不全	Ultrafiltration failure
限局性尿管癌	Ureteric cancer local
限局性腹膜炎	Focal peritonitis
限局性黒色腫	Localised melanoma
陰嚢刺激症状	Scrotal irritation
陰嚢嚢胞切除	Scrotal cystectomy
陰嚢皮膚剥脱	Scrotal exfoliation
陰茎プラーク	Penile plaque
陰茎上皮内癌	Queyrat erythroplasia
陰茎前位陰嚢	Penoscrotal transposition
陰茎動脈閉塞	Penile artery occlusion
陰茎弯曲修復	Penile curvature repair
陰茎潰瘍形成	Penile ulceration
陰茎生検正常	Biopsy penis normal
陰茎生検異常	Biopsy penis abnormal
陰茎疣贅切除	Penile warts excision
陰茎皮膚剥脱	Penile exfoliation
陰茎色素沈着	Penile pigmentation
陰茎血管障害	Penile vascular disorder
陰茎陰嚢融合	Penoscrotal fusion
陰部そう痒症	Pruritus genital
陰部帯状疱疹	Genital herpes zoster
随伴疾患悪化	Concomitant disease aggravated
随伴疾患進行	Concomitant disease progression
障害評価尺度	Disability assessment scale
隣接椎間変性	Adjacent segment degeneration
離婚した両親	Divorced parents
離脱性不整脈	Withdrawal arrhythmia
電子照射療法	Electron radiation therapy
電撃性紫斑病	Purpura fulminans
電気性結膜炎	Photoelectric conjunctivitis
電気泳動正常	Electrophoresis normal
電気泳動異常	Electrophoresis abnormal
青色光線療法	Blue light therapy
静脈性潰瘍痛	Venous ulcer pain
静脈性血管瘤	Venous aneurysm
静脈性高血圧	Venous hypertension
静脈瘤性潰瘍	Varicose ulceration
静脈穿刺不良	Poor venous access
静脈管無形成	Ductus venosus agenesis
静脈造影正常	Venogram normal
静脈造影異常	Venogram abnormal
非感染性脳炎	Noninfective encephalitis
非社会的行動	Asocial behaviour
非自発的入院	Involuntary commitment
非論理的思考	Illogical thinking
靱帯生検正常	Biopsy ligament normal
靱帯生検異常	Biopsy ligament abnormal
音高知覚変化	Altered pitch perception
項部菱形皮膚	Cutis rhomboidalis nuchae
頚動脈再狭窄	Carotid artery restenosis
頚動脈瘤破裂	Carotid aneurysm rupture
頚動脈硬化症	Carotid arteriosclerosis
頚動脈血栓症	Carotid artery thrombosis
頚神経叢病変	Cervical plexus lesion
頚静脈塞栓症	Jugular vein embolism
頚静脈血栓症	Jugular vein thrombosis
頚頭蓋症候群	Craniocervical syndrome
頭蓋内動脈瘤	Intracranial aneurysm
頭蓋内石灰化	Intracranial calcification
頭蓋内脂肪腫	Intracranial lipoma
頭蓋内血管腫	Intracranial haemangioma
頭蓋頚椎脱臼	Craniocervical dislocation
頭蓋顔面変形	Craniofacial deformity
頭蓋顔面損傷	Craniofacial injury
頭蓋顔面骨折	Craniofacial fracture
頭部圧挫損傷	Head crushing injury
頭頂葉脳卒中	Parietal lobe stroke
顆粒球数増加	Granulocyte count increased
顆粒球数減少	Granulocyte count decreased
顆粒球百分率	Granulocyte percentage
顔面不全麻痺	Facial paresis
顔面神経診査	Facial nerve exploration
顔面神経障害	Facial nerve disorder
顔面美容手技	Facial cosmetic procedure
顕微鏡的腸炎	Microscopic enteritis
顕性屈折正常	Manifest refraction normal
顕性屈折異常	Manifest refraction abnormal
類白血病反応	Leukaemoid reaction
類鼻疽菌感染	Burkholderia pseudomallei infection
風疹ウイルス	Rubella virus
風疹免疫確立	Rubella immunity confirmed
風疹性関節炎	Arthritis rubella
風疹抗体検査	Rubella antibody test
風疹抗体陰性	Rubella antibody negative
風疹抗体陽性	Rubella antibody positive
食道アトニー	Oesophageal atony
食道バイパス	Oesophageal bypass
食道ポリープ	Oesophageal polyp
食道内圧測定	Oesophageal manometry
食道刺激症状	Oesophageal irritation
食道壁内血腫	Oesophageal intramural haematoma
食道平滑筋腫	Oesophageal leiomyoma
食道気管支瘻	Oesophagobronchial fistula
食道潰瘍出血	Oesophageal ulcer haemorrhage
食道生検正常	Biopsy oesophagus normal
食道生検異常	Biopsy oesophagus abnormal
食道粘膜水疱	Oesophageal mucosal blister
食道粘膜紅斑	Oesophageal mucosa erythema
食道粘膜裂傷	Oesophageal mucosal tear
食道粘膜解離	Oesophageal mucosal dissection
食道運動亢進	Oesophageal hypermotility
食道運動低下	Oesophageal hypomotility
食道運動検査	Oesophageal motility test
食道食物嵌入	Oesophageal food impaction
飢餓骨症候群	Hungry bone syndrome
骨トリミング	Bone trimming
骨外性骨肉腫	Extraskeletal osteosarcoma
骨密度測定法	Bone densitometry
骨形成不全症	Osteogenesis imperfecta
骨新生物切除	Bone neoplasm excision
骨病変部切除	Bone lesion excision
骨盤内うっ血	Pelvic congestion
骨盤内容除去	Pelvic exenteration
骨盤内敗血症	Pelvic sepsis
骨盤底筋刺激	Pelvic floor stimulation
骨盤腔内腫瘤	Pelvic mass
骨端早期閉鎖	Epiphyses premature fusion
骨端閉鎖遅延	Epiphyses delayed fusion
骨粗鬆症予防	Osteoporosis prophylaxis
骨髄スキャン	Scan bone marrow
骨髄性白血病	Leukaemia granulocytic
骨髄機能不全	Bone marrow failure
骨髄球数増加	Myelocyte count increased
骨髄球数減少	Myelocyte count decreased
骨髄球百分率	Myelocyte percentage
骨髄芽球陽性	Myeloblast present
髄圧迫症候群	Medullary compression syndrome
髄膜炎菌免疫	Meningococcal immunisation
髄膜炎菌感染	Meningococcal infection
髄膜脳瘤修復	Meningoencephalocele repair
高回転型骨症	High turnover osteopathy
高圧性水頭症	Hypertensive hydrocephalus
高圧酸素療法	Hyperbaric oxygen therapy
高浸透圧状態	Hyperosmolar state
高炭水化物食	High carbohydrate diet
高色素性貧血	Hyperchromic anaemia
高血圧切迫症	Hypertensive urgency
高血圧性脳症	Hypertensive encephalopathy
高血圧性腎症	Hypertensive nephropathy
高血圧緊急症	Hypertensive emergency
高血糖性痙攣	Hyperglycaemic seizure
高齢者の虐待	Elder abuse
鰓眼顔症候群	Branchiooculofacial syndrome
鶏痘ウイルス	Fowlpox virus
麻疹ウイルス	Measles virus
麻疹性髄膜炎	Measles meningitis
麻疹抗体陰性	Measles antibody negative
麻疹抗体陽性	Measles antibody positive
麻痺性側弯症	Paralytic scoliosis
麻痺性障害者	Paralytic disability
黄体機能不全	Luteal phase deficiency
黄斑色素変化	Macular pigmentary changes
黄熱ウイルス	Yellow fever virus
黄疸指数上昇	Icterus index increased
黄疸指数低下	Icterus index decreased
黄色こうじ菌	Aspergillus flavus
黄色爪症候群	Yellow nail syndrome
黄色靱帯肥厚	Ligamentum flavum hypertrophy
黒色こうじ菌	Aspergillus niger
鼡径ヘルニア	Inguinal hernia
鼡径部洞切除	Groin sinus excision
鼻カンジダ症	Nasal candidiasis
鼻副鼻腔閉塞	Sinonasal obstruction
鼻口蓋管嚢胞	Nasopalatine duct cyst
鼻粘膜びらん	Nasal mucosal erosion
鼻粘膜切除術	Nasal mucotomy
鼻軟骨低形成	Hypoplastic nasal cartilage
４型高脂血症	Familial hypertriglyceridaemia
Ｒｈ抗原陰性	Rhesus antibodies negative
Ｒｈ抗原陽性	Rhesus antibodies positive
A群赤痢菌	Shigella dysenteriae
B群赤痢菌	Shigella flexneri
C群赤痢菌	Shigella boydii
D群赤痢菌	Shigella sonnei
くも状母斑	Spider naevus
くも状静脈	Spider vein
くも膜嚢胞	Arachnoid cyst
くる病数珠	Rachitic rosary
ざんごう熱	Trench fever
すくみ現象	Freezing phenomenon
たな症候群	Plica syndrome
びくびく感	Feeling jittery
むちゃ飲み	Binge drinking
もやもや病	Moyamoya disease
アカゲザル	Macaca mulatta
アリゾナ菌	Salmonella arizonae
アリタソウ	Chenopodium ambrosioides
アンゼリカ	Angelica archangelica
イシクラゲ	Nostoc commune
イソスポラ	Isospora
イヌ糸状虫	Dirofilaria immitis
イラクサ属	Urtica dioica
ウイルス量	Viral load
ウォリネラ	Wolinella
ウシガエル	Rana catesbeiana
ウシ流産菌	Brucella abortus
ウシ肺疫菌	Mycoplasma mycoides
エイケネラ	Eikenella
エメリセラ	Emericella
エロモナス	Aeromonas
オゾン療法	Ozone therapy
カナバン病	Canavan disease
キイロヒヒ	Papio cynocephalus
ギニアヒヒ	Papio papio
グラム染色	Gram stain
ケッペ結節	Koeppe nodules
ゲメラ感染	Gemella infection
ゲーム障害	Gaming disorder
コガネバナ	Scutellaria baicalensis
コクシエラ	Coxiella
コブ症候群	Cobb syndrome
コマモナス	Comamonas
コレラ免疫	Cholera immunisation
ゴム過敏症	Rubber sensitivity
サキナビル	Saquinavir
サツマイモ	Ipomoea batatas
サルモネラ	Salmonella
サル痘免疫	Monkeypox immunisation
シャント瘤	Shunt aneurysm
シラミ寄生	Lice infestation
ジブカイン	Dibucaine
ジャガイモ	Solanum tuberosum
スミア試験	Smear test
スメグマ菌	Mycobacterium smegmatis
セレウス菌	Bacillus cereus
タバコ中毒	Tobacco poisoning
チモロール	Timolol
ツツガ虫病	Scrub typhus
ツボクサ属	Centella
ツルレイシ	Momordica charantia
テイロレラ	Taylorella
テーダマツ	Pinus taeda
ナドロール	Nadolol
ニガヨモギ	Artemisia absinthium
ニモジピン	Nimodipine
ネオスポラ	Neospora
ノジシャ属	Valerianella
ハロモナス	Halomonas
ハーブ毒性	Herbal toxicity
バルトネラ	Bartonella
バレー試験	Barre test
パスツレラ	Pasteurella
パラチフス	Paratyphoid fever
ヒゼンダニ	Sarcoptes scabiei
ビルベリー	Vaccinium myrtillus
ブタ流産菌	Brucella suis
ブチイモリ	Notophthalmus viridescens
プリオン病	Prion disease
プリン増加	Purines increased
プリン正常	Purines normal
プリン減少	Purines decreased
プリン異常	Purines abnormal
プレボテラ	Prevotella
プロカイン	Procaine
ヘルニア痛	Hernia pain
ベッド共有	Bed sharing
ベラドンナ	Atropa belladonna
ベーヨネラ	Veillonella
ペルテス病	Perthes disease
ペルー疣贅	Peruvian wart
ボルデテラ	Bordetella
ポゴスタ病	Pogosta disease
ポドスポラ	Podospora
ポリオ免疫	Polio immunisation
マントヒヒ	Papio hamadryas
ミドリザル	Chlorocebus aethiops
ミドリムシ	Euglena gracilis
モラクセラ	Moraxella
モルガネラ	Morganella
ヤオ症候群	Yao syndrome
ヨウ素摂取	Iodine uptake
ヨウ素欠乏	Iodine deficiency
ヨウ素過剰	Iodine overload
ヨードざ瘡	Iodo acne
ライム心炎	Lyme carditis
ラクナ梗塞	Lacunar infarction
リウマチ熱	Rheumatic fever
リウマチ肺	Rheumatoid lung
リストネラ	Listonella
リトナビル	Ritonavir
リドカイン	Lidocaine
リポミセス	Lipomyces
リンパ不全	Lymphatic insufficiency
リンパ球数	Lymphocyte count
リンパ節痛	Lymph node pain
リーデル葉	Riedel lobe
ルリヤナギ	Solanum glaucophyllum
レジオネラ	Legionella
レニン増加	Renin increased
レニン正常	Renin normal
レニン減少	Renin decreased
レニン異常	Renin abnormal
ロサルタン	Losartan
ロス症候群	Ross syndrome
ロピナビル	Lopinavir
一回拍出量	Stroke volume
一回換気量	Tidal volume
一過性失明	Blindness transient
一過性難聴	Deafness transitory
三叉神経炎	Trigeminal neuritis
三叉神経痛	Trigeminal neuralgia
三尖弁修復	Tricuspid valve repair
三尖弁切開	Tricuspid valvotomy
三尖弁狭窄	Tricuspid valve stenosis
三尖弁疾患	Tricuspid valve disease
三尖弁置換	Tricuspid valve replacement
三尖弁肥厚	Tricuspid valve thickening
三尖弁血栓	Tricuspid valve thrombosis
三尖弁逸脱	Tricuspid valve prolapse
上咽頭吸引	Nasopharyngeal aspiration
上咽頭手術	Nasopharyngeal surgery
上咽頭生検	Biopsy nasopharynx
上咽頭腫瘍	Nasopharyngeal tumour
上咽頭逆流	Nasopharyngeal reflux
上室性徐脈	Supraventricular bradycardia
上室性頻脈	Supraventricular tachycardia
上強膜充血	Episcleral hyperaemia
上気道壊死	Upper airway necrosis
上気道閉塞	Upper airway obstruction
上腕骨骨折	Humerus fracture
上衣下嚢胞	Subependymal cyst
上顎洞手術	Maxillary antrum operation
上顎洞洗浄	Antral lavage
下咽頭生検	Biopsy hypopharynx
下咽頭癒着	Hypopharyngeal synechiae
下垂体出血	Pituitary haemorrhage
下垂体卒中	Pituitary apoplexy
下垂体嚢胞	Pituitary cyst
下垂体手術	Pituitary gland operation
下垂体梗塞	Pituitary infarction
下垂体肥大	Pituitary enlargement
下垂体腫瘍	Pituitary tumour
不動症候群	Immobilisation syndrome
不妊症検査	Infertility tests
不安定血圧	Labile blood pressure
不整脈予防	Arrhythmia prophylaxis
不正軸定位	Asynclitic presentation
不規則呼吸	Irregular breathing
不規則月経	Menstruation irregular
不随意発声	Involuntary vocalisation
丘疹性皮疹	Rash papular
中心動脈圧	Central arterial pressure
中心性肥満	Central obesity
中心窩変性	Foveal degeneration
中心静脈圧	Central venous pressure
中手骨切除	Metacarpal excision
中期不眠症	Middle insomnia
中枢性徐脈	Central bradycardia
中毒性皮疹	Toxic skin eruption
中毒性肝炎	Hepatitis toxic
中毒性脳炎	Encephalitis toxic
中毒性脳症	Toxic encephalopathy
中毒性腎症	Nephropathy toxic
中腎管嚢胞	Mesonephric duct cyst
中葉症候群	Middle lobe syndrome
中足骨切除	Metatarsal excision
中間症候群	Intermediate syndrome
中隔処女膜	Septate hymen
乳児性ざ瘡	Acne infantile
乳児無呼吸	Infantile apnoea
乳児血管腫	Infantile haemangioma
乳房うっ滞	Breast engorgement
乳房不快感	Breast discomfort
乳房新生物	Breast neoplasm
乳房石灰化	Breast calcifications
乳房線維化	Breast fibrosis
乳房蜂巣炎	Breast cellulitis
乳房透光法	Breast transillumination
乳房過形成	Breast hyperplasia
乳突洞手術	Mastoid operation
乳突洞診査	Mastoid exploration
乳突部障害	Mastoid disorder
乳管拡張症	Mammary duct ectasia
乳管瘻修復	Mammary fistula repair
乳腺分泌癌	Secretory breast carcinoma
乳腺管状癌	Tubular breast carcinoma
乳腺粘液癌	Mucinous breast carcinoma
乳腺線維腫	Breast fibroma
乳頭の炎症	Nipple inflammation
乳頭新生物	Nipple neoplasm
乳頭筋出血	Papillary muscle haemorrhage
乳頭筋断裂	Papillary muscle rupture
乳頭筋梗塞	Papillary muscle infarction
乳頭筋障害	Papillary muscle disorder
乳頭腫切除	Papilloma excision
乾燥症候群	Sicca syndrome
予備呼気量	Expiratory reserve volume
予定外妊娠	Unintended pregnancy
二房性胆嚢	Bicameral gallbladder
二酸化炭素	Carbon dioxide
亜急性膵炎	Subacute pancreatitis
交差性複視	Heteronymous diplopia
交感性眼炎	Sympathetic ophthalmia
人工栄養法	Bottle feeding
人工的閉経	Artificial menopause
人工皮膚炎	Dermatitis artefacta
人工骨挿入	Bone prosthesis insertion
仙腸骨固定	Sacroiliac fusion
代償性発汗	Compensatory sweating
代謝性脳症	Metabolic encephalopathy
代謝性腎症	Metabolic nephropathy
仮性球麻痺	Pseudobulbar palsy
会陰蜂巣炎	Perineal cellulitis
伸延骨形成	Distraction osteogenesis
低い登校率	Poor school attendance
低血糖昏睡	Hypoglycaemic coma
便培養陰性	Culture stool negative
便培養陽性	Culture stool positive
便検査正常	Stool analysis normal
便検査異常	Stool analysis abnormal
便通不規則	Bowel movement irregularity
保育器療法	Incubator therapy
停滞症候群	Stasis syndrome
側弯症手術	Scoliosis surgery
偶発的中毒	Accidental poisoning
偶発的死亡	Accidental death
偽憩室疾患	Pseudodiverticular disease
偽滴状角膜	Corneal pseudoguttata
傍脊椎膿瘍	Paraspinal abscess
僧帽弁修復	Mitral valve repair
僧帽弁切開	Mitral commissurotomy
僧帽弁疾患	Mitral valve disease
僧帽弁穿孔	Mitral perforation
僧帽弁置換	Mitral valve replacement
僧帽弁肥厚	Mitral valve thickening
僧帽弁逸脱	Mitral valve prolapse
僧帽弁閉鎖	Mitral valve atresia
僧帽弁顔貌	Mitral face
先天性乱視	Congenital astigmatism
先天性切断	Congenital amputation
先天性嚢胞	Congenital cyst
先天性夜盲	Congenital night blindness
先天性失明	Blindness congenital
先天性弱視	Amblyopia congenital
先天性斜視	Strabismus congenital
先天性斜頚	Congenital torticollis
先天性母斑	Congenital naevus
先天性眼振	Congenital nystagmus
先天性耳瘻	Congenital aural fistula
先天性肺炎	Congenital pneumonia
先天性貧血	Congenital anaemia
先天性近視	Congenital myopia
先天性難聴	Deafness congenital
先端過成長	Acral overgrowth
光力学療法	Photodynamic therapy
光温熱療法	Photothermal therapy
光線角化症	Actinic keratosis
免疫凝集素	Immune agglutinins
免疫系障害	Immune system disorder
入眠時幻覚	Hypnagogic hallucination
全身性浮腫	Generalised oedema
全頭脱毛症	Alopecia totalis
全骨格検査	Skeletal survey
内ヘルニア	Internal hernia
内分泌検査	Endocrine test
内分泌毒性	Endocrine toxicity
内分泌障害	Endocrine disorder
内因子抗体	Intrinsic factor antibody
内方発育毛	Ingrown hair
内眼角贅皮	Prominent epicanthal folds
内臓うっ血	Visceral congestion
内臓低潅流	Splanchnic hypoperfusion
円形脱毛症	Alopecia areata
再潅流障害	Reperfusion injury
再発咽頭癌	Pharyngeal cancer recurrent
再発喉頭癌	Laryngeal cancer recurrent
再発尿管癌	Ureteric cancer recurrent
再発尿道癌	Urethral cancer recurrent
再発性膵炎	Pancreatitis relapsing
再発直腸癌	Rectal cancer recurrent
再発精巣癌	Testis cancer recurrent
再発結腸癌	Colon cancer recurrent
再発肛門癌	Anal cancer recurrent
再発肝芽腫	Hepatoblastoma recurrent
再発肺腺癌	Lung adenocarcinoma recurrent
再発胆嚢癌	Gallbladder cancer recurrent
再発膀胱癌	Bladder cancer recurrent
再発陰茎癌	Penis carcinoma recurrent
再発食道癌	Oesophageal carcinoma recurrent
再発骨肉腫	Osteosarcoma recurrent
再発髄芽腫	Medulloblastoma recurrent
再発黒色腫	Melanoma recurrent
冠動脈不全	Coronary artery insufficiency
冠動脈出血	Haemorrhage coronary artery
冠動脈圧迫	Coronary artery compression
冠動脈形成	Coronary angioplasty
冠動脈手術	Coronary artery surgery
冠動脈拡張	Coronary artery dilatation
冠動脈攣縮	Arteriospasm coronary
冠動脈狭窄	Coronary artery stenosis
冠動脈疾患	Coronary artery disease
冠動脈穿孔	Coronary artery perforation
冠動脈解離	Coronary artery dissection
冠動脈閉塞	Coronary artery occlusion
冠静脈狭窄	Coronary vein stenosis
冷マラリア	Algid malaria
処女膜強靱	Rigid hymen
処女膜閉鎖	Imperforate hymen
処置不成功	Procedural failure
処置合併症	Procedural complication
処置後下痢	Post procedural diarrhoea
処置後便秘	Post procedural constipation
処置後出血	Post procedural haemorrhage
処置後感染	Post procedural infection
処置後挫傷	Post procedural contusion
処置後浮腫	Post procedural oedema
処置後炎症	Post procedural inflammation
処置後瘻孔	Post procedural fistula
処置後発熱	Post procedural fever
処置後紅斑	Post procedural erythema
処置後肺炎	Post procedural pneumonia
処置後腫脹	Post procedural swelling
処置後血尿	Post procedural haematuria
処置後血腫	Post procedural haematoma
出血性卒中	Haemorrhagic stroke
出血性嚢胞	Haemorrhagic cyst
出血性梗塞	Haemorrhagic infarction
出血性肺炎	Haemorrhagic pneumonia
出血性胃炎	Gastritis haemorrhagic
出血性脳炎	Encephalitis haemorrhagic
出血性腎炎	Nephritis haemorrhagic
出血性腸炎	Enterocolitis haemorrhagic
出血性膵炎	Pancreatitis haemorrhagic
出血性障害	Haemorrhagic diathesis
出血量評価	Blood loss assessment
分化抗原群	Cluster differentiated antigen
分化症候群	Differentiation syndrome
分娩後出血	Postpartum haemorrhage
分娩後状態	Postpartum state
分娩後障害	Postpartum disorder
分娩時出血	Intrapartum haemorrhage
分娩時外傷	Birth trauma
分泌物分泌	Secretion discharge
切開部位痛	Incision site pain
初期不眠症	Initial insomnia
判断力低下	Judgement impaired
制酸薬療法	Antacid therapy
前向性健忘	Anterograde amnesia
前庭器手術	Vestibular apparatus operation
前庭神経炎	Vestibular neuronitis
前房の炎症	Anterior chamber inflammation
前房内細胞	Anterior chamber cell
前房形成術	Anterior chamber reformation
前眼房混濁	Anterior chamber opacity
前眼房障害	Anterior chamber disorder
前眼部虚血	Anterior segment ischaemia
前立腺出血	Prostatic haemorrhage
前立腺嚢胞	Prostatic cyst
前立腺圧痛	Prostate tenderness
前立腺感染	Prostate infection
前立腺手術	Prostatic operation
前立腺検査	Prostate examination
前立腺生検	Biopsy prostate
前立腺硬結	Prostate induration
前立腺穿孔	Prostatic perforation
前立腺結石	Calculus prostatic
前立腺肉腫	Prostate sarcoma
前立腺腫瘤	Prostatic mass
前立腺腺腫	Prostatic adenoma
前立腺膿瘍	Prostatic abscess
前立腺萎縮	Prostatic atrophy
前立腺閉塞	Prostatic obstruction
前立腺障害	Prostatic disorder
前耳介嚢胞	Preauricular cyst
前赤芽球数	Proerythroblast count
前頭洞手術	Frontal sinus operation
前骨髄球数	Promyelocyte count
剥脱性発疹	Exfoliative rash
副神経障害	Accessory nerve disorder
副腎新生物	Adrenal neoplasm
副腎皮質癌	Adrenocortical carcinoma
副腎石灰化	Adrenal calcification
副腎血栓症	Adrenal thrombosis
副腎過形成	Hyperplasia adrenal
副鼻腔出血	Paranasal sinus haemorrhage
副鼻腔嚢胞	Paranasal cyst
副鼻腔壊死	Paranasal sinus necrosis
副鼻腔手術	Sinus operation
副鼻腔損傷	Paranasal sinus injury
副鼻腔洗浄	Nasal sinus irrigation
副鼻腔生検	Paranasal biopsy
副鼻腔腫瘤	Paranasal sinus mass
副鼻腔膿瘍	Paranasal sinus abscess
副鼻腔血腫	Paranasal sinus haematoma
副鼻腔障害	Sinus disorder
創傷蜂巣炎	Wound cellulitis
努力呼気量	Forced expiratory volume
努力肺活量	Forced vital capacity
労作性頭痛	Exertional headache
勃起時疼痛	Painful erection
動作時振戦	Action tremor
動物の攻撃	Animal attack
動物恐怖症	Animal phobia
動脈再狭窄	Arterial restenosis
動脈塞栓症	Embolism arterial
動脈壁硬化	Arterial stiffness
動脈壁肥厚	Arterial wall hypertrophy
動脈瘤修復	Arterial aneurysm repair
動脈瘤破裂	Aneurysm ruptured
動脈瘤穿孔	Aneurysm perforation
動脈線維症	Arterial fibrosis
動脈腸管瘻	Arterioenteric fistula
動脈血栓症	Arterial thrombosis
動静脈奇形	Arteriovenous malformation
動静脈瘻瘤	Arteriovenous fistula aneurysm
化学性肺炎	Pneumonitis chemical
化生性乳癌	Metaplastic breast carcinoma
医原性感染	Iatrogenic infection
医原性損傷	Iatrogenic injury
医原性転移	Iatrogenic metastasis
医学的観察	Medical observation
半月板嚢腫	Meniscus cyst
半月板変性	Meniscal degeneration
半月板手術	Meniscus operation
半月板損傷	Meniscus injury
半月板除去	Meniscus removal
単一臍動脈	Single umbilical artery
単球数増加	Monocyte count increased
単球数正常	Monocyte count normal
単球数減少	Monocyte count decreased
単球数異常	Monocyte count abnormal
単球百分率	Monocyte percentage
卵子提供者	Oocyte donor
卵巣上皮癌	Ovarian epithelial cancer
卵巣乳頭腫	Ovarian papilloma
卵巣多孔術	Ovarian drilling
卵巣新生物	Ovarian neoplasm
卵巣無形成	Ovarian agenesis
卵巣異形成	Ovarian dysplasia
卵巣石灰化	Ovarian calcification
卵巣線維症	Ovarian fibrosis
卵巣線維腫	Ovarian fibroma
卵巣静脈瘤	Varicocele ovarian
卵巣黒色腫	Ovarian melanoma
卵管うっ血	Fallopian tube congestion
卵管塞栓術	Fallopian tube embolisation
卵管憩室症	Fallopian tube diverticulosis
卵管新生物	Fallopian tube neoplasm
原虫性脳炎	Encephalitis protozoal
双極性障害	Bipolar disorder
反復性挫傷	Repetitive strain injury
反抗的行動	Defiant behaviour
反跳精神病	Rebound psychosis
収縮期血圧	Blood pressure systolic
受療未経験	Therapy naive
受胎能増加	Fertility increased
口の錯感覚	Paraesthesia oral
口周囲浮腫	Circumoral oedema
口周囲腫脹	Circumoral swelling
口唇びらん	Lip erosion
口唇新生物	Lip neoplasm
口囲皮膚炎	Perioral dermatitis
口渇感減少	Thirst decreased
口腔乳頭腫	Oral papilloma
口腔内出血	Mouth haemorrhage
口腔内損傷	Mouth injury
口腔内検査	Oral cavity examination
口腔内紫斑	Oral purpura
口腔咽頭痛	Oropharyngeal pain
口腔咽頭瘻	Oropharyngeal fistula
口腔新生物	Oral neoplasm
口腔異形成	Oral dysplasia
口腔白斑症	Leukoplakia oral
口腔皮膚瘻	Orocutaneous fistula
口腔粘膜疹	Oral mucosal eruption
口腔線維腫	Oral fibroma
口腔血管腫	Oral haemangioma
口腔鼻腔瘻	Oronasal fistula
口蓋垂偏位	Uvula deviation
口蓋垂痙攣	Uvular spasm
口蓋垂腫大	Enlarged uvula
口蓋栓塞子	Palatal obturator
口蓋裂修復	Cleft palate repair
口角口唇炎	Angular cheilitis
右大動脈弓	Right aortic arch
右室高血圧	Right ventricular hypertension
同側性複視	Homonymous diplopia
同名性半盲	Hemianopia homonymous
吻合合併症	Anastomotic complication
吻合部出血	Anastomotic haemorrhage
吻合部感染	Anastomotic infection
吻合部漏出	Anastomotic leak
吻合部潰瘍	Anastomotic ulcer
吻合部狭窄	Anastomotic stenosis
吻合部瘻孔	Anastomotic fistula
吻合部閉塞	Anastomotic obstruction
周術期鎮痛	Perioperative analgesia
呪術的思考	Magical thinking
呼吸器症状	Respiratory symptom
呼吸時疼痛	Painful respiration
呼吸筋疲労	Respiratory fatigue
呼吸音正常	Breath sounds normal
呼吸音消失	Breath sounds absent
呼吸音異常	Breath sounds abnormal
和田テスト	Wada test
咽喉刺激感	Throat irritation
咽喉絞扼感	Throat tightness
咽喉頭膿瘍	Pharyngolaryngeal abscess
咽頭の炎症	Pharyngeal inflammation
咽頭びらん	Pharyngeal erosion
咽頭新生物	Pharyngeal neoplasm
咽頭滲出液	Pharyngeal exudate
咽頭瘻修復	Pharyngeal fistula repair
咽頭白斑症	Pharyngeal leukoplakia
咽頭粘膜疹	Pharyngeal enanthema
咽頭蜂巣炎	Cellulitis pharyngeal
唾液うっ滞	Salivary stasis
唾液管狭窄	Salivary duct stenosis
唾液管閉塞	Salivary duct obstruction
唾液腺切除	Salivary gland resection
唾液腺嚢胞	Salivary gland cyst
唾液腺手術	Salivary gland operation
唾液腺生検	Biopsy salivary gland
唾液腺硬結	Salivary gland induration
唾液腺結石	Salivary gland calculus
唾液腺腫大	Salivary gland enlargement
唾液腺腫瘤	Salivary gland mass
唾液腺萎縮	Salivary gland atrophy
唾液腺障害	Salivary gland disorder
喉頭の炎症	Laryngeal inflammation
喉頭不快感	Laryngeal discomfort
喉頭乳頭腫	Laryngeal papilloma
喉頭刺激感	Larynx irritation
喉頭室脱出	Laryngeal ventricle prolapse
喉頭強皮症	Laryngeal pachyderma
喉頭形成術	Laryngeal repair
喉頭拡張術	Laryngeal dilation procedure
喉頭新生物	Laryngeal neoplasm
喉頭異形成	Laryngeal dysplasia
喉頭瘻修復	Laryngeal fistula repair
喉頭白斑症	Laryngeal leukoplakia
喉頭肉芽腫	Laryngeal granuloma
喉頭蓋再建	Epiglottis reconstruction
喉頭蓋嚢胞	Epiglottic cyst
喉頭蓋浮腫	Epiglottic oedema
喉頭蓋潰瘍	Epiglottis ulcer
喉頭蓋紅斑	Epiglottic erythema
喉頭蓋腫瘤	Epiglottic mass
喉頭蓋膿瘍	Epiglottic abscess
喉頭蜂巣炎	Cellulitis laryngeal
喉頭血管腫	Laryngeal angioma
嗅溝髄膜腫	Olfactory groove meningioma
嗅神経障害	Olfactory nerve disorder
嗜眠性脳炎	Encephalitis lethargica
器質化肺炎	Organising pneumonia
噴出性嘔吐	Vomiting projectile
嚢下白内障	Cataract subcapsular
嚢胞性ざ瘡	Acne cystic
四肢の変形	Limb deformity
四肢不快感	Limb discomfort
四肢非対称	Limb asymmetry
回旋糸状虫	Onchocerca volvulus
回盲部切除	Ileocaecal resection
回腸瘻閉鎖	Ileostomy closure
国際標準比	International normalised ratio
圧反射不全	Baroreflex failure
圧挫症候群	Crush syndrome
圧痛関節数	Tender joint count
圧迫帯使用	Compression garment application
圧迫性丘疹	Piezogenic papules
埋伏歯開窓	Impacted tooth exposure
基底細胞癌	Basal cell carcinoma
塞栓性肺炎	Embolic pneumonia
塩素過敏症	Chlorine sensitivity
壁細胞抗体	Parietal cell antibody
壊孔性腸炎	Enteritis necroticans
壊死性筋炎	Necrotising myositis
壊死性肺炎	Pneumonia necrotising
壊死性胃炎	Necrotising gastritis
壊死性膵炎	Pancreatitis necrotising
声帯の炎症	Vocal cord inflammation
声帯固定症	Vocal cord fixation
声帯形成術	Vocal cord augmentation
声帯白斑症	Vocal cord leukoplakia
変形性骨炎	Osteitis deformans
変性骨疾患	Degenerative bone disease
外傷性出血	Traumatic haemorrhage
外傷性切断	Traumatic amputation
外傷性咬合	Traumatic occlusion
外傷性失明	Blindness traumatic
外傷性斜頚	Traumatic torticollis
外傷性昏睡	Traumatic coma
外傷性気胸	Pneumothorax traumatic
外傷性潰瘍	Traumatic ulcer
外傷性無尿	Traumatic anuria
外傷性膵炎	Traumatic pancreatitis
外傷性血尿	Haematuria traumatic
外傷性血胸	Traumatic haemothorax
外傷性血腫	Traumatic haematoma
外傷性難聴	Deafness traumatic
外傷性骨折	Traumatic fracture
外尿道口炎	Urinary meatitis
外来心電図	Electrocardiogram ambulatory
外眼筋滑脱	Slipped extraocular muscle
外眼筋障害	Extraocular muscle disorder
外耳道形成	Ear meatoplasty
外耳道損傷	Ear canal injury
外耳道狭窄	Ear canal stenosis
外耳道紅斑	Ear canal erythema
外陰新生物	Vulval neoplasm
外陰異形成	Vulvar dysplasia
外陰白斑病	Vulval leukoplakia
外陰腟乾燥	Vulvovaginal dryness
外陰腟損傷	Vulvovaginal injury
外陰腟潰瘍	Vulvovaginal ulceration
外陰腟癒着	Vulvovaginal adhesion
外陰腟発疹	Vulvovaginal rash
外陰腟紅斑	Vulvovaginal erythema
外陰腟腫脹	Vulvovaginal swelling
外陰腟腺症	Vulvovaginal adenosis
外陰腟障害	Vulvovaginal disorder
外陰部出血	Vulval haemorrhage
外陰部手術	Vulval operation
外陰部湿疹	Vulval eczema
外陰部腺癌	Vulvar adenocarcinoma
外陰部膿瘍	Vulval abscess
外陰部障害	Vulval disorder
多内臓移植	Multivisceral transplantation
多剤過敏症	Multiple drug hypersensitivity
多形性腺腫	Pleomorphic adenoma
多形日光疹	Polymorphic light eruption
多発性外傷	Multiple injuries
多腺性障害	Polyglandular disorder
夜間高血圧	Nocturnal hypertension
大動脈吻合	Aortic anastomosis
大動脈塞栓	Aortic embolus
大動脈壊死	Aortic necrosis
大動脈延長	Aortic elongation
大動脈手術	Aortic surgery
大動脈拡張	Aortic dilatation
大動脈損傷	Aortic injury
大動脈狭窄	Aortic stenosis
大動脈破裂	Aortic rupture
大動脈穿孔	Aortic perforation
大動脈解離	Aortic dissection
大動脈閉塞	Aortic occlusion
大動脈障害	Aortic disorder
大動脈雑音	Aortic bruit
大球性貧血	Anaemia macrocytic
大腸びらん	Large intestine erosion
大腸線維腫	Large intestine fibroma
大腸菌感染	Escherichia infection
大腸菌検査	Escherichia test
大腿動脈瘤	Femoral artery aneurysm
大腿骨切除	Femur resection
大腿骨前捻	Femoral anteversion
大腿骨後捻	Femoral retroversion
大腿骨骨折	Femur fracture
大静脈損傷	Vena cava injury
失血性貧血	Blood loss anaemia
奇異な外観	Bizarre personal appearance
女性不妊症	Infertility female
好中球形態	Neutrophil morphology
好塩基球数	Basophil count
好気性腟炎	Aerobic vaginitis
好酸球形態	Eosinophil morphology
妊娠性鼻炎	Gestational rhinitis
妊娠時曝露	Exposure during pregnancy
妊娠糖尿病	Gestational diabetes
妊娠高血圧	Gestational hypertension
姿勢時振戦	Postural tremor
婦人科検査	Gynaecological examination
子宮の炎症	Uterine inflammation
子宮内反症	Uterine inversion
子宮内感染	Intrauterine infection
子宮内膜癌	Endometrial cancer
子宮内避妊	Intrauterine contraception
子宮新生物	Uterine neoplasm
子宮無形成	Uterine aplasia
子宮線維症	Uterine fibrosis
子宮肉芽腫	Uterine granuloma
子宮脱修復	Uterine prolapse repair
子宮頚部痛	Uterine cervical pain
子宮頚部癌	Cervix carcinoma
子宮頻収縮	Uterine tachysystole
学習障害者	Learning disability
安静時振戦	Resting tremor
家族性振戦	Familial tremor
寄生虫感染	Infection parasitic
寄生虫検査	Parasitic test
寒冷凝集素	Cold agglutinins
寒冷蕁麻疹	Cold urticaria
寛骨臼骨折	Acetabulum fracture
封入体筋炎	Inclusion body myositis
専門家相談	Specialist consultation
射精管嚢胞	Ejaculatory duct cyst
尋常変形菌	Proteus vulgaris
尋常性狼瘡	Lupus vulgaris
小児うつ病	Childhood depression
小児精神病	Childhood psychosis
小球性貧血	Microcytic anaemia
小球菌感染	Micrococcus infection
小脳低形成	Cerebellar hypoplasia
小脳塞栓症	Cerebellar embolism
小脳症候群	Cerebellar syndrome
小脳血管腫	Cerebellar haemangioma
小腸結腸瘻	Enterocolonic fistula
尺骨神経炎	Ulnar neuritis
尿中クロム	Urine chromium
尿中好酸球	Eosinophils urine
尿中血陰性	Blood urine absent
尿中血陽性	Blood urine present
尿中金増加	Urine gold increased
尿中鉄増加	Urine iron increased
尿中鉄減少	Urine iron decreased
尿中鉛増加	Lead urine increased
尿中鉛正常	Lead urine normal
尿中鉛減少	Lead urine decreased
尿中銅増加	Urine copper increased
尿中銅減少	Urine copper decreased
尿中電解質	Urine electrolytes
尿円柱陰性	Urinary casts absent
尿培養陰性	Culture urine negative
尿培養陽性	Culture urine positive
尿失禁手術	Urinary incontinence surgery
尿妊娠反応	Pregnancy test urine
尿検査正常	Urine analysis normal
尿検査異常	Urine analysis abnormal
尿沈渣異常	Urinary sediment abnormal
尿沈渣陽性	Urinary sediment present
尿流量減少	Urine flow decreased
尿管乳頭腫	Ureteric papilloma
尿管剥離術	Ureterolysis procedure
尿管口切開	Ureteral meatotomy
尿管壁肥厚	Ureteral wall thickening
尿管拡張術	Ureter dilation procedure
尿管新生物	Ureteral neoplasm
尿管瘤修復	Ureterocele repair
尿管細胞診	Ureter cytology
尿膜管異常	Urachal abnormality
尿路の炎症	Urinary tract inflammation
尿路不快感	Urinary tract discomfort
尿路新生物	Urinary tract neoplasm
尿道乳頭腫	Urethral papilloma
尿道会陰瘻	Urethroperineal fistula
尿道分泌物	Urethral discharge
尿道口切開	Urethral meatotomy
尿道拡張術	Urethral dilation procedure
尿道新生物	Urethral neoplasm
尿道症候群	Urethral syndrome
尿道陰嚢瘻	Urethroscrotal fistula
尿電気泳動	Urine electrophoresis
巨核球増加	Megakaryocytes increased
巨核球正常	Megakaryocytes normal
巨核球減少	Megakaryocytes decreased
巨核球異常	Megakaryocytes abnormal
希釈性貧血	Dilutional anaemia
常在糸状虫	Mansonella
平均動脈圧	Mean arterial pressure
平滑筋抗体	Smooth muscle antibody
平背症候群	Flatback syndrome
幹細胞治療	Stem cell therapy
幹細胞移植	Stem cell transplant
幻肢症候群	Phantom limb syndrome
幼児壊血病	Infantile scurvy
幽門拡張術	Pylorus dilation procedure
座位障害者	Sitting disability
強心剤濃度	Cardioactive drug level
強直性痙攣	Tonic convulsion
強膜内陥術	Scleral buckling surgery
強膜沈着物	Scleral deposits
強膜菲薄化	Scleral thinning
強迫性咬頬	Compulsive cheek biting
強迫性購買	Compulsive shopping
形成腟感染	Neovaginal infection
形成腟狭窄	Neovaginal stenosis
形成腟穿孔	Neovaginal perforation
形質細胞数	Plasma cell count
形質芽球数	Plasmablast count
待期的手術	Elective surgery
待機的処置	Elective procedure
後嚢部混濁	Posterior capsule opacification
後天性包茎	Acquired phimosis
後天性脳瘤	Acquired encephalocele
後腹膜出血	Retroperitoneal haemorrhage
後腹膜嚢胞	Retroperitoneum cyst
後腹膜壊死	Retroperitoneal necrosis
後腹膜感染	Retroperitoneal infection
後腹膜浮腫	Retroperitoneal oedema
後腹膜生検	Retroperitoneal biopsy
後腹膜腫瘤	Retroperitoneal mass
後腹膜膿瘍	Retroperitoneal abscess
後腹膜血腫	Retroperitoneal haematoma
後腹膜障害	Retroperitoneal disorder
後頭神経痛	Occipital neuralgia
後骨髄球数	Metamyelocyte count
後鼻孔狭窄	Choanal stenosis
後鼻孔閉鎖	Choanal atresia
循環血液量	Volume blood
微小脳梗塞	Cerebral microinfarction
心中隔欠損	Cardiac septal defect
心中隔肥大	Cardiac septal hypertrophy
心偽動脈瘤	Cardiac pseudoaneurysm
心内圧上昇	Intracardiac pressure increased
心内膜疾患	Endocardial disease
心嚢内出血	Pericardial haemorrhage
心嚢内血栓	Intrapericardial thrombosis
心嚢液貯留	Pericardial effusion
心因性嘔吐	Vomiting psychogenic
心因性失明	Psychogenic blindness
心因性振戦	Psychogenic tremor
心因性斜頚	Torticollis psychogenic
心因性発作	Psychogenic seizure
心多重欠損	Multiple cardiac defects
心室低形成	Ventricular hypoplasia
心室性頻脈	Ventricular tachycardia
心室無収縮	Ventricular asystole
心室血栓症	Cardiac ventricular thrombosis
心室過興奮	Ventricular hyperexcitability
心房副収縮	Atrial parasystole
心房圧上昇	Atrial pressure increased
心房血栓症	Atrial thrombosis
心拍数不整	Heart rate irregular
心拍数増加	Heart rate increased
心拍数正常	Heart rate normal
心拍数減少	Heart rate decreased
心拍数異常	Heart rate abnormal
心指数増加	Cardiac index increased
心指数正常	Cardiac index normal
心指数減少	Cardiac index decreased
心指数異常	Cardiac index abnormal
心機能検査	Cardiac function test
心機能障害	Cardiac dysfunction
心理的虐待	Psychological abuse
心筋低潅流	Myocardial hypoperfusion
心筋石灰化	Myocardial calcification
心筋線維症	Myocardial fibrosis
心肝症候群	Cardiohepatic syndrome
心腎症候群	Cardiorenal syndrome
心膜新生物	Pericardial neoplasm
心膜石灰化	Pericardial calcification
心膜脂肪腫	Pericardial lipoma
心臓内腫瘤	Intracardiac mass
心臓弁変色	Cardiac valve discolouration
心臓弁形成	Valvuloplasty cardiac
心臓弁手術	Heart valve operation
心臓弁狭窄	Heart valve stenosis
心臓弁疣贅	Cardiac valve vegetation
心臓弁破裂	Cardiac valve rupture
心臓弁移植	Heart valve explantation
心臓弁置換	Heart valve replacement
心臓弁肥厚	Cardiac valve thickening
心臓弁膿瘍	Cardiac valve abscess
心臓性喘息	Cardiac asthma
心臓性頭痛	Cardiac cephalgia
心臓瘤修復	Cardiac aneurysm repair
心臓粘液腫	Cardiac myxoma
心臓脂肪症	Cardiac steatosis
心臓脂肪腫	Cardiac lipoma
心血管不全	Cardiovascular insufficiency
心血管検査	Cardiovascular examination
心血管症状	Cardiovascular symptom
心血管評価	Cardiovascular evaluation
心血管障害	Cardiovascular disorder
心電図変化	Electrocardiogram change
心電図正常	Electrocardiogram normal
心電図異常	Electrocardiogram abnormal
思春期不全	Pubertal failure
思春期障害	Pubertal disorder
急性中耳炎	Otitis media acute
急性心不全	Cardiac failure acute
急性心筋症	Cardiomyopathy acute
急性期反応	Acute phase reaction
急性白血病	Acute leukaemia
急性精神病	Acute psychosis
急性肝不全	Acute hepatic failure
急性肺性心	Cor pulmonale acute
急性肺損傷	Acute lung injury
急性肺水腫	Acute pulmonary oedema
急性胆嚢炎	Cholecystitis acute
急性胆管炎	Cholangitis acute
急性腎障害	Acute kidney injury
急性骨髄炎	Osteomyelitis acute
性ホルモン	Reproductive hormone
性器びらん	Genital erosion
性器不快感	Genital discomfort
性器分泌物	Genital discharge
性器毛包炎	Folliculitis genital
性器灼熱感	Genital burning sensation
性器無感覚	Genital anaesthesia
性器白斑症	Genital leukoplakia
性器錯感覚	Genital paraesthesia
性機能不全	Sexual dysfunction
性生活障害	Sexual life impairment
性腺異形成	Gonadal dysgenesis
性転換手術	Transgender operation
悪性中皮腫	Mesothelioma malignant
悪性心膜炎	Pericarditis malignant
悪性新生物	Neoplasm malignant
悪性症候群	Neuroleptic malignant syndrome
悪性緑内障	Malignant glaucoma
悪性肺浸潤	Lung infiltration malignant
悪性胃潰瘍	Malignant gastric ulcer
悪性間葉腫	Malignant mesenchymoma
悪性黒色腫	Malignant melanoma
感情の貧困	Emotional poverty
感情不安定	Affect lability
感情両価性	Affective ambivalence
感情的苦悩	Emotional distress
感染性下痢	Diarrhoea infectious
感染性嚢炎	Pouchitis infective
感染性嚢腫	Infected cyst
感染性母斑	Infected naevus
感染性水疱	Blister infected
感染性流産	Abortion infected
感染性湿疹	Eczema infected
感染性瘻孔	Infected fistula
感染性筋炎	Infective myositis
感染性耳瘻	Infected aural fistula
感染性胸水	Infectious pleural effusion
感染性腸炎	Enteritis infectious
感染性舌炎	Infective glossitis
感覚レベル	Sensory level
感覚過負荷	Sensory overload
感音性難聴	Deafness neurosensory
慢性中耳炎	Otitis media chronic
慢性心不全	Cardiac failure chronic
慢性心筋炎	Chronic myocarditis
慢性扁桃炎	Chronic tonsillitis
慢性白血病	Chronic leukaemia
慢性肝不全	Chronic hepatic failure
慢性肺性心	Cor pulmonale chronic
慢性胆嚢炎	Cholecystitis chronic
慢性胆管炎	Cholangitis chronic
慢性腎臓病	Chronic kidney disease
慢性蕁麻疹	Urticaria chronic
慢性骨髄炎	Osteomyelitis chronic
扁平上皮癌	Squamous cell carcinoma
扁平足再建	Flatfoot reconstruction
扁桃の炎症	Tonsillar inflammation
扁桃新生物	Tonsillar neoplasm
扁桃滲出液	Tonsillar exudate
扁桃非対称	Tonsil asymmetry
手修復手術	Hand repair operation
手掌筋膜炎	Palmar fasciitis
手根管除圧	Carpal tunnel decompression
手根部圧潰	Carpal collapse
手関節変形	Wrist deformity
抑うつ気分	Depressed mood
抑うつ症状	Depressive symptom
投与部位斑	Administration site macule
投与部位臭	Administration site odour
抗うつ療法	Antidepressant therapy
抗不安療法	Anxiolytic therapy
抗凝固療法	Anticoagulant therapy
抗心筋抗体	Antimyocardial antibody
抗生剤濃度	Antibiotic level
抗真菌治療	Antifungal treatment
抜歯窩止血	Tooth socket haemostasis
抜歯窩縫合	Tooth socket suture
拍出量増加	Cardiac output increased
拡張期血圧	Blood pressure diastolic
指しゃぶり	Thumb sucking
指修復手術	Finger repair operation
指叩き試験	Finger tapping test
指尖皮膚炎	Digital pulpitis
指節骨欠損	Phalangeal agenesis
振動症候群	Vibration syndrome
振動覚亢進	Vibratory sense increased
振動覚低下	Decreased vibratory sense
捺印細胞診	Impression cytology
掌蹠膿疱症	Palmoplantar pustulosis
掌蹠角皮症	Palmoplantar keratoderma
接触皮膚炎	Dermatitis contact
接触蕁麻疹	Urticaria contact
推理力低下	Impaired reasoning
播種性水痘	Disseminated varicella
播種性結核	Disseminated tuberculosis
支援的ケア	Supportive care
放射線去勢	Radiation castration
放射線壊死	Radiation necrosis
放射線損傷	Radiation injury
放射線浮腫	Radiation oedema
放射線炎症	Radiation inflammation
放射線疲労	Radiation induced fatigue
放射線肝炎	Radiation hepatitis
放射線脳症	Radiation induced encephalopathy
放射線腎炎	Nephritis radiation
放射線膵炎	Radiation pancreatitis
放射線閉経	Radiation menopause
放射線骨炎	Radiation osteitis
故意の中毒	Poisoning deliberate
斜視矯正術	Strabismus correction
新生児不穏	Agitation neonatal
新生児仮死	Neonatal asphyxia
新生児便秘	Constipation neonatal
新生児傾眠	Somnolence neonatal
新生児出血	Haemorrhage neonatal
新生児吸引	Neonatal aspiration
新生児壊疽	Gangrene neonatal
新生児変形	Neonatal deformity
新生児徐脈	Bradycardia neonatal
新生児感染	Neonatal infection
新生児振戦	Tremor neonatal
新生児昏睡	Coma neonatal
新生児死亡	Death neonatal
新生児毒性	Neonatal toxicity
新生児気胸	Neonatal pneumothorax
新生児浮腫	Oedema neonatal
新生児溶血	Haemolysis neonatal
新生児無尿	Neonatal anuria
新生児痙攣	Neonatal seizure
新生児発熱	Fever neonatal
新生児発疹	Rash neonatal
新生児眼炎	Ophthalmia neonatorum
新生児肝炎	Hepatitis neonatal
新生児肺炎	Neonatal pneumonia
新生児脳症	Encephalopathy neonatal
新生児貧血	Anaemia neonatal
新生児障害	Neonatal disorder
新生児難聴	Neonatal deafness
新生児頻脈	Neonatal tachycardia
新生児黄疸	Jaundice neonatal
新生物予防	Neoplasm prophylaxis
新生物再発	Neoplasm recurrence
新生物腫脹	Neoplasm swelling
新生物進行	Neoplasm progression
日光皮膚炎	Solar dermatitis
日光網膜症	Retinopathy solar
日光蕁麻疹	Solar urticaria
日和見感染	Opportunistic infection
日本紅斑熱	Japanese spotted fever
早産児死亡	Premature baby death
明順応遅延	Delayed light adaptation
昏睡性水疱	Coma blister
春季カタル	Vernal keratoconjunctivitis
暗順応遅延	Delayed dark adaptation
最大心拍数	Maximum heart rate
月経不快感	Menstrual discomfort
有機酸分析	Organic acid analysis
有毒性刺傷	Venomous sting
有毒性咬傷	Venomous bite
朝顔症候群	Morning glory syndrome
木質結膜炎	Ligneous conjunctivitis
未分化肉腫	Undifferentiated sarcoma
末梢動脈瘤	Peripheral artery aneurysm
末梢性浮腫	Oedema peripheral
末梢性虚血	Peripheral ischaemia
末梢性麻痺	Peripheral paralysis
末端回腸炎	Terminal ileitis
本態性振戦	Essential tremor
松果体嚢胞	Pineal gland cyst
松果体生検	Biopsy pineal gland
松果体胚腫	Pineal germinoma
染色体分析	Chromosomal analysis
染色体変異	Chromosomal mutation
染色体検査	Chromosome banding
染色体欠失	Chromosomal deletion
核上性麻痺	Supranuclear palsy
核性白内障	Cataract nuclear
根尖肉芽腫	Apical granuloma
梅毒性肝炎	Hepatitis syphilitic
梨状口狭窄	Pyriform aperture stenosis
椎間孔狭窄	Vertebral foraminal stenosis
椎間板圧迫	Intervertebral disc compression
椎間板手術	Intervertebral disc operation
椎間板損傷	Intervertebral disc injury
椎間板生検	Intervertebral disc biopsy
椎間板突出	Intervertebral disc protrusion
椎間板障害	Intervertebral disc disorder
椎骨動脈瘤	Vertebral artery aneurysm
検影法正常	Retinoscopy normal
検影法異常	Retinoscopy abnormal
検査非遵守	Investigation noncompliance
横隔膜手術	Diaphragmatic operation
横隔膜損傷	Diaphragmatic injury
横隔膜生検	Biopsy diaphragm
横隔膜痙攣	Diaphragmatic spasm
横隔膜破裂	Diaphragmatic rupture
横隔膜障害	Diaphragmatic disorder
横隔膜麻痺	Diaphragmatic paralysis
橈骨頭脱臼	Radial head dislocation
機械的ざ瘡	Mechanical acne
機械的換気	Mechanical ventilation
機能的単腎	Single functional kidney
欠乏性貧血	Deficiency anaemia
止血帯使用	Tourniquet application
正常新生児	Normal newborn
正球性貧血	Normocytic anaemia
歩行障害者	Walking disability
歯の吸収症	Tooth resorption
歯の沈着物	Tooth deposit
歯の錯感覚	Dental paraesthesia
歯原性嚢胞	Odontogenic cyst
歯周の炎症	Periodontal inflammation
歯槽骨切除	Alveolar bone resection
歯槽骨吸収	Alveolar bone resorption
歯槽骨欠損	Alveolar bone defect
歯状態不良	Poor dental condition
歯科骨移植	Dental bone graft
歯肉びらん	Gingival erosion
歯肉不快感	Gingival discomfort
歯車様固縮	Cogwheel rigidity
死戦期呼吸	Agonal respiration
母乳提供者	Breast milk donor
母乳栄養法	Breast feeding
毛包性湿疹	Follicular eczema
毛孔性皮疹	Rash follicular
毛孔拡大腫	Dilated pores
毛巣洞修復	Pilonidal sinus repair
毛様体出血	Ciliary body haemorrhage
毛様体変性	Ciliary body degeneration
毛様体手術	Ciliary body operation
毛様体障害	Ciliary body disorder
毛芽細胞癌	Trichoblastic carcinoma
気管の炎症	Tracheal inflammation
気管乳頭腫	Tracheal papilloma
気管内挿管	Endotracheal intubation
気管吸引法	Tracheal aspiration procedure
気管拡張術	Tracheal dilation procedure
気管支出血	Bronchial haemorrhage
気管支刺激	Bronchial irritation
気管支化生	Bronchial metaplasia
気管支吻合	Bronchial anastomosis
気管支圧迫	Bronchus compression
気管支損傷	Bronchial injury
気管支浮腫	Bronchial oedema
気管支生検	Biopsy bronchus
気管支瘢痕	Bronchial scarring
気管支閉塞	Bronchial obstruction
気管支閉鎖	Bronchial atresia
気管支障害	Bronchial disorder
気管新生物	Tracheal neoplasm
気管気管支	Tracheal bronchus
気管瘻修復	Tracheal fistula repair
気管石灰化	Tracheal calcification
気道うっ血	Respiratory tract congestion
気道の炎症	Respiratory tract inflammation
気道新生物	Respiratory tract neoplasm
水制限試験	Water deprivation test
水性蕁麻疹	Urticaria aquagenic
水晶体変色	Lens discolouration
水晶体手術	Lenticular operation
水晶体損傷	Lenticular injury
水晶体摘出	Lens extraction
水晶体混濁	Lenticular opacities
水晶体脱臼	Lens dislocation
水晶体障害	Lens disorder
水疱性丹毒	Bullous erysipelas
水疱性浮腫	Oedema blister
水痘髄膜炎	Varicella meningitis
水腎症修復	Hydronephrosis repair
汗試験正常	Sweat test normal
汗試験異常	Sweat test abnormal
治療不成功	Treatment failure
治療的催吐	Therapeutic emesis
治療非遵守	Treatment noncompliance
注入部位斑	Infusion site macule
注射避妊法	Injectable contraception
注射部位斑	Injection site macule
洞性不整脈	Sinus arrhythmia
活動性低下	Decreased activity
流産後感染	Post abortion infection
浣腸薬投与	Enema administration
浮腫性膵炎	Oedematous pancreatitis
海馬硬化症	Hippocampal sclerosis
浸潤性乳癌	Invasive breast carcinoma
消化器挫傷	Gastrointestinal organ contusion
消化器結核	Tuberculosis gastrointestinal
消化器腺癌	Gastrointestinal adenocarcinoma
消化性潰瘍	Gastroduodenal ulcer
消化管壊死	Gastrointestinal necrosis
消化管壊疽	Gastrointestinal gangrene
消化管感染	Gastrointestinal infection
消化管損傷	Gastrointestinal injury
消化管浮腫	Gastrointestinal oedema
消化管減圧	Gastrointestinal decompression
消化管生検	Gastrointestinal tract biopsy
消化管瘢痕	Gastrointestinal scarring
消化管穿孔	Gastrointestinal perforation
消極的思考	Negative thoughts
消毒薬中毒	Disinfectant poisoning
涙管新生物	Lacrimal duct neoplasm
涙腺新生物	Lacrimal gland neoplasm
涙腺石灰化	Lacrimal gland calcification
涙道肉芽腫	Lacrimal passage granuloma
深部脳刺激	Deep brain stimulation
深部静脈炎	Phlebitis deep
混合型妄想	Mixed delusion
混合性難聴	Mixed deafness
減処方過誤	Deprescribing error
減圧開頭術	Decompressive craniectomy
渦巻き角膜	Cornea verticillata
温熱蕁麻疹	Urticaria thermal
湿度不耐症	Humidity intolerance
湿潤性湿疹	Eczema weeping
溢流性下痢	Overflow diarrhoea
溶剤過敏症	Solvent sensitivity
溶血性貧血	Haemolytic anaemia
滑液中結晶	Synovial fluid crystal
滑液中蛋白	Synovial fluid protein
滑液包切除	Bursa removal
滑液包吸引	Aspiration bursa
滑液包手術	Bursal operation
滑液包損傷	Bursa injury
滑液包血腫	Bursal haematoma
滑液包障害	Bursa disorder
潜在性感染	Infection masked
潜在性炎症	Inflammation masked
潰瘍性出血	Ulcer haemorrhage
潰瘍性胃炎	Ulcerative gastritis
潰瘍性鼻炎	Rhinitis ulcerative
濾過胞再建	Bleb revision
火炎状母斑	Naevus flammeus
炎症性疼痛	Inflammatory pain
炭疽性肺炎	Pneumonia anthrax
点状角化症	Punctate keratosis
点状角膜炎	Punctate keratitis
点眼薬投与	Eye drop instillation
無呼吸検査	Apnoea test
無呼吸発作	Apnoeic attack
無機質欠乏	Mineral deficiency
無甲状腺症	Thyroid agenesis
無胎芽妊娠	Anembryonic gestation
無菌性膿尿	Sterile pyuria
無菌性膿疱	Aseptic pustule
無開口食道	Imperforate oesophagus
熱傷部感染	Burn infection
熱帯性ざ瘡	Acne tropica
熱帯性潰瘍	Tropical ulcer
熱帯感染症	Tropical infectious disease
熱性感染症	Febrile infection
爪の不快感	Nail discomfort
爪上皮亀裂	Nail cuticle fissure
爪成長異常	Nail growth abnormal
爪摘み取り	Nail picking
爪線状隆起	Nail ridging
爪色素沈着	Nail pigmentation
爪郭の炎症	Nail fold inflammation
片親の家庭	Single parent family
片頭痛予防	Migraine prophylaxis
物質乱用者	Substance abuser
特発性出血	Spontaneous haemorrhage
特発性膵炎	Idiopathic pancreatitis
特発性血腫	Spontaneous haematoma
狂犬病免疫	Rabies immunisation
独り暮らし	Living alone
環状染色体	Ring chromosome
環状肉芽腫	Granuloma annulare
生殖器嚢胞	Genital cyst
生殖器挫傷	Genital contusion
生殖器毒性	Reproductive toxicity
生殖器病変	Genital lesion
生殖器瘢痕	Genital scarring
生殖器萎縮	Genital atrophy
生殖器障害	Genital disorder
生着症候群	Engraftment syndrome
産科破傷風	Obstetrical tetanus
産褥乳腺炎	Mastitis postpartum
産褥敗血症	Postpartum sepsis
産褥期感染	Puerperal infection
産褥期発熱	Puerperal pyrexia
産褥神経症	Postpartum neurosis
甲状腺出血	Thyroid haemorrhage
甲状腺嚢腫	Thyroid cyst
甲状腺壊疽	Thyroid gangrene
甲状腺奇形	Thyroid malformation
甲状腺手術	Thyroid operation
甲状腺損傷	Thyroid gland injury
甲状腺梗塞	Thyroid infarction
甲状腺生検	Biopsy thyroid gland
甲状腺療法	Thyroid therapy
甲状腺結核	Thyroid tuberculosis
甲状腺縮小	Thyroid size decreased
甲状腺腫瘤	Thyroid mass
甲状腺腺腫	Thyroid adenoma
甲状腺膿瘍	Thyroid gland abscess
甲状腺萎縮	Thyroid atrophy
甲状腺障害	Thyroid disorder
甲状舌管瘻	Thyroglossal fistula
男性不妊症	Infertility male
男性避妊法	Male contraception
異名性半盲	Hemianopia heteronymous
異常経血塊	Abnormal menstrual clots
異形成母斑	Dysplastic naevus
異所性卵巣	Ectopic ovary
異所性妊娠	Ectopic pregnancy
異所性尿管	Ectopic ureter
異所性歯牙	Ectopic tooth
異汗性湿疹	Dyshidrotic eczema
異物塞栓症	Foreign body embolism
疾患前駆期	Disease prodromal stage
疾患合併症	Disease complication
疾患感受性	Disease susceptibility
病原体耐性	Pathogen resistance
病変部切除	Lesion excision
病気不安症	Illness anxiety disorder
痘瘡状ざ瘡	Acne varioliformis
瘢痕の炎症	Scar inflammation
瘻孔の炎症	Fistula inflammation
瘻孔分泌物	Fistula discharge
瘻造影正常	Fistulography normal
瘻造影異常	Fistulography abnormal
癌標的治療	Targeted cancer therapy
癌病期分類	Cancer staging
癌細胞陽性	Cancer cells present
発作前状態	Preictal state
発作後失明	Postictal blindness
発作後状態	Postictal state
発作後頭痛	Postictal headache
発作後麻痺	Postictal paralysis
発作性頻脈	Tachycardia paroxysmal
発作様現象	Seizure like phenomena
発疹チフス	Epidemic typhus
発達緑内障	Developmental glaucoma
発達遅延者	Late developer
白内障手術	Cataract operation
白色粃糠疹	Pityriasis alba
白血病再発	Leukaemia recurrent
白血病浸潤	Leukaemic infiltration
百日咳免疫	Pertussis immunisation
百日咳肺炎	Pneumonia bordetella
皮膚びらん	Skin erosion
皮膚テスト	Skin test
皮膚不快感	Skin discomfort
皮膚乳頭腫	Skin papilloma
皮膚低形成	Skin hypoplasia
皮膚分泌物	Skin discharge
皮膚擦過傷	Skin abrasion
皮膚洞切除	Dermal sinus excision
皮膚温上昇	Skin temperature increased
皮膚温低下	Skin temperature decreased
皮膚滲出液	Skin weeping
皮膚灼熱感	Skin burning sensation
皮膚白血病	Leukaemia cutis
皮膚石灰化	Cutaneous calcification
皮膚科検査	Dermatologic examination
皮膚線維症	Skin fibrosis
皮膚肉芽腫	Granuloma skin
皮膚脆弱性	Skin fragility
皮膚臭異常	Skin odour abnormal
皮膚血管炎	Cutaneous vasculitis
皮膚過形成	Skin hyperplasia
皮質異形成	Cortical dysplasia
皮質白内障	Cataract cortical
直腸しぶり	Rectal tenesmus
直腸スワブ	Rectal swab
直腸分泌物	Rectal discharge
直腸尿道瘻	Rectourethral fistula
直腸新生物	Rectal neoplasm
直腸異形成	Rectal dysplasia
直腸脱修復	Rectal prolapse repair
真性多血症	Polycythaemia vera
真珠腫除去	Cholesteatoma removal
真菌性筋炎	Fungal myositis
真菌性肺炎	Pneumonia fungal
真菌性胃炎	Gastritis fungal
真菌性脳炎	Encephalitis fungal
真菌性腸炎	Enterocolitis fungal
真菌性膵炎	Pancreatitis fungal
真菌性膿瘍	Abscess fungal
真菌性鼻炎	Fungal rhinitis
真菌重感染	Superinfection fungal
眼そう痒症	Eye pruritus
眼の嚢虫症	Ophthalmic cysticercosis
眼動脈梗塞	Eye infarction
眼動脈閉塞	Ophthalmic artery occlusion
眼周囲注射	Periocular injection
眼変性障害	Eye degenerative disorder
眼帯状疱疹	Ophthalmic herpes zoster
眼性片頭痛	Ophthalmic migraine
眼杯裂嚢胞	Choroid fissure cyst
眼毛包虫症	Ocular demodicosis
眼球後出血	Ocular retrobulbar haemorrhage
眼瞼びらん	Eyelid erosion
眼瞼乳頭腫	Blepharal papilloma
眼瞼擦過傷	Eyelid abrasion
眼瞼毛包炎	Eyelid folliculitis
眼瞼溝深化	Lid sulcus deepened
眼瞼石灰化	Eyelid calcification
眼瞼縁痂皮	Eyelid margin crusting
眼瞼血管腫	Eyelid haemangioma
眼窩周囲痛	Periorbital pain
眼窩肉芽腫	Orbital granuloma
眼窩蜂巣炎	Cellulitis orbital
眼筋後転術	Eye muscle recession
眼筋無力症	Ocular myasthenia
眼腺症候群	Oculoglandular syndrome
眼血管障害	Ocular vascular disorder
眼運動障害	Eye movement disorder
眼部不快感	Ocular discomfort
眼部新生物	Ocular neoplasm
眼障害予防	Eye disorder prophylaxis
眼電図正常	Electrooculogram normal
眼電図異常	Electrooculogram abnormal
眼類天疱瘡	Ocular pemphigoid
睡眠時頭痛	Hypnic headache
睡眠時驚愕	Sleep terror
睡眠時麻痺	Sleep paralysis
睫毛剛毛化	Eyelash thickening
瞳孔膜遺残	Persistent pupillary membrane
砒素角化症	Arsenical keratosis
破傷風免疫	Tetanus immunisation
硝子体出血	Vitreous haemorrhage
硝子体剥離	Vitreous detachment
硝子体嚢胞	Vitreous cyst
硝子体変性	Vitreous degeneration
硝子体嵌頓	Vitreous incarceration
硝子体損傷	Vitreous injury
硝子体混濁	Vitreous opacities
硝子体癒着	Vitreous adhesions
硝子体細胞	Vitreal cells
硝子体脱出	Vitreous prolapse
硝子体脱失	Vitreous loss
硝子体膿瘍	Vitreous abscess
硝子体血腫	Vitreous haematoma
硝子体障害	Vitreous disorder
硬化性腺症	Adenosis sclerosing
硬化性苔癬	Lichen sclerosus
硬化性骨炎	Osteitis condensans
硬結性紅斑	Erythema induratum
硬膜ブレブ	Dural bleb
硬膜下出血	Subdural haemorrhage
硬膜下膿瘍	Subdural abscess
硬膜外出血	Extradural haematoma
硬膜外注射	Epidural injection
硬膜外膿瘍	Extradural abscess
硬膜外鎮痛	Epidural analgesia
硬膜外麻酔	Epidural anaesthesia
社会的入院	Social stay hospitalisation
社会的恐怖	Social fear
神経内嚢胞	Intraneural cyst
神経因性腸	Neurogenic bowel
神経根損傷	Nerve root injury
神経突起斑	Neuritic plaques
神経筋毒性	Neuromuscular toxicity
神経管欠損	Neural tube defect
神経系嚢胞	Nervous system cyst
神経系感染	Neurological infection
神経系損傷	Nervous system injury
神経系障害	Nervous system disorder
神経膠嚢胞	Neuroglial cyst
神経膠瘢痕	Glial scar
移植合併症	Transplantation complication
移植片感染	Graft infection
移植片膿瘍	Transplant abscess
移植片虚血	Graft ischaemia
移植片離層	Graft delamination
移植腎感染	Renal graft infection
移植腎捻転	Renal transplant torsion
移植腎破裂	Kidney transplant rupture
移植骨溶解	Bone graft lysis
移植骨除去	Bone graft removal
移行上皮癌	Transitional cell carcinoma
種痘性湿疹	Eczema vaccinatum
穀粉過敏症	Flour sensitivity
空気塞栓症	Air embolism
空置大腸炎	Diversion colitis
空置直腸炎	Diversion proctitis
空腸瘻修正	Jejunostomy refashioning
空腸瘻閉鎖	Jejunostomy closure
穿孔性潰瘍	Perforated ulcer
突発性難聴	Sudden hearing loss
突進性歩行	Propulsive gait
窒素負平衡	Nitrogen balance negative
第１度熱傷	Burns first degree
第１期梅毒	Primary syphilis
第２度熱傷	Burns second degree
第２期梅毒	Secondary syphilis
第３度熱傷	Burns third degree
第３期梅毒	Tertiary syphilis
第４度熱傷	Burns fourth degree
筋さざ波病	Rippling muscle disease
筋ヘルニア	Muscle hernia
筋低酸素症	Muscle hypoxia
筋弛緩療法	Muscle relaxant therapy
筋機能療法	Myofunctional therapy
筋生検正常	Biopsy muscle normal
筋生検異常	Biopsy muscle abnormal
筋肉内出血	Muscle haemorrhage
筋肉内血腫	Haematoma muscle
筋肉再接合	Muscle reattachment
筋膜下血腫	Subfascial haematoma
筋酵素上昇	Muscle enzyme increased
筋酵素低下	Muscle enzyme decreased
筋酵素異常	Muscle enzyme abnormal
筋電図正常	Electromyogram normal
筋電図異常	Electromyogram abnormal
筋骨格変形	Musculoskeletal deformity
筋骨格硬直	Musculoskeletal stiffness
筋骨格系癌	Musculoskeletal cancer
筋骨格障害	Musculoskeletal disorder
篩骨洞手術	Ethmoid sinus surgery
粒子線治療	Particle therapy
粘液様嚢胞	Myxoid cyst
粘膜のあれ	Mucosal roughness
粘膜の炎症	Mucosal inflammation
粘膜びらん	Mucosal erosion
粘膜刺激感	Mucosal irritation
粘膜小水疱	Mucosa vesicle
粘膜擦過傷	Mucosal excoriation
粘膜炎治療	Mucositis management
粘膜過形成	Mucosal membrane hyperplasia
精子肉芽腫	Sperm granuloma
精子運動性	Spermatozoa progressive motility
精巣上体癌	Epididymal cancer
精巣不快感	Testis discomfort
精巣乳頭腫	Testicular papilloma
精巣垂捻転	Testicular appendage torsion
精巣微石症	Testicular microlithiasis
精巣新生物	Testicular neoplasm
精巣絨毛癌	Testicular choriocarcinoma
精液瘤吸引	Aspiration spermatocele
精液量増加	Semen volume increased
精液量正常	Semen volume normal
精液量減少	Semen volume decreased
精液量異常	Semen volume abnormal
精神病症状	Psychotic symptom
精管再切除	Vasectomy repeat
精管再開通	Vasectomy reversal
精索の炎症	Spermatic cord inflammation
糖尿病予防	Diabetes prophylaxis
糖尿病創傷	Diabetic wound
糖尿病管理	Diabetes mellitus management
紅斑性皮疹	Rash erythematous
紋理状眼底	Tessellated fundus
細網細胞数	Reticular cell count
細胞診正常	Cytology normal
細胞診異常	Cytology abnormal
細菌性下痢	Bacterial diarrhoea
細菌性筋炎	Bacterial myositis
細菌性肺炎	Pneumonia bacterial
細菌性胃炎	Gastritis bacterial
細菌性脳炎	Encephalitis bacterial
細菌性腎炎	Nephritis bacterial
細菌性腟症	Bacterial vaginosis
細菌性腸炎	Enterocolitis bacterial
細菌性膵炎	Pancreatitis bacterial
細菌性膿瘍	Abscess bacterial
細菌性鼻炎	Bacterial rhinitis
細菌重感染	Superinfection bacterial
終末尿滴下	Terminal dribbling
終末期不穏	Terminal agitation
終末期状態	Terminal state
組織拡張法	Tissue expansion procedure
組織球肉腫	Histiocytic sarcoma
経口避妊法	Oral contraception
経済的問題	Economic problem
経皮避妊法	Transdermal contraception
結合双生児	Conjoined twins
結節性発疹	Nodular rash
結節性眼炎	Ophthalmia nodosa
結節性紅斑	Erythema nodosum
結節性調律	Nodal rhythm
結腸全摘除	Colectomy total
結腸新生物	Colon neoplasm
結腸異形成	Colon dysplasia
結腸瘻修復	Colon fistula repair
結腸瘻感染	Colostomy infection
結腸瘻閉鎖	Colostomy closure
結腸直腸癌	Colorectal cancer
結膜の混濁	Conjunctival opacity
結膜びらん	Conjunctival erosion
結膜下注射	Subconjunctival injection procedure
結膜乳頭腫	Papilloma conjunctival
結膜擦過傷	Conjunctival abrasion
結膜新生物	Conjunctival neoplasm
結膜沈着物	Conjunctival deposit
結膜濾過胞	Conjunctival bleb
結膜菲薄化	Conjunctival thinning
結膜黒色腫	Conjunctival melanoma
絞扼性痔核	Strangulated haemorrhoids
網内系刺激	Reticuloendothelial system stimulated
網膜下血腫	Subretinal haematoma
網膜光毒性	Retinal phototoxicity
網膜図正常	Retinogram normal
網膜図異常	Retinogram abnormal
網膜新生物	Retinal neoplasm
網膜沈着物	Retinal deposits
網膜滲出斑	Retinal infiltrates
網膜滲出物	Retinal exudates
網膜線維症	Retinal fibrosis
網膜脂血症	Lipaemia retinalis
網膜血管炎	Retinal vasculitis
網膜血管瘤	Retinal aneurysm
網膜静脈瘤	Retinal vein varices
網膜黒色腫	Retinal melanoma
緊張性膀胱	Hypertonic bladder
緊張性頭痛	Tension headache
総蛋白増加	Protein total increased
総蛋白正常	Protein total normal
総蛋白減少	Protein total decreased
総蛋白異常	Protein total abnormal
緑内障手術	Glaucoma surgery
緩和的鎮静	Palliative sedation
縦隔新生物	Mediastinum neoplasm
縦隔滲出液	Mediastinal effusion
縦隔線維症	Mediastinal fibrosis
縫合糸膿瘍	Stitch abscess
縫合部離開	Suture rupture
羊膜腔感染	Amniotic cavity infection
羊膜腔障害	Amniotic cavity disorder
義手使用者	Hand prosthesis user
義歯使用者	Denture wearer
義眼使用者	Eye prosthesis user
義肢使用者	Limb prosthesis user
義足使用者	Foot prosthesis user
習慣性咳嗽	Habit cough
翼状片手術	Pterygium operation
翼状肩甲骨	Winged scapula
老人性紫斑	Purpura senile
老年認知症	Senile dementia
老齢の両親	Aged parent
耐糖能上昇	Glucose tolerance increased
耐糖能低下	Glucose tolerance decreased
耐糖能障害	Glucose tolerance impaired
耳そう痒症	Ear pruritus
耳下腺出血	Parotid gland haemorrhage
耳下腺腫大	Parotid gland enlargement
耳下腺膿瘍	Parotid abscess
耳嚢胞腺腫	Aural cystadenoma
耳小骨手術	Ossicular operation
耳小骨障害	Ossicle disorder
耳小骨骨折	Ear ossicle fracture
耳帯状疱疹	Herpes zoster oticus
耳管形成術	Eustachian tuboplasty
聴力図正常	Audiogram normal
聴力図異常	Audiogram abnormal
聴神経障害	Auditory nerve disorder
聴覚障害者	Hearing disability
職業性ざ瘡	Acne occupational
職業性喘息	Occupational asthma
職業性難聴	Deafness occupational
肋軟骨離開	Costochondral separation
肋軟骨骨折	Costal cartilage fracture
肋間神経痛	Intercostal neuralgia
肋間筋肉痛	Myalgia intercostal
肋骨の変形	Rib deformity
肘関節変形	Elbow deformity
肘骨癒合症	Elbow synostosis
肛門の炎症	Anal inflammation
肛門びらん	Anal erosion
肛門乳頭炎	Anal papillitis
肛門乳頭腫	Anal papilloma
肛門拡張術	Anal dilation procedure
肛門新生物	Anal neoplasm
肛門白板症	Anal leukoplakia
肛門皮膚垂	Anal skin tags
肛門錯感覚	Anal paraesthesia
肝スキャン	Liver scan
肝ヘルニア	Liver hernia
肝偽脂肪腫	Hepatic pseudolipoma
肝動脈出血	Hepatic artery haemorrhage
肝動脈狭窄	Hepatic artery stenosis
肝動脈閉塞	Hepatic artery occlusion
肝周囲膿瘍	Perihepatic abscess
肝嚢胞感染	Hepatic cyst infection
肝嚢胞破裂	Hepatic cyst ruptured
肝性糖尿病	Hepatogenous diabetes
肝放線菌症	Hepatic actinomycosis
肝機能検査	Liver function test
肝機能異常	Hepatic function abnormal
肝潅流障害	Hepatic perfusion disorder
肝生検正常	Biopsy liver normal
肝生検異常	Biopsy liver abnormal
肝硬度増加	Increased liver stiffness
肝移植不全	Liver transplant failure
肝細胞融解	Hepatic cytolysis
肝肺症候群	Hepatopulmonary syndrome
肝胆道系癌	Hepatobiliary cancer
肝臓紫斑病	Peliosis hepatis
肝血管肉腫	Hepatic angiosarcoma
肝血管造影	Hepatic angiogram
肝血管障害	Hepatic vascular disorder
肝酵素上昇	Hepatic enzyme increased
肝酵素低下	Hepatic enzyme decreased
肝酵素異常	Hepatic enzyme abnormal
肝静脈拡張	Hepatic vein dilatation
肝静脈狭窄	Hepatic vein stenosis
肝静脈閉塞	Hepatic vein occlusion
股関節変形	Hip deformity
股関節形成	Hip arthroplasty
股関節手術	Hip surgery
肥厚性瘢痕	Hypertrophic scar
肥厚性鼻炎	Rhinitis hypertrophic
肥満心筋症	Obesity cardiomyopathy
肩甲帯離断	Interscapulothoracic amputation
肩甲骨骨折	Scapula fracture
肩関節形成	Shoulder arthroplasty
肩関節手術	Shoulder operation
肺ブラ切除	Pulmonary bullectomy
肺ブラ破裂	Pulmonary bullae rupture
肺ヘルニア	Lung hernia
肺中隔肥厚	Pulmonary septal thickening
肺動脈圧迫	Pulmonary artery compression
肺動脈拡張	Pulmonary artery dilatation
肺動脈狭窄	Pulmonary artery stenosis
肺動脈解離	Pulmonary artery dissection
肺動脈閉塞	Pulmonary artery occlusion
肺動脈閉鎖	Pulmonary artery atresia
肺動静脈瘻	Pulmonary arteriovenous fistula
肺嚢胞切除	Lung cyst removal
肺微小塞栓	Pulmonary microemboli
肺拡散障害	Lung diffusion disorder
肺機能検査	Pulmonary function test
肺活量正常	Vital capacity normal
肺活量減少	Vital capacity decreased
肺活量異常	Vital capacity abnormal
肺生検正常	Biopsy lung normal
肺生検異常	Biopsy lung abnormal
肺画像検査	Pulmonary imaging procedure
肺空洞形成	Pulmonary cavitation
肺胞内嚢胞	Pulmonary bulla
肺胞微石症	Pulmonary alveolar microlithiasis
肺胞蛋白症	Alveolar proteinosis
肺腎症候群	Pulmonary renal syndrome
肺膨張不全	Lung hypoinflation
肺血管形成	Pulmonary angioplasty
肺血管抵抗	Vascular resistance pulmonary
肺血管造影	Angiogram pulmonary
肺血管障害	Pulmonary vascular disorder
肺静脈狭窄	Pulmonary vein stenosis
肺静脈閉塞	Pulmonary vein occlusion
肺高血圧症	Pulmonary hypertension
胃アトニー	Gastric atony
胃イレウス	Gastric ileus
胃スキャン	Stomach scan
胃バイパス	Gastric bypass
胃ポリープ	Gastric polyps
胃壁内気腫	Gastric pneumatosis
胃平滑筋腫	Gastric leiomyoma
胃排出不全	Impaired gastric emptying
胃排出検査	Gastric emptying study
胃洗浄検査	Gastric lavage test
胃生検正常	Biopsy stomach normal
胃生検異常	Biopsy stomach abnormal
胃瘻管除去	Gastrostomy tube removal
胃粘膜病変	Gastric mucosal lesion
胃粘膜紅斑	Gastric mucosa erythema
胃粘膜肥厚	Gastric mucosal hypertrophy
胃緊張亢進	Gastric hypertonia
胃腸の炎症	Gastrointestinal inflammation
胃腸異形成	Gastrointestinal dysplasia
胃腸管挿入	Gastrointestinal tube insertion
胃腸管狭窄	Gastrointestinal stenosis
胃腸管腺腫	Gastrointestinal tract adenoma
胃腸管閉塞	Gastrointestinal obstruction
胃腸管除去	Gastrointestinal tube removal
胃腸音異常	Gastrointestinal sounds abnormal
胃運動低下	Gastric hypomotility
胃運動過剰	Gastric hypermotility
胃電気刺激	Gastric electrical stimulation
胃食道出血	Gastrooesophageal haemorrhage
胆嚢乳頭腫	Gallbladder papilloma
胆嚢新生物	Gallbladder neoplasm
胆嚢無形成	Gallbladder agenesis
胆嚢瘻修復	Gallbladder fistula repair
胆嚢線維症	Gallbladder fibrosis
胆嚢軸捻転	Gallbladder volvulus
胆嚢静脈瘤	Gallbladder varices
胆汁性腹水	Biliary ascites
胆汁酸分画	Fractionated bile acids
胆汁酸増加	Bile acids increased
胆汁酸減少	Bile acids decreased
胆汁酸異常	Bile acids abnormal
胆汁量増加	Bile output increased
胆汁量減少	Bile output decreased
胆汁量異常	Bile output abnormal
胆管瘻修復	Biliary fistula repair
胆管線維症	Biliary fibrosis
胆管過誤腫	Biliary hamartoma
胆道新生物	Biliary neoplasm
胎児不整脈	Foetal arrhythmia
胎児心停止	Foetal cardiac arrest
胎児心拍数	Foetal heart rate
胎児心疾患	Foetal cardiac disorder
胎児性難産	Foetal dystocia
胎児男性化	Virilism foetal
胎児脳出血	Cerebral haemorrhage foetal
胎児脳梗塞	Cerebral infarction foetal
胎児腎障害	Foetal renal impairment
胎盤後血腫	Retroplacental haematoma
胎盤新生物	Placental neoplasm
胎盤異形成	Placental dysplasia
胎盤石灰化	Placental calcification
胞状卵胞数	Antral follicle count
胸膜テント	Pleural tenting
胸膜中皮腫	Pleural mesothelioma
胸膜剥皮術	Pleural decortication
胸膜新生物	Pleural neoplasm
胸膜皮膚瘻	Pleurocutaneous fistula
胸膜石灰化	Pleural calcification
胸膜線維症	Pleural fibrosis
胸膜肺芽腫	Pleuropulmonary blastoma
胸膜脂肪腫	Pleural lipoma
胸部不快感	Chest discomfort
胸郭低形成	Thoracic hypoplasia
胸骨安定化	Sternal stabilisation
脂肪不耐性	Fat intolerance
脂肪再分布	Fat redistribution
脂肪分解術	Lipolysis procedure
脂肪性肝炎	Hepatic steatosis
脂肪腫切除	Lipoma excision
脂肪類皮腫	Lipodermoid tumour
脂腺過形成	Sebaceous hyperplasia
脂質蛋白症	Lipid proteinosis
脈波形正常	Pulse waveform normal
脈波形異常	Pulse waveform abnormal
脈絡膜出血	Choroidal haemorrhage
脈絡膜剥離	Choroidal detachment
脈絡膜梗塞	Choroidal infarction
脈絡膜欠損	Choroidal coloboma
脈絡膜滲出	Choroidal effusion
脈絡膜生検	Biopsy choroid
脈絡膜破裂	Choroidal rupture
脈絡膜血腫	Choroidal haematoma
脈絡膜骨腫	Choroidal osteoma
脊柱平坦化	Spinal flattening
脊椎不安定	Spinal instability
脊椎安定化	Spinal stabilisation
脊髄新生物	Spinal cord neoplasm
脊髄脂肪腫	Spinal cord lipoma
脚ブロック	Bundle branch block
脳スキャン	Scan brain
脳ヘルニア	Brain herniation
脳マラリア	Cerebral malaria
脳低酸素症	Brain hypoxia
脳卒中予防	Cerebrovascular accident prophylaxis
脳嚢胞出血	Cerebral cyst haemorrhage
脳嚢胞切除	Cerebral cyst excision
脳圧排効果	Cerebral mass effect
脳室内出血	Intraventricular haemorrhage
脳室狭小化	Cerebral ventricle collapse
脳幹塞栓症	Brain stem embolism
脳幹症候群	Brain stem syndrome
脳幹血栓症	Brain stem thrombosis
脳幹部虚血	Brain stem ischaemia
脳底動脈瘤	Basilar artery aneurysm
脳律動異常	Cerebral dysrhythmia
脳循環不全	Cerebral circulatory failure
脳微小出血	Cerebral microhaemorrhage
脳浮腫治療	Cerebral oedema management
脳生検正常	Biopsy brain normal
脳生検異常	Biopsy brain abnormal
脳真菌感染	Cerebral fungal infection
脳神経感染	Cranial nerve infection
脳神経手術	Cranial nerve operation
脳神経損傷	Cranial nerve injury
脳神経障害	Cranial nerve disorder
脳神経麻痺	Paresis cranial nerve
脳脊髄液漏	Cerebrospinal fluid leakage
脳脊髄照射	Craniospinal irradiation
脳腫瘍手術	Brain tumour operation
脳葉酸欠乏	Cerebral folate deficiency
脳血管不全	Cerebrovascular insufficiency
脳血管収縮	Cerebral vasoconstriction
脳血管形成	Cerebral angioplasty
脳血管手術	Cerebrovascular operation
脳血管拡張	Cerebral vasodilatation
脳血管狭窄	Cerebrovascular stenosis
脳血管造影	Angiogram cerebral
脳血管閉塞	Cerebral vascular occlusion
脳血管障害	Cerebrovascular disorder
脳血行再建	Cerebral revascularisation
脾動脈狭窄	Splenic artery stenosis
脾動脈穿孔	Splenic artery perforation
脾生検正常	Biopsy spleen normal
脾生検異常	Biopsy spleen abnormal
脾臓うっ血	Spleen congestion
脾臓低潅流	Spleen hypoperfusion
脾臓動脈瘤	Splenic artery aneurysm
脾臓塞栓症	Splenic embolism
脾臓石灰化	Splenic calcification
脾臓血栓症	Splenic thrombosis
脾静脈閉塞	Splenic vein occlusion
腎スキャン	Renal scan
腎乳頭壊死	Renal papillary necrosis
腎代替療法	Renal replacement therapy
腎位置異常	Renal malposition
腎保護療法	Nephroprotective therapy
腎動脈形成	Renal artery angioplasty
腎動脈撮影	Arteriogram renal
腎動脈穿孔	Renal artery perforation
腎動脈解離	Renal artery dissection
腎動脈閉塞	Renal artery occlusion
腎周囲浮腫	Perinephric oedema
腎周囲膿瘍	Perinephric abscess
腎嚢胞出血	Renal cyst haemorrhage
腎嚢胞切除	Renal cyst excision
腎嚢胞吸引	Renal cyst aspiration
腎嚢胞感染	Renal cyst infection
腎嚢胞破裂	Renal cyst ruptured
腎回転異常	Kidney malrotation
腎形成不全	Renal dysplasia
腎性くる病	Renal rickets
腎性尿崩症	Nephrogenic diabetes insipidus
腎性高血圧	Renal hypertension
腎機能検査	Renal function test
腎機能障害	Renal impairment
腎炎症候群	Nephritic syndrome
腎生検正常	Biopsy kidney normal
腎生検異常	Biopsy kidney abnormal
腎瘻管除去	Nephrostomy tube removal
腎発育不全	Renal hypoplasia
腎皮質壊死	Renal cortical necrosis
腎移植不全	Renal transplant failure
腎結石除去	Renal stone removal
腎脂肪腫症	Renal lipomatosis
腎腫瘍摘除	Renal tumour excision
腎血管障害	Renal vessel disorder
腎障害予防	Renal disorder prophylaxis
腎静脈圧迫	Renal vein compression
腎静脈狭窄	Renal vein stenosis
腎静脈造影	Venogram renal
腎静脈閉塞	Renal vein occlusion
腐食性胃炎	Corrosive gastritis
腓骨過成長	Fibular overgrowth
腟の白斑症	Vaginal leukoplakia
腟ポリープ	Vaginal polyp
腟入口拡張	Introital stretch
腟嚢胞切除	Vaginal cyst excision
腟平滑筋腫	Vaginal leiomyoma
腟形成不全	Vaginal hypoplasia
腟断端離開	Vaginal cuff dehiscence
腟生検正常	Biopsy vagina normal
腟生検異常	Biopsy vagina abnormal
腫瘍フレア	Tumour flare
腫瘍内血腫	Intratumoural haematoma
腫瘍合併症	Oncologic complication
腫瘍性圧迫	Tumour compression
腫瘍性閉塞	Tumour obstruction
腫瘍自潰創	Fungating wound
腫脹関節数	Swollen joint count
腰ヘルニア	Lumbar hernia
腱生検正常	Biopsy tendon normal
腱生検異常	Biopsy tendon abnormal
腱鞘滲出液	Tendon sheath effusion
腸アトニー	Intestinal atony
腸チフス熱	Typhoid fever
腸上皮化生	Intestinal metaplasia
腸係蹄固定	Fixed bowel loop
腸回転異常	Intestinal malrotation
腸壁気腫症	Pneumatosis intestinalis
腸球菌感染	Enterococcal infection
腸生検正常	Biopsy intestine normal
腸生検異常	Biopsy intestine abnormal
腸神経障害	Enteric neuropathy
腸管うっ血	Intestinal congestion
腸管拡張症	Intestinal dilatation
腸管瘻修復	Intestinal fistula repair
腸管瘻感染	Intestinal fistula infection
腸管皮膚瘻	Enterocutaneous fistula
腸管線維症	Intestinal fibrosis
腸管脂肪症	Intestinal steatosis
腸絨毛萎縮	Intestinal villi atrophy
腸脂肪腫症	Intestinal lipomatosis
腸血管障害	Intestinal vascular disorder
腸通過時間	Intestinal transit time
腸閉塞手術	Bowel obstruction surgery
腸間膜出血	Mesenteric haemorrhage
腸間膜嚢胞	Mesenteric cyst
腸間膜生検	Mesenteric biopsy
腸間膜肥厚	Mesenteric thickening
腸間膜膿瘍	Mesenteric abscess
腸間膜血腫	Mesenteric haematoma
腹圧性排尿	Urinary straining
腹壁反跳痛	Abdominal rebound tenderness
腹壁新生物	Abdominal wall neoplasm
腹性片頭痛	Abdominal migraine
腹直筋離開	Diastasis recti abdominis
腹腔動脈瘤	Coeliac artery aneurysm
腹腔液検査	Peritoneal fluid analysis
腹膜垂切除	Epiploic appendage removal
腹膜皮膚瘻	Peritoneocutaneous fistula
腹膜線維症	Peritoneal fibrosis
腹部ブルイ	Abdominal bruit
腹部不快感	Abdominal discomfort
腹部創離開	Abdominal wound dehiscence
腹部敗血症	Abdominal sepsis
腹部新生物	Abdominal neoplasm
腺性膀胱炎	Cystitis glandularis
腺様嚢胞癌	Adenoid cystic carcinoma
膀胱不快感	Bladder discomfort
膀胱壁肥厚	Bladder hypertrophy
膀胱尿道瘻	Vesicourethral fistula
膀胱憩室炎	Bladder diverticulitis
膀胱新生物	Bladder neoplasm
膀胱無形成	Bladder agenesis
膀胱異形成	Bladder dysplasia
膀胱瘤修復	Cystocele repair
膀胱瘻修復	Bladder fistula repair
膀胱瘻閉鎖	Cystostomy closure
膀胱白板症	Bladder leukoplakia
膀胱皮膚瘻	Vesicocutaneous fistula
膀胱線維症	Bladder fibrosis
膀胱肉芽腫	Bladder granuloma
膀胱静脈瘤	Urinary bladder varices
膝神経節炎	Geniculate ganglionitis
膝蓋骨置換	Patella replacement
膝蓋骨骨折	Patella fracture
膝関節変形	Knee deformity
膝関節形成	Knee arthroplasty
膠原性胃炎	Collagenous gastritis
膨大型腎盂	Ampullary renal pelvis
膵仮性嚢胞	Pancreatic pseudocyst
膵嚢胞破裂	Pancreatic cyst rupture
膵嚢胞腺癌	Cystadenocarcinoma pancreas
膵嚢胞腺腫	Pancreatic cystadenoma
膵島過形成	Pancreatic islets hyperplasia
膵性糖尿病	Pancreatogenous diabetes
膵生検正常	Biopsy pancreas normal
膵生検異常	Biopsy pancreas abnormal
膵脂肪変性	Pancreatic steatosis
膵腎症候群	Pancreatorenal syndrome
膵酵素増加	Pancreatic enzymes increased
膵酵素減少	Pancreatic enzymes decreased
膵酵素異常	Pancreatic enzyme abnormality
膿疱性ざ瘡	Acne pustular
膿疱性乾癬	Pustular psoriasis
膿疱性皮疹	Rash pustular
臍周囲膿瘍	Periumbilical abscess
臍帯敗血症	Umbilical sepsis
臍帯血栓症	Umbilical cord thrombosis
臓器提供者	Organ donor
自尊心低下	Self esteem decreased
自尊心肥大	Self esteem inflated
自殺の疑い	Suspected suicide
自然脾破裂	Spontaneous splenic rupture
興味の減少	Decreased interest
舌そう痒症	Tongue pruritus
舌ポリープ	Tongue polyp
舌下静脈瘤	Varicose veins sublingual
舌咽神経痛	Glossopharyngeal neuralgia
舌水疱形成	Tongue blistering
舌生検正常	Biopsy tongue normal
舌生検異常	Biopsy tongue abnormal
舌粘膜剥脱	Tongue exfoliation
舌色素沈着	Tongue pigmentation
良性中皮腫	Benign mesothelioma
良性奇形腫	Teratoma benign
良性新生物	Benign neoplasm
良性胸腺腫	Thymoma benign
良性脾腫瘍	Benign spleen tumour
良性髄膜腫	Meningioma benign
色素性痒疹	Prurigo pigmentosa
萎縮性舌炎	Atrophic glossitis
萎縮性鼻炎	Rhinitis atrophic
落屑緑内障	Exfoliation glaucoma
薬剤植込み	Drug implantation
薬物の解毒	Drug detoxification
薬物不耐性	Drug intolerance
薬物過敏症	Drug hypersensitivity
蘇生後脳症	Postresuscitation encephalopathy
虚偽性障害	Factitious disorder
虚血性壊死	Necrosis ischaemic
虚血性肝炎	Ischaemic hepatitis
虚血性胃炎	Ischaemic gastritis
虚血性脱髄	Ischaemic demyelination
虚血性腎症	Ischaemic nephropathy
虚血性膵炎	Ischaemic pancreatitis
虹彩新生物	Iris neoplasm
虹彩過誤腫	Iris hamartoma
虹彩黒色腫	Iris melanoma
蛋白不耐症	Protein intolerance
蛋白同化食	Anabolic diet
蛋白欠乏症	Protein deficiency
蝶形骨離開	Sphenoid bone dehiscence
蝸電図正常	Electrocochleogram normal
蝸電図異常	Electrocochleogram abnormal
蠕虫性肺炎	Pneumonia helminthic
蠕虫性胃炎	Gastritis helminthic
蠕虫性腸炎	Enterocolitis helminthic
蠕虫性膵炎	Pancreatitis helminthic
血中クロム	Blood chromium
血中金増加	Blood gold increased
血中鉄増加	Blood iron increased
血中鉄正常	Blood iron normal
血中鉄減少	Blood iron decreased
血中鉄異常	Blood iron abnormal
血中鉛増加	Blood lead increased
血中鉛正常	Blood lead normal
血中鉛減少	Blood lead decreased
血中鉛異常	Blood lead abnormal
血中銅増加	Blood copper increased
血中銅正常	Blood copper normal
血中銅減少	Blood copper decreased
血中銅異常	Blood copper abnormal
血中電解質	Blood electrolytes
血小板形態	Platelet morphology
血小板毒性	Platelet toxicity
血小板輸血	Platelet transfusion
血小板障害	Platelet disorder
血性分泌物	Bloody discharge
血栓性痔核	Haemorrhoids thrombosed
血栓症予防	Thrombosis prophylaxis
血液型検査	Blood grouping
血液浸透圧	Blood osmolarity
血液量増加	Blood volume expansion
血管内溶血	Intravascular haemolysis
血管内砕石	Intravascular lithotripsy
血管壁変色	Vascular wall discolouration
血管壁肥厚	Vascular wall hypertrophy
血管外溶血	Extravascular haemolysis
血管性脳症	Vascular encephalopathy
血管性頭痛	Vascular headache
血管拡張術	Vasodilation procedure
血管新生物	Vascular neoplasm
血管瘤修復	Aneurysm repair
血管石灰化	Vascular calcification
血管脆弱化	Vascular fragility
血管腫切除	Haemangioma removal
血管腫破裂	Haemangioma rupture
血管過誤腫	Hamartoma vascular
血行再建術	Revascularisation procedure
術後うつ病	Depression postoperative
術後創感染	Postoperative wound infection
術後精神病	Psychosis postoperative
術後腎不全	Postoperative renal failure
術後血栓症	Postoperative thrombosis
術後鎮痛法	Postoperative analgesia
術後高血圧	Postoperative hypertension
表皮下出血	Haemorrhage subepidermal
表皮水疱症	Epidermolysis bullosa
袖状胃切除	Sleeve gastrectomy
装具使用者	Orthosis user
補体欠損症	Complement deficiency disease
製品の偽造	Product counterfeit
製品の変造	Product tampering
製品の後味	Product after taste
製品の汚染	Product contamination
製品の混同	Product confusion
製品の異味	Product taste abnormal
製品の異臭	Product odour abnormal
製品の発火	Product caught fire
製品の苦情	Product complaint
製品リーク	Product leakage
製品不耐性	Product intolerance
製造の問題	Manufacturing issue
複合弁移植	Composite valve graft
褥瘡性潰瘍	Decubitus ulcer
視神経圧迫	Optic nerve compression
視神経手術	Optic nerve operation
視神経損傷	Optic nerve injury
視神経梗塞	Optic nerve infarction
視神経膠腫	Optic glioma
視神経萎縮	Optic atrophy
視神経障害	Optic nerve disorder
視空間障害	Visuospatial deficit
視覚性失認	Visual agnosia
視覚路損傷	Optic pathway injury
視覚路障害	Visual pathway disorder
視覚障害者	Sight disability
覚醒時幻覚	Hypnopompic hallucination
角膜びらん	Corneal erosion
角膜内皮炎	Corneal endotheliitis
角膜厚測定	Corneal pachymetry
角膜実質炎	Keratitis interstitial
角膜径増加	Corneal diameter increased
角膜径減少	Corneal diameter decreased
角膜擦過傷	Corneal abrasion
角膜沈着物	Corneal deposits
角膜白斑症	Corneal leukoplakia
角膜菲薄化	Corneal thinning
解離性健忘	Dissociative amnesia
解離性障害	Dissociative disorder
言語的虐待	Verbal abuse
記念日反応	Anniversary reaction
診断的吸引	Diagnostic aspiration
試験不合格	Failed examinations
試験的手術	Exploratory operation
誤った剤形	Wrong dosage form
誤った含量	Wrong strength
誤った患者	Wrong patient
誤った用量	Wrong dose
誤った経路	Wrong route
誤った薬剤	Wrong drug
誤った製剤	Wrong dosage formulation
誤った計画	Wrong schedule
誤った速度	Wrong rate
誤嚥性肺炎	Pneumonia aspiration
譫妄評価法	Confusion assessment method
豚コレラ菌	Salmonella enterica
貧血網膜症	Anaemic retinopathy
貨幣状湿疹	Eczema nummular
賠償神経症	Compensation neurosis
赤外線療法	Infrared therapy
赤痢菌感染	Gastroenteritis shigella
赤芽球形態	Erythroblast morphology
起立不耐性	Orthostatic intolerance
起立性頭痛	Orthostatic headache
起立時振戦	Orthostatic tremor
超音波療法	Ultrasound therapy
足底筋膜炎	Plantar fasciitis
足根三角骨	Os trigonum
足根管除圧	Tarsal tunnel decompression
足脈拍増加	Pedal pulse increased
足脈拍減少	Pedal pulse decreased
足脈拍異常	Pedal pulse abnormal
足関節変形	Ankle deformity
足関節形成	Ankle arthroplasty
足関節手術	Ankle operation
身体症状症	Somatic symptom disorder
身体的暴行	Physical assault
身体的虐待	Physical abuse
身体的診察	Physical examination
身体障害者	Physical disability
軟性下疳菌	Haemophilus ducreyi
軟骨新生物	Cartilage neoplasm
転換性障害	Conversion disorder
輪状後部癌	Postcricoid cancer
輸血後肝炎	Hepatitis post transfusion
逆流性胃炎	Reflux gastritis
逆流性腎症	Reflux nephropathy
逆睫毛除去	Ingrown eyelash removal
逆行性健忘	Retrograde amnesia
逆行性月経	Retrograde menstruation
逆説的乾癬	Paradoxical psoriasis
透析低血圧	Dialysis hypotension
透析膜反応	Dialysis membrane reaction
造影剤反応	Contrast media reaction
造影剤毒性	Contrast media toxicity
造影剤沈着	Contrast media deposition
造影剤脳症	Contrast encephalopathy
進行睡眠期	Advanced sleep phase
遅延睡眠期	Delayed sleep phase
遅発性喘息	Asthma late onset
遅発性発作	Tardive seizure
遊走性紅斑	Erythema migrans
遊離体除去	Loose body removal
遊離脂肪酸	Free fatty acids
運動性低下	Mobility decreased
過激な運動	Excessive exercise
適度な運動	Exercise adequate
適応外使用	Off label use
適用部位斑	Application site macule
適用部位臭	Application site odour
遺伝子変異	Gene mutation
遺伝子治療	Gene therapy
遺伝性膵炎	Hereditary pancreatitis
遺伝性障害	Hereditary disorder
遺伝的多型	Genetic polymorphism
遺残虫垂炎	Stump appendicitis
酢酸不耐症	Acetate intolerance
酵母-パン	Saccharomyces cerevisiae
酵母-分裂	Schizosaccharomyces
酸塩基平衡	Acid base balance
酸溶血試験	Acid haemolysin test
酸素化指数	Oxygenation index
酸素消費量	Oxygen consumption
酸素飽和度	Oxygen saturation
里吉症候群	Satoyoshi syndrome
重力性浮腫	Gravitational oedema
重金属増加	Heavy metal increased
重金属検査	Heavy metal test
重金属正常	Heavy metal normal
重金属減少	Heavy metal decreased
重金属異常	Heavy metal abnormal
鉄代謝障害	Iron metabolism disorder
銅代謝障害	Copper metabolism disorder
錯乱性覚醒	Confusional arousal
鎖骨上窩痛	Supraclavicular fossa pain
鎮痛剤濃度	Analgesic drug level
鎮静合併症	Sedation complication
門脈塞栓症	Portal vein embolism
門脈塞栓術	Portal vein embolisation
門脈線維症	Portal fibrosis
門脈膿血症	Portal pyaemia
門脈血栓症	Portal vein thrombosis
閉塞性排便	Obstructive defaecation
閉塞性腎症	Obstructive nephropathy
閉塞性膵炎	Obstructive pancreatitis
閉経後出血	Postmenopausal haemorrhage
閉経期ざ瘡	Menopausal acne
閉経期症状	Menopausal symptoms
閉経期障害	Menopausal disorder
間代性痙攣	Clonic convulsion
間欠性跛行	Intermittent claudication
間脳症候群	Diencephalic syndrome
関節ロック	Joint lock
関節不安定	Joint instability
関節包断裂	Joint capsule rupture
関節安定化	Joint stabilisation
関節新生物	Joint neoplasm
関節板障害	Articular disc disorder
関節沈着物	Joint deposit
関節滲出液	Joint effusion
関節石灰化	Articular calcification
関節過伸展	Joint hyperextension
関節面再建	Joint resurfacing surgery
限局性感染	Localised infection
限局性浮腫	Localised oedema
限局性筋炎	Focal myositis
除皮質姿勢	Decorticate posture
陰嚢の炎症	Scrotal inflammation
陰嚢びらん	Scrotum erosion
陰嚢不快感	Scrotal discomfort
陰嚢皮膚炎	Scrotal dermatitis
陰嚢蜂巣炎	Scrotal cellulitis
陰茎びらん	Penile erosion
陰茎不快感	Penile discomfort
陰茎再接合	Penis reattachment
陰茎分泌物	Penile discharge
陰茎弯曲症	Penile curvature
陰茎形成術	Penile modelling procedure
陰茎新生物	Penile neoplasm
陰茎灼熱感	Penile burning sensation
陰茎異形成	Penile dysplasia
陰茎皮膚炎	Penile dermatitis
陰茎血管腫	Penile haemangioma
陶器様胆嚢	Porcelain gallbladder
随伴性肺炎	Paracancerous pneumonia
集簇性ざ瘡	Acne conglobata
離脱症候群	Withdrawal syndrome
電撃性ざ瘡	Acne fulminans
電解質低下	Electrolyte depletion
電解質失調	Electrolyte imbalance
青色白内障	Cerulean cataract
静的肺活量	Slow vital capacity
静脈内流入	Venous intravasation
静脈再狭窄	Venous restenosis
静脈再疎通	Venous recanalisation
静脈動脈化	Venous arterialisation
静脈圧上昇	Venous pressure increased
静脈圧低下	Venous pressure decreased
静脈圧正常	Venous pressure normal
静脈圧異常	Venous pressure abnormal
静脈塞栓症	Embolism venous
静脈壁肥厚	Vein wall hypertrophy
静脈弁破裂	Venous valve ruptured
静脈拡張症	Varicose vein
静脈瘤手術	Varicose vein operation
静脈瘤破裂	Varicose vein ruptured
静脈血栓症	Venous thrombosis
非定型骨折	Atypical fracture
非対称殿溝	Asymmetric gluteal fold
非特異反応	Nonspecific reaction
非経口栄養	Parenteral nutrition
靱帯石灰化	Ligament calcification
頚動脈不全	Carotid artery insufficiency
頚動脈塞栓	Carotid arterial embolus
頚動脈形成	Carotid angioplasty
頚動脈狭窄	Carotid artery stenosis
頚動脈疾患	Carotid artery disease
頚動脈穿孔	Carotid artery perforation
頚動脈脈拍	Carotid pulse
頚動脈解離	Carotid artery dissection
頚動脈造影	Arteriogram carotid
頚動脈閉塞	Carotid artery occlusion
頚動脈雑音	Carotid bruit
頚原性頭痛	Cervicogenic headache
頚管無力症	Cervical incompetence
頚腕症候群	Cervicobrachial syndrome
頚部の圧挫	Neck crushing
頚部郭清術	Neck dissection
頚静脈出血	Jugular vein haemorrhage
頚静脈拡張	Jugular vein distension
頚静脈閉塞	Jugular vein occlusion
頬ポリープ	Buccal polyp
頬舌症候群	Buccoglossal syndrome
頬部スミア	Smear buccal
頬部形成術	Cheek augmentation
頭位性短頭	Postural brachycephaly
頭蓋内出血	Haemorrhage intracranial
頭蓋内感染	Intracranial infection
頭蓋内腫瘤	Intracranial mass
頭蓋内血腫	Intracranial haematoma
頭蓋底再建	Cranial base reconstruction
頭蓋底腫瘍	Skull base tumour
頭蓋底骨折	Skull fractured base
頭蓋筋膜炎	Cranial fasciitis
頭蓋骨骨折	Skull fracture
頭部不快感	Head discomfort
顆粒球異常	Granulocytes abnormal
顆粒細胞腫	Granular cell tumour
顎下腺腫大	Submaxillary gland enlargement
顎関節強直	Temporomandibular joint ankylosis
顎関節手術	Temporomandibular joint surgery
顎顔面手術	Maxillofacial operation
顔面の圧挫	Face crushing
顔面不快感	Facial discomfort
顔面神経炎	Facial nerve neuritis
顔面除皺術	Face lift
顔面非対称	Facial asymmetry
類上皮肉腫	Epithelioid sarcoma
風疹状皮疹	Rash rubelliform
食後低血圧	Postprandial hypotension
食後低血糖	Postprandial hypoglycaemia
食物不耐性	Food intolerance
食道不快感	Oesophageal discomfort
食道乳頭腫	Oesophageal papilloma
食道壁肥厚	Oesophageal wall hypertrophy
食道憩室炎	Diverticulitis oesophageal
食道拡張術	Oesophageal dilation procedure
食道新生物	Oesophageal neoplasm
食道異形成	Oesophageal dysplasia
食道瘻修復	Oesophageal fistula repair
食道白斑症	Leukoplakia oesophageal
食道線維症	Oesophageal fibrosis
食道縦隔瘻	Oesophagomediastinal fistula
食道胸腔瘻	Oesophagopleural fistula
食道過角化	Oesophageal hyperkeratosis
食道閉塞症	Oesophageal obstruction
食道静脈瘤	Varices oesophageal
香料過敏症	Perfume sensitivity
馬尾症候群	Cauda equina syndrome
駆出率正常	Ejection fraction normal
駆出率減少	Ejection fraction decreased
駆出率異常	Ejection fraction abnormal
骨の分断化	Bone fragmentation
骨クリーゼ	Bone crisis
骨スキャン	Bone scan
骨代謝障害	Bone metabolism disorder
骨内血管腫	Intraosseous angioma
骨内髄膜腫	Intraosseous meningioma
骨吸収亢進	Resorption bone increased
骨吸収低下	Resorption bone decreased
骨吸収試験	Bone resorption test
骨嚢腫切除	Bone cyst excision
骨外性骨化	Extraskeletal ossification
骨密度増加	Bone density increased
骨密度減少	Bone density decreased
骨密度異常	Bone density abnormal
骨幹端骨折	Metaphyseal corner fracture
骨形成亢進	Bone formation increased
骨形成低下	Bone formation decreased
骨形成試験	Bone formation test
骨成長刺激	Bone growth stimulation
骨格筋梅毒	Syphilis musculoskeletal
骨格筋酵素	Skeletal muscle enzymes
骨生検正常	Biopsy bone normal
骨生検異常	Biopsy bone abnormal
骨疾患治療	Osteopathic treatment
骨発育異常	Bone development abnormal
骨盤不快感	Pelvic discomfort
骨盤位分娩	Breech delivery
骨盤位牽出	Breech extraction
骨盤内出血	Pelvic haemorrhage
骨盤内嚢胞	Pelvic cyst
骨盤内感染	Pelvic infection
骨盤嚢造設	Pelvic pouch procedure
骨盤底修復	Pelvic floor repair
骨盤新生物	Pelvic neoplasm
骨盤液貯留	Pelvic fluid collection
骨盤癒着症	Pelvic adhesions
骨盤線維症	Pelvic fibrosis
骨盤静脈瘤	Varicose veins pelvic
骨盤骨損傷	Pelvic bone injury
骨膜下膿瘍	Subperiosteal abscess
骨色素過剰	Bone hyperpigmentation
骨軟骨欠損	Osteochondral defects
骨軟骨骨折	Osteochondral fracture
骨髄提供者	Bone marrow donor
骨髄様化生	Myeloid metaplasia
骨髄球存在	Myelocyte present
骨髄肉芽腫	Bone marrow granuloma
骨髄芽球数	Myeloblast count
骨髄過形成	Marrow hyperplasia
髄腔内注射	Intrathecal injection
髄膜新生物	Meningeal neoplasm
髄膜瘤修復	Meningocele repair
髄膜腫手術	Meningioma surgery
髄鞘内浮腫	Intramyelinic oedema
髄鞘化遅延	Delayed myelination
高年初妊婦	Elderly primigravida
鬚髯毛包炎	Folliculitis barbae
鰓弓症候群	Branchiogenic syndrome
鹿角状結石	Stag horn calculus
麻疹後失明	Post measles blindness
麻疹性肺炎	Pneumonia measles
麻疹様発疹	Rash morbilliform
麻痺性兎眼	Paralytic lagophthalmos
麻酔前投薬	Anaesthetic premedication
麻酔合併症	Anaesthetic complication
黄斑低形成	Macular hypoplasia
黄斑偽円孔	Macular pseudohole
黄斑線維症	Macular fibrosis
黄斑部混濁	Macular opacity
黄斑部瘢痕	Macular scar
黒色表皮腫	Acanthosis nigricans
鼓室内注入	Intratympanic injection
鼓室髄膜裂	Tympanomeningeal fissure
鼡径肉芽腫	Granuloma inguinale
鼡径部感染	Groin infection
鼡径部腫瘤	Inguinal mass
鼡径部膿瘍	Groin abscess
鼻そう痒症	Nasal pruritus
鼻の横じわ	Nasal crease
鼻ヘルペス	Nasal herpes
鼻中隔弯曲	Nasal septum deviation
鼻中隔手術	Nasal septal operation
鼻中隔潰瘍	Nasal septum ulceration
鼻中隔穿孔	Nasal septum perforation
鼻中隔血腫	Nasal septum haematoma
鼻中隔障害	Nasal septum disorder
鼻咽腔閉鎖	Nasopharyngeal atresia
鼻唇溝消失	Decreased nasolabial fold
鼻嚢胞切除	Nasal cyst removal
鼻甲介異常	Nasal turbinate abnormality
鼻甲介肥大	Nasal turbinate hypertrophy
鼻疽菌感染	Burkholderia mallei infection
鼻粘膜変色	Nasal mucosal discolouration
鼻粘膜潰瘍	Nasal mucosal ulcer
鼻粘膜生検	Nasal mucosa biopsy
鼻粘膜肥厚	Nasal mucosal hypertrophy
鼻粘膜萎縮	Nasal mucosa atrophy
鼻粘膜障害	Nasal mucosal disorder
鼻腔内瘢痕	Intranasal scarring
鼻部不快感	Nasal discomfort
Ｒｈ不適合	Rhesus incompatibility
いちご舌	Strawberry tongue
こうじ菌	Aspergillus oryzae
ろう屈症	Waxy flexibility
アブラナ	Brassica rapa
イタドリ	Fallopia japonica
イチョウ	Ginkgo biloba
イヌ回虫	Toxocara canis
イノシシ	Sus scrofa
イノンド	Anethum graveolens
ウコギ属	Eleutherococcus
ウシ結核	Bovine tuberculosis
オレンジ	Citrus sinensis
カゼイ菌	Lacticaseibacillus casei
ガス中毒	Gas poisoning
ガス壊疽	Gas gangrene
キアリ網	Chiari network
キシレラ	Xylella
キュウリ	Cucumis sativus
キンゲラ	Kingella
ギンザケ	Oncorhynchus kisutch
クスノキ	Cinnamomum camphora
クロレラ	Chlorella
ケトン食	Ketogenic diet
コア減圧	Core decompression
コカイン	Cocaine
コショウ	Piper nigrum
コレラ菌	Vibrio cholerae
コロハ属	Trigonella
ショウガ	Zingiber officinale
ジベレラ	Gibberella
センダン	Melia azedarach
ソラマメ	Vicia faba
タンジン	Salvia miltiorrhiza
ダニ除去	Tick removal
ダニ麻痺	Tick paralysis
チコリー	Cichorium intybus
チフス菌	Salmonella typhi
チモテ菌	Mycobacterium phlei
チャノキ	Camellia sinensis
チリダニ	Dermatophagoides sp House dust mite IgE Ab
デング熱	Dengue fever
ナズナ属	Capsella
ニジマス	Oncorhynchus mykiss
ニンジン	Daucus carota
ノミ寄生	Flea infestation
ヒゲカビ	Phycomyces
ブタ回虫	Ascaris suum
ブルセラ	Brucella
ペスト菌	Yersinia pestis
ページ腎	Page kidney
ホウキギ	Bassia scoparia
ボタン熱	Boutonneuse fever
マズレラ	Madurella
モリテラ	Moritella
ヤウポン	Ilex vomitoria
ヤドリギ	Viscum album
ライム病	Lyme disease
ラッサ熱	Lassa fever
ラーネラ	Rahnella
リンパ瘻	Lymphatic fistula
一次伝播	Primary transmission
万華鏡視	Kaleidoscope vision
上咽頭癌	Nasopharyngeal cancer
上肢骨折	Upper limb fracture
上腹部痛	Abdominal pain upper
下咽頭癌	Hypopharyngeal cancer
下痢予防	Prophylaxis against diarrhoea
下肢切断	Leg amputation
下肢骨折	Lower limb fracture
下腹部痛	Abdominal pain lower
下顎腫瘤	Mandibular mass
不全流産	Abortion incomplete
不安障害	Anxiety disorder
両耳難聴	Deafness bilateral
中和抗体	Neutralising antibodies
中咽頭癌	Oropharyngeal cancer
乗物酔い	Motion sickness
乳び指数	Lipaemic index score
乳児下痢	Infantile diarrhoea
乳児仙痛	Infantile colic
乳児吐出	Infantile spitting up
乳児嘔吐	Infantile vomiting
乳児湿疹	Eczema infantile
乳児鎮静	Infant sedation
乳房出血	Breast haemorrhage
乳房分泌	Breast discharge
乳房嚢胞	Breast cyst
乳房圧痛	Breast tenderness
乳房壊死	Breast necrosis
乳房変色	Breast discolouration
乳房奇形	Breast malformation
乳房形成	Breast reconstruction
乳房手術	Breast operation
乳房損傷	Breast injury
乳房欠損	Breast absent
乳房浮腫	Breast oedema
乳房炎症	Breast inflammation
乳房生検	Biopsy breast
乳房硬結	Breast induration
乳房肉腫	Breast sarcoma
乳房腫大	Breast enlargement
乳房腫瘤	Breast mass
乳房腫脹	Breast swelling
乳房膿瘍	Breast abscess
乳房萎縮	Breast atrophy
乳房血腫	Breast haematoma
乳房障害	Breast disorder
乳状血清	Lactescent serum
乳管切除	Mammary ductectomy
乳腺結核	Mammary tuberculosis
乳腺腺腫	Breast adenoma
乳酸桿菌	Lactobacillus
乳頭切除	Nipple resection
乳頭感染	Nipple infection
乳頭浮腫	Nipple oedema
乳頭肥大	Nipple enlargement
乳頭腫脹	Nipple swelling
乳頭障害	Nipple disorder
乾性壊疽	Dry gangrene
予後不良	Poor prognosis
予期不安	Anticipatory anxiety
予防手術	Preventive surgery
二分尿管	Bifid ureter
二分脊椎	Spina bifida
二次伝播	Secondary transmission
二重胎盤	Placenta duplex
亜硝酸菌	Nitrosomonas
亜鉛欠乏	Zinc deficiency
交換輸血	Exchange blood transfusion
交通事故	Road traffic accident
人工授精	Artificial insemination
人工流産	Abortion induced
人格変化	Personality change
介助分娩	Assisted delivery
介助自殺	Assisted suicide
仙骨骨折	Fractured sacrum
代謝障害	Metabolic disorder
企図振戦	Intention tremor
会話障害	Speech disorder
会陰刺激	Perineum stimulation
会陰嚢胞	Perineal cyst
会陰壊死	Perineal necrosis
会陰感染	Perineal infection
会陰手術	Perineal operation
会陰損傷	Perineal injury
会陰潰瘍	Perineal ulceration
会陰発疹	Perineal rash
会陰硬結	Perineal induration
会陰紅斑	Perineal erythema
会陰腫脹	Perineal swelling
会陰膿瘍	Perineal abscess
会陰血腫	Perineal haematoma
会陰障害	Perineal disorder
伝導障害	Conduction disorder
伝音難聴	Conductive deafness
低体温法	Therapeutic hypothermia
低温損傷	Cold burn
体位療法	Positional therapy
体内異物	Foreign body
体外受精	In vitro fertilisation
体外循環	Extracorporeal circulation
体幹損傷	Trunk injury
体感幻覚	Somatic hallucination
体液検査	Body fluid analysis
体液貯留	Fluid retention
体温低下	Body temperature decreased
体温変動	Body temperature fluctuation
体温正常	Body temperature normal
体温異常	Body temperature abnormal
体茎異常	Body stalk anomaly
体表面積	Body surface area
体調不良	Physical deconditioning
体部白癬	Body tinea
体重増加	Weight increased
体重変動	Weight fluctuation
体重正常	Weight normal
体重減少	Weight decreased
体重異常	Weight abnormal
体重管理	Weight control
余命短縮	Life expectancy shortened
作業療法	Occupational therapy
使用行動	Utilisation behaviour
侵入思考	Intrusive thoughts
便意切迫	Defaecation urgency
便秘予防	Constipation prophylaxis
便量増加	Faecal volume increased
便量減少	Faecal volume decreased
個人衛生	Personal hygiene
偏心固視	Eccentric fixation
健忘障害	Amnestic disorder
側副血行	Collateral circulation
側腹部痛	Flank pain
偽結核菌	Yersinia pseudotuberculosis
傾斜試験	Tilt table test
先天梅毒	Congenital syphilis
先天異常	Foetal malformation
光沢苔癬	Lichen nitidus
光線痒疹	Actinic prurigo
免疫反応	Immunisation reaction
全血球数	Full blood count
全身毒性	Systemic toxicity
全身症状	General symptom
全身麻酔	General anaesthesia
内包梗塞	Internal capsule infarction
内臓損傷	Internal injury
内臓浮腫	Visceral oedema
再発乳癌	Breast cancer recurrent
再発肝癌	Hepatic cancer recurrent
再発胃癌	Gastric cancer recurrent
再発腎癌	Renal cancer recurrent
再発腟癌	Vaginal cancer recurrent
再発膵癌	Pancreatic carcinoma recurrent
再発舌癌	Tongue cancer recurrent
冠動脈炎	Arteritis coronary
冠動脈瘤	Coronary artery aneurysm
冷却療法	Cooling therapy
凝固因子	Coagulation factor
凝固時間	Coagulation time
凝固検査	Coagulation test
凝集試験	Agglutination test
処置中止	Procedure aborted
出血予防	Haemorrhage prophylaxis
出血時間	Bleeding time
分娩停止	Obstructed labour
分娩誘発	Labour induction
切迫早産	Premature labour
切迫流産	Abortion threatened
切開排膿	Incisional drainage
利尿療法	Diuretic therapy
刺青切除	Tattoo excision
前位肛門	Anterior displaced anus
前嚢収縮	Anterior capsule contraction
前嚢混濁	Anterior capsule opacification
前嚢破裂	Anterior capsular rupture
前庭眼振	Vestibular nystagmus
前庭虚血	Vestibular ischaemia
前庭障害	Vestibular disorder
前房虚脱	Anterior chamber collapse
前癌状態	Precancerous condition
前立腺痛	Prostatic pain
前立腺癌	Prostate cancer
前置胎盤	Placenta praevia
前置血管	Vasa praevia
前腕骨折	Forearm fracture
剥離骨折	Avulsion fracture
副唾液腺	Accessory salivary gland
副手根骨	Accessory carpal bone
副腎全摘	Total adrenalectomy
副腎出血	Adrenal haemorrhage
副腎嚢胞	Adrenal cyst
副腎手術	Adrenal gland operation
副腎抑制	Adrenal suppression
副腎損傷	Adrenal gland injury
副腎梗塞	Adrenal infarction
副腎生検	Biopsy adrenal gland
副腎結核	Adrenal gland tuberculosis
副腎腫瘤	Adrenal mass
副腎腺腫	Adrenal adenoma
副腎膿瘍	Adrenal gland abscess
副腎萎縮	Adrenal atrophy
副腎血腫	Adrenal haematoma
副腎障害	Adrenal disorder
副鼻腔痛	Sinus pain
副鼻腔癌	Nasal sinus cancer
創傷出血	Wound haemorrhage
創傷培養	Culture wound
創傷感染	Wound infection
創傷汚染	Wound contamination
創傷治療	Wound treatment
創傷血腫	Wound haematoma
創傷閉鎖	Wound closure
創合併症	Wound complication
創部分泌	Wound secretion
創部膿瘍	Wound abscess
劇症肝炎	Hepatitis fulminant
勃起不全	Erectile dysfunction
勃起増強	Erection increased
動物咬傷	Animal bite
動脈不全	Arterial insufficiency
動脈修復	Arterial repair
動脈出血	Arterial haemorrhage
動脈形成	Arterial angioplasty
動脈損傷	Arterial injury
動脈攣縮	Arterial spasm
動脈狭窄	Arterial stenosis
動脈生検	Biopsy artery
動脈破裂	Arterial rupture
動脈穿刺	Arterial puncture
動脈穿孔	Arterial perforation
動脈結紮	Arterial ligation
動脈解離	Artery dissection
動脈障害	Arterial disorder
動脈雑音	Arterial bruit
動静脈瘤	Aneurysm arteriovenous
動静脈瘻	Arteriovenous fistula
包皮小帯	Frenulum breve
包皮浮腫	Foreskin oedema
化学熱傷	Chemical burn
医療処置	Medical procedure
単包条虫	Echinococcus granulosus
単核球数	Mononuclear cell count
単球形態	Monocyte morphology
単芽球数	Monoblast count
卵巣修復	Ovarian repair
卵巣出血	Ovarian haemorrhage
卵巣嚢胞	Ovarian cyst
卵巣壊死	Ovarian necrosis
卵巣手術	Ovarian operation
卵巣損傷	Ovarian injury
卵巣浮腫	Ovarian oedema
卵巣生検	Biopsy ovary
卵巣癒着	Ovarian adhesion
卵巣破裂	Ovarian rupture
卵巣穿孔	Ovarian perforation
卵巣腫大	Ovarian enlargement
卵巣腫瘤	Ovarian mass
卵巣腺腫	Ovarian adenoma
卵巣膿瘍	Ovarian abscess
卵巣萎縮	Ovarian atrophy
卵巣血腫	Ovarian haematoma
卵巣障害	Ovarian disorder
卵管嚢胞	Fallopian tube cyst
卵管壊死	Fallopian tube necrosis
卵管手術	Fallopian tube operation
卵管狭窄	Fallopian tube stenosis
卵管生検	Biopsy fallopian tube
卵管痙攣	Fallopian tube spasm
卵管癒着	Fallopian tube adhesion
卵管破裂	Tubal rupture
卵管穿孔	Fallopian tube perforation
卵管腫大	Fallopian tube enlargement
卵管膿瘍	Fallopian tube abscess
卵管閉塞	Fallopian tube obstruction
卵管障害	Fallopian tube disorder
厚膜嚢菌	Blastocladiella
原虫感染	Infection protozoal
双胎妊娠	Twin pregnancy
双胎懸鉤	Locked twins
反射異常	Reflexes abnormal
反射試験	Reflex test
反復言語	Repetitive speech
受動喫煙	Passive smoking
口内丘疹	Oral papule
口唇修復	Lip repair
口唇出血	Lip haemorrhage
口唇切除	Lip resection
口唇変色	Lip discolouration
口唇感染	Lip infection
口唇手術	Lip operation
口唇損傷	Lip injury
口唇水疱	Lip blister
口唇浮腫	Lip oedema
口唇潰瘍	Lip ulceration
口唇痂皮	Lip scab
口唇紅斑	Lip erythema
口唇腫脹	Lip swelling
口唇血腫	Lip haematoma
口唇障害	Lip disorder
口腔内斑	Oral macule
口腔内痛	Oral pain
口腔嚢胞	Mouth cyst
口腔感染	Oral infection
口腔手術	Oral surgery
口腔挫傷	Oral contusion
口腔浮腫	Oedema mouth
口腔熱傷	Burn oral cavity
口腔結核	Oral tuberculosis
口腔腫脹	Mouth swelling
口腔膿疱	Oral pustule
口腔膿瘍	Abscess oral
口腔障害	Oral disorder
口蓋垂裂	Cleft uvula
口蓋手術	Palatal operation
口蓋損傷	Palate injury
口蓋浮腫	Palatal oedema
口蓋潰瘍	Palatal ulcer
口蓋生検	Biopsy palate
口蓋穿孔	Palatal perforation
口蓋腫脹	Palatal swelling
口蓋虚脱	Palatal prolapse
口蓋障害	Palatal disorder
口蓋麻痺	Palatal palsy
右室不全	Right ventricular failure
右室拡大	Right ventricular enlargement
右室拡張	Right ventricular dilatation
右室造影	Cardiac ventriculogram right
右室隆起	Right ventricular heave
右房拡大	Right atrial enlargement
右房拡張	Right atrial dilatation
右房肥大	Right atrial hypertrophy
含嗽療法	Therapeutic gargle
吸入療法	Inhalation therapy
吸引分娩	Vacuum extractor delivery
吸引治療	Therapeutic aspiration
吸虫感染	Trematode infection
吸角療法	Cupping therapy
味覚障害	Taste disorder
呼吸不全	Respiratory failure
呼吸停止	Respiratory arrest
呼吸抑制	Respiratory depression
呼吸異常	Respiration abnormal
呼吸療法	Respiratory therapy
呼吸窮迫	Respiratory distress
呼吸障害	Respiratory disorder
呼吸麻痺	Respiratory paralysis
呼気延長	Prolonged expiration
咀嚼障害	Mastication disorder
咬傷感染	Infected bite
咬合調整	Occlusal adjustment
咳嗽減少	Cough decreased
咽喉乾燥	Dry throat
咽頭再建	Pharyngeal reconstruction
咽頭出血	Pharyngeal haemorrhage
咽頭嚢腫	Pharyngeal cyst
咽頭培養	Culture throat
咽頭壊死	Pharyngeal necrosis
咽頭手術	Pharyngeal operation
咽頭挫傷	Pharyngeal contusion
咽頭損傷	Pharyngeal injury
咽頭浮腫	Pharyngeal oedema
咽頭潰瘍	Pharyngeal ulceration
咽頭狭窄	Pharyngeal stenosis
咽頭生検	Biopsy pharynx
咽頭病変	Throat lesion
咽頭穿孔	Pharyngeal perforation
咽頭紅斑	Pharyngeal erythema
咽頭肥大	Pharyngeal hypertrophy
咽頭腫瘤	Pharyngeal mass
咽頭腫脹	Pharyngeal swelling
咽頭膿疱	Pharyngeal pustule
咽頭膿瘍	Pharyngeal abscess
咽頭血腫	Pharyngeal haematoma
咽頭障害	Pharyngeal disorder
唾液変性	Saliva altered
唾液変色	Saliva discolouration
唾液検査	Saliva analysis
唾液腺痛	Salivary gland pain
唾液腺瘻	Salivary gland fistula
唾液腺癌	Salivary gland cancer
唾液腺腫	Salivary gland adenoma
喀痰培養	Sputum culture
喀痰増加	Sputum increased
喀痰検査	Sputum test
喀痰正常	Sputum normal
喀痰減少	Sputum decreased
喀痰異常	Sputum abnormal
喉頭出血	Laryngeal haemorrhage
喉頭嚢腫	Laryngeal cyst
喉頭壊死	Laryngeal necrosis
喉頭手術	Laryngeal operation
喉頭振戦	Laryngeal tremor
喉頭損傷	Laryngeal injury
喉頭浮腫	Laryngeal oedema
喉頭浸潤	Laryngeal infiltration
喉頭潰瘍	Laryngeal ulceration
喉頭狭窄	Laryngeal stenosis
喉頭生検	Biopsy larynx
喉頭紅斑	Laryngeal erythema
喉頭肥大	Laryngeal hypertrophy
喉頭腫瘤	Laryngeal mass
喉頭萎縮	Laryngeal atrophy
喉頭蓋癌	Epiglottic cancer
喉頭血腫	Laryngeal haematoma
喉頭閉塞	Laryngeal obstruction
喉頭障害	Laryngeal disorder
喘息予防	Asthma prophylaxis
嗅覚検査	Olfactory test
嗅覚障害	Olfactory dysfunction
嚢胞切除	Cyst removal
嚢胞吸引	Cyst aspiration
嚢胞破裂	Cyst rupture
嚥下検査	Swallow study
四肢固定	Limb immobilisation
四肢壊死	Extremity necrosis
四肢手術	Limb operation
四肢拘縮	Extremity contracture
四肢損傷	Limb injury
四肢腫瘤	Limb mass
四肢膿瘍	Abscess limb
四肢骨折	Limb fracture
回腸壊疽	Ileal gangrene
回腸手術	Ileal operation
回腸潰瘍	Ileal ulcer
回腸狭窄	Ileal stenosis
回腸穿孔	Ileal perforation
固定包帯	Immobilisation bandage
固定瞳孔	Pupil fixed
圧迫骨折	Compression fracture
在宅ケア	Home care
地図状舌	Tongue geographic
垂直距骨	Vertical talus
培養陰性	Culture negative
培養陽性	Culture positive
増量投与	Increased dose administered
壊死桿菌	Fusobacterium necrophorum
声帯出血	Vocal cord haemorrhage
声帯切除	Vocal cordectomy
声帯嚢胞	Vocal cord cyst
声帯手術	Vocal cord operation
声帯溝症	Sulcus vocalis
声帯生検	Biopsy vocal cord
声帯瘢痕	Vocal cord scarring
声帯紅斑	Vocal cord erythema
声帯肥厚	Vocal cord thickening
声帯萎縮	Vocal cord atrophy
声帯障害	Vocal cord disorder
声帯麻痺	Vocal cord paralysis
変色吐物	Discoloured vomit
外傷疼痛	Traumatic pain
外回転術	External cephalic version
外国旅行	Foreign travel
外来血圧	Blood pressure ambulatory
外水頭症	External hydrocephalus
外膜嚢腫	Adventitial cystic disease
外陰嚢胞	Vulva cyst
外陰浮腫	Vulval oedema
外陰生検	Biopsy vulva
外陰腟痛	Vulvovaginal pain
外陰血腫	Vulval haematoma
外陰部癌	Vulval cancer
多剤療法	Multiple drug therapy
多包条虫	Echinococcus multilocularis
多幸気分	Euphoric mood
多形紅斑	Erythema multiforme
多発骨折	Multiple fractures
多胎妊娠	Multiple pregnancy
多血顔貌	Plethoric face
夢幻状態	Dreamy state
大うつ病	Major depression
大動脈瘤	Aortic aneurysm
大槽穿刺	Cisternal puncture
大網出血	Omental haemorrhage
大網壊死	Omental necrosis
大網捻転	Omental torsion
大網梗塞	Omental infarction
大網浮腫	Omental oedema
大網被覆	Omental patching
大脳萎縮	Cerebral atrophy
大脳障害	Cerebral disorder
大腸出血	Large intestinal haemorrhage
大腸吻合	Large intestine anastomosis
大腸感染	Large intestine infection
大腸手術	Large intestine operation
大腸潰瘍	Large intestinal ulcer
大腸狭窄	Large intestinal stenosis
大腸穿孔	Large intestine perforation
大腸閉塞	Large intestinal obstruction
奇胎流産	Molar abortion
奇静脈葉	Azygos lobe
女性乳癌	Breast cancer female
女性水瘤	Hydrocele female
好中球数	Neutrophil count
好酸球数	Eosinophil count
妄想知覚	Delusional perception
妊娠中期	Second trimester pregnancy
妊娠前期	First trimester pregnancy
妊娠反応	Pregnancy test
妊娠後期	Third trimester pregnancy
妊娠悪阻	Hyperemesis gravidarum
妊娠流産	Aborted pregnancy
妊娠浮腫	Gestational oedema
妊娠糖尿	Glycosuria during pregnancy
妊婦管理	Prenatal care
姿勢異常	Posture abnormal
嫉妬妄想	Jealous delusion
子宮修復	Uterine repair
子宮出血	Uterine haemorrhage
子宮嚢胞	Uterine cyst
子宮圧痛	Uterine tenderness
子宮壊死	Uterine necrosis
子宮弛緩	Uterine atony
子宮感染	Uterine infection
子宮憩室	Uterine diverticulum
子宮手術	Uterine operation
子宮損傷	Uterine injury
子宮洗浄	Uterine irrigation
子宮狭窄	Uterine stenosis
子宮生検	Biopsy uterus
子宮痙攣	Uterine spasm
子宮瘢痕	Uterine scar
子宮癒着	Uterine adhesions
子宮破裂	Uterine rupture
子宮穿孔	Uterine perforation
子宮肉腫	Sarcoma uterus
子宮肥大	Uterine enlargement
子宮腟脱	Uterovaginal prolapse
子宮腫瘤	Uterine mass
子宮膿瘍	Uterine abscess
子宮萎縮	Uterine atrophy
子宮虚血	Uterine ischaemia
子宮血腫	Uterine haematoma
子宮過敏	Uterine irritability
子宮閉塞	Uterine obstruction
子宮障害	Uterine disorder
子宮離開	Uterine dehiscence
学習障害	Learning disorder
安静療法	Rest regimen
完全流産	Abortion complete
対症療法	Symptomatic treatment
射精不能	Ejaculation failure
射精遅延	Ejaculation delayed
射精障害	Ejaculation disorder
小児喘息	Childhood asthma
小形条虫	Hymenolepis nana
小細胞癌	Small cell carcinoma
小脳出血	Cerebellar haemorrhage
小脳卒中	Cerebellar stroke
小脳嚢胞	Cerebellar cyst
小脳梗塞	Cerebellar infarction
小脳腫瘍	Cerebellar tumour
小脳萎縮	Cerebellar atrophy
小脳虚血	Cerebellar ischaemia
小脳血腫	Cerebellar haematoma
小腸出血	Small intestinal haemorrhage
小腸切除	Small intestinal resection
小腸吻合	Small intestinal anastomosis
小腸壊疽	Small intestine gangrene
小腸手術	Small intestine operation
小腸潰瘍	Small intestine ulcer
小腸狭窄	Small intestinal stenosis
小腸生検	Biopsy small intestine
小腸移植	Small intestine transplant
小腸穿孔	Small intestinal perforation
小腸腺癌	Small intestine adenocarcinoma
小腸閉塞	Small intestinal obstruction
尺骨骨折	Ulna fracture
尾骨骨折	Fractured coccyx
尿中リン	Urine phosphorus
尿中乳酸	Urine lactic acid
尿中亜鉛	Urine zinc
尿中尿素	Urea urine
尿中尿酸	Urine uric acid
尿中水銀	Urine mercury
尿中砒素	Urine arsenic
尿中窒素	Urine nitrogen
尿性腹水	Urinary ascites
尿意切迫	Micturition urgency
尿毒症臭	Uraemia odour
尿浸透圧	Urine osmolarity
尿管修復	Ureteric repair
尿管出血	Ureteric haemorrhage
尿管嚢胞	Ureteral cyst
尿管圧迫	Ureteric compression
尿管壊死	Ureteral necrosis
尿管憩室	Ureteral diverticulum
尿管手術	Ureteric operation
尿管損傷	Ureteric injury
尿管攣縮	Ureteral spasm
尿管狭窄	Ureteric stenosis
尿管生検	Ureter biopsy
尿管破裂	Ureteric rupture
尿管穿孔	Ureteric perforation
尿管結核	Tuberculosis ureter
尿管結紮	Ureter ligation
尿管置換	Ureteral replacement
尿管膿瘍	Ureter abscess
尿管閉塞	Ureteric obstruction
尿管閉鎖	Ureteric atresia
尿管障害	Ureteral disorder
尿粘稠度	Urine viscosity
尿細胞診	Urine cytology
尿臭異常	Urine odour abnormal
尿路出血	Haemorrhage urinary tract
尿路奇形	Urinary tract malformation
尿路感染	Urinary tract infection
尿路手術	Urinary tract operation
尿路損傷	Urinary tract injury
尿路毒性	Urinary tract toxicity
尿路画像	Urinary tract imaging
尿路痙攣	Urinary tract spasm
尿路癒着	Urinary tract adhesions
尿路結石	Calculus urinary
尿路膿瘍	Urinary tract abscess
尿路閉塞	Urinary tract obstruction
尿路障害	Urinary tract disorder
尿道よう	Urethral carbuncle
尿道修復	Urethral repair
尿道出血	Urethral haemorrhage
尿道嚢胞	Urethral cyst
尿道壊死	Urethral necrosis
尿道手術	Urethral operation
尿道拡張	Urethral dilatation
尿道損傷	Urethral injury
尿道潰瘍	Urethral ulcer
尿道狭窄	Urethral stenosis
尿道生検	Biopsy urethra
尿道痙攣	Urethral spasm
尿道穿孔	Urethral perforation
尿道結石	Calculus urethral
尿道腺腫	Urethral adenoma
尿道膿瘍	Urethral abscess
尿道萎縮	Urethral atrophy
尿道閉塞	Urethral obstruction
尿道閉鎖	Urethral atresia
尿道障害	Urethral disorder
尿酸腎症	Urate nephropathy
尿量増加	Urine output increased
尿量変動	Urine output fluctuation
尿量減少	Urine output decreased
局所反応	Local reaction
局所麻酔	Local anaesthesia
屈折弱視	Refractive amblyopia
屈折障害	Refraction disorder
嵌入骨折	Impacted fracture
左室不全	Left ventricular failure
左室拡大	Left ventricular enlargement
左室拡張	Left ventricular dilatation
左室造影	Cardiac ventriculogram left
左室隆起	Left ventricular heave
左房拡大	Left atrial enlargement
左房拡張	Left atrial dilatation
市中感染	Community acquired infection
希望退職	Voluntary redundancy
帝王切開	Caesarean section
帯状疱疹	Herpes zoster
干渉療法	Interferential therapy
平衡障害	Balance disorder
幽門再建	Pylorus reconstruction
幽門拡張	Pylorus dilatation
幽門狭窄	Pyloric stenosis
幽門膿瘍	Pyloric abscess
弁圧較差	Transvalvular pressure gradient
弯曲手根	Carpus curvus
弯足矯正	Talipes correction
弱視治療	Amblyopia therapy
強直肢位	Tonic posturing
強膜充血	Scleral hyperaemia
強膜出血	Scleral haemorrhage
強膜嚢胞	Scleral cyst
強膜変性	Scleral degeneration
強膜変色	Scleral discolouration
強膜手術	Scleral operation
強膜浮腫	Scleral oedema
強膜生検	Biopsy sclera
強膜移植	Scleral graft
強膜血腫	Scleral haematoma
強膜障害	Scleral disorder
強迫洗手	Compulsive handwashing
強迫観念	Obsessive thoughts
形成手術	Plastic surgery
形成腟痛	Neovaginal pain
形成腟瘻	Neovaginal fistula
形成腟脱	Neovaginal prolapse
後嚢破裂	Posterior capsule rupture
後期流産	Abortion late
後腹膜癌	Retroperitoneal cancer
循環虚脱	Peripheral circulatory failure
心不快感	Cardiac discomfort
心奇形腫	Cardiac teratoma
心室不全	Ventricular failure
心室内径	Ventricular internal diameter
心室憩室	Cardiac ventricular diverticulum
心室拡大	Ventricular enlargement
心室拡張	Dilatation ventricular
心室瘢痕	Cardiac ventricular scarring
心室破裂	Ventricle rupture
心室粗動	Ventricular flutter
心室細動	Ventricular fibrillation
心室肥大	Ventricular hypertrophy
心室造影	Cardiac ventriculogram
心室障害	Cardiac ventricular disorder
心房拡大	Atrial enlargement
心房拡張	Dilatation atrial
心房破裂	Atrial rupture
心房粗動	Atrial flutter
心房細動	Atrial fibrillation
心房肥大	Atrial hypertrophy
心房静止	Sinus arrest
心房頻脈	Atrial tachycardia
心拍出量	Cardiac output
心的外傷	Psychological trauma
心突然死	Sudden cardiac death
心筋出血	Myocardial haemorrhage
心筋壊死	Myocardial necrosis
心筋抑制	Myocardial depression
心筋損傷	Myocardial injury
心筋断裂	Myocardial rupture
心筋梗塞	Myocardial infarction
心筋浮腫	Myocardial oedema
心筋膿瘍	Myocardiac abscess
心筋虚血	Myocardial ischaemia
心線維腫	Cardiac fibroma
心耳切除	Atrial appendage resection
心耳閉鎖	Atrial appendage closure
心肉芽腫	Cardiac granuloma
心肺不全	Cardiopulmonary failure
心胸郭比	Cardiothoracic ratio
心膜修復	Pericardial repair
心膜切除	Pericardial excision
心膜嚢胞	Pericardial cyst
心膜手術	Pericardial operation
心膜損傷	Pericardial injury
心膜生検	Biopsy pericardium
心膜疾患	Pericardial disease
心膜破裂	Pericardial rupture
心膜穿孔	Pericardial perforation
心膜腫瘤	Pericardial mass
心臓手術	Cardiac operation
心臓挫傷	Cardiac contusion
心臓振盪	Commotio cordis
心臓生検	Biopsy heart
心臓移植	Heart transplant
心臓転位	Ectopia cordis
心鉄過剰	Cardiac iron overload
心音正常	Heart sounds normal
心音異常	Heart sounds abnormal
思考伝播	Thought broadcasting
思考吹入	Thought insertion
思考奪取	Thought withdrawal
思考異常	Thinking abnormal
思考途絶	Thought blocking
急性肝炎	Hepatitis acute
急性腹症	Acute abdomen
急性膵炎	Pancreatitis acute
急性近視	Acute myopia
性交出血	Coital bleeding
性別違和	Gender dysphoria
性器出血	Genital haemorrhage
性器変色	Genital discolouration
性器感染	Genital infection
性器損傷	Genital injury
性器梅毒	Syphilis genital
性器水疱	Genital blister
性器浮腫	Oedema genital
性器異臭	Genital odour
性器発疹	Genital rash
性器紅斑	Genital erythema
性器腫脹	Genital swelling
性器膿瘍	Genital abscess
性的抑制	Sexual inhibition
性的虐待	Sexual abuse
恐怖回避	Phobic avoidance
恥垢蓄積	Smegma accumulation
恥骨上痛	Suprapubic pain
息こらえ	Breath holding
患者拘束	Patient restraint
患者隔離	Patient isolation
悪性梅毒	Malignant syphilis
悪性胸水	Malignant pleural effusion
悪性腹水	Malignant ascites
悪性貧血	Pernicious anaemia
悪性転換	Malignant transformation
悪性高熱	Hyperthermia malignant
悪性黒子	Lentigo maligna
悪露感染	Lochial infection
悲嘆反応	Grief reaction
情動抑制	Constricted affect
情動鈍麻	Blunted affect
情動障害	Emotional disorder
意識変動	Consciousness fluctuating
感情障害	Affective disorder
感染予防	Infection prophylaxis
感染再燃	Infection reactivation
感覚障害	Sensory disturbance
慢性咬頬	Chronic cheek biting
慢性疾患	Chronic disease
慢性肝炎	Chronic hepatitis
慢性胃炎	Chronic gastritis
慢性膵炎	Pancreatitis chronic
憩室穿孔	Diverticular perforation
成長不全	Growth failure
成長促進	Growth accelerated
成長遅延	Growth retardation
成長障害	Growth disorder
房室解離	Atrioventricular dissociation
房水漏出	Aqueous humour leakage
扁平母斑	Naevus spilus
扁平苔癬	Lichen planus
扁桃出血	Tonsillar haemorrhage
扁桃嚢胞	Tonsillar cyst
扁桃潰瘍	Tonsillar ulcer
扁桃生検	Biopsy tonsil
扁桃紅斑	Tonsillar erythema
扁桃肥大	Tonsillar hypertrophy
扁桃萎縮	Tonsillar atrophy
扁桃障害	Tonsillar disorder
手掌紅斑	Palmar erythema
手皮膚炎	Hand dermatitis
手首手術	Wrist surgery
打診正常	Percussion test normal
打診異常	Percussion test abnormal
抑制抗体	Inhibiting antibodies
投薬過誤	Medication error
抗体検査	Antibody test
抗核抗体	Antinuclear antibody
指紋消失	Fingerprint loss
振動検査	Vibration test
振戦譫妄	Delirium tremens
授乳正常	Lactation normal
排便管理	Faecal management
排便障害	Defaecation disorder
排卵誘発	Ovulation induction
排卵遅延	Ovulation delayed
排卵障害	Ovulation disorder
排尿異常	Micturition disorder
排尿躊躇	Urinary hesitation
握力低下	Grip strength decreased
摂食障害	Eating disorder
救急治療	Emergency care
教育問題	Educational problem
散瞳検査	Pupil dilation procedure
敷石状舌	Cobble stone tongue
斑状皮疹	Rash macular
斜視弱視	Amblyopia strabismic
旋毛虫属	Trichinella
既往反応	Anamnestic reaction
日光黒子	Solar lentigo
早期排卵	Premature ovulation
早期流産	Abortion early
早期満腹	Early satiety
早期老化	Premature ageing
早期退職	Early retirement
早発初経	Premature menarche
早発閉経	Premature menopause
昏睡尺度	Coma scale
智歯抜歯	Wisdom teeth removal
月経前痛	Premenstrual pain
月経正常	Menstruation normal
月経遅延	Menstruation delayed
月経障害	Menstrual disorder
月経頭痛	Menstrual headache
有害事象	Adverse event
有鉤条虫	Taenia solium
未熟喉頭	Immature larynx
末梢冷感	Peripheral coldness
末梢腫脹	Peripheral swelling
条虫感染	Cestode infection
栄養補給	Nutritional supplementation
栄養評価	Nutritional assessment
核型分析	Karyotype analysis
核酸検査	Nucleic acid test
根管感染	Root canal infection
梅毒検査	Syphilis test
棘状苔癬	Lichen spinulosus
植皮剥離	Skin graft detachment
植皮壊死	Skin graft necrosis
植皮感染	Skin graft infection
植皮拘縮	Skin graft contracture
植皮瘢痕	Skin graft scar
植皮除去	Skin graft removal
椎体置換	Vertebral body replacement
椎間板炎	Intervertebral discitis
椎骨病変	Vertebral lesion
検査正常	Investigation normal
検査異常	Investigation abnormal
検温正常	Thermometry normal
検温異常	Thermometry abnormal
検眼治療	Optometric therapy
楕円瞳孔	Oval pupil
橈骨骨折	Radius fracture
正中頭位	Midline head position
正常胎児	Normal foetus
正期産児	Term baby
歩行不能	Gait inability
歩行偏位	Gait deviation
歩行失行	Gait apraxia
歩行障害	Gait disturbance
歯の侵食	Tooth erosion
歯の修復	Tooth restoration
歯の咬耗	Dental attrition
歯の癒合	Tooth fusion
歯の癒着	Tooth concrescence
歯の脱灰	Tooth demineralisation
歯の脱臼	Tooth dislocation
歯の脱落	Tooth loss
歯の障害	Tooth disorder
歯不快感	Dental discomfort
歯内療法	Endodontic procedure
歯周手術	Periodontal operation
歯周破壊	Periodontal destruction
歯根穿孔	Dental root perforation
歯槽出血	Tooth socket haemorrhage
歯槽異常	Dental alveolar anomaly
歯槽骨炎	Alveolar osteitis
歯牙損傷	Tooth injury
歯牙清掃	Dental cleaning
歯牙漏洩	Dental leakage
歯牙破折	Tooth fracture
歯牙離層	Tooth delamination
歯科手術	Dental operation
歯科検査	Dental examination
歯突起骨	Os odontoideum
歯肉出血	Gingival bleeding
歯肉嚢胞	Gingival cyst
歯肉変色	Gingival discolouration
歯肉手術	Gingival operation
歯肉損傷	Gingival injury
歯肉検査	Gingival examination
歯肉水疱	Gingival blister
歯肉浮腫	Gingival oedema
歯肉潰瘍	Gingival ulceration
歯肉生検	Biopsy gingival
歯肉瘢痕	Gingival scar
歯肉移植	Gingival graft
歯肉紅斑	Gingival erythema
歯肉肥厚	Gingival hypertrophy
歯肉腫脹	Gingival swelling
歯肉膿瘍	Gingival abscess
歯肉萎縮	Gingival atrophy
歯肉退縮	Gingival recession
歯肉障害	Gingival disorder
歯髄出血	Tooth pulp haemorrhage
歯髄障害	Dental pulp disorder
死戦調律	Agonal rhythm
残存乳歯	Retained deciduous tooth
残存症状	Residual symptom
殺人念慮	Homicidal ideation
殿筋跛行	Buttock claudication
殿部損傷	Buttock injury
母乳変色	Breast milk discolouration
母体免疫	Maternal immunisation
母体死亡	Maternal death
母斑出血	Naevus haemorrhage
毛包障害	Follicular disorder
毛様体膜	Cyclitic membrane
毛様充血	Ciliary hyperaemia
毛質異常	Hair texture abnormal
毛髪変色	Hair colour changes
毛髪損傷	Hair injury
毛髪移植	Hair transplant
毛髪障害	Hair disorder
気分変化	Mood altered
気管偏位	Tracheal deviation
気管偽膜	Tracheal pseudomembrane
気管出血	Tracheal haemorrhage
気管切除	Tracheal resection
気管圧迫	Tracheal compression
気管形成	Tracheal plastic repair
気管憩室	Tracheal diverticulum
気管手術	Tracheal operation
気管拡張	Tracheal dilatation
気管損傷	Tracheal injury
気管支瘻	Bronchial fistula
気管支癌	Bronchial carcinoma
気管浮腫	Tracheal oedema
気管潰瘍	Tracheal ulcer
気管狭窄	Tracheal stenosis
気管生検	Biopsy trachea
気管瘢痕	Tracheal scarring
気管紅斑	Tracheal erythema
気管腫瘤	Tracheal mass
気管膿瘍	Tracheal abscess
気管閉塞	Tracheal obstruction
気管閉鎖	Tracheal atresia
気管障害	Tracheal disorder
気絶心筋	Myocardial stunning
気腫疽菌	Clostridium chauvoei
気道出血	Respiratory tract haemorrhage
気道圧迫	Airway compression
気道奇形	Respiratory tract malformation
気道感染	Respiratory tract infection
気道手術	Respiratory tract operation
気道浮腫	Respiratory tract oedema
気道潰瘍	Respiratory tract ulceration
気道熱傷	Airway burns
水尿管症	Ureteric dilatation
水疱破裂	Blister rupture
水痘免疫	Varicella immunisation
水痘脳炎	Encephalitis post varicella
水瘤手術	Hydrocele operation
水質汚濁	Water pollution
永久難聴	Deafness permanent
汎血管炎	Diffuse vasculitis
汗の変色	Sweat discolouration
汗腺切除	Sweat gland excision
汗腺感染	Sweat gland infection
汗腺腫瘍	Sweat gland tumour
汗腺膿瘍	Abscess sweat gland
汗腺障害	Sweat gland disorder
油性ざ瘡	Oil acne
治療中断	Therapy interrupted
治療中止	Therapy cessation
治療変更	Therapy change
治療履歴	Procedure History of Procedure Treatment history
治療手技	Therapeutic procedure
治療遅延	Treatment delayed
治癒不良	Impaired healing
泉門狭小	Small fontanelle
泉門膨隆	Fontanelle bulging
泉門陥没	Fontanelle depressed
法律問題	Legal problem
波動触診	Fluid wave test
注射疲労	Needle fatigue
注視麻痺	Gaze palsy
洗浄療法	Irrigation therapy
洞性徐脈	Sinus bradycardia
洞性頻脈	Sinus tachycardia
活力増進	Energy increased
流涎過多	Salivary hypersecretion
流涙増加	Lacrimation increased
浮腫性腎	Oedematous kidney
海馬萎縮	Hippocampal atrophy
浸潤麻酔	Infiltration anaesthesia
消化器痛	Gastrointestinal pain
消化器癌	Gastrointestinal carcinoma
消炎療法	Antiinflammatory therapy
消退出血	Withdrawal bleed
涙器出血	Lacrimal haemorrhage
涙器損傷	Lacrimal structure injury
涙器洗浄	Lacrimal apparatus syringing
涙器障害	Lacrimation disorder
涙液変色	Tear discolouration
涙点拡大	Lacrimal punctum enlarged
涙点欠損	Lacrimal punctum agenesis
涙管処置	Lacrimal duct procedure
涙管腫脹	Swollen tear duct
涙腺嚢胞	Lacrimal cyst
涙腺手術	Lacrimal gland operation
涙腺生検	Lacrimal gland biopsy
涙腺肥大	Lacrimal gland enlargement
涙腺膿瘍	Lacrimal gland abscess
涙腺萎縮	Lacrimal atrophy
淋疾予防	Gonorrhoea prophylaxis
淋菌感染	Gonococcal infection
深吸気量	Inspiratory capacity
温熱療法	Heat therapy
湿性咳嗽	Productive cough
溶媒使用	Vehicle solution use
滑液嚢腫	Synovial cyst
滑液検査	Synovial fluid analysis
滑液貯留	Bursal fluid accumulation
滑膜断裂	Synovial rupture
滑膜生検	Synovial biopsy
滑膜肉腫	Synovial sarcoma
滑膜障害	Synovial disorder
滴状乾癬	Guttate psoriasis
潜伏梅毒	Latent syphilis
潜伏結核	Latent tuberculosis
潜在妊娠	Cryptic pregnancy
炭疽免疫	Anthrax immunisation
無菌膿瘍	Abscess sterile
無鉤条虫	Taenia saginata
煙過敏症	Smoke sensitivity
熱傷手術	Burn operation
熱傷浮腫	Burn oedema
熱性幻覚	Fever hallucinations
熱性浮腫	Heat oedema
熱性痙攣	Febrile convulsion
熱性譫妄	Delirium febrile
爆風損傷	Blast injury
爪の障害	Nail disorder
爪下膿瘍	Subungual abscess
爪先歩行	Toe walking
爪母生検	Nail matrix biopsy
爪異形成	Nail dysplasia
片側失明	Blindness unilateral
片耳難聴	Deafness unilateral
物質乱用	Substance abuse
物質依存	Substance dependence
犬歯移動	Canine retraction
状態悪化	Condition aggravated
球後浮腫	Retrobulbar oedema
環境曝露	Environmental exposure
環状紅斑	Erythema annulare
生命維持	Life support
生殖器斑	Genital macule
生殖器痛	Genital pain
生着遅延	Delayed engraftment
産後不安	Postpartum anxiety
産科処置	Obstetrical procedure
産科検査	Obstetric examination
甲状腺痛	Thyroid pain
甲状腺癌	Thyroid cancer
男性乳癌	Breast cancer male
画像検査	Imaging procedure
異化状態	Catabolic state
異型肺炎	Atypical pneumonia
異常な夢	Abnormal dreams
異常分娩	Abnormal labour
異常行動	Abnormal behaviour
異所性腎	Ectopic kidney
異物反応	Foreign body reaction
異物誤嚥	Foreign body aspiration
異物誤飲	Foreign body ingestion
疲労治療	Fatigue management
疼痛予防	Pain prophylaxis
疼痛管理	Pain management
疼痛評価	Pain assessment
疾患傾向	Disease propensity
疾患再発	Disease recurrence
疾患進行	Disease progression
病気休暇	Sick leave
病的思考	Morbid thoughts
病的近視	Pathologic myopia
病的骨折	Pathological fracture
症状再発	Symptom recurrence
症状隠蔽	Symptom masked
痔核感染	Haemorrhoid infection
痔核手術	Haemorrhoid operation
痔瘻修復	Anal fistula repair
痔瘻感染	Anal fistula infection
痘瘡免疫	Smallpox immunisation
痙性歩行	Gait spastic
痛風結節	Gouty tophus
瘢痕切除	Scar excision
癒着胎盤	Placenta accreta
発育遅延	Developmental delay
発話潜時	Speech latency
発達退行	Developmental regression
登校拒否	School refusal
白癬感染	Tinea infection
白色萎縮	Atrophie blanche
白質病変	White matter lesion
百日咳菌	Bordetella pertussis
皮下出血	Haemorrhage subcutaneous
皮下気腫	Subcutaneous emphysema
皮下生検	Subcutaneous biopsy
皮下血腫	Subcutaneous haematoma
皮弁壊死	Skin flap necrosis
皮様嚢腫	Dermoid cyst
皮膚しわ	Skin wrinkling
皮膚乾燥	Dry skin
皮膚亀裂	Skin fissures
皮膚出血	Skin haemorrhage
皮膚刺激	Skin irritation
皮膚剥脱	Skin exfoliation
皮膚創傷	Skin wound
皮膚反応	Skin reaction
皮膚嚢腫	Dermal cyst
皮膚圧痕	Skin pressure mark
皮膚培養	Skin culture
皮膚壊死	Skin necrosis
皮膚変色	Skin discolouration
皮膚局面	Skin plaque
皮膚感作	Skin sensitisation
皮膚感染	Skin infection
皮膚手術	Skin operation
皮膚損傷	Skin injury
皮膚毒性	Skin toxicity
皮膚浮腫	Skin oedema
皮膚潰瘍	Skin ulcer
皮膚炭疽	Cutaneous anthrax
皮膚熱感	Skin warm
皮膚生検	Biopsy skin
皮膚病変	Skin lesion
皮膚症状	Cutaneous symptom
皮膚癒着	Skin adhesion
皮膚硬結	Skin induration
皮膚結核	Cutaneous tuberculosis
皮膚線条	Skin striae
皮膚肥厚	Skin hypertrophy
皮膚腫瘤	Skin mass
皮膚腫脹	Skin swelling
皮膚萎縮	Skin atrophy
皮膚裂傷	Skin laceration
皮膚軟化	Skin maceration
皮膚陥凹	Skin indentation
皮膚骨腫	Osteoma cutis
盲腸手術	Caecum operation
直腸出血	Rectal haemorrhage
直腸損傷	Rectal injury
直腸攣縮	Rectal spasm
直腸検査	Rectal examination
直腸潰瘍	Rectal ulcer
直腸狭窄	Rectal stenosis
直腸生検	Biopsy rectum
直腸病変	Rectal lesion
直腸穿孔	Rectal perforation
直腸腺癌	Rectal adenocarcinoma
直腸膿瘍	Rectal abscess
直腸閉塞	Rectal obstruction
直腸閉鎖	Rectal atresia
眉毛下垂	Brow ptosis
真空吸引	Vacuum aspiration
真菌感染	Fungal infection
真菌検査	Fungal test
眼の変色	Eye colour change
眼の母斑	Eye naevus
眼の炎症	Eye inflammation
眼の脱臼	Eye luxation
眼の訓練	Eye exercises
眼内感染	Eye infection intraocular
眼内血腫	Intraocular haematoma
眼動脈瘤	Ophthalmic artery aneurysm
眼圧上昇	Intraocular pressure increased
眼圧低下	Intraocular pressure decreased
眼圧変動	Intraocular pressure fluctuation
眼圧検査	Intraocular pressure test
眼性斜頚	Ocular torticollis
眼擦過傷	Eye abrasion
眼球摘除	Eye excision
眼球浮腫	Eye oedema
眼球裂離	Eyeball avulsion
眼球計測	Ocular biometry
眼白子症	Ocular albinism
眼瞼せつ	Eyelid boil
眼瞼下垂	Eyelid ptosis
眼瞼出血	Eyelid bleeding
眼瞼刺激	Eyelid irritation
眼瞼反転	Eyelid eversion procedure
眼瞼嚢胞	Eyelid cyst
眼瞼変色	Eyelid discolouration
眼瞼後退	Eyelid retraction
眼瞼感染	Eyelid infection
眼瞼手術	Eyelid operation
眼瞼挫傷	Eyelid contusion
眼瞼損傷	Eyelid injury
眼瞼母斑	Eyelid naevus
眼瞼浮腫	Eyelid oedema
眼瞼湿疹	Eczema eyelids
眼瞼生検	Biopsy eyelid
眼瞼瘢痕	Eyelid scar
眼瞼発疹	Eyelid rash
眼瞼肥厚	Eyelid thickening
眼瞼腫瘍	Eyelid tumour
眼瞼落屑	Eyelid exfoliation
眼瞼血腫	Eyelid haematoma
眼瞼障害	Eyelid disorder
眼科検査	Ophthalmological examination
眼科治療	Ophthalmologic treatment
眼窩出血	Orbital haemorrhage
眼窩嚢胞	Orbital cyst
眼窩形成	Orbit plastic repair
眼窩感染	Orbital infection
眼窩減圧	Orbital decompression
眼窩筋炎	Orbital myositis
眼窩腫脹	Orbital oedema
眼窩萎縮	Orbit atrophy
眼窩血腫	Orbital haematoma
眼筋手術	Eye muscle operation
眼筋矯正	Eye muscle advancement
眼筋絞扼	Eye muscle entrapment
眼血管炎	Ocular vasculitis
眼血管腫	Eye haemangioma
眼部手術	Eye operation
眼部腫脹	Eye swelling
眼部麻酔	Anaesthetic ophthalmic procedure
眼黒色腫	Ocular melanoma
睡眠不足	Sleep deficit
睡眠慣性	Sleep inertia
睡眠検査	Sleep study
睡眠発作	Sleep attacks
睡眠障害	Sleep disorder
睫毛変化	Eyelash changes
睫毛変色	Eyelash discolouration
睫毛損傷	Eyelash injury
瞳孔変形	Pupillary deformity
瞳孔捕獲	Pupillary capture
瞳孔障害	Pupillary disorder
知能増進	Intelligence increased
破傷風菌	Clostridium tetani
破局反応	Catastrophic reaction
硬膜切開	Durotomy procedure
硬膜拡張	Dural ectasia
硬膜膿瘍	Dural abscess
硬膜裂傷	Dural tear
磁気療法	Magnetic therapy
社会問題	Social problem
神経圧迫	Nerve compression
神経変性	Nerve degeneration
神経損傷	Nerve injury
神経根痛	Radicular pain
神経浮腫	Nerve oedema
神経移植	Nerve graft
神経筋痛	Neuromuscular pain
禁煙療法	Smoking cessation therapy
移植不全	Transplant failure
移植患者	Transplant recipient
稽留分娩	Missed labour
稽留流産	Abortion missed
空腸壊疽	Jejunal gangrene
空腸手術	Jejunal operation
空腸潰瘍	Jejunal ulcer
空腸狭窄	Jejunal stenosis
空腸穿孔	Jejunal perforation
笑い発作	Gelastic seizure
筋力低下	Muscular weakness
筋力検査	Muscle strength test
筋力正常	Muscle strength normal
筋力異常	Muscle strength abnormal
筋延長術	Muscle lengthening surgery
筋弁手術	Muscle flap operation
筋新生物	Muscle neoplasm
筋線維症	Muscle fibrosis
筋肉切開	Muscle incision
筋肉手術	Muscle operation
筋肉疲労	Muscle fatigue
筋肉縫合	Muscle suture
筋肉解除	Muscle release
筋膜感染	Fascial infection
筋膜手術	Fascial operation
筋膜攣縮	Myofascial spasm
筋膜断裂	Fascial rupture
筋骨格痛	Musculoskeletal pain
粉砕骨折	Comminuted fracture
粘膜乾燥	Mucosal dryness
粘膜充血	Mucosal hyperaemia
粘膜出血	Mucosal haemorrhage
粘膜剥脱	Mucosal exfoliation
粘膜壊死	Mucosal necrosis
粘膜変色	Mucosal discolouration
粘膜感染	Mucosal infection
粘膜毒性	Mucosal toxicity
粘膜浮腫	Oedema mucosal
粘膜潰瘍	Mucosal ulceration
粘膜生検	Mucosal biopsy
粘膜疼痛	Mucosal pain
粘膜硬結	Mucosal induration
粘膜肥厚	Mucosal hypertrophy
粘膜萎縮	Mucosal atrophy
粘膜障害	Mucosal disorder
粟粒肺炎	Miliary pneumonia
精嚢嚢胞	Seminal vesicular cyst
精嚢感染	Seminal vesicular infection
精嚢手術	Seminal vesicle operation
精嚢欠損	Seminal vesicle agenesis
精嚢生検	Biopsy seminal vesicle
精嚢結石	Seminal vesicular calculus
精嚢腺炎	Seminal vesiculitis
精嚢膿瘍	Seminal vesicle abscess
精嚢萎縮	Seminal vesicle atrophy
精嚢障害	Seminal vesicular disorder
精子吸引	Sperm aspiration
精子形態	Spermatozoa morphology
精子提供	Sperm donation
精子検査	Sperm analysis
精子濃度	Sperm concentration
精子異常	Sperm analysis abnormal
精巣出血	Testicular haemorrhage
精巣嚢胞	Testicular cyst
精巣壊死	Testicular necrosis
精巣手術	Testicular operation
精巣捻転	Testicular torsion
精巣損傷	Testicular injury
精巣梗塞	Testicular infarction
精巣浮腫	Testicular oedema
精巣生検	Biopsy testes
精巣破裂	Testicular rupture
精巣穿孔	Testicular perforation
精巣肥大	Testicular hypertrophy
精巣腫瘤	Testicular mass
精巣腫脹	Testicular swelling
精巣腺腫	Testicle adenoma
精巣膿瘍	Testicular abscess
精巣萎縮	Testicular atrophy
精巣診査	Testes exploration
精巣障害	Testicular disorder
精液変色	Semen discolouration
精液検査	Semen analysis
精液液化	Semen liquefaction
精液粘度	Semen viscosity
精神症状	Psychiatric symptom
精神障害	Mental disorder
精索出血	Spermatic cord haemorrhage
精索嚢胞	Spermatic cord cyst
精索手術	Spermatic cord operation
精索狭窄	Spermatic cord stenosis
精索穿孔	Spermatic cord perforation
精索腫瘤	Spermatic cord mass
精索閉塞	Spermatic cord obstruction
精索障害	Spermatic cord disorder
糖尿病食	Diabetic diet
細菌感染	Bacterial infection
細菌検査	Bacterial test
組織刺激	Tissue irritation
組織変色	Tissue discolouration
組織損傷	Tissue injury
組織断裂	Tissue rupture
組織浸潤	Tissue infiltration
経口毒性	Oral toxicity
経腸栄養	Enteral nutrition
結核免疫	Tuberculosis immunisation
結腸壊疽	Colon gangrene
結腸手術	Colon operation
結腸損傷	Colon injury
結腸洗浄	Colonic lavage
結腸生検	Biopsy colon
結腸膿瘍	Colonic abscess
結腸血腫	Colonic haematoma
結膜乳頭	Conjunctival papillae
結膜充血	Conjunctival hyperaemia
結膜出血	Conjunctival haemorrhage
結膜刺激	Conjunctival irritation
結膜嚢胞	Conjunctival cyst
結膜変性	Conjunctival degeneration
結膜変色	Conjunctival discolouration
結膜形成	Conjunctival repair
結膜後退	Conjunctival retraction
結膜手術	Conjunctival operation
結膜染色	Conjunctival staining
結膜欠損	Conjunctival defect
結膜浮腫	Conjunctival oedema
結膜溢血	Conjunctival suffusion
結膜潰瘍	Conjunctival ulcer
結膜濾胞	Conjunctival follicles
結膜生検	Biopsy conjunctiva
結膜瘢痕	Conjunctival scar
結膜癒着	Conjunctival adhesion
結膜肉芽	Conjunctival granuloma
結膜蒼白	Conjunctival pallor
結膜裂傷	Conjunctival laceration
結膜障害	Conjunctival disorder
絨毛生検	Biopsy chorionic villous
網状皮斑	Livedo reticularis
網膜上膜	Epiretinal membrane
網膜下液	Subretinal fluid
網膜出血	Retinal haemorrhage
網膜剥離	Retinal detachment
網膜嚢胞	Retinal cyst
網膜変性	Retinal degeneration
網膜手術	Retinal operation
網膜振盪	Commotio retinae
網膜損傷	Retinal injury
網膜梗塞	Retinal infarction
網膜欠損	Retinal coloboma
網膜毒性	Retinal toxicity
網膜浮腫	Retinal oedema
網膜生検	Biopsy retina
網膜瘢痕	Retinal scar
網膜移植	Retinal transplant
網膜肥厚	Retinal thickening
網膜蒼白	Retinal pallor
網膜虚血	Retinal ischaemia
網膜裂孔	Retinal tear
総精子数	Total sperm count
総肺気量	Total lung capacity
線状出血	Splinter haemorrhages
線状苔癬	Lichen striatus
緩和ケア	Palliative care
縦隔偏位	Mediastinal shift
縦隔出血	Mediastinal haemorrhage
縦隔嚢胞	Mediastinal cyst
縦隔手術	Mediastinal operation
縦隔生検	Mediastinal biopsy
縦隔腫瘤	Mediastinal mass
縦隔膿瘍	Mediastinal abscess
縦隔血腫	Mediastinal haematoma
縦隔障害	Mediastinal disorder
縮小条虫	Hymenolepis diminuta
羊水指数	Amniotic fluid index
羊膜移植	Amniotic membrane graft
群発発作	Seizure cluster
群発頭痛	Cluster headache
義眼挿入	Eye prosthesis insertion
義眼除去	Eye prosthesis removal
習慣流産	Habitual abortion
耳の炎症	Ear inflammation
耳の障害	Ear disorder
耳不快感	Ear discomfort
耳介血腫	Auricular haematoma
耳垂感染	Ear lobe infection
耳垢栓塞	Cerumen impaction
耳垢腺腫	Ceruminous adenoma
耳垢除去	Cerumen removal
耳後部瘻	Postauricular fistula
耳新生物	Ear neoplasm
耳科検査	Otic examination
耳管手術	Eustachian tube operation
耳管狭窄	Eustachian tube stenosis
耳管閉塞	Eustachian tube obstruction
耳管開放	Eustachian tube patulous
耳管障害	Eustachian tube disorder
耳部損傷	Ear injury
耳部腫脹	Auricular swelling
聴神経腫	Acoustic neuroma
聴覚保続	Auditory perseveration
聴覚治療	Hearing therapy
聴覚障害	Auditory disorder
肉腫摘除	Sarcoma excision
肉腫様癌	Sarcomatoid carcinoma
肋骨切除	Rib excision
肋骨癒合	Rib synostosis
肋骨骨折	Rib fracture
肛門出血	Anal haemorrhage
肛門嚢胞	Anal cyst
肛門失禁	Anal incontinence
肛門感染	Anal infection
肛門拡張	Anal dilatation
肛門損傷	Anal injury
肛門梅毒	Syphilis anal
肛門検査	Anal examination
肛門水疱	Anal blister
肛門湿疹	Anal eczema
肛門潰瘍	Anal ulcer
肛門狭窄	Anal stenosis
肛門生検	Biopsy anus
肛門痙攣	Anal spasm
肛門発疹	Anal rash
肛門白癬	Anal tinea
肛門紅斑	Anal erythema
肛門膿瘍	Anal abscess
肝低潅流	Hepatic hypoperfusion
肝偽病変	Hepatic pseudolesion
肝動脈瘤	Hepatic artery aneurysm
肝包虫症	Hepatic echinococciasis
肝塞栓術	Hepatic embolisation
肝性口臭	Foetor hepaticus
肝性昏睡	Coma hepatic
肝性胸水	Hepatic hydrothorax
肝性脳症	Hepatic encephalopathy
肝新生物	Hepatic neoplasm
肝漿液腫	Hepatic seroma
肝炎免疫	Hepatitis immunisation
肝異形成	Hepatic dysplasia
肝癌破裂	Liver carcinoma ruptured
肝石灰化	Hepatic calcification
肝細胞癌	Hepatocellular carcinoma
肝線維症	Hepatic fibrosis
肝脂肪腫	Hepatic lipoma
肝脾膿瘍	Hepatosplenic abscess
肝腎不全	Hepatorenal failure
肝臓手術	Liver operation
肝葉欠損	Hepatic lobe agenesis
肝血管瘻	Hepatic vascular fistula
肝過誤腫	Hepatic hamartoma
股部白癬	Tinea cruris
肩甲帯痛	Shoulder girdle pain
肩甲難産	Shoulder dystocia
育児放棄	Child neglect
肺うっ血	Pulmonary congestion
肺ペスト	Pneumonic plague
肺低形成	Pulmonary hypoplasia
肺低潅流	Pulmonary hypoperfusion
肺分画症	Pulmonary sequestration
肺動脈圧	Pulmonary arterial pressure
肺動脈症	Pulmonary arteriopathy
肺動脈瘤	Pulmonary artery aneurysm
肺塞栓症	Pulmonary embolism
肺外結核	Extrapulmonary tuberculosis
肺敗血症	Pulmonary sepsis
肺新生物	Lung neoplasm
肺炎桿菌	Klebsiella pneumoniae
肺炎球菌	Streptococcus pneumoniae
肺無形成	Pulmonary aplasia
肺結核腫	Pulmonary tuberculoma
肺線維症	Pulmonary fibrosis
肺肉芽腫	Pulmonary granuloma
肺胞出血	Pulmonary alveolar haemorrhage
肺胞疾患	Alveolar lung disease
肺血栓症	Pulmonary thrombosis
肺血管炎	Pulmonary vasculitis
肺血鉄症	Pulmonary haemosiderosis
肺過膨脹	Lung hyperinflation
肺門腫大	Pulmonary hilar enlargement
肺門腫瘤	Pulmonary hilum mass
胃吸引法	Gastric aspiration procedure
胃拡張術	Stomach dilation procedure
胃新生物	Gastric neoplasm
胃液検査	Gastric fluid analysis
胃炎予防	Gastritis prophylaxis
胃異形成	Gastric dysplasia
胃瘻修復	Gastric fistula repair
胃瘻閉鎖	Gastrostomy closure
胃管再建	Gastric tube reconstruction
胃結腸瘻	Gastrocolic fistula
胃線維症	Gastric fibrosis
胃肉芽腫	Stomach granuloma
胃胸腔瘻	Gastropleural fistula
胃腸出血	Gastrointestinal haemorrhage
胃腸奇形	Gastrointestinal malformation
胃腸手術	Gastrointestinal surgery
胃腸検査	Gastrointestinal examination
胃腸毒性	Gastrointestinal toxicity
胃腸潰瘍	Gastrointestinal ulcer
胃腸炭疽	Gastrointestinal anthrax
胃腸管瘻	Gastrointestinal fistula
胃腸虚血	Gastrointestinal ischaemia
胃腸障害	Gastrointestinal disorder
胃血管腫	Gastric haemangioma
胃軸捻転	Gastric volvulus
胃静脈瘤	Gastric varices
胃食道癌	Gastrooesophageal cancer
胃黄色腫	Gastric xanthoma
胆嚢憩室	Gallbladder diverticulum
胆嚢手術	Gallbladder operation
胆嚢損傷	Gallbladder injury
胆嚢生検	Biopsy gallbladder
胆嚢癒着	Gallbladder adhesion
胆嚢破裂	Gallbladder rupture
胆嚢腫大	Gallbladder enlargement
胆嚢腫瘤	Gallbladder mass
胆嚢腺癌	Gallbladder adenocarcinoma
胆嚢腺腫	Gallbladder adenoma
胆嚢膿瘍	Gallbladder abscess
胆嚢萎縮	Gallbladder atrophy
胆嚢蓄膿	Gallbladder empyema
胆嚢血腫	Gallbladder haematoma
胆嚢触知	Gallbladder palpable
胆嚢閉塞	Gallbladder obstruction
胆嚢障害	Gallbladder disorder
胆汁培養	Bile culture
胆管内圧	Bile duct pressure
胆管再建	Bile duct reconstruction
胆管吻合	Biliary anastomosis
胆管嚢胞	Biliary cyst
胆管壊死	Bile duct necrosis
胆管奇形	Malformation biliary
胆管拡張	Biliary dilatation
胆管狭窄	Bile duct stenosis
胆管生検	Biopsy bile duct
胆管穿孔	Perforation bile duct
胆管結石	Bile duct stone
胆管腺癌	Bile duct adenocarcinoma
胆管腺腫	Biliary adenoma
胆管虚血	Biliary ischaemia
胆管診査	Bile duct exploration
胆管離断	Bile duct transection
胆道仙痛	Biliary colic
胆道感染	Biliary sepsis
胆道手術	Biliary tract operation
胆道膿瘍	Biliary abscess
胆道閉塞	Biliary obstruction
胆道障害	Biliary tract disorder
背部損傷	Back injury
背部障害	Back disorder
胎位不定	Unstable foetal lie
胎位異常	Foetal malpresentation
胎便増加	Meconium increased
胎便異常	Meconium abnormal
胎児体重	Foetal weight
胎児出血	Haemorrhage foetal
胎児徐脈	Bradycardia foetal
胎児手術	Foetal surgery
胎児損傷	Foetal damage
胎児死亡	Foetal death
胎児水腫	Hydrops foetalis
胎児生検	Biopsy foetal
胎児貧血	Foetal anaemia
胎児障害	Foetal disorder
胎児頻脈	Tachycardia foetal
胎動低下	Foetal hypokinesia
胎動増加	Increased foetal movements
胎動異常	Foetal movement disorder
胎向異常	Foetal malposition
胎盤嚢胞	Placental cyst
胎盤壊死	Placental necrosis
胎盤梗塞	Placental infarction
胎盤浮腫	Placental oedema
胎盤生検	Biopsy placenta
胎盤肥大	Placental hypertrophy
胎盤障害	Placental disorder
胚細胞癌	Germ cell cancer
胸壁切除	Chest wall resection
胸壁嚢胞	Chest wall cyst
胸壁壊死	Chest wall necrosis
胸壁手術	Chest wall operation
胸壁生検	Biopsy chest wall
胸壁硬直	Chest wall rigidity
胸壁腫瘍	Chest wall tumour
胸壁腫瘤	Chest wall mass
胸壁膿瘍	Chest wall abscess
胸壁血腫	Chest wall haematoma
胸椎骨折	Thoracic vertebral fracture
胸水検査	Pleural fluid analysis
胸管結紮	Thoracic duct ligation
胸腔吸引	Aspiration pleural cavity
胸腔洗浄	Thoracic cavity lavage
胸腺嚢胞	Thymic cyst
胸腺生検	Biopsy thymus gland
胸腺腫大	Thymus enlargement
胸腺膿瘍	Thymus abscess
胸腺障害	Thymus disorder
胸膜嚢胞	Pleural cyst
胸膜奇形	Pleural malformation
胸膜感染	Pleural infection
胸膜手術	Pleural operation
胸膜損傷	Pleural injury
胸膜生検	Biopsy pleura
胸膜癒着	Pleural adhesion
胸膜肉腫	Pleural sarcoma
胸膜肥厚	Pleural thickening
胸膜腫瘤	Pleural mass
胸膜障害	Pleural disorder
胸部出血	Thoracic haemorrhage
胸部手術	Thoracic operation
胸部損傷	Chest injury
胸郭変形	Deformity thorax
胸骨損傷	Sternal injury
胸骨骨折	Sternal fracture
脂肪壊死	Fat necrosis
脂腺感染	Sebaceous gland infection
脂腺母斑	Sebaceous naevus
脂腺腺腫	Sebaceous adenoma
脂腺障害	Sebaceous gland disorder
脂質増加	Lipids increased
脂質正常	Lipids normal
脂質減少	Lipids decreased
脂質異常	Lipids abnormal
脂質管理	Lipid management
脈圧上昇	Pulse pressure increased
脈圧低下	Pulse pressure decreased
脈圧正常	Pulse pressure normal
脈圧異常	Pulse pressure abnormal
脈拍欠損	Pulse absent
脈拍異常	Pulse abnormal
脈管瀑布	Vascular waterfall
脈絡叢癌	Choroid plexus carcinoma
脊柱変形	Spinal deformity
脊柱損傷	Spinal column injury
脊柱腫瘤	Vertebral column mass
脊椎保護	Spinal support
脊椎手術	Spinal operation
脊椎障害	Spinal disorder
脊椎骨折	Spinal fracture
脊椎骨棘	Vertebral osteophyte
脊髄出血	Spinal cord haemorrhage
脊髄卒中	Spinal stroke
脊髄圧迫	Spinal cord compression
脊髄感染	Spinal cord infection
脊髄手術	Spinal cord operation
脊髄挫傷	Spinal cord contusion
脊髄損傷	Spinal cord injury
脊髄梗塞	Spinal cord infarction
脊髄浮腫	Spinal cord oedema
脊髄生検	Biopsy spinal cord
脊髄膿瘍	Spinal cord abscess
脊髄蓄膿	Spinal empyema
脊髄虚血	Spinal cord ischaemia
脊髄血腫	Spinal cord haematoma
脊髄造影	Spinal myelogram
脊髄除圧	Spinal decompression
脊髄麻痺	Spinal cord paralysis
脊髄麻酔	Spinal anaesthesia
脚気衝心	Shoshin beriberi
脛骨捻転	Tibial torsion
脛骨欠損	Tibial agenesis
脛骨骨折	Tibia fracture
脱力発作	Atonic seizures
脱水予防	Prophylaxis against dehydration
脱落円柱	Decidual cast
脱落胆石	Cholelithiasis migration
脳うっ血	Cerebral congestion
脳低潅流	Cerebral hypoperfusion
脳動脈炎	Cerebral arteritis
脳奇形腫	Brain teratoma
脳室拡張	Cerebral ventricle dilatation
脳室穿破	Cerebral ventricular rupture
脳室造影	Cerebral ventriculogram
脳幹出血	Brain stem haemorrhage
脳幹卒中	Brain stem stroke
脳幹圧迫	Brainstem compression
脳幹脳炎	Encephalitis brain stem
脳幹血腫	Brain stem haematoma
脳性麻痺	Cerebral palsy
脳新生物	Brain neoplasm
脳梁離断	Corpus callosotomy
脳波正常	Electroencephalogram normal
脳波異常	Electroencephalogram abnormal
脳溝開大	Cerebral sulcal prominence
脳瘤修復	Encephalocele repair
脳神経炎	Neuritis cranial
脳脊髄瘻	Cerebrospinal fistula
脳葉切除	Brain lobectomy
脳血栓症	Cerebral thrombosis
脳血管腫	Cerebral haemangioma
脾性貧血	Anaemia splenic
脾紫斑病	Splenic peliosis
脾線維症	Splenic fibrosis
脾肉芽腫	Splenic granuloma
脾臓出血	Splenic haemorrhage
脾臓奇形	Spleen malformation
脾臓挫傷	Spleen contusion
脾臓損傷	Splenic injury
脾臓梗塞	Splenic infarction
脾臓病変	Splenic lesion
脾臓硬結	Splenic induration
脾臓結核	Spleen tuberculosis
脾臓膿瘍	Splenic abscess
脾臓障害	Spleen disorder
脾過誤腫	Splenic hamartoma
脾静脈瘤	Splenic varices
腋窩腫瘤	Axillary mass
腎うっ血	Kidney congestion
腎動脈炎	Renal arteritis
腎動脈瘤	Renal aneurysm
腎外腎盂	Extrarenal pelvis
腎性糖尿	Renal glycosuria
腎性貧血	Nephrogenic anaemia
腎新生物	Renal neoplasm
腎杯憩室	Calyceal diverticulum
腎無形成	Renal aplasia
腎細胞癌	Renal cell carcinoma
腎線維症	Kidney fibrosis
腎脂肪腫	Renal lipoma
腎臓壊死	Renal necrosis
腎臓手術	Renal surgery
腎臓破裂	Kidney rupture
腎血管炎	Renal vasculitis
腎血管腫	Renal haemangioma
腎過誤腫	Renal hamartoma
腓骨欠損	Fibula agenesis
腓骨骨折	Fibula fracture
腟びらん	Vaginal erosion
腟分泌物	Vaginal discharge
腟壁充血	Vaginal wall congestion
腟拡張術	Vaginal dilation procedure
腟排気音	Vaginal flatulence
腟新生物	Vaginal neoplasm
腟異形成	Vaginal dysplasia
腟瘻修復	Vaginal fistula repair
腟脱修復	Vaginal prolapse repair
腟蜂巣炎	Vaginal cellulitis
腟過形成	Vaginal hyperplasia
腟部異臭	Vaginal odour
腟静脈瘤	Varicose veins vaginal
腫瘍出芽	Tumour budding
腫瘍出血	Tumour haemorrhage
腫瘍切除	Tumour excision
腫瘍壊死	Tumour necrosis
腫瘍浸潤	Tumour invasion
腫瘍炎症	Tumour inflammation
腫瘍生検	Tumour biopsy
腫瘍疼痛	Tumour pain
腫瘍破裂	Tumour rupture
腫瘍穿孔	Tumour perforation
腫瘤切除	Mass excision
腰椎穿刺	Lumbar puncture
腰椎骨折	Lumbar vertebral fracture
腰筋徴候	Psoas sign
腰筋膿瘍	Psoas abscess
腱不快感	Tendon discomfort
腱性拘縮	Tendinous contracture
腱新生物	Tendon neoplasm
腱石灰化	Tendon calcification
腱索断裂	Chordae tendinae rupture
腱線維症	Fibrosis tendinous
腱膜挫傷	Aponeurosis contusion
腱鞘障害	Tendon sheath disorder
腸前処置	Bowel preparation
腸敗血症	Intestinal sepsis
腸瘻閉鎖	Enterostomy closure
腸石灰化	Intestinal calcification
腸管吻合	Intestinal anastomosis
腸管嚢胞	Intestinal cyst
腸管手術	Intestinal operation
腸管狭窄	Intestinal stenosis
腸管移植	Intestinal transplant
腸管穿孔	Intestinal perforation
腸管腫瘤	Intestinal mass
腸管腺癌	Intestinal adenocarcinoma
腸管膿瘍	Abscess intestinal
腸管虚血	Intestinal ischaemia
腸管転位	Intestinal transposition
腸管転移	Intestinal metastasis
腸管閉鎖	Intestinal atresia
腸縫縮術	Intestinal plication surgery
腸膀胱瘻	Enterovesical fistula
腸血管腫	Intestinal angioma
腸静脈炎	Enterocolic phlebitis
腸静脈瘤	Intestinal varices
腸骨骨折	Ilium fracture
腸黄色腫	Intestinal xanthoma
腹壁出血	Abdominal wall haemorrhage
腹壁嚢胞	Abdominal wall cyst
腹壁感染	Abdominal wall infection
腹壁手術	Abdominal wall operation
腹壁損傷	Abdominal wall wound
腹壁浮腫	Abdominal wall oedema
腹壁生検	Biopsy abdominal wall
腹壁腫瘤	Abdominal wall mass
腹壁膿瘍	Abdominal wall abscess
腹壁血腫	Abdominal wall haematoma
腹壁障害	Abdominal wall disorder
腹膜嚢胞	Peritoneal cyst
腹膜垂炎	Epiploic appendagitis
腹膜壊死	Peritoneal necrosis
腹膜潅流	Peritoneal lavage
腹膜生検	Biopsy peritoneum
腹膜病変	Peritoneal lesion
腹膜癒着	Peritoneal adhesions
腹膜穿孔	Peritoneal perforation
腹膜肉腫	Peritoneal sarcoma
腹膜肥厚	Peritoneal thickening
腹膜膿瘍	Peritoneal abscess
腹膜血腫	Peritoneal haematoma
腹膜透析	Peritoneal dialysis
腹膜障害	Peritoneal disorder
腹部圧挫	Abdomen crushing
腹部圧痛	Abdominal tenderness
腹部感染	Abdominal infection
腹部手術	Abdominal operation
腹部損傷	Abdominal injury
腹部症状	Abdominal symptom
腹部癒着	Abdominal adhesions
腹部硬直	Abdominal rigidity
腹部腫瘤	Abdominal mass
腹部膨満	Abdominal distension
腹部膿瘍	Abdominal abscess
腹部診査	Abdominal exploration
腺ペスト	Bubonic plague
膀胱修復	Bladder repair
膀胱充血	Bladder hyperaemia
膀胱出血	Urinary bladder haemorrhage
膀胱切除	Urinary cystectomy
膀胱化生	Bladder metaplasia
膀胱吻合	Bladder anastomosis
膀胱嚢胞	Bladder cyst
膀胱壊死	Bladder necrosis
膀胱憩室	Bladder diverticulum
膀胱手術	Bladder operation
膀胱拡大	Bladder dilatation
膀胱損傷	Bladder injury
膀胱毒性	Urinary bladder toxicity
膀胱洗浄	Bladder irrigation
膀胱潰瘍	Bladder ulcer
膀胱狭窄	Bladder stenosis
膀胱生検	Biopsy bladder
膀胱痙縮	Bladder spasm
膀胱破裂	Urinary bladder rupture
膀胱穿孔	Bladder perforation
膀胱結核	Tuberculosis bladder
膀胱結石	Calculus bladder
膀胱肉腫	Urinary bladder sarcoma
膀胱腫瘤	Bladder mass
膀胱腺腫	Urinary bladder adenoma
膀胱膿瘍	Urinary bladder abscess
膀胱萎縮	Urinary bladder atrophy
膀胱血腫	Urinary bladder haematoma
膀胱訓練	Bladder training
膀胱閉塞	Bladder obstruction
膀胱障害	Bladder disorder
膝蓋跳動	Floating patella
膨隆虹彩	Iris bombe
膵新生物	Pancreatic neoplasm
膵液漏出	Pancreatic leak
膵瘻修復	Pancreatic fistula repair
膵石灰化	Pancreatic calcification
膵石除去	Pancreatic calculus removal
膵管拡張	Pancreatic duct dilatation
膵管狭窄	Pancreatic duct stenosis
膵管破裂	Pancreatic duct rupture
膵管閉塞	Pancreatic duct obstruction
膵線維症	Pancreatic fibrosis
膵臓出血	Pancreatic haemorrhage
膵臓手術	Pancreatic operation
膵臓障害	Pancreatic disorder
膵血管腫	Pancreatic haemangioma
膿瘍治療	Abscess management
膿瘍破裂	Abscess rupture
膿瘻穿孔	Sinus perforation
臍分泌物	Umbilical discharge
臍帯出血	Umbilical cord haemorrhage
臍帯嚢胞	Umbilical cord cyst
臍帯圧迫	Umbilical cord compression
臍帯異常	Umbilical cord abnormality
臍帯脱出	Umbilical cord prolapse
臍帯閉塞	Umbilical cord occlusion
臍肉芽腫	Umbilical granuloma
臓器不全	Organ failure
臓器保存	Organ preservation
臓器移植	Organ transplant
臨床検査	Laboratory test
臨死体験	Near death experience
自動膀胱	Automatic bladder
自慰過剰	Excessive masturbation
自殺企図	Suicide attempt
自殺念慮	Suicidal ideation
自殺恐怖	Suicide threat
自殺既遂	Completed suicide
自殺行為	Suicidal behaviour
自然切断	Spontaneous amputation
自然射精	Spontaneous ejaculation
自然気胸	Pneumothorax spontaneous
自然流産	Abortion spontaneous
舌の麻痺	Tongue paralysis
舌びらん	Tongue erosion
舌不快感	Tongue discomfort
舌新生物	Tongue neoplasm
舌異形成	Tongue dysplasia
舌突出癖	Tongue thrust
良性腺腫	Adenoma benign
色情妄想	Erotomanic delusion
色覚検査	Colour vision tests
色覚異常	Colour blindness
芽球発症	Blast cell crisis
芽球細胞	Blast cells
若木骨折	Greenstick fracture
萎縮膀胱	Contracted bladder
葉状白斑	Ash leaf macule
葉状腫瘍	Phyllodes tumour
葉酸欠乏	Folate deficiency
薬剤希釈	Medication dilution
薬剤耐性	Drug resistance
薬物乱用	Drug abuse
薬物依存	Drug dependence
薬物濃度	Drug level
薬物療法	Drug therapy
薬物耐性	Drug tolerance
虫垂腺腫	Appendix adenoma
虫垂膿瘍	Appendiceal abscess
虫垂障害	Appendix disorder
虹彩出血	Iris haemorrhage
虹彩嚢腫	Iris cyst
虹彩変色	Iris discolouration
虹彩嵌頓	Iris incarceration
虹彩手術	Iris operation
虹彩損傷	Iris injury
虹彩欠損	Iris coloboma
虹彩異色	Heterochromia iridis
虹彩癒着	Iris adhesions
虹彩萎縮	Iris atrophy
虹彩落屑	Iris exfoliation
虹彩裂傷	Iris tear
虹彩障害	Iris disorder
蝶形皮疹	Butterfly rash
蝸牛損傷	Cochlear injury
蠕虫感染	Helminthic infection
血中リン	Blood phosphorus
血中乳酸	Blood lactic acid
血中亜鉛	Blood zinc
血中尿素	Blood urea
血中尿酸	Blood uric acid
血中水銀	Blood mercury
血中臭素	Blood bromide
血中葉酸	Blood folate
血圧上昇	Blood pressure increased
血圧低下	Blood pressure decreased
血圧変動	Blood pressure fluctuation
血圧正常	Blood pressure normal
血圧測定	Blood pressure measurement
血圧異常	Blood pressure abnormal
血圧管理	Blood pressure management
血小板数	Platelet count
血性下痢	Diarrhoea haemorrhagic
血性水疱	Blood blister
血性腹水	Haemorrhagic ascites
血液ガス	Blood gases
血液培養	Blood culture
血液検査	Haematology test
血液溢出	Extravasation blood
血液障害	Blood disorder
血漿粘度	Plasma viscosity
血管吻合	Vascular anastomosis
血管圧迫	Vascular compression
血管奇形	Vascular malformation
血管手術	Vascular operation
血管採取	Vessel harvesting
血管損傷	Vascular injury
血管検査	Vascular test
血管焼灼	Vascular cauterisation
血管狭窄	Vascular stenosis
血管生検	Biopsy blood vessel
血管画像	Vascular imaging
血管破裂	Vascular rupture
血管硬結	Vascular induration
血管穿孔	Vessel perforation
血管結紮	Vascular ligation
血管解離	Vascular dissection
血管閉塞	Vascular occlusion
血腫感染	Haematoma infection
血腫除去	Haematoma evacuation
血行不全	Vascular insufficiency
血餅退縮	Clot retraction
行動嗜癖	Behavioural addiction
行動療法	Behavioural therapy
行動障害	Behaviour disorder
行為恐怖	Performance fear
術中ケア	Intraoperative care
術前ケア	Preoperative care
術後ケア	Postoperative care
術後前弯	Lordosis post surgical
術後尿閉	Urinary retention postoperative
術後激越	Agitation postoperative
術後癒着	Postoperative adhesion
術後膿瘍	Postoperative abscess
術後譫妄	Postoperative delirium
術後貧血	Anaemia postoperative
術後錯乱	Confusion postoperative
衝動行為	Impulsive behaviour
表情減少	Reduced facial expression
表皮壊死	Epidermal necrosis
表皮母斑	Epidermal naevus
被包反応	Encapsulation reaction
被害妄想	Persecutory delusion
被殻出血	Putamen haemorrhage
裂肛出血	Anal fissure haemorrhage
裂肛切除	Anal fissure excision
補体因子	Complement factor
補体検査	Complement analysis
補充現象	Auditory recruitment
補助受精	Assisted fertilisation
補給療法	Supplementation therapy
製品代替	Product substitution
製品無効	Product ineffective
複視矯正	Diplopia correction
複雑骨折	Complicated fracture
褥瘡治療	Decubitus ulcer treatment
視力低下	Visual acuity reduced
視力検査	Visual acuity tests
視力障害	Visual impairment
視床出血	Thalamus haemorrhage
視床卒中	Thalamic stroke
視床梗塞	Thalamic infarction
視神経炎	Optic neuritis
視神経症	Optic neuropathy
視覚保続	Visual perseveration
視野検査	Visual field tests
視野欠損	Visual field defect
角膜出血	Corneal bleeding
角膜刺激	Corneal irritation
角膜嚢胞	Corneal cyst
角膜培養	Corneal culture
角膜変性	Corneal degeneration
角膜形成	Corneal transplant
角膜感染	Corneal infection
角膜手術	Corneal operation
角膜接触	Corneal touch
角膜損傷	Injury corneal
角膜欠損	Corneal defect
角膜毒性	Corneal toxicity
角膜浮腫	Corneal oedema
角膜浸潤	Corneal infiltrates
角膜混濁	Corneal opacity
角膜生検	Biopsy cornea
角膜病変	Corneal lesion
角膜瘢痕	Corneal scar
角膜白斑	Corneal leukoma
角膜穿孔	Corneal perforation
角膜線条	Corneal striae
角膜縫合	Corneal suture
角膜肥厚	Corneal thickening
角膜肥大	Corneal hypertrophy
角膜膿瘍	Corneal abscess
角膜落屑	Corneal exfoliation
角膜裂傷	Corneal laceration
角膜障害	Corneal disorder
解糖増加	Glycolysis increased
言語緩慢	Slow speech
言語障害	Language disorder
記憶障害	Memory impairment
認知障害	Cognitive disorder
誘発分娩	Induced labour
語音障害	Speech sound disorder
読字障害	Reading disorder
調節障害	Accommodation disorder
貧血予防	Anaemia prophylaxis
貧血母斑	Naevus anaemicus
貯留嚢胞	Retention cyst
赤芽球数	Erythroblast count
起始流産	Imminent abortion
起立血圧	Blood pressure orthostatic
足底紅斑	Plantar erythema
足指切断	Toe amputation
足指手術	Toe operation
足部手術	Foot operation
足部白癬	Tinea pedis
躁的症状	Manic symptom
身体妄想	Somatic delusion
身体損傷	Corporal injury
身体改造	Body modification
身長増加	Body height increased
身長正常	Body height normal
身長減少	Body height decreased
身長異常	Body height abnormal
軟骨手術	Cartilage operation
軟骨損傷	Cartilage injury
軟骨生検	Biopsy cartilage
軟骨移植	Cartilage graft
軟骨肥厚	Cartilage hypertrophy
軟骨萎縮	Cartilage atrophy
転位骨折	Fracture displacement
転倒発作	Drop attacks
転移感染	Infected metastasis
軽鎖分析	Light chain analysis
輪部腫脹	Limbal swelling
輸血反応	Transfusion reaction
辺縁紅斑	Erythema marginatum
近視乳頭	Myopic disc
近視矯正	Myopia correction
退行行動	Regressive behaviour
逆説疼痛	Paradoxical pain
連合弛緩	Loose associations
連銭形成	Rouleaux formation
遅延分娩	Delayed delivery
遅延閉経	Menopause delayed
遅発初経	Delayed menarche
遊走精巣	Testicular retraction
運動不足	Exercise lack of
運動試験	Exercise test
運動障害	Movement disorder
過剰仮骨	Bone callus excessive
過剰塩基	Base excess
過剰椎骨	Supernumerary vertebra
過剰皮膚	Excessive skin
過期妊娠	Prolonged pregnancy
過期産児	Postmature baby
過短臍帯	Umbilical cord short
過長包皮	Prepuce redundant
適応障害	Adjustment disorder
遷延分娩	Prolonged labour
遺伝相談	Genetic counselling
部分発作	Convulsions local
酵母菌属	Saccharomyces
酵素異常	Enzyme abnormality
酵素補充	Enzyme supplementation
酵素誘導	Enzyme induction
酵素阻害	Enzyme inhibition
酸素療法	Oxygen therapy
重篤疾患	Critical illness
重複尿管	Double ureter
重複腸管	Enteric duplication
重複虫垂	Duplex appendix
野兎病菌	Francisella tularensis
金属中毒	Metal poisoning
鉗子分娩	Forceps delivery
鉤虫感染	Hookworm infection
鋸歯状舌	Scalloped tongue
錯乱状態	Confusional state
鍼灸治療	Acupoint application therapy
鎖骨骨折	Clavicle fracture
鎮咳療法	Antitussive therapy
鎮痛療法	Analgesic therapy
鎮静療法	Sedative therapy
門脈再建	Portal vein reconstruction
門脈拡張	Portal vein dilatation
門脈狭窄	Portal vein stenosis
門脈閉塞	Portal vein occlusion
閃輝暗点	Scintillating scotoma
開放骨折	Open fracture
関節吸引	Aspiration joint
関節変形	Joint deformity
関節弛緩	Joint laxity
関節強直	Joint ankylosis
関節形成	Joint arthroplasty
関節手術	Joint surgery
関節拘縮	Joint contracture
関節振動	Joint vibration
関節損傷	Joint injury
関節注入	Joint injection
関節洗浄	Joint irrigation
関節熱感	Joint warmth
関節癒着	Joint adhesion
関節破壊	Joint destruction
関節硬直	Joint stiffness
関節結核	Joint tuberculosis
関節脱臼	Joint dislocation
関節腫脹	Joint swelling
関節膿瘍	Joint abscess
関節雑音	Joint noise
院内感染	Nosocomial infection
陣痛促進	Labour stimulation
陣痛異常	Incoordinate uterine action
除脳姿勢	Decerebrate posture
陥没乳頭	Retracted nipple
陥没骨折	Depressed fracture
陰唇手術	Genital labial operation
陰唇癒着	Genital labial adhesions
陰唇肥大	Labia enlarged
陰嚢出血	Scrotal haemorrhage
陰嚢嚢胞	Scrotal cyst
陰嚢壊疽	Scrotal gangrene
陰嚢感染	Scrotal infection
陰嚢手術	Scrotal operation
陰嚢損傷	Scrotal injury
陰嚢浮腫	Scrotal oedema
陰嚢潰瘍	Scrotal ulcer
陰嚢紅斑	Scrotal erythema
陰嚢腫瘤	Scrotal mass
陰嚢腫脹	Scrotal swelling
陰嚢膿瘍	Scrotal abscess
陰嚢膿瘤	Scrotal pyocele
陰嚢血瘤	Scrotal haematocoele
陰嚢血腫	Scrotal haematoma
陰嚢診査	Scrotal exploration
陰嚢障害	Scrotal disorder
陰核充血	Clitoral engorgement
陰核包茎	Clitoral phimosis
陰核肥大	Enlarged clitoris
陰核膿瘍	Clitoris abscess
陰茎修復	Penile repair
陰茎出血	Penile haemorrhage
陰茎嚢胞	Penile cyst
陰茎壊死	Penile necrosis
陰茎壊疽	Penile gangrene
陰茎感染	Penile infection
陰茎手術	Penile operation
陰茎挫傷	Penile contusion
陰茎捻転	Penile torsion
陰茎損傷	Penis injury
陰茎水疱	Penile blister
陰茎浮腫	Penile oedema
陰茎生検	Biopsy penis
陰茎異臭	Penile odour
陰茎疣贅	Penile wart
陰茎瘢痕	Penile scarring
陰茎癒着	Penile adhesion
陰茎紅斑	Penile erythema
陰茎縮小	Penile size reduced
陰茎腫脹	Penile swelling
陰茎膿瘍	Penile abscess
陰茎血腫	Penile haematoma
陰茎障害	Penis disorder
陰部乾燥	Genital dryness
陰部肥大	Genitals enlarged
隆起骨折	Torus fracture
集中治療	Intensive care
難治性癌	Refractory cancer
雷鳴頭痛	Thunderclap headache
電撃損傷	Electric injury
電撃熱傷	Electrical burn
電撃療法	Electroconvulsive therapy
電磁干渉	Electromagnetic interference
静脈修復	Venous repair
静脈再建	Venous reconstruction
静脈出血	Venous haemorrhage
静脈奇形	Malformation venous
静脈形成	Venous angioplasty
静脈手術	Venous operation
静脈拍動	Pulsating vein
静脈損傷	Venous injury
静脈狭窄	Venous stenosis
静脈破裂	Vein rupture
静脈穿孔	Venous perforation
静脈結紮	Venous ligation
静脈虚脱	Vein collapse
静脈解離	Vein dissection
静脈退色	Vein discolouration
静脈障害	Vein disorder
静脈雑音	Venous bruit
靱帯弛緩	Ligament laxity
靱帯手術	Ligament operation
靱帯捻挫	Ligament sprain
靱帯損傷	Ligament injury
靱帯断裂	Ligament rupture
靱帯生検	Biopsy ligament
靱帯障害	Ligament disorder
音声治療	Voice therapy
項部硬直	Nuchal rigidity
頚動脈瘤	Carotid artery aneurysm
頚椎骨折	Cervical vertebral fracture
頚部手術	Neck surgery
頚部損傷	Neck injury
頚部腫瘤	Neck mass
頚部膿瘍	Abscess neck
頚部診査	Neck exploration
頚静脈圧	Venous pressure jugular
頚髄圧迫	Cervical cord compression
頬骨膿瘍	Zygomatic abscess
頭囲正常	Head circumference normal
頭囲異常	Head circumference abnormal
頭皮生検	Scalp biopsy
頭皮血腫	Scalp haematoma
頭蓋手術	Cranial operation
頭部動揺	Head titubation
頭部固定	Head fixation
頭部変形	Head deformity
頭部損傷	Craniocerebral injury
頭部白癬	Tinea capitis
顆粒球数	Granulocyte count
顎の骨折	Jaw fracture
顎下膿瘍	Submandibular abscess
顎顔面痛	Maxillofacial pain
顎骨嚢胞	Jaw cyst
顔のやせ	Facial wasting
顔面手術	Facial operation
顔面損傷	Face injury
顔面浮腫	Face oedema
顔面痙攣	Facial spasm
顔面白癬	Tinea faciei
顔面腫脹	Swelling face
顔面麻痺	Facial paralysis
顕性屈折	Manifest refraction
類鼻疽菌	Burkholderia pseudomallei
風疹免疫	Rubella immunisation
食塩中毒	Salt intoxication
食塩渇望	Salt craving
食欲亢進	Increased appetite
食欲減退	Decreased appetite
食欲障害	Eating disorder
食物嫌悪	Food aversion
食物拒否	Food refusal
食物汚染	Food contamination
食物渇望	Food craving
食道出血	Oesophageal haemorrhage
食道吻合	Oesophageal anastomosis
食道嚢胞	Oesophageal cyst
食道圧迫	Oesophageal compression
食道感染	Oesophageal infection
食道憩室	Diverticulum oesophageal
食道手術	Oesophageal operation
食道拡張	Oesophageal dilatation
食道損傷	Oesophageal injury
食道浮腫	Oesophageal oedema
食道潰瘍	Oesophageal ulcer
食道熱傷	Burn oesophageal
食道狭窄	Oesophageal stenosis
食道生検	Biopsy oesophagus
食道痙攣	Oesophageal spasm
食道破裂	Oesophageal rupture
食道移植	Oesophageal graft
食道穿孔	Oesophageal perforation
食道結核	Oesophageal tuberculosis
食道腫瘤	Oesophageal mass
食道腺癌	Oesophageal adenocarcinoma
食道膿瘍	Oesophageal abscess
食道蛇行	Tortuous oesophagus
食道障害	Oesophageal disorder
馬鼻疽菌	Burkholderia mallei
骨の肉腫	Bone sarcoma
骨折感染	Fracture infection
骨折整復	Fracture reduction
骨折水疱	Fracture blisters
骨折治療	Fracture treatment
骨新生物	Bone neoplasm
骨格損傷	Skeletal injury
骨格牽引	Skeletal traction
骨棘骨折	Osteophyte fracture
骨溝形成	Bone groove deepening
骨盤切除	Pelvic resection
骨盤変形	Pelvic deformity
骨盤帯痛	Pelvic girdle pain
骨盤手術	Pelvic operation
骨盤膿瘍	Pelvic abscess
骨盤血腫	Pelvic haematoma
骨盤診査	Pelvic exploration
骨盤骨折	Pelvic fracture
骨端手術	Epiphyseal surgery
骨端損傷	Epiphyseal injury
骨端障害	Epiphyseal disorder
骨端骨折	Epiphyseal fracture
骨線条症	Osteopathia striata
骨膜血腫	Periosteal haematoma
骨髄出血	Bone marrow haemorrhage
骨髄壊死	Bone marrow necrosis
骨髄採取	Bone marrow harvest
骨髄提供	Bone marrow donation
骨髄浮腫	Bone marrow oedema
骨髄浸潤	Bone marrow infiltration
骨髄球数	Myelocyte count
骨髄生検	Biopsy bone marrow
骨髄移植	Bone marrow transplant
骨髄穿刺	Aspiration bone marrow
骨髄虚血	Bone marrow ischaemia
骨髄障害	Bone marrow disorder
髄外造血	Extramedullary haemopoiesis
髄液貯留	Cerebrospinal fluid retention
髄膜修復	Meningeal repair
髄膜炎菌	Neisseria meningitidis
髄膜肥厚	Meningeal thickening
髄膜障害	Meningeal disorder
高位児頭	High foetal head
高眼圧症	Ocular hypertension
高輝度膵	Hyperechogenic pancreas
鰓性嚢胞	Branchial cyst
麦角中毒	Ergot poisoning
麻疹免疫	Measles immunisation
麻疹抗体	Measles antibody
麻酔拮抗	Anaesthesia reversal
黄斑円孔	Macular hole
黄斑剥離	Macular detachment
黄斑嚢胞	Macular cyst
黄斑変性	Macular degeneration
黄斑浮腫	Macular oedema
黄斑破裂	Macular rupture
黄斑肥厚	Macular thickening
黄斑虚血	Macular ischaemia
黄熱免疫	Yellow fever immunisation
黄疸指数	Icterus index
黄色皮膚	Yellow skin
黒色砂毛	Black piedra
鼓膜充血	Tympanic membrane hyperaemia
鼓膜穿孔	Tympanic membrane perforation
鼓膜萎縮	Tympanic membrane atrophic
鼓膜陥凹	Tympanic membrane retraction
鼓膜障害	Tympanic membrane disorder
鼠らい菌	Mycobacterium lepraemurium
鼡径部痛	Groin pain
鼻の炎症	Nasal inflammation
鼻前庭炎	Nasal vestibulitis
鼻弁手術	Nasal valve surgery
鼻弁虚脱	Nasal valve collapse
鼻新生物	Nasal neoplasm
鼻汁変色	Nasal discharge discolouration
鼻炎予防	Rhinitis prophylaxis
鼻腔毒性	Nasal cavity toxicity
鼻腔腫瘤	Nasal cavity mass
鼻腔開大	Nasal flaring
鼻部損傷	Nasal injury
鼻部障害	Nasal disorder
鼻静脈瘤	Nasal varices
Ｒｈ抗体	Rhesus antibodies
Ｒｈ抗原	Rhesus antigen
うじ菌	Aspergillus
ざ瘡菌	Propionibacterium acnes
つち指	Mallet finger
つわり	Morning sickness
ねごと	Sleep talking
の混同	Product
の減弱	Chemotherapy
の疑い	Suspected
ひだ舌	Plicated tongue
ほてり	Hot flush
ろう唖	Deaf mutism
アカザ	Chenopodium album
ア原虫	Plasmodium
キノア	Chenopodium quinoa
キンマ	Piper betle
ゴリラ	Gorilla gorilla
シゲラ	Shigella
ス試験	Coombs
セミア	Thalassaemia
セージ	Salvia officinalis
ソーマ	Trypanosoma
トマト	Solanum lycopersicum
ド小体	Corpora
ノール	Blood
バジル	Ocimum basilicum
マニア	Leishmania
マ脳炎	Encephalitis
メロン	Cucumis melo
ヨザル	Aotus trivirgatus
ルモン	Blood
ン分泌	Ectopic
一重瞼	Monolid eyes
三房心	Cor triatriatum
上体炎	Epididymitis
不具合	Device
乳房痛	Breast pain
乳管瘻	Mammary fistula
乳頭痛	Nipple pain
二腔心	Cor biloculare
交互脈	Heart alternation
仙骨痛	Sacral pain
代理母	Surrogate mother
仰臥位	Supine position
会陰痛	Perineal pain
会陰瘻	Perineal fistula
低位歯	Submerged tooth
低所得	Low income
低身長	Short stature
体性痛	Somatic pain
供血者	Blood donor
便培養	Culture stool
便検査	Stool analysis
便潜血	Faecal occult blood
側臥位	Lateral position
偽陣痛	False labour
光輪視	Halo vision
全流産	Abortion
内出血	Internal haemorrhage
内臓痛	Visceral pain
再発癌	Recurrent cancer
凸虹彩	Iris convex
出血熱	Haemorrhagic fever
分割膵	Pancreas divisum
分脊椎	Spina
副乳房	Accessory breast
副作用	Adverse reaction
副耳介	Cervical auricle
副胎盤	Succenturiate placenta
副腎癌	Adrenal gland cancer
副腎臓	Accessory kidney
創壊死	Wound necrosis
創感染	Wound
創腐敗	Wound decomposition
創離開	Wound dehiscence
単心室	Univentricular heart
単心房	Single atrium
単球数	Monocyte count
単眼視	Monocular vision
卵巣癌	Ovarian cancer
卵巣脱	Ovarian prolapse
卵管癌	Fallopian tube cancer
卵管脱	Fallopian tube prolapse
双生歯	Tooth gemination
口呼吸	Mouth breathing
口唇痛	Lip pain
口腔瘻	Oral cavity fistula
口蓋裂	Cleft palate
合禁忌	Drug
吐糞症	Faecal vomiting
吸虫症	Schistosomiasis
呼吸数	Respiratory rate
呼吸音	Breath sounds
呼気臭	Breath odour
咬筋痛	Masticatory pain
咳喘息	Cough variant asthma
咳払い	Throat clearing
咽喉癌	Throat cancer
咽頭嚢	Pharyngeal pouch
咽頭癌	Pharyngeal cancer
唐当帰	Angelica sinensis
喉頭痛	Laryngeal pain
喉頭瘻	Laryngeal fistula
喉頭癌	Laryngeal cancer
喉頭裂	Laryngeal cleft
器感染	Genital
回帰熱	Relapsing fever
固定疹	Fixed eruption
埋伏歯	Tooth impacted
埋没歯	Embedded tooth
塊状椎	Block vertebra
塩体質	Salt diathesis
塹壕足	Trench foot
声門癌	Glottis carcinoma
変色便	Faeces discoloured
変色歯	Tooth discolouration
変色痰	Sputum discoloured
外耳炎	Otitis
多乳頭	Supernumerary nipple
大腸菌	Escherichia coli
子宮痛	Uterine pain
子宮瘻	Uterine fistula
子宮癌	Uterine cancer
子宮脱	Uterine prolapse
室造影	Cardiac
宮入菌	Clostridium butyricum
射精痛	Painful ejaculation
小体症	Foetal growth restriction
小胎盤	Small size placenta
小腸癌	Small intestine carcinoma
尿中鉄	Urine iron
尿中鉛	Lead urine
尿中銅	Urine copper
尿培養	Culture urine
尿失禁	Urinary incontinence
尿崩症	Diabetes insipidus
尿検査	Urine analysis
尿比重	Specific gravity urine
尿沈渣	Urinary sediment
尿潜血	Urinary occult blood
尿異常	Urine abnormality
尿管瘻	Ureteric fistula
尿管癌	Ureteric cancer
尿蛋白	Protein urine
尿路痛	Urinary tract pain
尿道弁	Urethral valves
尿道痛	Urethral pain
尿道瘻	Urethral fistula
尿道癌	Urethral cancer
尿道脱	Urethral prolapse
層撮影	Computerised
工流産	Abortion
巨大菌	Bacillus megaterium
帯状感	Band sensation
度熱傷	Burns
弁壊死	Flap necrosis
引正常	Aspiration
引異常	Aspiration
弛緩歯	Loose tooth
弾発指	Trigger finger
後陣痛	Afterbirth pain
徐呼吸	Respiratory rate decreased
心不全	Cardiac failure
心感染	Cardiac infection
心房圧	Atrial pressure
心拍数	Heart rate
心指数	Cardiac index
心穿孔	Cardiac perforation
心粗動	Cardiac flutter
心細動	Cardiac fibrillation
心結核	Cardiac tuberculosis
心肥大	Cardiac hypertrophy
心臓死	Cardiac death
心臓瘤	Cardiac aneurysm
心障害	Cardiac disorder
心雑音	Cardiac murmur
性ざ瘡	Acne
性器脱	Genital prolapse
性弱視	Amblyopia
性湿疹	Eczema
性皮疹	Rash
性紅斑	Erythema
性脳炎	Encephalitis
性難聴	Deafness
性黄疸	Jaundice
恥骨痛	Pubic pain
憩室炎	Diverticulitis
憩室瘻	Diverticular fistula
成長痛	Growing pains
房肉腫	Breast
房障害	Breast
扁平胸	Flat chest
扁桃癌	Tonsil cancer
手切断	Hand amputation
手変形	Hand deformity
手白癬	Tinea manuum
手骨折	Hand fracture
指なめ	Finger licking
指切断	Finger amputation
指変形	Finger deformity
排卵痛	Ovulation pain
敏感肌	Sensitive skin
敗血疹	Septic rash
敗血症	Systemic infection
断端痛	Amputation stump pain
旋毛虫	Trichinella spiralis
早産児	Premature baby
暁現象	Dawn phenomenon
杉浦法	Sugiura procedure
枯草菌	Bacillus subtilis
検正常	Biopsy
検異常	Biopsy
楔状椎	Vertebral wedging
樽状胸	Barrel chest
正期産	Term birth
歯周病	Periodontal disease
歯嚢胞	Dental cyst
歯奇形	Tooth malformation
歯感染	Tooth infection
歯矯正	Orthodontic procedure
歯肉痛	Gingival pain
歯肉癌	Gingival cancer
歯髄炎	Pulpitis dental
残尿量	Residual urine volume
残胃炎	Remnant gastritis
毛巣病	Pilonidal disease
毛母癌	Pilomatrix carcinoma
気管痛	Tracheal pain
気管瘻	Tracheal fistula
気管癌	Tracheal cancer
水中毒	Water intoxication
水俣病	Minamata disease
汗試験	Sweat test
治療歴	Procedure History of Procedure Treatment history
治療食	Medical diet
波検査	Ultrasound
注射痕	Needle track marks
洞調律	Sinus rhythm
浅麻酔	Light anaesthesia
涙腺瘻	Lacrimal fistula
減量食	Weight loss diet
渦状癬	Tinea imbricata
潜函病	Decompression sickness
瀑状胃	Cascade stomach
灼熱感	Burning sensation
炭疽菌	Bacillus anthracis
無感覚	Sensory loss
無髄歯	Pulpless tooth
然流産	Abortion
熱中症	Heat illness
熱射病	Heat stroke
熱焼灼	Thermal ablation
熱疲労	Heat exhaustion
爪乾癬	Nail psoriasis
爪壊死	Nail necrosis
爪変形	Nail deformation
爪変色	Nail discolouration
爪感染	Nail infection
爪手術	Nail operation
爪損傷	Nail injury
爪毒性	Nail toxicity
爪肥厚	Nail hypertrophy
爪萎縮	Nail atrophy
爪裂離	Nail avulsion
状腺癌	Thyroid
狭心症	Angina pectoris
猩紅熱	Scarlet fever
球麻痺	Bulbar palsy
異常便	Abnormal faeces
異常感	Feeling abnormal
痔出血	Haemorrhoidal haemorrhage
痰貯留	Sputum retention
瘢痕痛	Scar pain
瘻修復	Fistula repair
癌手術	Cancer surgery
癌疲労	Cancer fatigue
癌疼痛	Cancer pain
発汗熱	Sweating fever
発疹熱	Murine typhus
白色便	Faeces pale
白色癬	Tinea blanca
皮弁術	Flap surgery
皮肉腫	Epithelioid
皮膚温	Skin temperature
皮膚癌	Skin cancer
皮質盲	Blindness cortical
直腸炎	Proctitis
直腸癌	Rectal cancer
直腸脱	Rectal prolapse
直腸裂	Rectal fissure
眼充血	Ocular hyperaemia
眼出血	Eye haemorrhage
眼刺激	Eye irritation
眼卒中	Ocular stroke
眼嚢胞	Ocular cyst
眼外傷	Eye injury
眼感染	Eye infection
眼挫傷	Eye contusion
眼毒性	Ocular toxicity
眼洗浄	Eye irrigation
眼混濁	Eye opacity
眼潰瘍	Eye ulcer
眼球瘻	Ocular fistula
眼症状	Eye symptom
眼瞼痛	Eyelid pain
眼膿瘍	Eye abscess
眼血腫	Eye haematoma
眼酒さ	Ocular rosacea
着遅延	Delayed
矮小腎	Kidney small
砕石位	Lithotomy position
破片創	Shrapnel wound
移行椎	Transitional vertebrae
突出痛	Breakthrough pain
突然死	Sudden death
窒息感	Suffocation feeling
立腺癌	Prostate
筋固縮	Muscle rigidity
筋壊死	Muscle necrosis
筋拘縮	Muscle contracture
筋挫傷	Muscle contusion
筋損傷	Muscle injury
筋攣縮	Muscle twitching
筋断裂	Muscle rupture
筋梗塞	Muscle infarction
筋浮腫	Muscle oedema
筋生検	Biopsy muscle
筋痙直	Muscle spasticity
筋痙縮	Muscle spasms
筋移植	Muscle graft
筋緊張	Muscle tightness
筋肉痛	Muscle discomfort
筋肥大	Muscle hypertrophy
筋腫瘤	Muscle mass
筋腫脹	Muscle swelling
筋膿瘍	Muscle abscess
筋酵素	Muscle enzyme
筋障害	Muscle disorder
管異常	Congenital
粃糠疹	Pityriasis
粘液便	Mucous stools
精巣痛	Testicular pain
精巣癌	Testis cancer
精液瘤	Epididymal cyst
精索痛	Spermatic cord pain
糖原病	Glycogen storage disorder
糖尿病	Diabetes mellitus
糞線虫	Strongyloides stercoralis
細胞死	Cell death
経血塊	Menstrual clots
結晶尿	Crystal urine
結核菌	Mycobacterium tuberculosis
結腸瘻	Colonic fistula
結腸癌	Colon cancer
総蛋白	Protein total
緑膿菌	Pseudomonas aeruginosa
縮瞳術	Pupil constriction procedure
罪責感	Feeling guilty
羊水量	Amniotic fluid volume
翼状爪	Nail pterygium
翼状頚	Pterygium colli
耳乾燥	Ear dryness
耳出血	Ear haemorrhage
耳奇形	Ear malformation
耳感染	Ear infection
耳手術	Ear operation
耳洗浄	Ear irrigation
耳結核	Ear tuberculosis
職業歴	Occupation History of Occupation
肉離れ	Muscle strain
肘手術	Elbow operation
肛門癌	Anal cancer
肛門脱	Anal prolapse
肝不全	Hepatic failure
肝偏位	Hepatic displacement
肝出血	Hepatic haemorrhage
肝分離	Hepatic sequestration
肝副葉	Accessory liver lobe
肝吸虫	Clonorchis sinensis
肝嚢胞	Hepatic cyst
肝圧痛	Liver tenderness
肝壊死	Hepatic necrosis
肝感染	Hepatic infection
肝挫傷	Liver contusion
肝損傷	Liver injury
肝梗塞	Hepatic infarction
肝生検	Biopsy liver
肝病変	Hepatic lesion
肝破裂	Hepatic rupture
肝硬変	Hepatic cirrhosis
肝硬結	Liver induration
肝移植	Liver transplant
肝結核	Tuberculosis liver
肝肉腫	Hepatic sarcoma
肝肥大	Hepatic hypertrophy
肝腫瘤	Hepatic mass
肝腺腫	Hepatic adenoma
肝膿瘍	Liver abscess
肝臓痛	Hepatic pain
肝臓脱	Liver prolapse
肝萎縮	Hepatic atrophy
肝虚血	Hepatic ischaemia
肝血腫	Hepatic haematoma
肝触知	Liver palpable
肝透析	Liver dialysis
肝酵素	Hepatic enzyme
肝陰影	Liver opacity
肝障害	Liver disorder
肢切断	Limb amputation
肢欠損	Limb reduction defect
肢移植	Limb transplantation
肩変形	Shoulder deformity
肩骨折	Shoulder fracture
肺出血	Pulmonary haemorrhage
肺切除	Pulmonary resection
肺嚢胞	Lung cyst
肺壊死	Pulmonary necrosis
肺壊疽	Pulmonary gangrene
肺奇形	Pulmonary malformation
肺性心	Cor pulmonale
肺感作	Pulmonary sensitisation
肺手術	Lung operation
肺挫傷	Pulmonary contusion
肺捻転	Pulmonary torsion
肺梅毒	Pulmonary syphilis
肺梗塞	Pulmonary infarction
肺毒性	Pulmonary toxicity
肺気瘤	Pulmonary pneumatocele
肺水腫	Pulmonary oedema
肺活量	Vital capacity
肺浸潤	Lung infiltration
肺生検	Biopsy lung
肺硬化	Lung consolidation
肺硬結	Lung induration
肺移植	Lung transplant
肺穿孔	Lung perforation
肺結核	Pulmonary tuberculosis
肺腫瘤	Pulmonary mass
肺腺癌	Lung adenocarcinoma
肺膿瘍	Lung abscess
肺血腫	Pulmonary haematoma
肺陰影	Lung opacity
肺障害	Lung disorder
肺骨化	Pulmonary calcification
胃出血	Gastric haemorrhage
胃嚢胞	Gastric cyst
胃感染	Gastric infection
胃憩室	Diverticulum gastric
胃手術	Gastric operation
胃拡張	Gastric dilatation
胃梗塞	Gastric infarction
胃洗浄	Gastric lavage
胃潰瘍	Gastric ulcer
胃狭窄	Gastric stenosis
胃生検	Biopsy stomach
胃穿孔	Gastric perforation
胃肉腫	Gastric sarcoma
胃脱出	Gastric prolapse
胃脾瘻	Gastrosplenic fistula
胃腫瘤	Stomach mass
胃腸炎	Gastroenteritis
胃腺癌	Adenocarcinoma gastric
胃腺腫	Gastric adenoma
胃虚血	Gastric ischaemia
胃閉塞	Obstruction gastric
胆嚢瘻	Gallbladder fistula
胆嚢癌	Gallbladder cancer
胆汁酸	Bile acids
胆汁量	Bile output
胆管瘻	Biliary fistula
胆管癌	Bile duct cancer
胆膵癌	Pancreaticobiliary carcinoma
背部痛	Back pain
胸腺癌	Thymic carcinoma
胸膜痛	Pleuritic pain
胸膜瘻	Pleural fistula
脂腺炎	Sebaceous adenitis
脂腺癌	Sebaceous carcinoma
脆弱歯	Teeth brittle
脈波形	Pulse waveform
脊椎痛	Spinal pain
脱修復	Prolapse repair
脳出血	Cerebral haemorrhage
脳切離	Cerebral lobotomy
脳卒中	Cerebrovascular accident
脳嚢胞	Cerebral cyst
脳圧迫	Brain compression
脳奇形	Brain malformation
脳手術	Brain operation
脳挫傷	Brain contusion
脳損傷	Brain injury
脳梗塞	Cerebral infarction
脳浮腫	Brain oedema
脳生検	Biopsy brain
脳紫斑	Purpura cerebri
脳肉腫	Brain sarcoma
脳膿瘍	Brain abscess
脳蓄膿	Brain empyema
脳虚血	Cerebral ischaemia
脳血腫	Cerebral haematoma
脾嚢胞	Splenic cyst
脾壊死	Splenic necrosis
脾感染	Splenic infection
脾手術	Spleen operation
脾捻転	Splenic torsion
脾生検	Biopsy spleen
脾破裂	Splenic rupture
脾萎縮	Spleen atrophy
脾虚血	Spleen ischaemia
脾血腫	Splenic haematoma
脾触知	Spleen palpable
腋窩痛	Axillary pain
腎不全	Renal failure
腎仙痛	Renal colic
腎出血	Renal haemorrhage
腎吻合	Kidney anastomosis
腎嚢胞	Renal cyst
腎塞栓	Renal embolism
腎奇形	Kidney malformation
腎感染	Kidney infection
腎挫傷	Kidney contusion
腎損傷	Renal injury
腎梅毒	Renal syphilis
腎梗塞	Renal infarct
腎水瘤	Renal hydrocele
腎生検	Biopsy kidney
腎盂瘻	Renal pelvis fistula
腎移植	Renal transplant
腎穿孔	Kidney perforation
腎結核	Renal tuberculosis
腎肥大	Renal hypertrophy
腎腫大	Kidney enlargement
腎腫瘤	Renal mass
腎腺腫	Renal adenoma
腎膿瘍	Renal abscess
腎臓痛	Renal pain
腎萎縮	Renal atrophy
腎虚血	Renal ischaemia
腎血腫	Renal haematoma
腎触知	Kidney palpable
腎診査	Renal exploration
腎障害	Renal disorder
腎雑音	Renal bruit
腕切断	Arm amputation
腟中隔	Vaginal septum
腟出血	Vaginal haemorrhage
腟嚢胞	Vaginal cyst
腟壊死	Vaginal necrosis
腟弛緩	Vaginal relaxation
腟感染	Vaginal infection
腟手術	Vaginal operation
腟拡大	Vaginal enlargement
腟洗浄	Vaginal douching
腟浮腫	Vaginal oedema
腟潰瘍	Vaginal ulceration
腟狭窄	Vaginal stricture
腟生検	Biopsy vagina
腟病変	Vaginal lesion
腟瘢痕	Vaginal scarring
腟穿孔	Vaginal perforation
腟腺癌	Vaginal adenocarcinoma
腟膿瘍	Vaginal abscess
腟血腫	Vaginal haematoma
腟逆流	Vaginal reflux
腟閉塞	Vaginal obstruction
腟閉鎖	Vaginal atresia
腟障害	Vaginal disorder
腫瘍熱	Tumour associated fever
腫瘍瘻	Tumour fistulisation
腱壊死	Tendon necrosis
腱弛緩	Tendon laxity
腱手術	Tendon operation
腱損傷	Tendon injury
腱断裂	Tendon rupture
腱生検	Biopsy tendon
腱移植	Tendon graft
腱移行	Tendon transfer
腱脱臼	Tendon dislocation
腱障害	Tendon disorder
腸出血	Intestinal haemorrhage
腸切除	Intestinal resection
腸壊疽	Intestinal gangrene
腸憩室	Diverticulum intestinal
腸梗塞	Intestinal infarction
腸潰瘍	Intestinal ulcer
腸炎菌	Salmonella enteritidis
腸生検	Biopsy intestine
腸管瘻	Intestinal fistula
腸管脱	Intestinal prolapse
腸結核	Intestinal tuberculosis
腸絞扼	Intestinal strangulation
腸血腫	Intestinal haematoma
腸閉塞	Intestinal obstruction
腹壁洞	Abdominal wall sinus
腹壁痛	Abdominal wall pain
腹臥位	Prone position
腺生検	Biopsy
腺腫瘍	Parathyroid
膀胱痛	Bladder pain
膀胱瘻	Vesical fistula
膀胱癌	Bladder cancer
膜異常	Congenital
膝手術	Knee operation
膝蓋骨	Patella
膠原病	Collagen disorder
膵不全	Pancreatic failure
膵嚢胞	Pancreatic cyst
膵感染	Pancreas infection
膵挫傷	Pancreatic contusion
膵損傷	Pancreatic injury
膵梗塞	Pancreatic infarction
膵毒性	Pancreatic toxicity
膵生検	Biopsy pancreas
膵移植	Pancreas transplant
膵肉腫	Pancreatic sarcoma
膵腫大	Pancreatic enlargement
膵腫瘤	Pancreatic mass
膵腺癌	Adenocarcinoma pancreas
膵膿瘍	Pancreatic abscess
膵萎縮	Pancreatic atrophy
膵酵素	Pancreatic enzymes
膿性痰	Sputum purulent
臍出血	Umbilical haemorrhage
臍奇形	Umbilical malformation
臍欠損	Absent navel
臍紅斑	Umbilical erythema
臍血腫	Umbilical haematoma
臨床死	Clinical death
舌あれ	Tongue rough
舌出血	Tongue haemorrhage
舌嚢胞	Tongue cyst
舌壊死	Tongue necrosis
舌変色	Tongue discolouration
舌手術	Tongue operation
舌損傷	Tongue injury
舌梗塞	Tongue infarction
舌浮腫	Tongue oedema
舌潰瘍	Tongue ulceration
舌生検	Biopsy tongue
舌痙攣	Tongue spasm
舌発疹	Tongue eruption
舌硬結	Tongue induration
舌突出	Protrusion tongue
舌紅斑	Tongue erythema
舌腫脹	Swollen tongue
舌膿瘍	Tongue abscess
舌萎縮	Tongue atrophy
舌血腫	Tongue haematoma
舌障害	Tongue disorder
舟状腹	Scaphoid abdomen
虫垂癌	Appendix cancer
蛇咬傷	Snake bite
蛍光菌	Pseudomonas fluorescens
蝶形椎	Butterfly vertebra
融合腎	Renal fusion anomaly
血中鉄	Blood iron
血中鉛	Blood lead
血中銅	Blood copper
血吸虫	Schistosoma
血清病	Serum sickness
血管痛	Vascular pain
褐色腫	Brown tumour
覆髄法	Pulp capping
診断法	Diagnostic procedure
赤痢菌	Shigella
足切断	Foot amputation
足変形	Foot deformity
足脈拍	Pedal pulse
足骨折	Foot fracture
転位歯	Malpositioned teeth
輪状膵	Annular pancreas
迷路瘻	Labyrinthine fistula
過剰歯	Supernumerary teeth
部白癬	Tinea
酩酊感	Feeling drunk
重感染	Superinfection
重複腎	Kidney duplex
重鎖病	Heavy chain disease
鉄欠乏	Iron deficiency
鉄過剰	Iron overload
鉤発作	Uncinate fits
銅欠乏	Copper deficiency
鎖球菌	Streptococcus
長寿食	Macrobiotic diet
門脈炎	Portal vein phlebitis
間葉腫	Malignant
関節瘻	Joint fistula
陥入爪	Ingrowing nail
陰嚢痛	Scrotal pain
陰嚢癌	Scrotal cancer
陰茎痛	Penile pain
陰茎癌	Penile cancer
陰部癌	Vulval
静脈圧	Venous pressure
靱帯痛	Ligament pain
音連合	Clang associations
頚変形	Neck deformity
頚部痛	Neck pain
頚部癌	Cervix
頭生検	Biopsy
頻呼吸	Respiratory rate increased
顎下瘻	Jaw fistula
顎手術	Jaw operation
顎障害	Jaw disorder
顔面痛	Facial pain
類腱腫	Desmoid tumour
食中毒	Food poisoning
食道痛	Oesophageal pain
食道瘻	Oesophageal fistula
食道癌	Oesophageal carcinoma
養陰性	Culture
駆出率	Ejection fraction
骨亀裂	Bone fissure
骨侵食	Bone erosion
骨喪失	Bone loss
骨嚢腫	Bone cyst
骨変形	Bone deformity
骨手術	Bone operation
骨折痛	Fracture pain
骨挫傷	Bone contusion
骨掻爬	Bone curettage
骨梗塞	Bone infarction
骨生検	Biopsy bone
骨病変	Bone lesion
骨瘻孔	Bone fistula
骨盤位	Breech presentation
骨盤痛	Pelvic pain
骨盤腎	Pelvic kidney
骨移植	Bone graft
骨結核	Bone tuberculosis
骨肥厚	Bone hypertrophy
骨腫脹	Bone swelling
骨膿瘍	Bone abscess
骨萎縮	Bone atrophy
骨障害	Bone disorder
骨髄像	Bone marrow myelogram
骨髄炎	Osteomyelitis
髄膜炎	Meningitis
高学歴	Well educated
高所得	High income
鰓裂洞	Branchial cleft sinus
鵞足炎	Pes anserinus syndrome
黄疸眼	Ocular icterus
黒水熱	Blackwater fever
鼻乾燥	Nasal dryness
鼻吸引	Nasal aspiration
鼻嚢胞	Nasal cyst
鼻壊死	Nasal necrosis
鼻変形	Nose deformity
鼻手術	Nasal operation
鼻洗浄	Nasal irrigation
鼻浮腫	Nasal oedema
鼻潰瘍	Nasal ulcer
鼻痂皮	Nasal crusting
鼻癒着	Nasal adhesions
鼻腔瘻	Nasal cavity fistula
鼻腔癌	Nasal cavity cancer
鼻膿瘍	Nasal abscess
鼻閉塞	Nasal obstruction
Ｌ鎖病	Light chain disease
あざ	Birth mark
サケ	Oncorhynchus keta
シソ	Perilla frutescens
タラ	Gadus morhua
ナス	Solanum melongena
ブナ	Beech Fagus IgE Ab
中年	Middle aged
乳疱	Nipple blister
乳癌	Breast cancer
仮死	Apparent death
体温	Body temperature
供血	Blood donation
便量	Faecal volume
兵役	Military service
冷感	Feeling cold
冷汗	Cold sweat
刺創	Stab wound
副筋	Accessory muscle
副耳	Accessory auricle
副脾	Accessory spleen
包虫	Echinococcus
咬舌	Tongue biting
回虫	Ascaris lumbricoides
夜盲	Night blindness
夢精	Nocturnal emission
寝汗	Night sweats
尿瘻	Urinary fistula
尿量	Urine output
尿閉	Urinary retention
心音	Heart sounds
急産	Precipitate labour
感電	Electric shock
打診	Percussion test
抜歯	Tooth extraction
抜糸	Suture removal
拒食	Diet refusal
挫滅	Crush injury
握力	Grip strength
摘便	Faecal disimpaction
斜位	Oblique presentation
早漏	Premature ejaculation
早産	Premature delivery
来院	Office visit
植皮	Skin graft
横位	Transverse presentation
歯垢	Dental plaque
歯瘻	Dental fistula
淋菌	Neisseria gonorrhoeae
溺水	Near drowning
熱傷	Thermal burn
生産	Live birth
産瘤	Caput succedaneum
痔瘻	Anal fistula
痙笑	Risus sardonicus
癜風	Tinea versicolour
眼痛	Eye pain
眼脂	Eye discharge
硬便	Faeces hard
禁酒	Abstains from alcohol
紅花	Carthamus tinctorius
縫合	Suture insertion
耳痛	Ear pain
耳臭	Ear odour
耳茸	Aural polyp
耳閉	Ear congestion
職業	Occupation History of Occupation
肝癌	Hepatic cancer
肝蛭	Fasciola hepatica
肺痛	Pulmonary pain
肺瘻	Pulmonary fistula
胃瘻	Gastric fistula
胃癌	Gastric cancer
胸水	Pleural effusion
胸痛	Chest pain
脈圧	Pulse pressure
脳死	Brain death
腎癌	Renal cancer
腐骨	Bone sequestrum
腟瘻	Vaginal fistula
腟癌	Vaginal cancer
腟脱	Vaginal prolapse
腱痛	Tendon pain
腹痛	Abdominal pain
膵瘻	Pancreatic fistula
膵癌	Pancreatic carcinoma
膿創	Wound sepsis
舌苔	Tongue coated
薬疹	Drug eruption
裂肛	Anal fissure
補液	Fluid replacement
身長	Body height
軟便	Faeces soft
転職	Job change
銃創	Gun shot wound
鎖肛	Anal atresia
陣痛	Labour pain
霊菌	Serratia marcescens
霧視	Vision blurred
鞭毛	Flagella
頭囲	Head circumference
額位	Brow presentation
顔位	Face presentation
風疹	Rubella
骨痛	Bone pain
骨癌	Bone cancer
鳩胸	Pectus carinatum
麻酔	Anaesthesia procedure
黄熱	Yellow fever
黒癬	Tinea nigra
鼻臭	Nasal odour
鼻茸	Nasal polyps
鼻閉	Nasal congestion
齲歯	Dental caries
