氨基-3-羟基-5-甲基-4-异噁唑丙酸受体 1+2	Alpha-amino-3-hydroxy-5-methyl-4-isoxazolepropionate receptor 1+2
氨基-3-羥基-5-甲基-4-異噁唑丙酸受體 1+2	Alpha-amino-3-hydroxy-5-methyl-4-isoxazolepropionate receptor 1+2
Alpha生育酚与 Beta+Gamma 生育酚	Alpha tocopherol & Beta+gamma tocopherol
Alpha生育酚與 Beta+Gamma 生育酚	Alpha tocopherol & Beta+gamma tocopherol
alpha生育酚与 Beta+Gamma 生育酚	Alpha tocopherol & Beta+gamma tocopherol
alpha生育酚與 Beta+Gamma 生育酚	Alpha tocopherol & Beta+gamma tocopherol
α 1 胎儿球蛋白与 Alpha-1-胎儿球蛋白	Alpha-1-Fetoprotein & Alpha-1-Fetoprotein
α 1 胎兒球蛋白與 Alpha-1-胎兒球蛋白	Alpha-1-Fetoprotein & Alpha-1-Fetoprotein
α 1-胎儿球蛋白与 Alpha-1-胎儿球蛋白	Alpha-1-Fetoprotein & Alpha-1-Fetoprotein
α 1-胎兒球蛋白與 Alpha-1-胎兒球蛋白	Alpha-1-Fetoprotein & Alpha-1-Fetoprotein
α-1 胎儿球蛋白与 Alpha-1-胎儿球蛋白	Alpha-1-Fetoprotein & Alpha-1-Fetoprotein
α-1 胎兒球蛋白與 Alpha-1-胎兒球蛋白	Alpha-1-Fetoprotein & Alpha-1-Fetoprotein
α-1-胎儿球蛋白与 Alpha-1-胎儿球蛋白	Alpha-1-Fetoprotein & Alpha-1-Fetoprotein
α-1-胎兒球蛋白與 Alpha-1-胎兒球蛋白	Alpha-1-Fetoprotein & Alpha-1-Fetoprotein
氨基-3-羟基-5-甲基-4-异噁唑丙酸受体 1	Alpha-amino-3-hydroxy-5-methyl-4-isoxazolepropionate receptor 1
氨基-3-羟基-5-甲基-4-异噁唑丙酸受体 2	Alpha-amino-3-hydroxy-5-methyl-4-isoxazolepropionate receptor 2
氨基-3-羥基-5-甲基-4-異噁唑丙酸受體 1	Alpha-amino-3-hydroxy-5-methyl-4-isoxazolepropionate receptor 1
氨基-3-羥基-5-甲基-4-異噁唑丙酸受體 2	Alpha-amino-3-hydroxy-5-methyl-4-isoxazolepropionate receptor 2
氨基己二酸半醛+Delta-1-哌啶-6-羧酸酯	Alpha-aminoadipic semialdehyde+Delta-1-Piperideine-6-carboxylate
α 1胎儿球蛋白与 Alpha-1-胎儿球蛋白	Alpha-1-Fetoprotein & Alpha-1-Fetoprotein
α 1胎兒球蛋白與 Alpha-1-胎兒球蛋白	Alpha-1-Fetoprotein & Alpha-1-Fetoprotein
α-1胎儿球蛋白与 Alpha-1-胎儿球蛋白	Alpha-1-Fetoprotein & Alpha-1-Fetoprotein
α-1胎兒球蛋白與 Alpha-1-胎兒球蛋白	Alpha-1-Fetoprotein & Alpha-1-Fetoprotein
α1 胎儿球蛋白与 Alpha-1-胎儿球蛋白	Alpha-1-Fetoprotein & Alpha-1-Fetoprotein
α1 胎兒球蛋白與 Alpha-1-胎兒球蛋白	Alpha-1-Fetoprotein & Alpha-1-Fetoprotein
α1-胎儿球蛋白与 Alpha-1-胎儿球蛋白	Alpha-1-Fetoprotein & Alpha-1-Fetoprotein
α1-胎兒球蛋白與 Alpha-1-胎兒球蛋白	Alpha-1-Fetoprotein & Alpha-1-Fetoprotein
Beta 淀粉样蛋白 1-42 和 1-40	Beta-Amyloid 1-42 and 1-40
Beta 澱粉樣蛋白 1-42 和 1-40	Beta-Amyloid 1-42 and 1-40
Beta-淀粉样蛋白 1-42 和 1-40	Beta-Amyloid 1-42 and 1-40
Beta-澱粉樣蛋白 1-42 和 1-40	Beta-Amyloid 1-42 and 1-40
Delta 氨基酮戊酸、 胆色素原与肌酐组套	Delta aminolevulinate, porphobilinogen and creatinine
Delta 氨基酮戊酸、 膽色素原與肌酐組套	Delta aminolevulinate, porphobilinogen and creatinine
Delta-氨基酮戊酸、 胆色素原与肌酐组套	Delta aminolevulinate, porphobilinogen and creatinine
Delta-氨基酮戊酸、 膽色素原與肌酐組套	Delta aminolevulinate, porphobilinogen and creatinine
beta 淀粉样蛋白 1-42 和 1-40	Beta-Amyloid 1-42 and 1-40
beta 澱粉樣蛋白 1-42 和 1-40	Beta-Amyloid 1-42 and 1-40
beta-淀粉样蛋白 1-42 和 1-40	Beta-Amyloid 1-42 and 1-40
beta-澱粉樣蛋白 1-42 和 1-40	Beta-Amyloid 1-42 and 1-40
delta 氨基酮戊酸、 胆色素原与肌酐组套	Delta aminolevulinate, porphobilinogen and creatinine
delta 氨基酮戊酸、 膽色素原與肌酐組套	Delta aminolevulinate, porphobilinogen and creatinine
delta-氨基酮戊酸、 胆色素原与肌酐组套	Delta aminolevulinate, porphobilinogen and creatinine
delta-氨基酮戊酸、 膽色素原與肌酐組套	Delta aminolevulinate, porphobilinogen and creatinine
α1胎儿球蛋白与 Alpha-1-胎儿球蛋白	Alpha-1-Fetoprotein & Alpha-1-Fetoprotein
α1胎兒球蛋白與 Alpha-1-胎兒球蛋白	Alpha-1-Fetoprotein & Alpha-1-Fetoprotein
Alpha 鵝膏蕈鹼+gamma-鵝膏蕈鹼	Alpha-amanitin+gamma-amanitin
Alpha 鹅膏蕈碱+gamma-鹅膏蕈碱	Alpha-amanitin+gamma-amanitin
Alpha-鵝膏蕈鹼+gamma-鵝膏蕈鹼	Alpha-amanitin+gamma-amanitin
Alpha-鹅膏蕈碱+gamma-鹅膏蕈碱	Alpha-amanitin+gamma-amanitin
Beta N-乙酰氨基已糖苷酶 A 与 B	Beta-N-acetylhexosaminidase A & B
Beta N-乙醯氨基已糖苷酶 A 與 B	Beta-N-acetylhexosaminidase A & B
Beta-N-乙酰氨基已糖苷酶 A 与 B	Beta-N-acetylhexosaminidase A & B
Beta-N-乙醯氨基已糖苷酶 A 與 B	Beta-N-acetylhexosaminidase A & B
Beta淀粉样蛋白 1-42 和 1-40	Beta-Amyloid 1-42 and 1-40
Beta澱粉樣蛋白 1-42 和 1-40	Beta-Amyloid 1-42 and 1-40
Delta氨基酮戊酸、 胆色素原与肌酐组套	Delta aminolevulinate, porphobilinogen and creatinine
Delta氨基酮戊酸、 膽色素原與肌酐組套	Delta aminolevulinate, porphobilinogen and creatinine
alpha 鵝膏蕈鹼+gamma-鵝膏蕈鹼	Alpha-amanitin+gamma-amanitin
alpha 鹅膏蕈碱+gamma-鹅膏蕈碱	Alpha-amanitin+gamma-amanitin
alpha-鵝膏蕈鹼+gamma-鵝膏蕈鹼	Alpha-amanitin+gamma-amanitin
alpha-鹅膏蕈碱+gamma-鹅膏蕈碱	Alpha-amanitin+gamma-amanitin
beta N-乙酰氨基已糖苷酶 A 与 B	Beta-N-acetylhexosaminidase A & B
beta N-乙醯氨基已糖苷酶 A 與 B	Beta-N-acetylhexosaminidase A & B
beta-N-乙酰氨基已糖苷酶 A 与 B	Beta-N-acetylhexosaminidase A & B
beta-N-乙醯氨基已糖苷酶 A 與 B	Beta-N-acetylhexosaminidase A & B
beta淀粉样蛋白 1-42 和 1-40	Beta-Amyloid 1-42 and 1-40
beta澱粉樣蛋白 1-42 和 1-40	Beta-Amyloid 1-42 and 1-40
delta氨基酮戊酸、 胆色素原与肌酐组套	Delta aminolevulinate, porphobilinogen and creatinine
delta氨基酮戊酸、 膽色素原與肌酐組套	Delta aminolevulinate, porphobilinogen and creatinine
α 生育酚与 Beta+Gamma 生育酚	Alpha tocopherol & Beta+gamma tocopherol
α 生育酚與 Beta+Gamma 生育酚	Alpha tocopherol & Beta+gamma tocopherol
α-生育酚与 Beta+Gamma 生育酚	Alpha tocopherol & Beta+gamma tocopherol
α-生育酚與 Beta+Gamma 生育酚	Alpha tocopherol & Beta+gamma tocopherol
Alpha鵝膏蕈鹼+gamma-鵝膏蕈鹼	Alpha-amanitin+gamma-amanitin
Alpha鹅膏蕈碱+gamma-鹅膏蕈碱	Alpha-amanitin+gamma-amanitin
Beta 2 球蛋白+Gamma 球蛋白	Beta 2 globulin+Gamma globulin
Beta 2-球蛋白+Gamma 球蛋白	Beta 2 globulin+Gamma globulin
Beta 羟基丁酸+Gamma 羟基丁酸	Beta hydroxybutyrate+Gamma aminobutyrate
Beta 羥基丁酸+Gamma 羥基丁酸	Beta hydroxybutyrate+Gamma aminobutyrate
Beta-2 球蛋白+Gamma 球蛋白	Beta 2 globulin+Gamma globulin
Beta-2-球蛋白+Gamma 球蛋白	Beta 2 globulin+Gamma globulin
Beta-羟基丁酸+Gamma 羟基丁酸	Beta hydroxybutyrate+Gamma aminobutyrate
Beta-羥基丁酸+Gamma 羥基丁酸	Beta hydroxybutyrate+Gamma aminobutyrate
BetaN-乙酰氨基已糖苷酶 A 与 B	Beta-N-acetylhexosaminidase A & B
BetaN-乙醯氨基已糖苷酶 A 與 B	Beta-N-acetylhexosaminidase A & B
alpha鵝膏蕈鹼+gamma-鵝膏蕈鹼	Alpha-amanitin+gamma-amanitin
alpha鹅膏蕈碱+gamma-鹅膏蕈碱	Alpha-amanitin+gamma-amanitin
beta 2 球蛋白+Gamma 球蛋白	Beta 2 globulin+Gamma globulin
beta 2-球蛋白+Gamma 球蛋白	Beta 2 globulin+Gamma globulin
beta 羟基丁酸+Gamma 羟基丁酸	Beta hydroxybutyrate+Gamma aminobutyrate
beta 羥基丁酸+Gamma 羥基丁酸	Beta hydroxybutyrate+Gamma aminobutyrate
beta-2 球蛋白+Gamma 球蛋白	Beta 2 globulin+Gamma globulin
beta-2-球蛋白+Gamma 球蛋白	Beta 2 globulin+Gamma globulin
beta-羟基丁酸+Gamma 羟基丁酸	Beta hydroxybutyrate+Gamma aminobutyrate
beta-羥基丁酸+Gamma 羥基丁酸	Beta hydroxybutyrate+Gamma aminobutyrate
betaN-乙酰氨基已糖苷酶 A 与 B	Beta-N-acetylhexosaminidase A & B
betaN-乙醯氨基已糖苷酶 A 與 B	Beta-N-acetylhexosaminidase A & B
α生育酚与 Beta+Gamma 生育酚	Alpha tocopherol & Beta+gamma tocopherol
α生育酚與 Beta+Gamma 生育酚	Alpha tocopherol & Beta+gamma tocopherol
胎儿球蛋白与 Alpha-1-胎儿球蛋白	Alpha-1-Fetoprotein & Alpha-1-Fetoprotein
胎兒球蛋白與 Alpha-1-胎兒球蛋白	Alpha-1-Fetoprotein & Alpha-1-Fetoprotein
Alpha 1 抗胰蛋白酶粪便清除组套	Alpha 1 antitrypsin fecal clearance
Alpha 1 抗胰蛋白酶糞便清除組套	Alpha 1 antitrypsin fecal clearance
Alpha 1-抗胰蛋白酶粪便清除组套	Alpha 1 antitrypsin fecal clearance
Alpha 1-抗胰蛋白酶糞便清除組套	Alpha 1 antitrypsin fecal clearance
Alpha-1 抗胰蛋白酶粪便清除组套	Alpha 1 antitrypsin fecal clearance
Alpha-1 抗胰蛋白酶糞便清除組套	Alpha 1 antitrypsin fecal clearance
Alpha-1-抗胰蛋白酶粪便清除组套	Alpha 1 antitrypsin fecal clearance
Alpha-1-抗胰蛋白酶糞便清除組套	Alpha 1 antitrypsin fecal clearance
Beta 2球蛋白+Gamma 球蛋白	Beta 2 globulin+Gamma globulin
Beta-2球蛋白+Gamma 球蛋白	Beta 2 globulin+Gamma globulin
Beta2 球蛋白+Gamma 球蛋白	Beta 2 globulin+Gamma globulin
Beta2-球蛋白+Gamma 球蛋白	Beta 2 globulin+Gamma globulin
Beta羟基丁酸+Gamma 羟基丁酸	Beta hydroxybutyrate+Gamma aminobutyrate
Beta羥基丁酸+Gamma 羥基丁酸	Beta hydroxybutyrate+Gamma aminobutyrate
alpha 1 抗胰蛋白酶粪便清除组套	Alpha 1 antitrypsin fecal clearance
alpha 1 抗胰蛋白酶糞便清除組套	Alpha 1 antitrypsin fecal clearance
alpha 1-抗胰蛋白酶粪便清除组套	Alpha 1 antitrypsin fecal clearance
alpha 1-抗胰蛋白酶糞便清除組套	Alpha 1 antitrypsin fecal clearance
alpha-1 抗胰蛋白酶粪便清除组套	Alpha 1 antitrypsin fecal clearance
alpha-1 抗胰蛋白酶糞便清除組套	Alpha 1 antitrypsin fecal clearance
alpha-1-抗胰蛋白酶粪便清除组套	Alpha 1 antitrypsin fecal clearance
alpha-1-抗胰蛋白酶糞便清除組套	Alpha 1 antitrypsin fecal clearance
beta 2球蛋白+Gamma 球蛋白	Beta 2 globulin+Gamma globulin
beta-2球蛋白+Gamma 球蛋白	Beta 2 globulin+Gamma globulin
beta2 球蛋白+Gamma 球蛋白	Beta 2 globulin+Gamma globulin
beta2-球蛋白+Gamma 球蛋白	Beta 2 globulin+Gamma globulin
beta羟基丁酸+Gamma 羟基丁酸	Beta hydroxybutyrate+Gamma aminobutyrate
beta羥基丁酸+Gamma 羥基丁酸	Beta hydroxybutyrate+Gamma aminobutyrate
β 淀粉样蛋白 1-42 和 1-40	Beta-Amyloid 1-42 and 1-40
β 澱粉樣蛋白 1-42 和 1-40	Beta-Amyloid 1-42 and 1-40
β-淀粉样蛋白 1-42 和 1-40	Beta-Amyloid 1-42 and 1-40
β-澱粉樣蛋白 1-42 和 1-40	Beta-Amyloid 1-42 and 1-40
生育酚与 Beta+Gamma 生育酚	Alpha tocopherol & Beta+gamma tocopherol
生育酚與 Beta+Gamma 生育酚	Alpha tocopherol & Beta+gamma tocopherol
Alpha 1 抗胰蛋白酶 粪便清除	Alpha 1 antitrypsin fecal clearance
Alpha 1 抗胰蛋白酶 糞便清除	Alpha 1 antitrypsin fecal clearance
Alpha 1 抗胰蛋白酶蛋白型組套	Alpha-1-Antitrypsin Proteotype
Alpha 1 抗胰蛋白酶蛋白型组套	Alpha-1-Antitrypsin Proteotype
Alpha 1-抗胰蛋白酶 粪便清除	Alpha 1 antitrypsin fecal clearance
Alpha 1-抗胰蛋白酶 糞便清除	Alpha 1 antitrypsin fecal clearance
Alpha 1-抗胰蛋白酶蛋白型組套	Alpha-1-Antitrypsin Proteotype
Alpha 1-抗胰蛋白酶蛋白型组套	Alpha-1-Antitrypsin Proteotype
Alpha 1抗胰蛋白酶粪便清除组套	Alpha 1 antitrypsin fecal clearance
Alpha 1抗胰蛋白酶糞便清除組套	Alpha 1 antitrypsin fecal clearance
Alpha 甲基酰基辅酶 A 消旋酶	Alpha-methylacyl CoA racemase
Alpha 甲基醯基輔酶 A 消旋酶	Alpha-methylacyl CoA racemase
Alpha-1 抗胰蛋白酶 粪便清除	Alpha 1 antitrypsin fecal clearance
Alpha-1 抗胰蛋白酶 糞便清除	Alpha 1 antitrypsin fecal clearance
Alpha-1 抗胰蛋白酶蛋白型組套	Alpha-1-Antitrypsin Proteotype
Alpha-1 抗胰蛋白酶蛋白型组套	Alpha-1-Antitrypsin Proteotype
Alpha-1-抗胰蛋白酶 粪便清除	Alpha 1 antitrypsin fecal clearance
Alpha-1-抗胰蛋白酶 糞便清除	Alpha 1 antitrypsin fecal clearance
Alpha-1-抗胰蛋白酶蛋白型組套	Alpha-1-Antitrypsin Proteotype
Alpha-1-抗胰蛋白酶蛋白型组套	Alpha-1-Antitrypsin Proteotype
Alpha-1抗胰蛋白酶粪便清除组套	Alpha 1 antitrypsin fecal clearance
Alpha-1抗胰蛋白酶糞便清除組套	Alpha 1 antitrypsin fecal clearance
Alpha-甲基酰基辅酶 A 消旋酶	Alpha-methylacyl CoA racemase
Alpha-甲基醯基輔酶 A 消旋酶	Alpha-methylacyl CoA racemase
Alpha1 抗胰蛋白酶粪便清除组套	Alpha 1 antitrypsin fecal clearance
Alpha1 抗胰蛋白酶糞便清除組套	Alpha 1 antitrypsin fecal clearance
Alpha1-抗胰蛋白酶粪便清除组套	Alpha 1 antitrypsin fecal clearance
Alpha1-抗胰蛋白酶糞便清除組套	Alpha 1 antitrypsin fecal clearance
Beta 球蛋白+Gamma 球蛋白	Beta globulin+Gamma globulin
Beta-球蛋白+Gamma 球蛋白	Beta globulin+Gamma globulin
Beta2球蛋白+Gamma 球蛋白	Beta 2 globulin+Gamma globulin
Gamma 氨基丁酸游离型与总计组套	Gamma aminobutyrate free and
Gamma 氨基丁酸游離型與總計組套	Gamma aminobutyrate free and
Gamma-氨基丁酸游离型与总计组套	Gamma aminobutyrate free and
Gamma-氨基丁酸游離型與總計組套	Gamma aminobutyrate free and
alpha 1 抗胰蛋白酶 粪便清除	Alpha 1 antitrypsin fecal clearance
alpha 1 抗胰蛋白酶 糞便清除	Alpha 1 antitrypsin fecal clearance
alpha 1 抗胰蛋白酶蛋白型組套	Alpha-1-Antitrypsin Proteotype
alpha 1 抗胰蛋白酶蛋白型组套	Alpha-1-Antitrypsin Proteotype
alpha 1-抗胰蛋白酶 粪便清除	Alpha 1 antitrypsin fecal clearance
alpha 1-抗胰蛋白酶 糞便清除	Alpha 1 antitrypsin fecal clearance
alpha 1-抗胰蛋白酶蛋白型組套	Alpha-1-Antitrypsin Proteotype
alpha 1-抗胰蛋白酶蛋白型组套	Alpha-1-Antitrypsin Proteotype
alpha 1抗胰蛋白酶粪便清除组套	Alpha 1 antitrypsin fecal clearance
alpha 1抗胰蛋白酶糞便清除組套	Alpha 1 antitrypsin fecal clearance
alpha 甲基酰基辅酶 A 消旋酶	Alpha-methylacyl CoA racemase
alpha 甲基醯基輔酶 A 消旋酶	Alpha-methylacyl CoA racemase
alpha-1 抗胰蛋白酶 粪便清除	Alpha 1 antitrypsin fecal clearance
alpha-1 抗胰蛋白酶 糞便清除	Alpha 1 antitrypsin fecal clearance
alpha-1 抗胰蛋白酶蛋白型組套	Alpha-1-Antitrypsin Proteotype
alpha-1 抗胰蛋白酶蛋白型组套	Alpha-1-Antitrypsin Proteotype
alpha-1-抗胰蛋白酶 粪便清除	Alpha 1 antitrypsin fecal clearance
alpha-1-抗胰蛋白酶 糞便清除	Alpha 1 antitrypsin fecal clearance
alpha-1-抗胰蛋白酶蛋白型組套	Alpha-1-Antitrypsin Proteotype
alpha-1-抗胰蛋白酶蛋白型组套	Alpha-1-Antitrypsin Proteotype
alpha-1抗胰蛋白酶粪便清除组套	Alpha 1 antitrypsin fecal clearance
alpha-1抗胰蛋白酶糞便清除組套	Alpha 1 antitrypsin fecal clearance
alpha-甲基酰基辅酶 A 消旋酶	Alpha-methylacyl CoA racemase
alpha-甲基醯基輔酶 A 消旋酶	Alpha-methylacyl CoA racemase
alpha1 抗胰蛋白酶粪便清除组套	Alpha 1 antitrypsin fecal clearance
alpha1 抗胰蛋白酶糞便清除組套	Alpha 1 antitrypsin fecal clearance
alpha1-抗胰蛋白酶粪便清除组套	Alpha 1 antitrypsin fecal clearance
alpha1-抗胰蛋白酶糞便清除組套	Alpha 1 antitrypsin fecal clearance
beta 球蛋白+Gamma 球蛋白	Beta globulin+Gamma globulin
beta-球蛋白+Gamma 球蛋白	Beta globulin+Gamma globulin
beta2球蛋白+Gamma 球蛋白	Beta 2 globulin+Gamma globulin
gamma 氨基丁酸游离型与总计组套	Gamma aminobutyrate free and
gamma 氨基丁酸游離型與總計組套	Gamma aminobutyrate free and
gamma-氨基丁酸游离型与总计组套	Gamma aminobutyrate free and
gamma-氨基丁酸游離型與總計組套	Gamma aminobutyrate free and
β N-乙酰氨基已糖苷酶 A 与 B	Beta-N-acetylhexosaminidase A & B
β N-乙醯氨基已糖苷酶 A 與 B	Beta-N-acetylhexosaminidase A & B
β-N-乙酰氨基已糖苷酶 A 与 B	Beta-N-acetylhexosaminidase A & B
β-N-乙醯氨基已糖苷酶 A 與 B	Beta-N-acetylhexosaminidase A & B
β淀粉样蛋白 1-42 和 1-40	Beta-Amyloid 1-42 and 1-40
β澱粉樣蛋白 1-42 和 1-40	Beta-Amyloid 1-42 and 1-40
δ 氨基酮戊酸、 胆色素原与肌酐组套	Delta aminolevulinate, porphobilinogen and creatinine
δ 氨基酮戊酸、 膽色素原與肌酐組套	Delta aminolevulinate, porphobilinogen and creatinine
δ-氨基酮戊酸、 胆色素原与肌酐组套	Delta aminolevulinate, porphobilinogen and creatinine
δ-氨基酮戊酸、 膽色素原與肌酐組套	Delta aminolevulinate, porphobilinogen and creatinine
Alpha 1 抗胰蛋白酶 实际的	Alpha 1 antitrypsin actual
Alpha 1 抗胰蛋白酶 實際的	Alpha 1 antitrypsin actual
Alpha 1-抗胰蛋白酶 实际的	Alpha 1 antitrypsin actual
Alpha 1-抗胰蛋白酶 實際的	Alpha 1 antitrypsin actual
Alpha 1抗胰蛋白酶 粪便清除	Alpha 1 antitrypsin fecal clearance
Alpha 1抗胰蛋白酶 糞便清除	Alpha 1 antitrypsin fecal clearance
Alpha 1抗胰蛋白酶蛋白型組套	Alpha-1-Antitrypsin Proteotype
Alpha 1抗胰蛋白酶蛋白型组套	Alpha-1-Antitrypsin Proteotype
Alpha-1 抗胰蛋白酶 实际的	Alpha 1 antitrypsin actual
Alpha-1 抗胰蛋白酶 實際的	Alpha 1 antitrypsin actual
Alpha-1-抗胰蛋白酶 实际的	Alpha 1 antitrypsin actual
Alpha-1-抗胰蛋白酶 實際的	Alpha 1 antitrypsin actual
Alpha-1抗胰蛋白酶 粪便清除	Alpha 1 antitrypsin fecal clearance
Alpha-1抗胰蛋白酶 糞便清除	Alpha 1 antitrypsin fecal clearance
Alpha-1抗胰蛋白酶蛋白型組套	Alpha-1-Antitrypsin Proteotype
Alpha-1抗胰蛋白酶蛋白型组套	Alpha-1-Antitrypsin Proteotype
Alpha1 抗胰蛋白酶 粪便清除	Alpha 1 antitrypsin fecal clearance
Alpha1 抗胰蛋白酶 糞便清除	Alpha 1 antitrypsin fecal clearance
Alpha1 抗胰蛋白酶蛋白型組套	Alpha-1-Antitrypsin Proteotype
Alpha1 抗胰蛋白酶蛋白型组套	Alpha-1-Antitrypsin Proteotype
Alpha1-抗胰蛋白酶 粪便清除	Alpha 1 antitrypsin fecal clearance
Alpha1-抗胰蛋白酶 糞便清除	Alpha 1 antitrypsin fecal clearance
Alpha1-抗胰蛋白酶蛋白型組套	Alpha-1-Antitrypsin Proteotype
Alpha1-抗胰蛋白酶蛋白型组套	Alpha-1-Antitrypsin Proteotype
Alpha1抗胰蛋白酶粪便清除组套	Alpha 1 antitrypsin fecal clearance
Alpha1抗胰蛋白酶糞便清除組套	Alpha 1 antitrypsin fecal clearance
Alpha甲基酰基辅酶 A 消旋酶	Alpha-methylacyl CoA racemase
Alpha甲基醯基輔酶 A 消旋酶	Alpha-methylacyl CoA racemase
Beta球蛋白+Gamma 球蛋白	Beta globulin+Gamma globulin
Gamma氨基丁酸游离型与总计组套	Gamma aminobutyrate free and
Gamma氨基丁酸游離型與總計組套	Gamma aminobutyrate free and
alpha 1 抗胰蛋白酶 实际的	Alpha 1 antitrypsin actual
alpha 1 抗胰蛋白酶 實際的	Alpha 1 antitrypsin actual
alpha 1-抗胰蛋白酶 实际的	Alpha 1 antitrypsin actual
alpha 1-抗胰蛋白酶 實際的	Alpha 1 antitrypsin actual
alpha 1抗胰蛋白酶 粪便清除	Alpha 1 antitrypsin fecal clearance
alpha 1抗胰蛋白酶 糞便清除	Alpha 1 antitrypsin fecal clearance
alpha 1抗胰蛋白酶蛋白型組套	Alpha-1-Antitrypsin Proteotype
alpha 1抗胰蛋白酶蛋白型组套	Alpha-1-Antitrypsin Proteotype
alpha-1 抗胰蛋白酶 实际的	Alpha 1 antitrypsin actual
alpha-1 抗胰蛋白酶 實際的	Alpha 1 antitrypsin actual
alpha-1-抗胰蛋白酶 实际的	Alpha 1 antitrypsin actual
alpha-1-抗胰蛋白酶 實際的	Alpha 1 antitrypsin actual
alpha-1抗胰蛋白酶 粪便清除	Alpha 1 antitrypsin fecal clearance
alpha-1抗胰蛋白酶 糞便清除	Alpha 1 antitrypsin fecal clearance
alpha-1抗胰蛋白酶蛋白型組套	Alpha-1-Antitrypsin Proteotype
alpha-1抗胰蛋白酶蛋白型组套	Alpha-1-Antitrypsin Proteotype
alpha1 抗胰蛋白酶 粪便清除	Alpha 1 antitrypsin fecal clearance
alpha1 抗胰蛋白酶 糞便清除	Alpha 1 antitrypsin fecal clearance
alpha1 抗胰蛋白酶蛋白型組套	Alpha-1-Antitrypsin Proteotype
alpha1 抗胰蛋白酶蛋白型组套	Alpha-1-Antitrypsin Proteotype
alpha1-抗胰蛋白酶 粪便清除	Alpha 1 antitrypsin fecal clearance
alpha1-抗胰蛋白酶 糞便清除	Alpha 1 antitrypsin fecal clearance
alpha1-抗胰蛋白酶蛋白型組套	Alpha-1-Antitrypsin Proteotype
alpha1-抗胰蛋白酶蛋白型组套	Alpha-1-Antitrypsin Proteotype
alpha1抗胰蛋白酶粪便清除组套	Alpha 1 antitrypsin fecal clearance
alpha1抗胰蛋白酶糞便清除組套	Alpha 1 antitrypsin fecal clearance
alpha甲基酰基辅酶 A 消旋酶	Alpha-methylacyl CoA racemase
alpha甲基醯基輔酶 A 消旋酶	Alpha-methylacyl CoA racemase
beta球蛋白+Gamma 球蛋白	Beta globulin+Gamma globulin
gamma氨基丁酸游离型与总计组套	Gamma aminobutyrate free and
gamma氨基丁酸游離型與總計組套	Gamma aminobutyrate free and
α 鵝膏蕈鹼+gamma-鵝膏蕈鹼	Alpha-amanitin+gamma-amanitin
α 鹅膏蕈碱+gamma-鹅膏蕈碱	Alpha-amanitin+gamma-amanitin
α-鵝膏蕈鹼+gamma-鵝膏蕈鹼	Alpha-amanitin+gamma-amanitin
α-鹅膏蕈碱+gamma-鹅膏蕈碱	Alpha-amanitin+gamma-amanitin
β 2 球蛋白+Gamma 球蛋白	Beta 2 globulin+Gamma globulin
β 2-球蛋白+Gamma 球蛋白	Beta 2 globulin+Gamma globulin
β 羟基丁酸+Gamma 羟基丁酸	Beta hydroxybutyrate+Gamma aminobutyrate
β 羥基丁酸+Gamma 羥基丁酸	Beta hydroxybutyrate+Gamma aminobutyrate
β-2 球蛋白+Gamma 球蛋白	Beta 2 globulin+Gamma globulin
β-2-球蛋白+Gamma 球蛋白	Beta 2 globulin+Gamma globulin
β-羟基丁酸+Gamma 羟基丁酸	Beta hydroxybutyrate+Gamma aminobutyrate
β-羥基丁酸+Gamma 羥基丁酸	Beta hydroxybutyrate+Gamma aminobutyrate
βN-乙酰氨基已糖苷酶 A 与 B	Beta-N-acetylhexosaminidase A & B
βN-乙醯氨基已糖苷酶 A 與 B	Beta-N-acetylhexosaminidase A & B
δ氨基酮戊酸、 胆色素原与肌酐组套	Delta aminolevulinate, porphobilinogen and creatinine
δ氨基酮戊酸、 膽色素原與肌酐組套	Delta aminolevulinate, porphobilinogen and creatinine
淀粉样蛋白 1-42 和 1-40	Beta-Amyloid 1-42 and 1-40
澱粉樣蛋白 1-42 和 1-40	Beta-Amyloid 1-42 and 1-40
Alpha 1 抗胰蛋白酶表现型	Alpha 1 antitrypsin phenotype
Alpha 1 抗胰蛋白酶表現型	Alpha 1 antitrypsin phenotype
Alpha 1-抗胰蛋白酶表现型	Alpha 1 antitrypsin phenotype
Alpha 1-抗胰蛋白酶表現型	Alpha 1 antitrypsin phenotype
Alpha 1抗胰蛋白酶 实际的	Alpha 1 antitrypsin actual
Alpha 1抗胰蛋白酶 實際的	Alpha 1 antitrypsin actual
Alpha N-乙酰氨基葡糖苷酶	Alpha-N-acetylglucosaminidase
Alpha N-乙醯氨基葡糖苷酶	Alpha-N-acetylglucosaminidase
Alpha beta 晶状体蛋白	Alpha-beta crystallin
Alpha beta 晶狀體蛋白	Alpha-beta crystallin
Alpha 羟基阿普唑仑 截止点	Alpha hydroxyalprazolam cutoff
Alpha 羥基阿普唑侖 截止點	Alpha hydroxyalprazolam cutoff
Alpha-1 抗胰蛋白酶表现型	Alpha 1 antitrypsin phenotype
Alpha-1 抗胰蛋白酶表現型	Alpha 1 antitrypsin phenotype
Alpha-1-抗胰蛋白酶表现型	Alpha 1 antitrypsin phenotype
Alpha-1-抗胰蛋白酶表現型	Alpha 1 antitrypsin phenotype
Alpha-1抗胰蛋白酶 实际的	Alpha 1 antitrypsin actual
Alpha-1抗胰蛋白酶 實際的	Alpha 1 antitrypsin actual
Alpha-N-乙酰氨基葡糖苷酶	Alpha-N-acetylglucosaminidase
Alpha-N-乙醯氨基葡糖苷酶	Alpha-N-acetylglucosaminidase
Alpha-beta 晶状体蛋白	Alpha-beta crystallin
Alpha-beta 晶狀體蛋白	Alpha-beta crystallin
Alpha-羟基阿普唑仑 截止点	Alpha hydroxyalprazolam cutoff
Alpha-羥基阿普唑侖 截止點	Alpha hydroxyalprazolam cutoff
Alpha1 抗胰蛋白酶 实际的	Alpha 1 antitrypsin actual
Alpha1 抗胰蛋白酶 實際的	Alpha 1 antitrypsin actual
Alpha1-抗胰蛋白酶 实际的	Alpha 1 antitrypsin actual
Alpha1-抗胰蛋白酶 實際的	Alpha 1 antitrypsin actual
Alpha1抗胰蛋白酶 粪便清除	Alpha 1 antitrypsin fecal clearance
Alpha1抗胰蛋白酶 糞便清除	Alpha 1 antitrypsin fecal clearance
Alpha1抗胰蛋白酶蛋白型組套	Alpha-1-Antitrypsin Proteotype
Alpha1抗胰蛋白酶蛋白型组套	Alpha-1-Antitrypsin Proteotype
Beta 2 微球蛋白淀粉样蛋白	Beta-2-Microglobulin amyloid
Beta 2 微球蛋白澱粉樣蛋白	Beta-2-Microglobulin amyloid
Beta 2-微球蛋白淀粉样蛋白	Beta-2-Microglobulin amyloid
Beta 2-微球蛋白澱粉樣蛋白	Beta-2-Microglobulin amyloid
Beta-2 微球蛋白淀粉样蛋白	Beta-2-Microglobulin amyloid
Beta-2 微球蛋白澱粉樣蛋白	Beta-2-Microglobulin amyloid
Beta-2-微球蛋白淀粉样蛋白	Beta-2-Microglobulin amyloid
Beta-2-微球蛋白澱粉樣蛋白	Beta-2-Microglobulin amyloid
Delta 氨基酮戊酸与胆色素原	Delta aminolevulinate & porphobilinogen
Delta 氨基酮戊酸與膽色素原	Delta aminolevulinate & porphobilinogen
Delta-氨基酮戊酸与胆色素原	Delta aminolevulinate & porphobilinogen
Delta-氨基酮戊酸與膽色素原	Delta aminolevulinate & porphobilinogen
Gamma 穀氨醯半胱氨酸合成酶	Gamma glutamyl cysteine synthetase
Gamma 谷氨酰半胱氨酸合成酶	Gamma glutamyl cysteine synthetase
Gamma-穀氨醯半胱氨酸合成酶	Gamma glutamyl cysteine synthetase
Gamma-谷氨酰半胱氨酸合成酶	Gamma glutamyl cysteine synthetase
N-乙酰氨基已糖苷酶 A 与 B	Beta-N-acetylhexosaminidase A & B
N-乙醯氨基已糖苷酶 A 與 B	Beta-N-acetylhexosaminidase A & B
alpha 1 抗胰蛋白酶表现型	Alpha 1 antitrypsin phenotype
alpha 1 抗胰蛋白酶表現型	Alpha 1 antitrypsin phenotype
alpha 1-抗胰蛋白酶表现型	Alpha 1 antitrypsin phenotype
alpha 1-抗胰蛋白酶表現型	Alpha 1 antitrypsin phenotype
alpha 1抗胰蛋白酶 实际的	Alpha 1 antitrypsin actual
alpha 1抗胰蛋白酶 實際的	Alpha 1 antitrypsin actual
alpha N-乙酰氨基葡糖苷酶	Alpha-N-acetylglucosaminidase
alpha N-乙醯氨基葡糖苷酶	Alpha-N-acetylglucosaminidase
alpha beta 晶状体蛋白	Alpha-beta crystallin
alpha beta 晶狀體蛋白	Alpha-beta crystallin
alpha 羟基阿普唑仑 截止点	Alpha hydroxyalprazolam cutoff
alpha 羥基阿普唑侖 截止點	Alpha hydroxyalprazolam cutoff
alpha-1 抗胰蛋白酶表现型	Alpha 1 antitrypsin phenotype
alpha-1 抗胰蛋白酶表現型	Alpha 1 antitrypsin phenotype
alpha-1-抗胰蛋白酶表现型	Alpha 1 antitrypsin phenotype
alpha-1-抗胰蛋白酶表現型	Alpha 1 antitrypsin phenotype
alpha-1抗胰蛋白酶 实际的	Alpha 1 antitrypsin actual
alpha-1抗胰蛋白酶 實際的	Alpha 1 antitrypsin actual
alpha-N-乙酰氨基葡糖苷酶	Alpha-N-acetylglucosaminidase
alpha-N-乙醯氨基葡糖苷酶	Alpha-N-acetylglucosaminidase
alpha-beta 晶状体蛋白	Alpha-beta crystallin
alpha-beta 晶狀體蛋白	Alpha-beta crystallin
alpha-羟基阿普唑仑 截止点	Alpha hydroxyalprazolam cutoff
alpha-羥基阿普唑侖 截止點	Alpha hydroxyalprazolam cutoff
alpha1 抗胰蛋白酶 实际的	Alpha 1 antitrypsin actual
alpha1 抗胰蛋白酶 實際的	Alpha 1 antitrypsin actual
alpha1-抗胰蛋白酶 实际的	Alpha 1 antitrypsin actual
alpha1-抗胰蛋白酶 實際的	Alpha 1 antitrypsin actual
alpha1抗胰蛋白酶 粪便清除	Alpha 1 antitrypsin fecal clearance
alpha1抗胰蛋白酶 糞便清除	Alpha 1 antitrypsin fecal clearance
alpha1抗胰蛋白酶蛋白型組套	Alpha-1-Antitrypsin Proteotype
alpha1抗胰蛋白酶蛋白型组套	Alpha-1-Antitrypsin Proteotype
beta 2 微球蛋白淀粉样蛋白	Beta-2-Microglobulin amyloid
beta 2 微球蛋白澱粉樣蛋白	Beta-2-Microglobulin amyloid
beta 2-微球蛋白淀粉样蛋白	Beta-2-Microglobulin amyloid
beta 2-微球蛋白澱粉樣蛋白	Beta-2-Microglobulin amyloid
beta-2 微球蛋白淀粉样蛋白	Beta-2-Microglobulin amyloid
beta-2 微球蛋白澱粉樣蛋白	Beta-2-Microglobulin amyloid
beta-2-微球蛋白淀粉样蛋白	Beta-2-Microglobulin amyloid
beta-2-微球蛋白澱粉樣蛋白	Beta-2-Microglobulin amyloid
delta 氨基酮戊酸与胆色素原	Delta aminolevulinate & porphobilinogen
delta 氨基酮戊酸與膽色素原	Delta aminolevulinate & porphobilinogen
delta-氨基酮戊酸与胆色素原	Delta aminolevulinate & porphobilinogen
delta-氨基酮戊酸與膽色素原	Delta aminolevulinate & porphobilinogen
gamma 穀氨醯半胱氨酸合成酶	Gamma glutamyl cysteine synthetase
gamma 谷氨酰半胱氨酸合成酶	Gamma glutamyl cysteine synthetase
gamma-穀氨醯半胱氨酸合成酶	Gamma glutamyl cysteine synthetase
gamma-谷氨酰半胱氨酸合成酶	Gamma glutamyl cysteine synthetase
α鵝膏蕈鹼+gamma-鵝膏蕈鹼	Alpha-amanitin+gamma-amanitin
α鹅膏蕈碱+gamma-鹅膏蕈碱	Alpha-amanitin+gamma-amanitin
β 2球蛋白+Gamma 球蛋白	Beta 2 globulin+Gamma globulin
β-2球蛋白+Gamma 球蛋白	Beta 2 globulin+Gamma globulin
β2 球蛋白+Gamma 球蛋白	Beta 2 globulin+Gamma globulin
β2-球蛋白+Gamma 球蛋白	Beta 2 globulin+Gamma globulin
β羟基丁酸+Gamma 羟基丁酸	Beta hydroxybutyrate+Gamma aminobutyrate
β羥基丁酸+Gamma 羥基丁酸	Beta hydroxybutyrate+Gamma aminobutyrate
中性粒細胞明膠酶相關脂質運載蛋白	Neutrophil gelatinase-associated lipocalin NGAL Lipocalin 2
中性粒细胞明胶酶相关脂质运载蛋白	Neutrophil gelatinase-associated lipocalin NGAL Lipocalin 2
氨基酮戊酸、 胆色素原与肌酐组套	Delta aminolevulinate, porphobilinogen and creatinine
氨基酮戊酸、 膽色素原與肌酐組套	Delta aminolevulinate, porphobilinogen and creatinine
Alpha 1 胎儿球蛋白解释	Alpha-1-Fetoprotein interpretation
Alpha 1 胎兒球蛋白解釋	Alpha-1-Fetoprotein interpretation
Alpha 1-胎儿球蛋白解释	Alpha-1-Fetoprotein interpretation
Alpha 1-胎兒球蛋白解釋	Alpha-1-Fetoprotein interpretation
Alpha 1抗胰蛋白酶表现型	Alpha 1 antitrypsin phenotype
Alpha 1抗胰蛋白酶表現型	Alpha 1 antitrypsin phenotype
Alpha N-乙酰半乳糖胺酶	Alpha-N-acetylgalactosaminidase
Alpha N-乙醯半乳糖胺酶	Alpha-N-acetylgalactosaminidase
Alpha 亚油酸+亚油酸摄入	Alpha-linoate+Linoleate intake
Alpha 亞油酸+亞油酸攝入	Alpha-linoate+Linoleate intake
Alpha 吡咯烷基异己基苯酮	Alpha Pyrrolidinoisohexanophenone
Alpha 吡咯烷基異己基苯酮	Alpha Pyrrolidinoisohexanophenone
Alpha 地中海貧血基因組套	Alpha thalassemia
Alpha 地中海贫血基因组套	Alpha thalassemia
Alpha 珠蛋白基因缺失組套	Alpha globin gene deletion
Alpha 珠蛋白基因缺失组套	Alpha globin gene deletion
Alpha 羟普唑仑葡萄糖醛酸	Alpha hydroxyalprazolam glucuronide
Alpha 羥普唑侖葡萄糖醛酸	Alpha hydroxyalprazolam glucuronide
Alpha 苯基-2-乙酸哌啶	Alpha-Phenyl-2-Piperidine acetate
Alpha 防御素 1+2+3	Alpha defensins 1+2+3
Alpha 防禦素 1+2+3	Alpha defensins 1+2+3
Alpha-1 胎儿球蛋白解释	Alpha-1-Fetoprotein interpretation
Alpha-1 胎兒球蛋白解釋	Alpha-1-Fetoprotein interpretation
Alpha-1-胎儿球蛋白解释	Alpha-1-Fetoprotein interpretation
Alpha-1-胎兒球蛋白解釋	Alpha-1-Fetoprotein interpretation
Alpha-1抗胰蛋白酶表现型	Alpha 1 antitrypsin phenotype
Alpha-1抗胰蛋白酶表現型	Alpha 1 antitrypsin phenotype
Alpha-N-乙酰半乳糖胺酶	Alpha-N-acetylgalactosaminidase
Alpha-N-乙醯半乳糖胺酶	Alpha-N-acetylgalactosaminidase
Alpha-亚油酸+亚油酸摄入	Alpha-linoate+Linoleate intake
Alpha-亞油酸+亞油酸攝入	Alpha-linoate+Linoleate intake
Alpha-吡咯烷基异己基苯酮	Alpha Pyrrolidinoisohexanophenone
Alpha-吡咯烷基異己基苯酮	Alpha Pyrrolidinoisohexanophenone
Alpha-地中海貧血基因組套	Alpha thalassemia
Alpha-地中海贫血基因组套	Alpha thalassemia
Alpha-珠蛋白基因缺失組套	Alpha globin gene deletion
Alpha-珠蛋白基因缺失组套	Alpha globin gene deletion
Alpha-羟普唑仑葡萄糖醛酸	Alpha hydroxyalprazolam glucuronide
Alpha-羥普唑侖葡萄糖醛酸	Alpha hydroxyalprazolam glucuronide
Alpha-苯基-2-乙酸哌啶	Alpha-Phenyl-2-Piperidine acetate
Alpha-防御素 1+2+3	Alpha defensins 1+2+3
Alpha-防禦素 1+2+3	Alpha defensins 1+2+3
Alpha1 抗胰蛋白酶表现型	Alpha 1 antitrypsin phenotype
Alpha1 抗胰蛋白酶表現型	Alpha 1 antitrypsin phenotype
Alpha1-抗胰蛋白酶表现型	Alpha 1 antitrypsin phenotype
Alpha1-抗胰蛋白酶表現型	Alpha 1 antitrypsin phenotype
Alpha1抗胰蛋白酶 实际的	Alpha 1 antitrypsin actual
Alpha1抗胰蛋白酶 實際的	Alpha 1 antitrypsin actual
AlphaN-乙酰氨基葡糖苷酶	Alpha-N-acetylglucosaminidase
AlphaN-乙醯氨基葡糖苷酶	Alpha-N-acetylglucosaminidase
Alphabeta 晶状体蛋白	Alpha-beta crystallin
Alphabeta 晶狀體蛋白	Alpha-beta crystallin
Alpha羟基阿普唑仑 截止点	Alpha hydroxyalprazolam cutoff
Alpha羥基阿普唑侖 截止點	Alpha hydroxyalprazolam cutoff
Beta 2微球蛋白淀粉样蛋白	Beta-2-Microglobulin amyloid
Beta 2微球蛋白澱粉樣蛋白	Beta-2-Microglobulin amyloid
Beta n-乙酰氨基已糖苷酶	Beta-N-acetylhexosaminidase
Beta n-乙醯氨基已糖苷酶	Beta-N-acetylhexosaminidase
Beta 乳球蛋白 白三烯释放	Beta lactoglobulin leukotriene release
Beta 乳球蛋白 白三烯釋放	Beta lactoglobulin leukotriene release
Beta-2微球蛋白淀粉样蛋白	Beta-2-Microglobulin amyloid
Beta-2微球蛋白澱粉樣蛋白	Beta-2-Microglobulin amyloid
Beta-n-乙酰氨基已糖苷酶	Beta-N-acetylhexosaminidase
Beta-n-乙醯氨基已糖苷酶	Beta-N-acetylhexosaminidase
Beta-乳球蛋白 白三烯释放	Beta lactoglobulin leukotriene release
Beta-乳球蛋白 白三烯釋放	Beta lactoglobulin leukotriene release
Beta2 微球蛋白淀粉样蛋白	Beta-2-Microglobulin amyloid
Beta2 微球蛋白澱粉樣蛋白	Beta-2-Microglobulin amyloid
Beta2-微球蛋白淀粉样蛋白	Beta-2-Microglobulin amyloid
Beta2-微球蛋白澱粉樣蛋白	Beta-2-Microglobulin amyloid
Delta 表面誘導型凝血過程	Delta Coagulation
Delta 表面诱导型凝血过程	Delta Coagulation
Delta-表面誘導型凝血過程	Delta Coagulation
Delta-表面诱导型凝血过程	Delta Coagulation
Delta氨基酮戊酸与胆色素原	Delta aminolevulinate & porphobilinogen
Delta氨基酮戊酸與膽色素原	Delta aminolevulinate & porphobilinogen
Gamma 氨基丁酸 A 受体	Gamma aminobutyrate A receptor
Gamma 氨基丁酸 A 受體	Gamma aminobutyrate A receptor
Gamma 氨基丁酸 B 受体	Gamma aminobutyrate B receptor
Gamma 氨基丁酸 B 受體	Gamma aminobutyrate B receptor
Gamma-氨基丁酸 A 受体	Gamma aminobutyrate A receptor
Gamma-氨基丁酸 A 受體	Gamma aminobutyrate A receptor
Gamma-氨基丁酸 B 受体	Gamma aminobutyrate B receptor
Gamma-氨基丁酸 B 受體	Gamma aminobutyrate B receptor
Gamma穀氨醯半胱氨酸合成酶	Gamma glutamyl cysteine synthetase
Gamma谷氨酰半胱氨酸合成酶	Gamma glutamyl cysteine synthetase
alpha 1 胎儿球蛋白解释	Alpha-1-Fetoprotein interpretation
alpha 1 胎兒球蛋白解釋	Alpha-1-Fetoprotein interpretation
alpha 1-胎儿球蛋白解释	Alpha-1-Fetoprotein interpretation
alpha 1-胎兒球蛋白解釋	Alpha-1-Fetoprotein interpretation
alpha 1抗胰蛋白酶表现型	Alpha 1 antitrypsin phenotype
alpha 1抗胰蛋白酶表現型	Alpha 1 antitrypsin phenotype
alpha N-乙酰半乳糖胺酶	Alpha-N-acetylgalactosaminidase
alpha N-乙醯半乳糖胺酶	Alpha-N-acetylgalactosaminidase
alpha 亚油酸+亚油酸摄入	Alpha-linoate+Linoleate intake
alpha 亞油酸+亞油酸攝入	Alpha-linoate+Linoleate intake
alpha 吡咯烷基异己基苯酮	Alpha Pyrrolidinoisohexanophenone
alpha 吡咯烷基異己基苯酮	Alpha Pyrrolidinoisohexanophenone
alpha 地中海貧血基因組套	Alpha thalassemia
alpha 地中海贫血基因组套	Alpha thalassemia
alpha 珠蛋白基因缺失組套	Alpha globin gene deletion
alpha 珠蛋白基因缺失组套	Alpha globin gene deletion
alpha 羟普唑仑葡萄糖醛酸	Alpha hydroxyalprazolam glucuronide
alpha 羥普唑侖葡萄糖醛酸	Alpha hydroxyalprazolam glucuronide
alpha 苯基-2-乙酸哌啶	Alpha-Phenyl-2-Piperidine acetate
alpha 防御素 1+2+3	Alpha defensins 1+2+3
alpha 防禦素 1+2+3	Alpha defensins 1+2+3
alpha-1 胎儿球蛋白解释	Alpha-1-Fetoprotein interpretation
alpha-1 胎兒球蛋白解釋	Alpha-1-Fetoprotein interpretation
alpha-1-胎儿球蛋白解释	Alpha-1-Fetoprotein interpretation
alpha-1-胎兒球蛋白解釋	Alpha-1-Fetoprotein interpretation
alpha-1抗胰蛋白酶表现型	Alpha 1 antitrypsin phenotype
alpha-1抗胰蛋白酶表現型	Alpha 1 antitrypsin phenotype
alpha-N-乙酰半乳糖胺酶	Alpha-N-acetylgalactosaminidase
alpha-N-乙醯半乳糖胺酶	Alpha-N-acetylgalactosaminidase
alpha-亚油酸+亚油酸摄入	Alpha-linoate+Linoleate intake
alpha-亞油酸+亞油酸攝入	Alpha-linoate+Linoleate intake
alpha-吡咯烷基异己基苯酮	Alpha Pyrrolidinoisohexanophenone
alpha-吡咯烷基異己基苯酮	Alpha Pyrrolidinoisohexanophenone
alpha-地中海貧血基因組套	Alpha thalassemia
alpha-地中海贫血基因组套	Alpha thalassemia
alpha-珠蛋白基因缺失組套	Alpha globin gene deletion
alpha-珠蛋白基因缺失组套	Alpha globin gene deletion
alpha-羟普唑仑葡萄糖醛酸	Alpha hydroxyalprazolam glucuronide
alpha-羥普唑侖葡萄糖醛酸	Alpha hydroxyalprazolam glucuronide
alpha-苯基-2-乙酸哌啶	Alpha-Phenyl-2-Piperidine acetate
alpha-防御素 1+2+3	Alpha defensins 1+2+3
alpha-防禦素 1+2+3	Alpha defensins 1+2+3
alpha1 抗胰蛋白酶表现型	Alpha 1 antitrypsin phenotype
alpha1 抗胰蛋白酶表現型	Alpha 1 antitrypsin phenotype
alpha1-抗胰蛋白酶表现型	Alpha 1 antitrypsin phenotype
alpha1-抗胰蛋白酶表現型	Alpha 1 antitrypsin phenotype
alpha1抗胰蛋白酶 实际的	Alpha 1 antitrypsin actual
alpha1抗胰蛋白酶 實際的	Alpha 1 antitrypsin actual
alphaN-乙酰氨基葡糖苷酶	Alpha-N-acetylglucosaminidase
alphaN-乙醯氨基葡糖苷酶	Alpha-N-acetylglucosaminidase
alphabeta 晶状体蛋白	Alpha-beta crystallin
alphabeta 晶狀體蛋白	Alpha-beta crystallin
alpha羟基阿普唑仑 截止点	Alpha hydroxyalprazolam cutoff
alpha羥基阿普唑侖 截止點	Alpha hydroxyalprazolam cutoff
beta 2微球蛋白淀粉样蛋白	Beta-2-Microglobulin amyloid
beta 2微球蛋白澱粉樣蛋白	Beta-2-Microglobulin amyloid
beta n-乙酰氨基已糖苷酶	Beta-N-acetylhexosaminidase
beta n-乙醯氨基已糖苷酶	Beta-N-acetylhexosaminidase
beta 乳球蛋白 白三烯释放	Beta lactoglobulin leukotriene release
beta 乳球蛋白 白三烯釋放	Beta lactoglobulin leukotriene release
beta-2微球蛋白淀粉样蛋白	Beta-2-Microglobulin amyloid
beta-2微球蛋白澱粉樣蛋白	Beta-2-Microglobulin amyloid
beta-n-乙酰氨基已糖苷酶	Beta-N-acetylhexosaminidase
beta-n-乙醯氨基已糖苷酶	Beta-N-acetylhexosaminidase
beta-乳球蛋白 白三烯释放	Beta lactoglobulin leukotriene release
beta-乳球蛋白 白三烯釋放	Beta lactoglobulin leukotriene release
beta2 微球蛋白淀粉样蛋白	Beta-2-Microglobulin amyloid
beta2 微球蛋白澱粉樣蛋白	Beta-2-Microglobulin amyloid
beta2-微球蛋白淀粉样蛋白	Beta-2-Microglobulin amyloid
beta2-微球蛋白澱粉樣蛋白	Beta-2-Microglobulin amyloid
delta 表面誘導型凝血過程	Delta Coagulation
delta 表面诱导型凝血过程	Delta Coagulation
delta-表面誘導型凝血過程	Delta Coagulation
delta-表面诱导型凝血过程	Delta Coagulation
delta氨基酮戊酸与胆色素原	Delta aminolevulinate & porphobilinogen
delta氨基酮戊酸與膽色素原	Delta aminolevulinate & porphobilinogen
gamma 氨基丁酸 A 受体	Gamma aminobutyrate A receptor
gamma 氨基丁酸 A 受體	Gamma aminobutyrate A receptor
gamma 氨基丁酸 B 受体	Gamma aminobutyrate B receptor
gamma 氨基丁酸 B 受體	Gamma aminobutyrate B receptor
gamma-氨基丁酸 A 受体	Gamma aminobutyrate A receptor
gamma-氨基丁酸 A 受體	Gamma aminobutyrate A receptor
gamma-氨基丁酸 B 受体	Gamma aminobutyrate B receptor
gamma-氨基丁酸 B 受體	Gamma aminobutyrate B receptor
gamma穀氨醯半胱氨酸合成酶	Gamma glutamyl cysteine synthetase
gamma谷氨酰半胱氨酸合成酶	Gamma glutamyl cysteine synthetase
α 1 抗胰蛋白酶粪便清除组套	Alpha 1 antitrypsin fecal clearance
α 1 抗胰蛋白酶糞便清除組套	Alpha 1 antitrypsin fecal clearance
α 1-抗胰蛋白酶粪便清除组套	Alpha 1 antitrypsin fecal clearance
α 1-抗胰蛋白酶糞便清除組套	Alpha 1 antitrypsin fecal clearance
α-1 抗胰蛋白酶粪便清除组套	Alpha 1 antitrypsin fecal clearance
α-1 抗胰蛋白酶糞便清除組套	Alpha 1 antitrypsin fecal clearance
α-1-抗胰蛋白酶粪便清除组套	Alpha 1 antitrypsin fecal clearance
α-1-抗胰蛋白酶糞便清除組套	Alpha 1 antitrypsin fecal clearance
β 球蛋白+Gamma 球蛋白	Beta globulin+Gamma globulin
β-球蛋白+Gamma 球蛋白	Beta globulin+Gamma globulin
β2球蛋白+Gamma 球蛋白	Beta 2 globulin+Gamma globulin
反式 - 11 - 十八碳烯酸	反油酸 trans-Vaccenate C18:1w7 Moles volume Serum Plasma
羟基丁酸+Gamma 羟基丁酸	Beta hydroxybutyrate+Gamma aminobutyrate
羥基丁酸+Gamma 羥基丁酸	Beta hydroxybutyrate+Gamma aminobutyrate
鵝膏蕈鹼+gamma-鵝膏蕈鹼	Alpha-amanitin+gamma-amanitin
鹅膏蕈碱+gamma-鹅膏蕈碱	Alpha-amanitin+gamma-amanitin
Alpha 1 抗凝乳蛋白酶	Alpha-1-Antichymotrypsin
Alpha 1-抗凝乳蛋白酶	Alpha-1-Antichymotrypsin
Alpha 1胎儿球蛋白解释	Alpha-1-Fetoprotein interpretation
Alpha 1胎兒球蛋白解釋	Alpha-1-Fetoprotein interpretation
Alpha 2 层粘蛋白抗原	Alpha 2 laminin
Alpha 2 層粘蛋白抗原	Alpha 2 laminin
Alpha 2-层粘蛋白抗原	Alpha 2 laminin
Alpha 2-層粘蛋白抗原	Alpha 2 laminin
Alpha 吡咯烷基己基苯酮	Alpha-Pyrrolidinohexiophenone
Alpha 黑素細胞刺激激素	Alpha melanocyte stimulating hormone
Alpha 黑素细胞刺激激素	Alpha melanocyte stimulating hormone
Alpha-1 抗凝乳蛋白酶	Alpha-1-Antichymotrypsin
Alpha-1-抗凝乳蛋白酶	Alpha-1-Antichymotrypsin
Alpha-1胎儿球蛋白解释	Alpha-1-Fetoprotein interpretation
Alpha-1胎兒球蛋白解釋	Alpha-1-Fetoprotein interpretation
Alpha-2 层粘蛋白抗原	Alpha 2 laminin
Alpha-2 層粘蛋白抗原	Alpha 2 laminin
Alpha-2-层粘蛋白抗原	Alpha 2 laminin
Alpha-2-層粘蛋白抗原	Alpha 2 laminin
Alpha-吡咯烷基己基苯酮	Alpha-Pyrrolidinohexiophenone
Alpha-黑素細胞刺激激素	Alpha melanocyte stimulating hormone
Alpha-黑素细胞刺激激素	Alpha melanocyte stimulating hormone
Alpha1 胎儿球蛋白解释	Alpha-1-Fetoprotein interpretation
Alpha1 胎兒球蛋白解釋	Alpha-1-Fetoprotein interpretation
Alpha1-胎儿球蛋白解释	Alpha-1-Fetoprotein interpretation
Alpha1-胎兒球蛋白解釋	Alpha-1-Fetoprotein interpretation
Alpha1抗胰蛋白酶表现型	Alpha 1 antitrypsin phenotype
Alpha1抗胰蛋白酶表現型	Alpha 1 antitrypsin phenotype
AlphaN-乙酰半乳糖胺酶	Alpha-N-acetylgalactosaminidase
AlphaN-乙醯半乳糖胺酶	Alpha-N-acetylgalactosaminidase
Alpha亚油酸+亚油酸摄入	Alpha-linoate+Linoleate intake
Alpha亞油酸+亞油酸攝入	Alpha-linoate+Linoleate intake
Alpha吡咯烷基异己基苯酮	Alpha Pyrrolidinoisohexanophenone
Alpha吡咯烷基異己基苯酮	Alpha Pyrrolidinoisohexanophenone
Alpha地中海貧血基因組套	Alpha thalassemia
Alpha地中海贫血基因组套	Alpha thalassemia
Alpha珠蛋白基因缺失組套	Alpha globin gene deletion
Alpha珠蛋白基因缺失组套	Alpha globin gene deletion
Alpha羟普唑仑葡萄糖醛酸	Alpha hydroxyalprazolam glucuronide
Alpha羥普唑侖葡萄糖醛酸	Alpha hydroxyalprazolam glucuronide
Alpha苯基-2-乙酸哌啶	Alpha-Phenyl-2-Piperidine acetate
Alpha防御素 1+2+3	Alpha defensins 1+2+3
Alpha防禦素 1+2+3	Alpha defensins 1+2+3
Beta 乳球蛋白 MF77	Beta lactoglobulin MF77
Beta 氨基异丁酸+脯氨酸	Beta aminoisobutyrate+Proline
Beta 氨基異丁酸+脯氨酸	Beta aminoisobutyrate+Proline
Beta 甘露糖苷酶 实际的	Beta mannosidase actual
Beta 甘露糖苷酶 實際的	Beta mannosidase actual
Beta 羟基丁酸+乙酰乙酸	Beta hydroxybutyrate+Acetoacetate
Beta 羥基丁酸+乙醯乙酸	Beta hydroxybutyrate+Acetoacetate
Beta-乳球蛋白 MF77	Beta lactoglobulin MF77
Beta-氨基异丁酸+脯氨酸	Beta aminoisobutyrate+Proline
Beta-氨基異丁酸+脯氨酸	Beta aminoisobutyrate+Proline
Beta-甘露糖苷酶 实际的	Beta mannosidase actual
Beta-甘露糖苷酶 實際的	Beta mannosidase actual
Beta-羟基丁酸+乙酰乙酸	Beta hydroxybutyrate+Acetoacetate
Beta-羥基丁酸+乙醯乙酸	Beta hydroxybutyrate+Acetoacetate
Beta2微球蛋白淀粉样蛋白	Beta-2-Microglobulin amyloid
Beta2微球蛋白澱粉樣蛋白	Beta-2-Microglobulin amyloid
Betan-乙酰氨基已糖苷酶	Beta-N-acetylhexosaminidase
Betan-乙醯氨基已糖苷酶	Beta-N-acetylhexosaminidase
Beta乳球蛋白 白三烯释放	Beta lactoglobulin leukotriene release
Beta乳球蛋白 白三烯釋放	Beta lactoglobulin leukotriene release
Delta表面誘導型凝血過程	Delta Coagulation
Delta表面诱导型凝血过程	Delta Coagulation
Gamma 羟基丁酸 截止点	Gamma hydroxybutyrate cutoff
Gamma 羥基丁酸 截止點	Gamma hydroxybutyrate cutoff
Gamma 黑素細胞刺激激素	Gamma melanocyte stimulating hormone
Gamma 黑素细胞刺激激素	Gamma melanocyte stimulating hormone
Gamma-羟基丁酸 截止点	Gamma hydroxybutyrate cutoff
Gamma-羥基丁酸 截止點	Gamma hydroxybutyrate cutoff
Gamma-黑素細胞刺激激素	Gamma melanocyte stimulating hormone
Gamma-黑素细胞刺激激素	Gamma melanocyte stimulating hormone
Gamma氨基丁酸 A 受体	Gamma aminobutyrate A receptor
Gamma氨基丁酸 A 受體	Gamma aminobutyrate A receptor
Gamma氨基丁酸 B 受体	Gamma aminobutyrate B receptor
Gamma氨基丁酸 B 受體	Gamma aminobutyrate B receptor
alpha 1 抗凝乳蛋白酶	Alpha-1-Antichymotrypsin
alpha 1-抗凝乳蛋白酶	Alpha-1-Antichymotrypsin
alpha 1胎儿球蛋白解释	Alpha-1-Fetoprotein interpretation
alpha 1胎兒球蛋白解釋	Alpha-1-Fetoprotein interpretation
alpha 2 层粘蛋白抗原	Alpha 2 laminin
alpha 2 層粘蛋白抗原	Alpha 2 laminin
alpha 2-层粘蛋白抗原	Alpha 2 laminin
alpha 2-層粘蛋白抗原	Alpha 2 laminin
alpha 吡咯烷基己基苯酮	Alpha-Pyrrolidinohexiophenone
alpha 黑素細胞刺激激素	Alpha melanocyte stimulating hormone
alpha 黑素细胞刺激激素	Alpha melanocyte stimulating hormone
alpha-1 抗凝乳蛋白酶	Alpha-1-Antichymotrypsin
alpha-1-抗凝乳蛋白酶	Alpha-1-Antichymotrypsin
alpha-1胎儿球蛋白解释	Alpha-1-Fetoprotein interpretation
alpha-1胎兒球蛋白解釋	Alpha-1-Fetoprotein interpretation
alpha-2 层粘蛋白抗原	Alpha 2 laminin
alpha-2 層粘蛋白抗原	Alpha 2 laminin
alpha-2-层粘蛋白抗原	Alpha 2 laminin
alpha-2-層粘蛋白抗原	Alpha 2 laminin
alpha-吡咯烷基己基苯酮	Alpha-Pyrrolidinohexiophenone
alpha-黑素細胞刺激激素	Alpha melanocyte stimulating hormone
alpha-黑素细胞刺激激素	Alpha melanocyte stimulating hormone
alpha1 胎儿球蛋白解释	Alpha-1-Fetoprotein interpretation
alpha1 胎兒球蛋白解釋	Alpha-1-Fetoprotein interpretation
alpha1-胎儿球蛋白解释	Alpha-1-Fetoprotein interpretation
alpha1-胎兒球蛋白解釋	Alpha-1-Fetoprotein interpretation
alpha1抗胰蛋白酶表现型	Alpha 1 antitrypsin phenotype
alpha1抗胰蛋白酶表現型	Alpha 1 antitrypsin phenotype
alphaN-乙酰半乳糖胺酶	Alpha-N-acetylgalactosaminidase
alphaN-乙醯半乳糖胺酶	Alpha-N-acetylgalactosaminidase
alpha亚油酸+亚油酸摄入	Alpha-linoate+Linoleate intake
alpha亞油酸+亞油酸攝入	Alpha-linoate+Linoleate intake
alpha吡咯烷基异己基苯酮	Alpha Pyrrolidinoisohexanophenone
alpha吡咯烷基異己基苯酮	Alpha Pyrrolidinoisohexanophenone
alpha地中海貧血基因組套	Alpha thalassemia
alpha地中海贫血基因组套	Alpha thalassemia
alpha珠蛋白基因缺失組套	Alpha globin gene deletion
alpha珠蛋白基因缺失组套	Alpha globin gene deletion
alpha羟普唑仑葡萄糖醛酸	Alpha hydroxyalprazolam glucuronide
alpha羥普唑侖葡萄糖醛酸	Alpha hydroxyalprazolam glucuronide
alpha苯基-2-乙酸哌啶	Alpha-Phenyl-2-Piperidine acetate
alpha防御素 1+2+3	Alpha defensins 1+2+3
alpha防禦素 1+2+3	Alpha defensins 1+2+3
beta 乳球蛋白 MF77	Beta lactoglobulin MF77
beta 氨基异丁酸+脯氨酸	Beta aminoisobutyrate+Proline
beta 氨基異丁酸+脯氨酸	Beta aminoisobutyrate+Proline
beta 甘露糖苷酶 实际的	Beta mannosidase actual
beta 甘露糖苷酶 實際的	Beta mannosidase actual
beta 羟基丁酸+乙酰乙酸	Beta hydroxybutyrate+Acetoacetate
beta 羥基丁酸+乙醯乙酸	Beta hydroxybutyrate+Acetoacetate
beta-乳球蛋白 MF77	Beta lactoglobulin MF77
beta-氨基异丁酸+脯氨酸	Beta aminoisobutyrate+Proline
beta-氨基異丁酸+脯氨酸	Beta aminoisobutyrate+Proline
beta-甘露糖苷酶 实际的	Beta mannosidase actual
beta-甘露糖苷酶 實際的	Beta mannosidase actual
beta-羟基丁酸+乙酰乙酸	Beta hydroxybutyrate+Acetoacetate
beta-羥基丁酸+乙醯乙酸	Beta hydroxybutyrate+Acetoacetate
beta2微球蛋白淀粉样蛋白	Beta-2-Microglobulin amyloid
beta2微球蛋白澱粉樣蛋白	Beta-2-Microglobulin amyloid
betan-乙酰氨基已糖苷酶	Beta-N-acetylhexosaminidase
betan-乙醯氨基已糖苷酶	Beta-N-acetylhexosaminidase
beta乳球蛋白 白三烯释放	Beta lactoglobulin leukotriene release
beta乳球蛋白 白三烯釋放	Beta lactoglobulin leukotriene release
delta表面誘導型凝血過程	Delta Coagulation
delta表面诱导型凝血过程	Delta Coagulation
gamma 羟基丁酸 截止点	Gamma hydroxybutyrate cutoff
gamma 羥基丁酸 截止點	Gamma hydroxybutyrate cutoff
gamma 黑素細胞刺激激素	Gamma melanocyte stimulating hormone
gamma 黑素细胞刺激激素	Gamma melanocyte stimulating hormone
gamma-羟基丁酸 截止点	Gamma hydroxybutyrate cutoff
gamma-羥基丁酸 截止點	Gamma hydroxybutyrate cutoff
gamma-黑素細胞刺激激素	Gamma melanocyte stimulating hormone
gamma-黑素细胞刺激激素	Gamma melanocyte stimulating hormone
gamma氨基丁酸 A 受体	Gamma aminobutyrate A receptor
gamma氨基丁酸 A 受體	Gamma aminobutyrate A receptor
gamma氨基丁酸 B 受体	Gamma aminobutyrate B receptor
gamma氨基丁酸 B 受體	Gamma aminobutyrate B receptor
α 1 抗胰蛋白酶 粪便清除	Alpha 1 antitrypsin fecal clearance
α 1 抗胰蛋白酶 糞便清除	Alpha 1 antitrypsin fecal clearance
α 1 抗胰蛋白酶蛋白型組套	Alpha-1-Antitrypsin Proteotype
α 1 抗胰蛋白酶蛋白型组套	Alpha-1-Antitrypsin Proteotype
α 1-抗胰蛋白酶 粪便清除	Alpha 1 antitrypsin fecal clearance
α 1-抗胰蛋白酶 糞便清除	Alpha 1 antitrypsin fecal clearance
α 1-抗胰蛋白酶蛋白型組套	Alpha-1-Antitrypsin Proteotype
α 1-抗胰蛋白酶蛋白型组套	Alpha-1-Antitrypsin Proteotype
α 1抗胰蛋白酶粪便清除组套	Alpha 1 antitrypsin fecal clearance
α 1抗胰蛋白酶糞便清除組套	Alpha 1 antitrypsin fecal clearance
α 甲基酰基辅酶 A 消旋酶	Alpha-methylacyl CoA racemase
α 甲基醯基輔酶 A 消旋酶	Alpha-methylacyl CoA racemase
α-1 抗胰蛋白酶 粪便清除	Alpha 1 antitrypsin fecal clearance
α-1 抗胰蛋白酶 糞便清除	Alpha 1 antitrypsin fecal clearance
α-1 抗胰蛋白酶蛋白型組套	Alpha-1-Antitrypsin Proteotype
α-1 抗胰蛋白酶蛋白型组套	Alpha-1-Antitrypsin Proteotype
α-1-抗胰蛋白酶 粪便清除	Alpha 1 antitrypsin fecal clearance
α-1-抗胰蛋白酶 糞便清除	Alpha 1 antitrypsin fecal clearance
α-1-抗胰蛋白酶蛋白型組套	Alpha-1-Antitrypsin Proteotype
α-1-抗胰蛋白酶蛋白型组套	Alpha-1-Antitrypsin Proteotype
α-1抗胰蛋白酶粪便清除组套	Alpha 1 antitrypsin fecal clearance
α-1抗胰蛋白酶糞便清除組套	Alpha 1 antitrypsin fecal clearance
α-甲基酰基辅酶 A 消旋酶	Alpha-methylacyl CoA racemase
α-甲基醯基輔酶 A 消旋酶	Alpha-methylacyl CoA racemase
α1 抗胰蛋白酶粪便清除组套	Alpha 1 antitrypsin fecal clearance
α1 抗胰蛋白酶糞便清除組套	Alpha 1 antitrypsin fecal clearance
α1-抗胰蛋白酶粪便清除组套	Alpha 1 antitrypsin fecal clearance
α1-抗胰蛋白酶糞便清除組套	Alpha 1 antitrypsin fecal clearance
β球蛋白+Gamma 球蛋白	Beta globulin+Gamma globulin
γ 氨基丁酸游离型与总计组套	Gamma aminobutyrate free and
γ 氨基丁酸游離型與總計組套	Gamma aminobutyrate free and
γ-氨基丁酸游离型与总计组套	Gamma aminobutyrate free and
γ-氨基丁酸游離型與總計組套	Gamma aminobutyrate free and
花生四烯酸 / 二十碳五烯酸	Arachidonate Eicosapentaenoate AA EPA Mass Ratio Blood
Alpha 1 抗胰蛋白酶	Alpha 1 antitrypsin
Alpha 1 胎儿球蛋白	Alpha-1-Fetoprotein
Alpha 1 胎兒球蛋白	Alpha-1-Fetoprotein
Alpha 1 胎蛋白組套	Alpha-1-fetoprotein
Alpha 1 胎蛋白组套	Alpha-1-fetoprotein
Alpha 1 酸性糖蛋白	Alpha-1-Acid glycoprotein
Alpha 1-抗胰蛋白酶	Alpha 1 antitrypsin
Alpha 1-胎儿球蛋白	Alpha-1-Fetoprotein
Alpha 1-胎兒球蛋白	Alpha-1-Fetoprotein
Alpha 1-胎蛋白組套	Alpha-1-fetoprotein
Alpha 1-胎蛋白组套	Alpha-1-fetoprotein
Alpha 1-酸性糖蛋白	Alpha-1-Acid glycoprotein
Alpha 1抗凝乳蛋白酶	Alpha-1-Antichymotrypsin
Alpha 2层粘蛋白抗原	Alpha 2 laminin
Alpha 2層粘蛋白抗原	Alpha 2 laminin
Alpha L-艾杜糖苷酶	Alpha-L-iduronidase
Alpha 吡咯烷异己苯酮	Alpha-Pyrrolidinoisohexanophenone
Alpha 吡咯烷異己苯酮	Alpha-Pyrrolidinoisohexanophenone
Alpha 氨基己二酸半醛	Alpha-aminoadipic semialdehyde
Alpha 羟基丁酸脱氢酶	Alpha hydroxybutyrate dehydrogenase
Alpha 羥基丁酸脫氫酶	Alpha hydroxybutyrate dehydrogenase
Alpha-1 抗胰蛋白酶	Alpha 1 antitrypsin
Alpha-1 胎儿球蛋白	Alpha-1-Fetoprotein
Alpha-1 胎兒球蛋白	Alpha-1-Fetoprotein
Alpha-1 胎蛋白組套	Alpha-1-fetoprotein
Alpha-1 胎蛋白组套	Alpha-1-fetoprotein
Alpha-1 酸性糖蛋白	Alpha-1-Acid glycoprotein
Alpha-1-抗胰蛋白酶	Alpha 1 antitrypsin
Alpha-1-胎儿球蛋白	Alpha-1-Fetoprotein
Alpha-1-胎兒球蛋白	Alpha-1-Fetoprotein
Alpha-1-胎蛋白組套	Alpha-1-fetoprotein
Alpha-1-胎蛋白组套	Alpha-1-fetoprotein
Alpha-1-酸性糖蛋白	Alpha-1-Acid glycoprotein
Alpha-1抗凝乳蛋白酶	Alpha-1-Antichymotrypsin
Alpha-2层粘蛋白抗原	Alpha 2 laminin
Alpha-2層粘蛋白抗原	Alpha 2 laminin
Alpha-L-艾杜糖苷酶	Alpha-L-iduronidase
Alpha-吡咯烷异己苯酮	Alpha-Pyrrolidinoisohexanophenone
Alpha-吡咯烷異己苯酮	Alpha-Pyrrolidinoisohexanophenone
Alpha-氨基己二酸半醛	Alpha-aminoadipic semialdehyde
Alpha-羟基丁酸脱氢酶	Alpha hydroxybutyrate dehydrogenase
Alpha-羥基丁酸脫氫酶	Alpha hydroxybutyrate dehydrogenase
Alpha1 抗凝乳蛋白酶	Alpha-1-Antichymotrypsin
Alpha1-抗凝乳蛋白酶	Alpha-1-Antichymotrypsin
Alpha1胎儿球蛋白解释	Alpha-1-Fetoprotein interpretation
Alpha1胎兒球蛋白解釋	Alpha-1-Fetoprotein interpretation
Alpha2 层粘蛋白抗原	Alpha 2 laminin
Alpha2 層粘蛋白抗原	Alpha 2 laminin
Alpha2-层粘蛋白抗原	Alpha 2 laminin
Alpha2-層粘蛋白抗原	Alpha 2 laminin
Alpha吡咯烷基己基苯酮	Alpha-Pyrrolidinohexiophenone
Alpha黑素細胞刺激激素	Alpha melanocyte stimulating hormone
Alpha黑素细胞刺激激素	Alpha melanocyte stimulating hormone
Beta 2 轉鐵蛋白組套	Beta-2 transferrin
Beta 2 转铁蛋白组套	Beta-2 transferrin
Beta 2-轉鐵蛋白組套	Beta-2 transferrin
Beta 2-转铁蛋白组套	Beta-2 transferrin
Beta N-乙酰己糖胺酶	Beta-N-acetylhexosaminidase
Beta N-乙醯己糖胺酶	Beta-N-acetylhexosaminidase
Beta 黑素細胞刺激激素	Beta melanocyte stimulating hormone
Beta 黑素细胞刺激激素	Beta melanocyte stimulating hormone
Beta-2 轉鐵蛋白組套	Beta-2 transferrin
Beta-2 转铁蛋白组套	Beta-2 transferrin
Beta-2-轉鐵蛋白組套	Beta-2 transferrin
Beta-2-转铁蛋白组套	Beta-2 transferrin
Beta-N-乙酰己糖胺酶	Beta-N-acetylhexosaminidase
Beta-N-乙醯己糖胺酶	Beta-N-acetylhexosaminidase
Beta-黑素細胞刺激激素	Beta melanocyte stimulating hormone
Beta-黑素细胞刺激激素	Beta melanocyte stimulating hormone
Beta乳球蛋白 MF77	Beta lactoglobulin MF77
Beta氨基异丁酸+脯氨酸	Beta aminoisobutyrate+Proline
Beta氨基異丁酸+脯氨酸	Beta aminoisobutyrate+Proline
Beta甘露糖苷酶 实际的	Beta mannosidase actual
Beta甘露糖苷酶 實際的	Beta mannosidase actual
Beta羟基丁酸+乙酰乙酸	Beta hydroxybutyrate+Acetoacetate
Beta羥基丁酸+乙醯乙酸	Beta hydroxybutyrate+Acetoacetate
Delta 8 四氢大麻酚	Delta-8-tetrahydrocannabinol
Delta 8 四氫大麻酚	Delta-8-tetrahydrocannabinol
Delta 8-四氢大麻酚	Delta-8-tetrahydrocannabinol
Delta 8-四氫大麻酚	Delta-8-tetrahydrocannabinol
Delta-8 四氢大麻酚	Delta-8-tetrahydrocannabinol
Delta-8 四氫大麻酚	Delta-8-tetrahydrocannabinol
Delta-8-四氢大麻酚	Delta-8-tetrahydrocannabinol
Delta-8-四氫大麻酚	Delta-8-tetrahydrocannabinol
Gamma羟基丁酸 截止点	Gamma hydroxybutyrate cutoff
Gamma羥基丁酸 截止點	Gamma hydroxybutyrate cutoff
Gamma黑素細胞刺激激素	Gamma melanocyte stimulating hormone
Gamma黑素细胞刺激激素	Gamma melanocyte stimulating hormone
alpha 1 抗胰蛋白酶	Alpha 1 antitrypsin
alpha 1 胎儿球蛋白	Alpha-1-Fetoprotein
alpha 1 胎兒球蛋白	Alpha-1-Fetoprotein
alpha 1 胎蛋白組套	Alpha-1-fetoprotein
alpha 1 胎蛋白组套	Alpha-1-fetoprotein
alpha 1 酸性糖蛋白	Alpha-1-Acid glycoprotein
alpha 1-抗胰蛋白酶	Alpha 1 antitrypsin
alpha 1-胎儿球蛋白	Alpha-1-Fetoprotein
alpha 1-胎兒球蛋白	Alpha-1-Fetoprotein
alpha 1-胎蛋白組套	Alpha-1-fetoprotein
alpha 1-胎蛋白组套	Alpha-1-fetoprotein
alpha 1-酸性糖蛋白	Alpha-1-Acid glycoprotein
alpha 1抗凝乳蛋白酶	Alpha-1-Antichymotrypsin
alpha 2层粘蛋白抗原	Alpha 2 laminin
alpha 2層粘蛋白抗原	Alpha 2 laminin
alpha L-艾杜糖苷酶	Alpha-L-iduronidase
alpha 吡咯烷异己苯酮	Alpha-Pyrrolidinoisohexanophenone
alpha 吡咯烷異己苯酮	Alpha-Pyrrolidinoisohexanophenone
alpha 氨基己二酸半醛	Alpha-aminoadipic semialdehyde
alpha 羟基丁酸脱氢酶	Alpha hydroxybutyrate dehydrogenase
alpha 羥基丁酸脫氫酶	Alpha hydroxybutyrate dehydrogenase
alpha-1 抗胰蛋白酶	Alpha 1 antitrypsin
alpha-1 胎儿球蛋白	Alpha-1-Fetoprotein
alpha-1 胎兒球蛋白	Alpha-1-Fetoprotein
alpha-1 胎蛋白組套	Alpha-1-fetoprotein
alpha-1 胎蛋白组套	Alpha-1-fetoprotein
alpha-1 酸性糖蛋白	Alpha-1-Acid glycoprotein
alpha-1-抗胰蛋白酶	Alpha 1 antitrypsin
alpha-1-胎儿球蛋白	Alpha-1-Fetoprotein
alpha-1-胎兒球蛋白	Alpha-1-Fetoprotein
alpha-1-胎蛋白組套	Alpha-1-fetoprotein
alpha-1-胎蛋白组套	Alpha-1-fetoprotein
alpha-1-酸性糖蛋白	Alpha-1-Acid glycoprotein
alpha-1抗凝乳蛋白酶	Alpha-1-Antichymotrypsin
alpha-2层粘蛋白抗原	Alpha 2 laminin
alpha-2層粘蛋白抗原	Alpha 2 laminin
alpha-L-艾杜糖苷酶	Alpha-L-iduronidase
alpha-吡咯烷异己苯酮	Alpha-Pyrrolidinoisohexanophenone
alpha-吡咯烷異己苯酮	Alpha-Pyrrolidinoisohexanophenone
alpha-氨基己二酸半醛	Alpha-aminoadipic semialdehyde
alpha-羟基丁酸脱氢酶	Alpha hydroxybutyrate dehydrogenase
alpha-羥基丁酸脫氫酶	Alpha hydroxybutyrate dehydrogenase
alpha1 抗凝乳蛋白酶	Alpha-1-Antichymotrypsin
alpha1-抗凝乳蛋白酶	Alpha-1-Antichymotrypsin
alpha1胎儿球蛋白解释	Alpha-1-Fetoprotein interpretation
alpha1胎兒球蛋白解釋	Alpha-1-Fetoprotein interpretation
alpha2 层粘蛋白抗原	Alpha 2 laminin
alpha2 層粘蛋白抗原	Alpha 2 laminin
alpha2-层粘蛋白抗原	Alpha 2 laminin
alpha2-層粘蛋白抗原	Alpha 2 laminin
alpha吡咯烷基己基苯酮	Alpha-Pyrrolidinohexiophenone
alpha黑素細胞刺激激素	Alpha melanocyte stimulating hormone
alpha黑素细胞刺激激素	Alpha melanocyte stimulating hormone
beta 2 轉鐵蛋白組套	Beta-2 transferrin
beta 2 转铁蛋白组套	Beta-2 transferrin
beta 2-轉鐵蛋白組套	Beta-2 transferrin
beta 2-转铁蛋白组套	Beta-2 transferrin
beta N-乙酰己糖胺酶	Beta-N-acetylhexosaminidase
beta N-乙醯己糖胺酶	Beta-N-acetylhexosaminidase
beta 黑素細胞刺激激素	Beta melanocyte stimulating hormone
beta 黑素细胞刺激激素	Beta melanocyte stimulating hormone
beta-2 轉鐵蛋白組套	Beta-2 transferrin
beta-2 转铁蛋白组套	Beta-2 transferrin
beta-2-轉鐵蛋白組套	Beta-2 transferrin
beta-2-转铁蛋白组套	Beta-2 transferrin
beta-N-乙酰己糖胺酶	Beta-N-acetylhexosaminidase
beta-N-乙醯己糖胺酶	Beta-N-acetylhexosaminidase
beta-黑素細胞刺激激素	Beta melanocyte stimulating hormone
beta-黑素细胞刺激激素	Beta melanocyte stimulating hormone
beta乳球蛋白 MF77	Beta lactoglobulin MF77
beta氨基异丁酸+脯氨酸	Beta aminoisobutyrate+Proline
beta氨基異丁酸+脯氨酸	Beta aminoisobutyrate+Proline
beta甘露糖苷酶 实际的	Beta mannosidase actual
beta甘露糖苷酶 實際的	Beta mannosidase actual
beta羟基丁酸+乙酰乙酸	Beta hydroxybutyrate+Acetoacetate
beta羥基丁酸+乙醯乙酸	Beta hydroxybutyrate+Acetoacetate
delta 8 四氢大麻酚	Delta-8-tetrahydrocannabinol
delta 8 四氫大麻酚	Delta-8-tetrahydrocannabinol
delta 8-四氢大麻酚	Delta-8-tetrahydrocannabinol
delta 8-四氫大麻酚	Delta-8-tetrahydrocannabinol
delta-8 四氢大麻酚	Delta-8-tetrahydrocannabinol
delta-8 四氫大麻酚	Delta-8-tetrahydrocannabinol
delta-8-四氢大麻酚	Delta-8-tetrahydrocannabinol
delta-8-四氫大麻酚	Delta-8-tetrahydrocannabinol
gamma羟基丁酸 截止点	Gamma hydroxybutyrate cutoff
gamma羥基丁酸 截止點	Gamma hydroxybutyrate cutoff
gamma黑素細胞刺激激素	Gamma melanocyte stimulating hormone
gamma黑素细胞刺激激素	Gamma melanocyte stimulating hormone
α 1 抗胰蛋白酶 实际的	Alpha 1 antitrypsin actual
α 1 抗胰蛋白酶 實際的	Alpha 1 antitrypsin actual
α 1-抗胰蛋白酶 实际的	Alpha 1 antitrypsin actual
α 1-抗胰蛋白酶 實際的	Alpha 1 antitrypsin actual
α 1抗胰蛋白酶 粪便清除	Alpha 1 antitrypsin fecal clearance
α 1抗胰蛋白酶 糞便清除	Alpha 1 antitrypsin fecal clearance
α 1抗胰蛋白酶蛋白型組套	Alpha-1-Antitrypsin Proteotype
α 1抗胰蛋白酶蛋白型组套	Alpha-1-Antitrypsin Proteotype
α-1 抗胰蛋白酶 实际的	Alpha 1 antitrypsin actual
α-1 抗胰蛋白酶 實際的	Alpha 1 antitrypsin actual
α-1-抗胰蛋白酶 实际的	Alpha 1 antitrypsin actual
α-1-抗胰蛋白酶 實際的	Alpha 1 antitrypsin actual
α-1抗胰蛋白酶 粪便清除	Alpha 1 antitrypsin fecal clearance
α-1抗胰蛋白酶 糞便清除	Alpha 1 antitrypsin fecal clearance
α-1抗胰蛋白酶蛋白型組套	Alpha-1-Antitrypsin Proteotype
α-1抗胰蛋白酶蛋白型组套	Alpha-1-Antitrypsin Proteotype
α1 抗胰蛋白酶 粪便清除	Alpha 1 antitrypsin fecal clearance
α1 抗胰蛋白酶 糞便清除	Alpha 1 antitrypsin fecal clearance
α1 抗胰蛋白酶蛋白型組套	Alpha-1-Antitrypsin Proteotype
α1 抗胰蛋白酶蛋白型组套	Alpha-1-Antitrypsin Proteotype
α1-抗胰蛋白酶 粪便清除	Alpha 1 antitrypsin fecal clearance
α1-抗胰蛋白酶 糞便清除	Alpha 1 antitrypsin fecal clearance
α1-抗胰蛋白酶蛋白型組套	Alpha-1-Antitrypsin Proteotype
α1-抗胰蛋白酶蛋白型组套	Alpha-1-Antitrypsin Proteotype
α1抗胰蛋白酶粪便清除组套	Alpha 1 antitrypsin fecal clearance
α1抗胰蛋白酶糞便清除組套	Alpha 1 antitrypsin fecal clearance
α甲基酰基辅酶 A 消旋酶	Alpha-methylacyl CoA racemase
α甲基醯基輔酶 A 消旋酶	Alpha-methylacyl CoA racemase
β 2 微球蛋白淀粉样蛋白	Beta-2-Microglobulin amyloid
β 2 微球蛋白澱粉樣蛋白	Beta-2-Microglobulin amyloid
β 2-微球蛋白淀粉样蛋白	Beta-2-Microglobulin amyloid
β 2-微球蛋白澱粉樣蛋白	Beta-2-Microglobulin amyloid
β-2 微球蛋白淀粉样蛋白	Beta-2-Microglobulin amyloid
β-2 微球蛋白澱粉樣蛋白	Beta-2-Microglobulin amyloid
β-2-微球蛋白淀粉样蛋白	Beta-2-Microglobulin amyloid
β-2-微球蛋白澱粉樣蛋白	Beta-2-Microglobulin amyloid
γ氨基丁酸游离型与总计组套	Gamma aminobutyrate free and
γ氨基丁酸游離型與總計組套	Gamma aminobutyrate free and
总 Omega-3 脂肪酸	Omega 3 fatty acids w3 Serum Plasma
总 Omega-6 脂肪酸	Omega 6 fatty acids w6 Serum Plasma
总 omega-3 脂肪酸	Omega 3 fatty acids w3 Serum Plasma
总 omega-6 脂肪酸	Omega 6 fatty acids w6 Serum Plasma
總 Omega-3 脂肪酸	Omega 3 fatty acids w3 Serum Plasma
總 Omega-6 脂肪酸	Omega 6 fatty acids w6 Serum Plasma
總 omega-3 脂肪酸	Omega 3 fatty acids w3 Serum Plasma
總 omega-6 脂肪酸	Omega 6 fatty acids w6 Serum Plasma
Alpha 1 微球蛋白	Alpha-1-Microglobulin
Alpha 1-微球蛋白	Alpha-1-Microglobulin
Alpha 1抗胰蛋白酶	Alpha 1 antitrypsin
Alpha 1胎儿球蛋白	Alpha-1-Fetoprotein
Alpha 1胎兒球蛋白	Alpha-1-Fetoprotein
Alpha 1胎蛋白組套	Alpha-1-fetoprotein
Alpha 1胎蛋白组套	Alpha-1-fetoprotein
Alpha 1酸性糖蛋白	Alpha-1-Acid glycoprotein
Alpha 2 巨球蛋白	Alpha-2-Macroglobulin
Alpha 2 微球蛋白	Alpha-2-Microglobulin
Alpha 2-巨球蛋白	Alpha-2-Macroglobulin
Alpha 2-微球蛋白	Alpha-2-Microglobulin
Alpha 吡咯啉苯戊酮	Alpha pyrrolidinovalerophenone
Alpha 羟基依替唑仑	Alpha hydroxyetizolam
Alpha 羟基氟普唑仑	Alpha-hydroxy flualprazolam
Alpha 羟基氟溴唑仑	Alpha-hydroxy flubromazolam
Alpha 羟基阿普唑仑	Alpha hydroxyalprazolam
Alpha 羥基依替唑侖	Alpha hydroxyetizolam
Alpha 羥基氟普唑侖	Alpha-hydroxy flualprazolam
Alpha 羥基氟溴唑侖	Alpha-hydroxy flubromazolam
Alpha 羥基阿普唑侖	Alpha hydroxyalprazolam
Alpha-1 微球蛋白	Alpha-1-Microglobulin
Alpha-1-微球蛋白	Alpha-1-Microglobulin
Alpha-1抗胰蛋白酶	Alpha 1 antitrypsin
Alpha-1胎儿球蛋白	Alpha-1-Fetoprotein
Alpha-1胎兒球蛋白	Alpha-1-Fetoprotein
Alpha-1胎蛋白組套	Alpha-1-fetoprotein
Alpha-1胎蛋白组套	Alpha-1-fetoprotein
Alpha-1酸性糖蛋白	Alpha-1-Acid glycoprotein
Alpha-2 巨球蛋白	Alpha-2-Macroglobulin
Alpha-2 微球蛋白	Alpha-2-Microglobulin
Alpha-2-巨球蛋白	Alpha-2-Macroglobulin
Alpha-2-微球蛋白	Alpha-2-Microglobulin
Alpha-吡咯啉苯戊酮	Alpha pyrrolidinovalerophenone
Alpha-羟基依替唑仑	Alpha hydroxyetizolam
Alpha-羟基氟普唑仑	Alpha-hydroxy flualprazolam
Alpha-羟基氟溴唑仑	Alpha-hydroxy flubromazolam
Alpha-羟基阿普唑仑	Alpha hydroxyalprazolam
Alpha-羥基依替唑侖	Alpha hydroxyetizolam
Alpha-羥基氟普唑侖	Alpha-hydroxy flualprazolam
Alpha-羥基氟溴唑侖	Alpha-hydroxy flubromazolam
Alpha-羥基阿普唑侖	Alpha hydroxyalprazolam
Alpha1 抗胰蛋白酶	Alpha 1 antitrypsin
Alpha1 胎儿球蛋白	Alpha-1-Fetoprotein
Alpha1 胎兒球蛋白	Alpha-1-Fetoprotein
Alpha1 胎蛋白組套	Alpha-1-fetoprotein
Alpha1 胎蛋白组套	Alpha-1-fetoprotein
Alpha1 酸性糖蛋白	Alpha-1-Acid glycoprotein
Alpha1-抗胰蛋白酶	Alpha 1 antitrypsin
Alpha1-胎儿球蛋白	Alpha-1-Fetoprotein
Alpha1-胎兒球蛋白	Alpha-1-Fetoprotein
Alpha1-胎蛋白組套	Alpha-1-fetoprotein
Alpha1-胎蛋白组套	Alpha-1-fetoprotein
Alpha1-酸性糖蛋白	Alpha-1-Acid glycoprotein
Alpha1抗凝乳蛋白酶	Alpha-1-Antichymotrypsin
Alpha2层粘蛋白抗原	Alpha 2 laminin
Alpha2層粘蛋白抗原	Alpha 2 laminin
AlphaL-艾杜糖苷酶	Alpha-L-iduronidase
Alpha吡咯烷异己苯酮	Alpha-Pyrrolidinoisohexanophenone
Alpha吡咯烷異己苯酮	Alpha-Pyrrolidinoisohexanophenone
Alpha氨基己二酸半醛	Alpha-aminoadipic semialdehyde
Alpha羟基丁酸脱氢酶	Alpha hydroxybutyrate dehydrogenase
Alpha羥基丁酸脫氫酶	Alpha hydroxybutyrate dehydrogenase
Beta 2 糖蛋白 1	Beta 2 glycoprotein 1
Beta 2-糖蛋白 1	Beta 2 glycoprotein 1
Beta 2轉鐵蛋白組套	Beta-2 transferrin
Beta 2转铁蛋白组套	Beta-2 transferrin
Beta 羟基丁酸脱氢酶	Beta hydroxybutyrate dehydrogenase
Beta 羟基硫代芬太尼	Beta hydroxythiofentanyl
Beta 羥基丁酸脫氫酶	Beta hydroxybutyrate dehydrogenase
Beta 羥基硫代芬太尼	Beta hydroxythiofentanyl
Beta 葡糖苷酶激活剂	Beta glucosidase activator
Beta 葡糖苷酶激活劑	Beta glucosidase activator
Beta 葡萄糖醛酸苷酶	Beta glucuronidase
Beta-2 糖蛋白 1	Beta 2 glycoprotein 1
Beta-2-糖蛋白 1	Beta 2 glycoprotein 1
Beta-2轉鐵蛋白組套	Beta-2 transferrin
Beta-2转铁蛋白组套	Beta-2 transferrin
Beta-羟基丁酸脱氢酶	Beta hydroxybutyrate dehydrogenase
Beta-羟基硫代芬太尼	Beta hydroxythiofentanyl
Beta-羥基丁酸脫氫酶	Beta hydroxybutyrate dehydrogenase
Beta-羥基硫代芬太尼	Beta hydroxythiofentanyl
Beta-葡糖苷酶激活剂	Beta glucosidase activator
Beta-葡糖苷酶激活劑	Beta glucosidase activator
Beta-葡萄糖醛酸苷酶	Beta glucuronidase
Beta2 轉鐵蛋白組套	Beta-2 transferrin
Beta2 转铁蛋白组套	Beta-2 transferrin
Beta2-轉鐵蛋白組套	Beta-2 transferrin
Beta2-转铁蛋白组套	Beta-2 transferrin
BetaN-乙酰己糖胺酶	Beta-N-acetylhexosaminidase
BetaN-乙醯己糖胺酶	Beta-N-acetylhexosaminidase
Beta黑素細胞刺激激素	Beta melanocyte stimulating hormone
Beta黑素细胞刺激激素	Beta melanocyte stimulating hormone
Delta 8四氢大麻酚	Delta-8-tetrahydrocannabinol
Delta 8四氫大麻酚	Delta-8-tetrahydrocannabinol
Delta-8四氢大麻酚	Delta-8-tetrahydrocannabinol
Delta-8四氫大麻酚	Delta-8-tetrahydrocannabinol
Delta8 四氢大麻酚	Delta-8-tetrahydrocannabinol
Delta8 四氫大麻酚	Delta-8-tetrahydrocannabinol
Delta8-四氢大麻酚	Delta-8-tetrahydrocannabinol
Delta8-四氫大麻酚	Delta-8-tetrahydrocannabinol
Gamma 穀氨醯轉移酶	Gamma glutamyl transferase
Gamma 谷氨酰转移酶	Gamma glutamyl transferase
Gamma-穀氨醯轉移酶	Gamma glutamyl transferase
Gamma-谷氨酰转移酶	Gamma glutamyl transferase
Omega - 3 指数	Omega-3 EPA+DHA index Eicosapentaenoate Docosahexaenoate Serum Plasma
Omega - 3 指數	Omega-3 EPA+DHA index Eicosapentaenoate Docosahexaenoate Serum Plasma
alpha 1 微球蛋白	Alpha-1-Microglobulin
alpha 1-微球蛋白	Alpha-1-Microglobulin
alpha 1抗胰蛋白酶	Alpha 1 antitrypsin
alpha 1胎儿球蛋白	Alpha-1-Fetoprotein
alpha 1胎兒球蛋白	Alpha-1-Fetoprotein
alpha 1胎蛋白組套	Alpha-1-fetoprotein
alpha 1胎蛋白组套	Alpha-1-fetoprotein
alpha 1酸性糖蛋白	Alpha-1-Acid glycoprotein
alpha 2 巨球蛋白	Alpha-2-Macroglobulin
alpha 2 微球蛋白	Alpha-2-Microglobulin
alpha 2-巨球蛋白	Alpha-2-Macroglobulin
alpha 2-微球蛋白	Alpha-2-Microglobulin
alpha 吡咯啉苯戊酮	Alpha pyrrolidinovalerophenone
alpha 羟基依替唑仑	Alpha hydroxyetizolam
alpha 羟基氟普唑仑	Alpha-hydroxy flualprazolam
alpha 羟基氟溴唑仑	Alpha-hydroxy flubromazolam
alpha 羟基阿普唑仑	Alpha hydroxyalprazolam
alpha 羥基依替唑侖	Alpha hydroxyetizolam
alpha 羥基氟普唑侖	Alpha-hydroxy flualprazolam
alpha 羥基氟溴唑侖	Alpha-hydroxy flubromazolam
alpha 羥基阿普唑侖	Alpha hydroxyalprazolam
alpha-1 微球蛋白	Alpha-1-Microglobulin
alpha-1-微球蛋白	Alpha-1-Microglobulin
alpha-1抗胰蛋白酶	Alpha 1 antitrypsin
alpha-1胎儿球蛋白	Alpha-1-Fetoprotein
alpha-1胎兒球蛋白	Alpha-1-Fetoprotein
alpha-1胎蛋白組套	Alpha-1-fetoprotein
alpha-1胎蛋白组套	Alpha-1-fetoprotein
alpha-1酸性糖蛋白	Alpha-1-Acid glycoprotein
alpha-2 巨球蛋白	Alpha-2-Macroglobulin
alpha-2 微球蛋白	Alpha-2-Microglobulin
alpha-2-巨球蛋白	Alpha-2-Macroglobulin
alpha-2-微球蛋白	Alpha-2-Microglobulin
alpha-吡咯啉苯戊酮	Alpha pyrrolidinovalerophenone
alpha-羟基依替唑仑	Alpha hydroxyetizolam
alpha-羟基氟普唑仑	Alpha-hydroxy flualprazolam
alpha-羟基氟溴唑仑	Alpha-hydroxy flubromazolam
alpha-羟基阿普唑仑	Alpha hydroxyalprazolam
alpha-羥基依替唑侖	Alpha hydroxyetizolam
alpha-羥基氟普唑侖	Alpha-hydroxy flualprazolam
alpha-羥基氟溴唑侖	Alpha-hydroxy flubromazolam
alpha-羥基阿普唑侖	Alpha hydroxyalprazolam
alpha1 抗胰蛋白酶	Alpha 1 antitrypsin
alpha1 胎儿球蛋白	Alpha-1-Fetoprotein
alpha1 胎兒球蛋白	Alpha-1-Fetoprotein
alpha1 胎蛋白組套	Alpha-1-fetoprotein
alpha1 胎蛋白组套	Alpha-1-fetoprotein
alpha1 酸性糖蛋白	Alpha-1-Acid glycoprotein
alpha1-抗胰蛋白酶	Alpha 1 antitrypsin
alpha1-胎儿球蛋白	Alpha-1-Fetoprotein
alpha1-胎兒球蛋白	Alpha-1-Fetoprotein
alpha1-胎蛋白組套	Alpha-1-fetoprotein
alpha1-胎蛋白组套	Alpha-1-fetoprotein
alpha1-酸性糖蛋白	Alpha-1-Acid glycoprotein
alpha1抗凝乳蛋白酶	Alpha-1-Antichymotrypsin
alpha2层粘蛋白抗原	Alpha 2 laminin
alpha2層粘蛋白抗原	Alpha 2 laminin
alphaL-艾杜糖苷酶	Alpha-L-iduronidase
alpha吡咯烷异己苯酮	Alpha-Pyrrolidinoisohexanophenone
alpha吡咯烷異己苯酮	Alpha-Pyrrolidinoisohexanophenone
alpha氨基己二酸半醛	Alpha-aminoadipic semialdehyde
alpha羟基丁酸脱氢酶	Alpha hydroxybutyrate dehydrogenase
alpha羥基丁酸脫氫酶	Alpha hydroxybutyrate dehydrogenase
beta 2 糖蛋白 1	Beta 2 glycoprotein 1
beta 2-糖蛋白 1	Beta 2 glycoprotein 1
beta 2轉鐵蛋白組套	Beta-2 transferrin
beta 2转铁蛋白组套	Beta-2 transferrin
beta 羟基丁酸脱氢酶	Beta hydroxybutyrate dehydrogenase
beta 羟基硫代芬太尼	Beta hydroxythiofentanyl
beta 羥基丁酸脫氫酶	Beta hydroxybutyrate dehydrogenase
beta 羥基硫代芬太尼	Beta hydroxythiofentanyl
beta 葡糖苷酶激活剂	Beta glucosidase activator
beta 葡糖苷酶激活劑	Beta glucosidase activator
beta 葡萄糖醛酸苷酶	Beta glucuronidase
beta-2 糖蛋白 1	Beta 2 glycoprotein 1
beta-2-糖蛋白 1	Beta 2 glycoprotein 1
beta-2轉鐵蛋白組套	Beta-2 transferrin
beta-2转铁蛋白组套	Beta-2 transferrin
beta-羟基丁酸脱氢酶	Beta hydroxybutyrate dehydrogenase
beta-羟基硫代芬太尼	Beta hydroxythiofentanyl
beta-羥基丁酸脫氫酶	Beta hydroxybutyrate dehydrogenase
beta-羥基硫代芬太尼	Beta hydroxythiofentanyl
beta-葡糖苷酶激活剂	Beta glucosidase activator
beta-葡糖苷酶激活劑	Beta glucosidase activator
beta-葡萄糖醛酸苷酶	Beta glucuronidase
beta2 轉鐵蛋白組套	Beta-2 transferrin
beta2 转铁蛋白组套	Beta-2 transferrin
beta2-轉鐵蛋白組套	Beta-2 transferrin
beta2-转铁蛋白组套	Beta-2 transferrin
betaN-乙酰己糖胺酶	Beta-N-acetylhexosaminidase
betaN-乙醯己糖胺酶	Beta-N-acetylhexosaminidase
beta黑素細胞刺激激素	Beta melanocyte stimulating hormone
beta黑素细胞刺激激素	Beta melanocyte stimulating hormone
delta 8四氢大麻酚	Delta-8-tetrahydrocannabinol
delta 8四氫大麻酚	Delta-8-tetrahydrocannabinol
delta-8四氢大麻酚	Delta-8-tetrahydrocannabinol
delta-8四氫大麻酚	Delta-8-tetrahydrocannabinol
delta8 四氢大麻酚	Delta-8-tetrahydrocannabinol
delta8 四氫大麻酚	Delta-8-tetrahydrocannabinol
delta8-四氢大麻酚	Delta-8-tetrahydrocannabinol
delta8-四氫大麻酚	Delta-8-tetrahydrocannabinol
gamma 穀氨醯轉移酶	Gamma glutamyl transferase
gamma 谷氨酰转移酶	Gamma glutamyl transferase
gamma-穀氨醯轉移酶	Gamma glutamyl transferase
gamma-谷氨酰转移酶	Gamma glutamyl transferase
α 1 抗胰蛋白酶表现型	Alpha 1 antitrypsin phenotype
α 1 抗胰蛋白酶表現型	Alpha 1 antitrypsin phenotype
α 1-抗胰蛋白酶表现型	Alpha 1 antitrypsin phenotype
α 1-抗胰蛋白酶表現型	Alpha 1 antitrypsin phenotype
α 1抗胰蛋白酶 实际的	Alpha 1 antitrypsin actual
α 1抗胰蛋白酶 實際的	Alpha 1 antitrypsin actual
α N-乙酰氨基葡糖苷酶	Alpha-N-acetylglucosaminidase
α N-乙醯氨基葡糖苷酶	Alpha-N-acetylglucosaminidase
α beta 晶状体蛋白	Alpha-beta crystallin
α beta 晶狀體蛋白	Alpha-beta crystallin
α 羟基阿普唑仑 截止点	Alpha hydroxyalprazolam cutoff
α 羥基阿普唑侖 截止點	Alpha hydroxyalprazolam cutoff
α-1 抗胰蛋白酶表现型	Alpha 1 antitrypsin phenotype
α-1 抗胰蛋白酶表現型	Alpha 1 antitrypsin phenotype
α-1-抗胰蛋白酶表现型	Alpha 1 antitrypsin phenotype
α-1-抗胰蛋白酶表現型	Alpha 1 antitrypsin phenotype
α-1抗胰蛋白酶 实际的	Alpha 1 antitrypsin actual
α-1抗胰蛋白酶 實際的	Alpha 1 antitrypsin actual
α-N-乙酰氨基葡糖苷酶	Alpha-N-acetylglucosaminidase
α-N-乙醯氨基葡糖苷酶	Alpha-N-acetylglucosaminidase
α-beta 晶状体蛋白	Alpha-beta crystallin
α-beta 晶狀體蛋白	Alpha-beta crystallin
α-羟基阿普唑仑 截止点	Alpha hydroxyalprazolam cutoff
α-羥基阿普唑侖 截止點	Alpha hydroxyalprazolam cutoff
α1 抗胰蛋白酶 实际的	Alpha 1 antitrypsin actual
α1 抗胰蛋白酶 實際的	Alpha 1 antitrypsin actual
α1-抗胰蛋白酶 实际的	Alpha 1 antitrypsin actual
α1-抗胰蛋白酶 實際的	Alpha 1 antitrypsin actual
α1抗胰蛋白酶 粪便清除	Alpha 1 antitrypsin fecal clearance
α1抗胰蛋白酶 糞便清除	Alpha 1 antitrypsin fecal clearance
α1抗胰蛋白酶蛋白型組套	Alpha-1-Antitrypsin Proteotype
α1抗胰蛋白酶蛋白型组套	Alpha-1-Antitrypsin Proteotype
β 2微球蛋白淀粉样蛋白	Beta-2-Microglobulin amyloid
β 2微球蛋白澱粉樣蛋白	Beta-2-Microglobulin amyloid
β n-乙酰氨基已糖苷酶	Beta-N-acetylhexosaminidase
β n-乙醯氨基已糖苷酶	Beta-N-acetylhexosaminidase
β 乳球蛋白 白三烯释放	Beta lactoglobulin leukotriene release
β 乳球蛋白 白三烯釋放	Beta lactoglobulin leukotriene release
β-2微球蛋白淀粉样蛋白	Beta-2-Microglobulin amyloid
β-2微球蛋白澱粉樣蛋白	Beta-2-Microglobulin amyloid
β-n-乙酰氨基已糖苷酶	Beta-N-acetylhexosaminidase
β-n-乙醯氨基已糖苷酶	Beta-N-acetylhexosaminidase
β-乳球蛋白 白三烯释放	Beta lactoglobulin leukotriene release
β-乳球蛋白 白三烯釋放	Beta lactoglobulin leukotriene release
β2 微球蛋白淀粉样蛋白	Beta-2-Microglobulin amyloid
β2 微球蛋白澱粉樣蛋白	Beta-2-Microglobulin amyloid
β2-微球蛋白淀粉样蛋白	Beta-2-Microglobulin amyloid
β2-微球蛋白澱粉樣蛋白	Beta-2-Microglobulin amyloid
γ 穀氨醯半胱氨酸合成酶	Gamma glutamyl cysteine synthetase
γ 谷氨酰半胱氨酸合成酶	Gamma glutamyl cysteine synthetase
γ-穀氨醯半胱氨酸合成酶	Gamma glutamyl cysteine synthetase
γ-谷氨酰半胱氨酸合成酶	Gamma glutamyl cysteine synthetase
δ 氨基酮戊酸与胆色素原	Delta aminolevulinate & porphobilinogen
δ 氨基酮戊酸與膽色素原	Delta aminolevulinate & porphobilinogen
δ-氨基酮戊酸与胆色素原	Delta aminolevulinate & porphobilinogen
δ-氨基酮戊酸與膽色素原	Delta aminolevulinate & porphobilinogen
氨基丁酸游离型与总计组套	Gamma aminobutyrate free and
氨基丁酸游離型與總計組套	Gamma aminobutyrate free and
甲基酰基辅酶 A 消旋酶	Alpha-methylacyl CoA racemase
甲基醯基輔酶 A 消旋酶	Alpha-methylacyl CoA racemase
花生四烯酸/二十碳五烯酸	Arachidonate Eicosapentaenoate AA EPA Mass Ratio Blood
Alpha 1 球蛋白	Alpha 1 globulin
Alpha 1-球蛋白	Alpha 1 globulin
Alpha 1微球蛋白	Alpha-1-Microglobulin
Alpha 2 球蛋白	Alpha 2 globulin
Alpha 2-球蛋白	Alpha 2 globulin
Alpha 2巨球蛋白	Alpha-2-Macroglobulin
Alpha 2微球蛋白	Alpha-2-Microglobulin
Alpha 中間絲蛋白	Alpha-internexin
Alpha 中间丝蛋白	Alpha-internexin
Alpha 亚麻酸摄入	Alpha linolenate intake
Alpha 亞麻酸攝入	Alpha linolenate intake
Alpha 半乳糖苷酶	Alpha galactosidase A
Alpha 岩藻糖苷酶	Alpha fucosidase
Alpha 巖藻糖苷酶	Alpha fucosidase
Alpha 氨基己二酸	Alpha aminoadipate
Alpha 氨基异丁酸	Alpha aminoisobutyrate
Alpha 氨基異丁酸	Alpha aminoisobutyrate
Alpha 甘露糖苷酶	Alpha mannosidase
Alpha 突触核蛋白	Alpha synuclein
Alpha 突觸核蛋白	Alpha synuclein
Alpha 羟基三唑仑	Alpha hydroxytriazolam
Alpha 羥基三唑侖	Alpha hydroxytriazolam
Alpha-1 球蛋白	Alpha 1 globulin
Alpha-1-球蛋白	Alpha 1 globulin
Alpha-1微球蛋白	Alpha-1-Microglobulin
Alpha-2 球蛋白	Alpha 2 globulin
Alpha-2-球蛋白	Alpha 2 globulin
Alpha-2巨球蛋白	Alpha-2-Macroglobulin
Alpha-2微球蛋白	Alpha-2-Microglobulin
Alpha-中間絲蛋白	Alpha-internexin
Alpha-中间丝蛋白	Alpha-internexin
Alpha-亚麻酸摄入	Alpha linolenate intake
Alpha-亞麻酸攝入	Alpha linolenate intake
Alpha-半乳糖苷酶	Alpha galactosidase A
Alpha-岩藻糖苷酶	Alpha fucosidase
Alpha-巖藻糖苷酶	Alpha fucosidase
Alpha-氨基己二酸	Alpha aminoadipate
Alpha-氨基异丁酸	Alpha aminoisobutyrate
Alpha-氨基異丁酸	Alpha aminoisobutyrate
Alpha-甘露糖苷酶	Alpha mannosidase
Alpha-突触核蛋白	Alpha synuclein
Alpha-突觸核蛋白	Alpha synuclein
Alpha-羟基三唑仑	Alpha hydroxytriazolam
Alpha-羥基三唑侖	Alpha hydroxytriazolam
Alpha1 微球蛋白	Alpha-1-Microglobulin
Alpha1-微球蛋白	Alpha-1-Microglobulin
Alpha1抗胰蛋白酶	Alpha 1 antitrypsin
Alpha1胎儿球蛋白	Alpha-1-Fetoprotein
Alpha1胎兒球蛋白	Alpha-1-Fetoprotein
Alpha1胎蛋白組套	Alpha-1-fetoprotein
Alpha1胎蛋白组套	Alpha-1-fetoprotein
Alpha1酸性糖蛋白	Alpha-1-Acid glycoprotein
Alpha2 巨球蛋白	Alpha-2-Macroglobulin
Alpha2 微球蛋白	Alpha-2-Microglobulin
Alpha2-巨球蛋白	Alpha-2-Macroglobulin
Alpha2-微球蛋白	Alpha-2-Microglobulin
Alpha吡咯啉苯戊酮	Alpha pyrrolidinovalerophenone
Alpha羟基依替唑仑	Alpha hydroxyetizolam
Alpha羟基氟普唑仑	Alpha-hydroxy flualprazolam
Alpha羟基氟溴唑仑	Alpha-hydroxy flubromazolam
Alpha羟基阿普唑仑	Alpha hydroxyalprazolam
Alpha羥基依替唑侖	Alpha hydroxyetizolam
Alpha羥基氟普唑侖	Alpha-hydroxy flualprazolam
Alpha羥基氟溴唑侖	Alpha-hydroxy flubromazolam
Alpha羥基阿普唑侖	Alpha hydroxyalprazolam
Beta 1 轉鐵蛋白	Beta-1 transferrin
Beta 1 转铁蛋白	Beta-1 transferrin
Beta 1-轉鐵蛋白	Beta-1 transferrin
Beta 1-转铁蛋白	Beta-1 transferrin
Beta 2 微球蛋白	Beta-2-Microglobulin
Beta 2 轉鐵蛋白	Beta-2 transferrin
Beta 2 转铁蛋白	Beta-2 transferrin
Beta 2-微球蛋白	Beta-2-Microglobulin
Beta 2-轉鐵蛋白	Beta-2 transferrin
Beta 2-转铁蛋白	Beta-2 transferrin
Beta 2糖蛋白 1	Beta 2 glycoprotein 1
Beta 呋喃果糖苷酶	Beta fructofuranosidase
Beta-1 轉鐵蛋白	Beta-1 transferrin
Beta-1 转铁蛋白	Beta-1 transferrin
Beta-1-轉鐵蛋白	Beta-1 transferrin
Beta-1-转铁蛋白	Beta-1 transferrin
Beta-2 微球蛋白	Beta-2-Microglobulin
Beta-2 轉鐵蛋白	Beta-2 transferrin
Beta-2 转铁蛋白	Beta-2 transferrin
Beta-2-微球蛋白	Beta-2-Microglobulin
Beta-2-轉鐵蛋白	Beta-2 transferrin
Beta-2-转铁蛋白	Beta-2 transferrin
Beta-2糖蛋白 1	Beta 2 glycoprotein 1
Beta-呋喃果糖苷酶	Beta fructofuranosidase
Beta2 糖蛋白 1	Beta 2 glycoprotein 1
Beta2-糖蛋白 1	Beta 2 glycoprotein 1
Beta2轉鐵蛋白組套	Beta-2 transferrin
Beta2转铁蛋白组套	Beta-2 transferrin
Beta羟基丁酸脱氢酶	Beta hydroxybutyrate dehydrogenase
Beta羟基硫代芬太尼	Beta hydroxythiofentanyl
Beta羥基丁酸脫氫酶	Beta hydroxybutyrate dehydrogenase
Beta羥基硫代芬太尼	Beta hydroxythiofentanyl
Beta葡糖苷酶激活剂	Beta glucosidase activator
Beta葡糖苷酶激活劑	Beta glucosidase activator
Beta葡萄糖醛酸苷酶	Beta glucuronidase
Delta 5 孕三醇	Delta 5-Pregnanetriol
Delta 5-孕三醇	Delta 5-Pregnanetriol
Delta 氨基酮戊酸	Delta aminolevulinate
Delta-5 孕三醇	Delta 5-Pregnanetriol
Delta-5-孕三醇	Delta 5-Pregnanetriol
Delta-氨基酮戊酸	Delta aminolevulinate
Delta8四氢大麻酚	Delta-8-tetrahydrocannabinol
Delta8四氫大麻酚	Delta-8-tetrahydrocannabinol
Gamma 2 球蛋白	Gamma 2 globulin
Gamma 2-球蛋白	Gamma 2 globulin
Gamma 3 球蛋白	Gamma 3 globulin
Gamma 3-球蛋白	Gamma 3 globulin
Gamma 丁酰甜菜碱	Gamma butyrobetaine
Gamma 丁醯甜菜鹼	Gamma butyrobetaine
Gamma 干扰素本底	Gamma interferon background
Gamma 幹擾素本底	Gamma interferon background
Gamma 氨基己二酸	Gamma aminoadipate
Gamma-2 球蛋白	Gamma 2 globulin
Gamma-2-球蛋白	Gamma 2 globulin
Gamma-3 球蛋白	Gamma 3 globulin
Gamma-3-球蛋白	Gamma 3 globulin
Gamma-丁酰甜菜碱	Gamma butyrobetaine
Gamma-丁醯甜菜鹼	Gamma butyrobetaine
Gamma-干扰素本底	Gamma interferon background
Gamma-幹擾素本底	Gamma interferon background
Gamma-氨基己二酸	Gamma aminoadipate
Gamma穀氨醯轉移酶	Gamma glutamyl transferase
Gamma谷氨酰转移酶	Gamma glutamyl transferase
alpha 1 球蛋白	Alpha 1 globulin
alpha 1-球蛋白	Alpha 1 globulin
alpha 1微球蛋白	Alpha-1-Microglobulin
alpha 2 球蛋白	Alpha 2 globulin
alpha 2-球蛋白	Alpha 2 globulin
alpha 2巨球蛋白	Alpha-2-Macroglobulin
alpha 2微球蛋白	Alpha-2-Microglobulin
alpha 中間絲蛋白	Alpha-internexin
alpha 中间丝蛋白	Alpha-internexin
alpha 亚麻酸摄入	Alpha linolenate intake
alpha 亞麻酸攝入	Alpha linolenate intake
alpha 半乳糖苷酶	Alpha galactosidase A
alpha 岩藻糖苷酶	Alpha fucosidase
alpha 巖藻糖苷酶	Alpha fucosidase
alpha 氨基己二酸	Alpha aminoadipate
alpha 氨基异丁酸	Alpha aminoisobutyrate
alpha 氨基異丁酸	Alpha aminoisobutyrate
alpha 甘露糖苷酶	Alpha mannosidase
alpha 突触核蛋白	Alpha synuclein
alpha 突觸核蛋白	Alpha synuclein
alpha 羟基三唑仑	Alpha hydroxytriazolam
alpha 羥基三唑侖	Alpha hydroxytriazolam
alpha-1 球蛋白	Alpha 1 globulin
alpha-1-球蛋白	Alpha 1 globulin
alpha-1微球蛋白	Alpha-1-Microglobulin
alpha-2 球蛋白	Alpha 2 globulin
alpha-2-球蛋白	Alpha 2 globulin
alpha-2巨球蛋白	Alpha-2-Macroglobulin
alpha-2微球蛋白	Alpha-2-Microglobulin
alpha-中間絲蛋白	Alpha-internexin
alpha-中间丝蛋白	Alpha-internexin
alpha-亚麻酸摄入	Alpha linolenate intake
alpha-亞麻酸攝入	Alpha linolenate intake
alpha-半乳糖苷酶	Alpha galactosidase A
alpha-岩藻糖苷酶	Alpha fucosidase
alpha-巖藻糖苷酶	Alpha fucosidase
alpha-氨基己二酸	Alpha aminoadipate
alpha-氨基异丁酸	Alpha aminoisobutyrate
alpha-氨基異丁酸	Alpha aminoisobutyrate
alpha-甘露糖苷酶	Alpha mannosidase
alpha-突触核蛋白	Alpha synuclein
alpha-突觸核蛋白	Alpha synuclein
alpha-羟基三唑仑	Alpha hydroxytriazolam
alpha-羥基三唑侖	Alpha hydroxytriazolam
alpha1 微球蛋白	Alpha-1-Microglobulin
alpha1-微球蛋白	Alpha-1-Microglobulin
alpha1抗胰蛋白酶	Alpha 1 antitrypsin
alpha1胎儿球蛋白	Alpha-1-Fetoprotein
alpha1胎兒球蛋白	Alpha-1-Fetoprotein
alpha1胎蛋白組套	Alpha-1-fetoprotein
alpha1胎蛋白组套	Alpha-1-fetoprotein
alpha1酸性糖蛋白	Alpha-1-Acid glycoprotein
alpha2 巨球蛋白	Alpha-2-Macroglobulin
alpha2 微球蛋白	Alpha-2-Microglobulin
alpha2-巨球蛋白	Alpha-2-Macroglobulin
alpha2-微球蛋白	Alpha-2-Microglobulin
alpha吡咯啉苯戊酮	Alpha pyrrolidinovalerophenone
alpha羟基依替唑仑	Alpha hydroxyetizolam
alpha羟基氟普唑仑	Alpha-hydroxy flualprazolam
alpha羟基氟溴唑仑	Alpha-hydroxy flubromazolam
alpha羟基阿普唑仑	Alpha hydroxyalprazolam
alpha羥基依替唑侖	Alpha hydroxyetizolam
alpha羥基氟普唑侖	Alpha-hydroxy flualprazolam
alpha羥基氟溴唑侖	Alpha-hydroxy flubromazolam
alpha羥基阿普唑侖	Alpha hydroxyalprazolam
beta 1 轉鐵蛋白	Beta-1 transferrin
beta 1 转铁蛋白	Beta-1 transferrin
beta 1-轉鐵蛋白	Beta-1 transferrin
beta 1-转铁蛋白	Beta-1 transferrin
beta 2 微球蛋白	Beta-2-Microglobulin
beta 2 轉鐵蛋白	Beta-2 transferrin
beta 2 转铁蛋白	Beta-2 transferrin
beta 2-微球蛋白	Beta-2-Microglobulin
beta 2-轉鐵蛋白	Beta-2 transferrin
beta 2-转铁蛋白	Beta-2 transferrin
beta 2糖蛋白 1	Beta 2 glycoprotein 1
beta 呋喃果糖苷酶	Beta fructofuranosidase
beta-1 轉鐵蛋白	Beta-1 transferrin
beta-1 转铁蛋白	Beta-1 transferrin
beta-1-轉鐵蛋白	Beta-1 transferrin
beta-1-转铁蛋白	Beta-1 transferrin
beta-2 微球蛋白	Beta-2-Microglobulin
beta-2 轉鐵蛋白	Beta-2 transferrin
beta-2 转铁蛋白	Beta-2 transferrin
beta-2-微球蛋白	Beta-2-Microglobulin
beta-2-轉鐵蛋白	Beta-2 transferrin
beta-2-转铁蛋白	Beta-2 transferrin
beta-2糖蛋白 1	Beta 2 glycoprotein 1
beta-呋喃果糖苷酶	Beta fructofuranosidase
beta2 糖蛋白 1	Beta 2 glycoprotein 1
beta2-糖蛋白 1	Beta 2 glycoprotein 1
beta2轉鐵蛋白組套	Beta-2 transferrin
beta2转铁蛋白组套	Beta-2 transferrin
beta羟基丁酸脱氢酶	Beta hydroxybutyrate dehydrogenase
beta羟基硫代芬太尼	Beta hydroxythiofentanyl
beta羥基丁酸脫氫酶	Beta hydroxybutyrate dehydrogenase
beta羥基硫代芬太尼	Beta hydroxythiofentanyl
beta葡糖苷酶激活剂	Beta glucosidase activator
beta葡糖苷酶激活劑	Beta glucosidase activator
beta葡萄糖醛酸苷酶	Beta glucuronidase
delta 5 孕三醇	Delta 5-Pregnanetriol
delta 5-孕三醇	Delta 5-Pregnanetriol
delta 氨基酮戊酸	Delta aminolevulinate
delta-5 孕三醇	Delta 5-Pregnanetriol
delta-5-孕三醇	Delta 5-Pregnanetriol
delta-氨基酮戊酸	Delta aminolevulinate
delta8四氢大麻酚	Delta-8-tetrahydrocannabinol
delta8四氫大麻酚	Delta-8-tetrahydrocannabinol
gamma 2 球蛋白	Gamma 2 globulin
gamma 2-球蛋白	Gamma 2 globulin
gamma 3 球蛋白	Gamma 3 globulin
gamma 3-球蛋白	Gamma 3 globulin
gamma 丁酰甜菜碱	Gamma butyrobetaine
gamma 丁醯甜菜鹼	Gamma butyrobetaine
gamma 干扰素本底	Gamma interferon background
gamma 幹擾素本底	Gamma interferon background
gamma 氨基己二酸	Gamma aminoadipate
gamma-2 球蛋白	Gamma 2 globulin
gamma-2-球蛋白	Gamma 2 globulin
gamma-3 球蛋白	Gamma 3 globulin
gamma-3-球蛋白	Gamma 3 globulin
gamma-丁酰甜菜碱	Gamma butyrobetaine
gamma-丁醯甜菜鹼	Gamma butyrobetaine
gamma-干扰素本底	Gamma interferon background
gamma-幹擾素本底	Gamma interferon background
gamma-氨基己二酸	Gamma aminoadipate
gamma穀氨醯轉移酶	Gamma glutamyl transferase
gamma谷氨酰转移酶	Gamma glutamyl transferase
α 1 胎儿球蛋白解释	Alpha-1-Fetoprotein interpretation
α 1 胎兒球蛋白解釋	Alpha-1-Fetoprotein interpretation
α 1-胎儿球蛋白解释	Alpha-1-Fetoprotein interpretation
α 1-胎兒球蛋白解釋	Alpha-1-Fetoprotein interpretation
α 1抗胰蛋白酶表现型	Alpha 1 antitrypsin phenotype
α 1抗胰蛋白酶表現型	Alpha 1 antitrypsin phenotype
α N-乙酰半乳糖胺酶	Alpha-N-acetylgalactosaminidase
α N-乙醯半乳糖胺酶	Alpha-N-acetylgalactosaminidase
α 亚油酸+亚油酸摄入	Alpha-linoate+Linoleate intake
α 亞油酸+亞油酸攝入	Alpha-linoate+Linoleate intake
α 吡咯烷基异己基苯酮	Alpha Pyrrolidinoisohexanophenone
α 吡咯烷基異己基苯酮	Alpha Pyrrolidinoisohexanophenone
α 地中海貧血基因組套	Alpha thalassemia
α 地中海贫血基因组套	Alpha thalassemia
α 珠蛋白基因缺失組套	Alpha globin gene deletion
α 珠蛋白基因缺失组套	Alpha globin gene deletion
α 羟普唑仑葡萄糖醛酸	Alpha hydroxyalprazolam glucuronide
α 羥普唑侖葡萄糖醛酸	Alpha hydroxyalprazolam glucuronide
α 苯基-2-乙酸哌啶	Alpha-Phenyl-2-Piperidine acetate
α 防御素 1+2+3	Alpha defensins 1+2+3
α 防禦素 1+2+3	Alpha defensins 1+2+3
α-1 胎儿球蛋白解释	Alpha-1-Fetoprotein interpretation
α-1 胎兒球蛋白解釋	Alpha-1-Fetoprotein interpretation
α-1-胎儿球蛋白解释	Alpha-1-Fetoprotein interpretation
α-1-胎兒球蛋白解釋	Alpha-1-Fetoprotein interpretation
α-1抗胰蛋白酶表现型	Alpha 1 antitrypsin phenotype
α-1抗胰蛋白酶表現型	Alpha 1 antitrypsin phenotype
α-N-乙酰半乳糖胺酶	Alpha-N-acetylgalactosaminidase
α-N-乙醯半乳糖胺酶	Alpha-N-acetylgalactosaminidase
α-亚油酸+亚油酸摄入	Alpha-linoate+Linoleate intake
α-亞油酸+亞油酸攝入	Alpha-linoate+Linoleate intake
α-吡咯烷基异己基苯酮	Alpha Pyrrolidinoisohexanophenone
α-吡咯烷基異己基苯酮	Alpha Pyrrolidinoisohexanophenone
α-地中海貧血基因組套	Alpha thalassemia
α-地中海贫血基因组套	Alpha thalassemia
α-珠蛋白基因缺失組套	Alpha globin gene deletion
α-珠蛋白基因缺失组套	Alpha globin gene deletion
α-羟普唑仑葡萄糖醛酸	Alpha hydroxyalprazolam glucuronide
α-羥普唑侖葡萄糖醛酸	Alpha hydroxyalprazolam glucuronide
α-苯基-2-乙酸哌啶	Alpha-Phenyl-2-Piperidine acetate
α-防御素 1+2+3	Alpha defensins 1+2+3
α-防禦素 1+2+3	Alpha defensins 1+2+3
α1 抗胰蛋白酶表现型	Alpha 1 antitrypsin phenotype
α1 抗胰蛋白酶表現型	Alpha 1 antitrypsin phenotype
α1-抗胰蛋白酶表现型	Alpha 1 antitrypsin phenotype
α1-抗胰蛋白酶表現型	Alpha 1 antitrypsin phenotype
α1抗胰蛋白酶 实际的	Alpha 1 antitrypsin actual
α1抗胰蛋白酶 實際的	Alpha 1 antitrypsin actual
αN-乙酰氨基葡糖苷酶	Alpha-N-acetylglucosaminidase
αN-乙醯氨基葡糖苷酶	Alpha-N-acetylglucosaminidase
αbeta 晶状体蛋白	Alpha-beta crystallin
αbeta 晶狀體蛋白	Alpha-beta crystallin
α羟基阿普唑仑 截止点	Alpha hydroxyalprazolam cutoff
α羥基阿普唑侖 截止點	Alpha hydroxyalprazolam cutoff
β 乳球蛋白 MF77	Beta lactoglobulin MF77
β 氨基异丁酸+脯氨酸	Beta aminoisobutyrate+Proline
β 氨基異丁酸+脯氨酸	Beta aminoisobutyrate+Proline
β 甘露糖苷酶 实际的	Beta mannosidase actual
β 甘露糖苷酶 實際的	Beta mannosidase actual
β 羟基丁酸+乙酰乙酸	Beta hydroxybutyrate+Acetoacetate
β 羥基丁酸+乙醯乙酸	Beta hydroxybutyrate+Acetoacetate
β-乳球蛋白 MF77	Beta lactoglobulin MF77
β-人絨毛膜促性腺激素	Beta human chorionic gonadotropin beta-hCG
β-人绒毛膜促性腺激素	Beta human chorionic gonadotropin beta-hCG
β-氨基异丁酸+脯氨酸	Beta aminoisobutyrate+Proline
β-氨基異丁酸+脯氨酸	Beta aminoisobutyrate+Proline
β-甘露糖苷酶 实际的	Beta mannosidase actual
β-甘露糖苷酶 實際的	Beta mannosidase actual
β-羟基丁酸+乙酰乙酸	Beta hydroxybutyrate+Acetoacetate
β-羥基丁酸+乙醯乙酸	Beta hydroxybutyrate+Acetoacetate
β2微球蛋白淀粉样蛋白	Beta-2-Microglobulin amyloid
β2微球蛋白澱粉樣蛋白	Beta-2-Microglobulin amyloid
βn-乙酰氨基已糖苷酶	Beta-N-acetylhexosaminidase
βn-乙醯氨基已糖苷酶	Beta-N-acetylhexosaminidase
β乳球蛋白 白三烯释放	Beta lactoglobulin leukotriene release
β乳球蛋白 白三烯釋放	Beta lactoglobulin leukotriene release
γ 氨基丁酸 A 受体	Gamma aminobutyrate A receptor
γ 氨基丁酸 A 受體	Gamma aminobutyrate A receptor
γ 氨基丁酸 B 受体	Gamma aminobutyrate B receptor
γ 氨基丁酸 B 受體	Gamma aminobutyrate B receptor
γ-氨基丁酸 A 受体	Gamma aminobutyrate A receptor
γ-氨基丁酸 A 受體	Gamma aminobutyrate A receptor
γ-氨基丁酸 B 受体	Gamma aminobutyrate B receptor
γ-氨基丁酸 B 受體	Gamma aminobutyrate B receptor
γ穀氨醯半胱氨酸合成酶	Gamma glutamyl cysteine synthetase
γ谷氨酰半胱氨酸合成酶	Gamma glutamyl cysteine synthetase
δ 表面誘導型凝血過程	Delta Coagulation
δ 表面诱导型凝血过程	Delta Coagulation
δ-表面誘導型凝血過程	Delta Coagulation
δ-表面诱导型凝血过程	Delta Coagulation
δ氨基酮戊酸与胆色素原	Delta aminolevulinate & porphobilinogen
δ氨基酮戊酸與膽色素原	Delta aminolevulinate & porphobilinogen
十六碳烯酸(9-順式)	棕榈油酸 Palmitoleate C16:1w7 omega-7 Moles volume Serum Plasma
十六碳烯酸(9-顺式)	棕榈油酸 Palmitoleate C16:1w7 omega-7 Moles volume Serum Plasma
十六碳烯酸（9-順式）	棕榈油酸 Palmitoleate C16:1w7 omega-7 Moles volume Serum Plasma
十六碳烯酸（9-顺式）	棕榈油酸 Palmitoleate C16:1w7 omega-7 Moles volume Serum Plasma
反式-11-十八碳烯酸	反油酸 trans-Vaccenate C18:1w7 Moles volume Serum Plasma
平均紅細胞血紅蛋白濃度	Mean corpuscular hemoglobin concentration MCHC
平均红细胞血红蛋白浓度	Mean corpuscular hemoglobin concentration MCHC
总Omega-3脂肪酸	Omega 3 fatty acids w3 Serum Plasma
总Omega-6脂肪酸	Omega 6 fatty acids w6 Serum Plasma
总omega-3脂肪酸	Omega 3 fatty acids w3 Serum Plasma
总omega-6脂肪酸	Omega 6 fatty acids w6 Serum Plasma
抗胰蛋白酶粪便清除组套	Alpha 1 antitrypsin fecal clearance
抗胰蛋白酶糞便清除組套	Alpha 1 antitrypsin fecal clearance
細胞毒性 T 淋巴細胞	cytotoxic T cells CD3+ CD8+
總Omega-3脂肪酸	Omega 3 fatty acids w3 Serum Plasma
總Omega-6脂肪酸	Omega 6 fatty acids w6 Serum Plasma
總omega-3脂肪酸	Omega 3 fatty acids w3 Serum Plasma
總omega-6脂肪酸	Omega 6 fatty acids w6 Serum Plasma
细胞毒性 T 淋巴细胞	cytotoxic T cells CD3+ CD8+
13C-尿素呼气试验	Helicobacter pylori urea breath test
13C-尿素呼氣試驗	Helicobacter pylori urea breath test
14C-尿素呼气试验	Helicobacter pylori urea breath test
14C-尿素呼氣試驗	Helicobacter pylori urea breath test
3-羟基十二烯酰肉碱	3-Hydroxydodecenoylcarnitine C12:1-OH
3-羥基十二烯醯肉鹼	3-Hydroxydodecenoylcarnitine C12:1-OH
Alpha 1球蛋白	Alpha 1 globulin
Alpha 2球蛋白	Alpha 2 globulin
Alpha 六氯化苯	Alpha benzene hexachloride
Alpha 氨基丁酸	Alpha aminobutyrate
Alpha 氨基酸氮	Alpha amino acid nitrogen
Alpha 皮酮四醇	Alpha cortolone
Alpha 羟基丁酸	Alpha hydroxybutyrate
Alpha 羥基丁酸	Alpha hydroxybutyrate
Alpha 胺基酸氮	Alpha amino acid nitrogen
Alpha 酮戊二酸	Alpha ketoglutarate
Alpha 鵝膏蕈鹼	Alpha-amanitin
Alpha 鹅膏蕈碱	Alpha-amanitin
Alpha-1球蛋白	Alpha 1 globulin
Alpha-2球蛋白	Alpha 2 globulin
Alpha-六氯化苯	Alpha benzene hexachloride
Alpha-氨基丁酸	Alpha aminobutyrate
Alpha-氨基酸氮	Alpha amino acid nitrogen
Alpha-皮酮四醇	Alpha cortolone
Alpha-羟基丁酸	Alpha hydroxybutyrate
Alpha-羥基丁酸	Alpha hydroxybutyrate
Alpha-胺基酸氮	Alpha amino acid nitrogen
Alpha-酮戊二酸	Alpha ketoglutarate
Alpha-鵝膏蕈鹼	Alpha-amanitin
Alpha-鹅膏蕈碱	Alpha-amanitin
Alpha1 球蛋白	Alpha 1 globulin
Alpha1-球蛋白	Alpha 1 globulin
Alpha1微球蛋白	Alpha-1-Microglobulin
Alpha2 球蛋白	Alpha 2 globulin
Alpha2-球蛋白	Alpha 2 globulin
Alpha2巨球蛋白	Alpha-2-Macroglobulin
Alpha2微球蛋白	Alpha-2-Microglobulin
Alpha中間絲蛋白	Alpha-internexin
Alpha中间丝蛋白	Alpha-internexin
Alpha亚麻酸摄入	Alpha linolenate intake
Alpha亞麻酸攝入	Alpha linolenate intake
Alpha半乳糖苷酶	Alpha galactosidase A
Alpha岩藻糖苷酶	Alpha fucosidase
Alpha巖藻糖苷酶	Alpha fucosidase
Alpha氨基己二酸	Alpha aminoadipate
Alpha氨基异丁酸	Alpha aminoisobutyrate
Alpha氨基異丁酸	Alpha aminoisobutyrate
Alpha甘露糖苷酶	Alpha mannosidase
Alpha突触核蛋白	Alpha synuclein
Alpha突觸核蛋白	Alpha synuclein
Alpha羟基三唑仑	Alpha hydroxytriazolam
Alpha羥基三唑侖	Alpha hydroxytriazolam
Beta 1 球蛋白	Beta 1 globulin
Beta 1-球蛋白	Beta 1 globulin
Beta 1轉鐵蛋白	Beta-1 transferrin
Beta 1转铁蛋白	Beta-1 transferrin
Beta 2 球蛋白	Beta 2 globulin
Beta 2-球蛋白	Beta 2 globulin
Beta 2微球蛋白	Beta-2-Microglobulin
Beta 2轉鐵蛋白	Beta-2 transferrin
Beta 2转铁蛋白	Beta-2 transferrin
Beta 半乳糖苷酶	Beta galactosidase
Beta 受体阻滞剂	Beta blockers
Beta 受體阻滯劑	Beta blockers
Beta 氨基己二酸	Beta aminoadipate
Beta 氨基异丁酸	Beta aminoisobutyrate
Beta 氨基異丁酸	Beta aminoisobutyrate
Beta 甘露糖苷酶	Beta mannosidase
Beta 脲基异丁酸	Beta-ureidoisobutyrate
Beta 脲基異丁酸	Beta-ureidoisobutyrate
Beta 脲酰丙酸酶	Beta-ureidopropionase
Beta 脲醯丙酸酶	Beta-ureidopropionase
Beta 葡聚糖摄入	Beta glucan intake
Beta 葡聚糖攝入	Beta glucan intake
Beta-1 球蛋白	Beta 1 globulin
Beta-1-球蛋白	Beta 1 globulin
Beta-1轉鐵蛋白	Beta-1 transferrin
Beta-1转铁蛋白	Beta-1 transferrin
Beta-2 球蛋白	Beta 2 globulin
Beta-2-球蛋白	Beta 2 globulin
Beta-2微球蛋白	Beta-2-Microglobulin
Beta-2轉鐵蛋白	Beta-2 transferrin
Beta-2转铁蛋白	Beta-2 transferrin
Beta-半乳糖苷酶	Beta galactosidase
Beta-受体阻滞剂	Beta blockers
Beta-受體阻滯劑	Beta blockers
Beta-氨基己二酸	Beta aminoadipate
Beta-氨基异丁酸	Beta aminoisobutyrate
Beta-氨基異丁酸	Beta aminoisobutyrate
Beta-甘露糖苷酶	Beta mannosidase
Beta-脲基异丁酸	Beta-ureidoisobutyrate
Beta-脲基異丁酸	Beta-ureidoisobutyrate
Beta-脲酰丙酸酶	Beta-ureidopropionase
Beta-脲醯丙酸酶	Beta-ureidopropionase
Beta-葡聚糖摄入	Beta glucan intake
Beta-葡聚糖攝入	Beta glucan intake
Beta1 轉鐵蛋白	Beta-1 transferrin
Beta1 转铁蛋白	Beta-1 transferrin
Beta1-轉鐵蛋白	Beta-1 transferrin
Beta1-转铁蛋白	Beta-1 transferrin
Beta2 微球蛋白	Beta-2-Microglobulin
Beta2 轉鐵蛋白	Beta-2 transferrin
Beta2 转铁蛋白	Beta-2 transferrin
Beta2-微球蛋白	Beta-2-Microglobulin
Beta2-轉鐵蛋白	Beta-2 transferrin
Beta2-转铁蛋白	Beta-2 transferrin
Beta2糖蛋白 1	Beta 2 glycoprotein 1
Beta呋喃果糖苷酶	Beta fructofuranosidase
Delta 5孕三醇	Delta 5-Pregnanetriol
Delta-5孕三醇	Delta 5-Pregnanetriol
Delta5 孕三醇	Delta 5-Pregnanetriol
Delta5-孕三醇	Delta 5-Pregnanetriol
Delta氨基酮戊酸	Delta aminolevulinate
Gamma 2球蛋白	Gamma 2 globulin
Gamma 3球蛋白	Gamma 3 globulin
Gamma 氨基丁酸	Gamma aminobutyrate
Gamma 羟基丁酸	Gamma hydroxybutyrate
Gamma 羥基丁酸	Gamma hydroxybutyrate
Gamma 鵝膏蕈鹼	Gamma-amanitin
Gamma 鹅膏蕈碱	Gamma-amanitin
Gamma-2球蛋白	Gamma 2 globulin
Gamma-3球蛋白	Gamma 3 globulin
Gamma-氨基丁酸	Gamma aminobutyrate
Gamma-羟基丁酸	Gamma hydroxybutyrate
Gamma-羥基丁酸	Gamma hydroxybutyrate
Gamma-鵝膏蕈鹼	Gamma-amanitin
Gamma-鹅膏蕈碱	Gamma-amanitin
Gamma2 球蛋白	Gamma 2 globulin
Gamma2-球蛋白	Gamma 2 globulin
Gamma3 球蛋白	Gamma 3 globulin
Gamma3-球蛋白	Gamma 3 globulin
Gamma丁酰甜菜碱	Gamma butyrobetaine
Gamma丁醯甜菜鹼	Gamma butyrobetaine
Gamma干扰素本底	Gamma interferon background
Gamma幹擾素本底	Gamma interferon background
Gamma氨基己二酸	Gamma aminoadipate
N-乙酰氨基葡糖苷酶	Alpha-N-acetylglucosaminidase
N-乙醯氨基葡糖苷酶	Alpha-N-acetylglucosaminidase
Omega-3 指数	Omega-3 EPA+DHA index Eicosapentaenoate Docosahexaenoate Serum Plasma
Omega-3 指數	Omega-3 EPA+DHA index Eicosapentaenoate Docosahexaenoate Serum Plasma
alpha 1球蛋白	Alpha 1 globulin
alpha 2球蛋白	Alpha 2 globulin
alpha 六氯化苯	Alpha benzene hexachloride
alpha 氨基丁酸	Alpha aminobutyrate
alpha 氨基酸氮	Alpha amino acid nitrogen
alpha 皮酮四醇	Alpha cortolone
alpha 羟基丁酸	Alpha hydroxybutyrate
alpha 羥基丁酸	Alpha hydroxybutyrate
alpha 胺基酸氮	Alpha amino acid nitrogen
alpha 酮戊二酸	Alpha ketoglutarate
alpha 鵝膏蕈鹼	Alpha-amanitin
alpha 鹅膏蕈碱	Alpha-amanitin
alpha-1球蛋白	Alpha 1 globulin
alpha-2球蛋白	Alpha 2 globulin
alpha-六氯化苯	Alpha benzene hexachloride
alpha-氨基丁酸	Alpha aminobutyrate
alpha-氨基酸氮	Alpha amino acid nitrogen
alpha-皮酮四醇	Alpha cortolone
alpha-羟基丁酸	Alpha hydroxybutyrate
alpha-羥基丁酸	Alpha hydroxybutyrate
alpha-胺基酸氮	Alpha amino acid nitrogen
alpha-酮戊二酸	Alpha ketoglutarate
alpha-鵝膏蕈鹼	Alpha-amanitin
alpha-鹅膏蕈碱	Alpha-amanitin
alpha1 球蛋白	Alpha 1 globulin
alpha1-球蛋白	Alpha 1 globulin
alpha1微球蛋白	Alpha-1-Microglobulin
alpha2 球蛋白	Alpha 2 globulin
alpha2-球蛋白	Alpha 2 globulin
alpha2巨球蛋白	Alpha-2-Macroglobulin
alpha2微球蛋白	Alpha-2-Microglobulin
alpha中間絲蛋白	Alpha-internexin
alpha中间丝蛋白	Alpha-internexin
alpha亚麻酸摄入	Alpha linolenate intake
alpha亞麻酸攝入	Alpha linolenate intake
alpha半乳糖苷酶	Alpha galactosidase A
alpha岩藻糖苷酶	Alpha fucosidase
alpha巖藻糖苷酶	Alpha fucosidase
alpha氨基己二酸	Alpha aminoadipate
alpha氨基异丁酸	Alpha aminoisobutyrate
alpha氨基異丁酸	Alpha aminoisobutyrate
alpha甘露糖苷酶	Alpha mannosidase
alpha突触核蛋白	Alpha synuclein
alpha突觸核蛋白	Alpha synuclein
alpha羟基三唑仑	Alpha hydroxytriazolam
alpha羥基三唑侖	Alpha hydroxytriazolam
beta 1 球蛋白	Beta 1 globulin
beta 1-球蛋白	Beta 1 globulin
beta 1轉鐵蛋白	Beta-1 transferrin
beta 1转铁蛋白	Beta-1 transferrin
beta 2 球蛋白	Beta 2 globulin
beta 2-球蛋白	Beta 2 globulin
beta 2微球蛋白	Beta-2-Microglobulin
beta 2轉鐵蛋白	Beta-2 transferrin
beta 2转铁蛋白	Beta-2 transferrin
beta 半乳糖苷酶	Beta galactosidase
beta 受体阻滞剂	Beta blockers
beta 受體阻滯劑	Beta blockers
beta 晶状体蛋白	Alpha-beta crystallin
beta 晶狀體蛋白	Alpha-beta crystallin
beta 氨基己二酸	Beta aminoadipate
beta 氨基异丁酸	Beta aminoisobutyrate
beta 氨基異丁酸	Beta aminoisobutyrate
beta 甘露糖苷酶	Beta mannosidase
beta 脲基异丁酸	Beta-ureidoisobutyrate
beta 脲基異丁酸	Beta-ureidoisobutyrate
beta 脲酰丙酸酶	Beta-ureidopropionase
beta 脲醯丙酸酶	Beta-ureidopropionase
beta 葡聚糖摄入	Beta glucan intake
beta 葡聚糖攝入	Beta glucan intake
beta-1 球蛋白	Beta 1 globulin
beta-1-球蛋白	Beta 1 globulin
beta-1轉鐵蛋白	Beta-1 transferrin
beta-1转铁蛋白	Beta-1 transferrin
beta-2 球蛋白	Beta 2 globulin
beta-2-球蛋白	Beta 2 globulin
beta-2微球蛋白	Beta-2-Microglobulin
beta-2轉鐵蛋白	Beta-2 transferrin
beta-2转铁蛋白	Beta-2 transferrin
beta-半乳糖苷酶	Beta galactosidase
beta-受体阻滞剂	Beta blockers
beta-受體阻滯劑	Beta blockers
beta-氨基己二酸	Beta aminoadipate
beta-氨基异丁酸	Beta aminoisobutyrate
beta-氨基異丁酸	Beta aminoisobutyrate
beta-甘露糖苷酶	Beta mannosidase
beta-脲基异丁酸	Beta-ureidoisobutyrate
beta-脲基異丁酸	Beta-ureidoisobutyrate
beta-脲酰丙酸酶	Beta-ureidopropionase
beta-脲醯丙酸酶	Beta-ureidopropionase
beta-葡聚糖摄入	Beta glucan intake
beta-葡聚糖攝入	Beta glucan intake
beta1 轉鐵蛋白	Beta-1 transferrin
beta1 转铁蛋白	Beta-1 transferrin
beta1-轉鐵蛋白	Beta-1 transferrin
beta1-转铁蛋白	Beta-1 transferrin
beta2 微球蛋白	Beta-2-Microglobulin
beta2 轉鐵蛋白	Beta-2 transferrin
beta2 转铁蛋白	Beta-2 transferrin
beta2-微球蛋白	Beta-2-Microglobulin
beta2-轉鐵蛋白	Beta-2 transferrin
beta2-转铁蛋白	Beta-2 transferrin
beta2糖蛋白 1	Beta 2 glycoprotein 1
beta呋喃果糖苷酶	Beta fructofuranosidase
delta 5孕三醇	Delta 5-Pregnanetriol
delta-5孕三醇	Delta 5-Pregnanetriol
delta5 孕三醇	Delta 5-Pregnanetriol
delta5-孕三醇	Delta 5-Pregnanetriol
delta氨基酮戊酸	Delta aminolevulinate
gamma 2球蛋白	Gamma 2 globulin
gamma 3球蛋白	Gamma 3 globulin
gamma 氨基丁酸	Gamma aminobutyrate
gamma 羟基丁酸	Gamma hydroxybutyrate
gamma 羥基丁酸	Gamma hydroxybutyrate
gamma 鵝膏蕈鹼	Gamma-amanitin
gamma 鹅膏蕈碱	Gamma-amanitin
gamma-2球蛋白	Gamma 2 globulin
gamma-3球蛋白	Gamma 3 globulin
gamma-氨基丁酸	Gamma aminobutyrate
gamma-羟基丁酸	Gamma hydroxybutyrate
gamma-羥基丁酸	Gamma hydroxybutyrate
gamma-鵝膏蕈鹼	Gamma-amanitin
gamma-鹅膏蕈碱	Gamma-amanitin
gamma2 球蛋白	Gamma 2 globulin
gamma2-球蛋白	Gamma 2 globulin
gamma3 球蛋白	Gamma 3 globulin
gamma3-球蛋白	Gamma 3 globulin
gamma丁酰甜菜碱	Gamma butyrobetaine
gamma丁醯甜菜鹼	Gamma butyrobetaine
gamma干扰素本底	Gamma interferon background
gamma幹擾素本底	Gamma interferon background
gamma氨基己二酸	Gamma aminoadipate
n-乙酰氨基已糖苷酶	Beta-N-acetylhexosaminidase
n-乙醯氨基已糖苷酶	Beta-N-acetylhexosaminidase
α 1 抗凝乳蛋白酶	Alpha-1-Antichymotrypsin
α 1-抗凝乳蛋白酶	Alpha-1-Antichymotrypsin
α 1胎儿球蛋白解释	Alpha-1-Fetoprotein interpretation
α 1胎兒球蛋白解釋	Alpha-1-Fetoprotein interpretation
α 2 层粘蛋白抗原	Alpha 2 laminin
α 2 層粘蛋白抗原	Alpha 2 laminin
α 2-层粘蛋白抗原	Alpha 2 laminin
α 2-層粘蛋白抗原	Alpha 2 laminin
α 吡咯烷基己基苯酮	Alpha-Pyrrolidinohexiophenone
α 黑素細胞刺激激素	Alpha melanocyte stimulating hormone
α 黑素细胞刺激激素	Alpha melanocyte stimulating hormone
α-1 抗凝乳蛋白酶	Alpha-1-Antichymotrypsin
α-1-抗凝乳蛋白酶	Alpha-1-Antichymotrypsin
α-1胎儿球蛋白解释	Alpha-1-Fetoprotein interpretation
α-1胎兒球蛋白解釋	Alpha-1-Fetoprotein interpretation
α-2 层粘蛋白抗原	Alpha 2 laminin
α-2 層粘蛋白抗原	Alpha 2 laminin
α-2-层粘蛋白抗原	Alpha 2 laminin
α-2-層粘蛋白抗原	Alpha 2 laminin
α-吡咯烷基己基苯酮	Alpha-Pyrrolidinohexiophenone
α-黑素細胞刺激激素	Alpha melanocyte stimulating hormone
α-黑素细胞刺激激素	Alpha melanocyte stimulating hormone
α1 胎儿球蛋白解释	Alpha-1-Fetoprotein interpretation
α1 胎兒球蛋白解釋	Alpha-1-Fetoprotein interpretation
α1-胎儿球蛋白解释	Alpha-1-Fetoprotein interpretation
α1-胎兒球蛋白解釋	Alpha-1-Fetoprotein interpretation
α1抗胰蛋白酶表现型	Alpha 1 antitrypsin phenotype
α1抗胰蛋白酶表現型	Alpha 1 antitrypsin phenotype
αN-乙酰半乳糖胺酶	Alpha-N-acetylgalactosaminidase
αN-乙醯半乳糖胺酶	Alpha-N-acetylgalactosaminidase
α亚油酸+亚油酸摄入	Alpha-linoate+Linoleate intake
α亞油酸+亞油酸攝入	Alpha-linoate+Linoleate intake
α吡咯烷基异己基苯酮	Alpha Pyrrolidinoisohexanophenone
α吡咯烷基異己基苯酮	Alpha Pyrrolidinoisohexanophenone
α地中海貧血基因組套	Alpha thalassemia
α地中海贫血基因组套	Alpha thalassemia
α珠蛋白基因缺失組套	Alpha globin gene deletion
α珠蛋白基因缺失组套	Alpha globin gene deletion
α羟普唑仑葡萄糖醛酸	Alpha hydroxyalprazolam glucuronide
α羥普唑侖葡萄糖醛酸	Alpha hydroxyalprazolam glucuronide
α苯基-2-乙酸哌啶	Alpha-Phenyl-2-Piperidine acetate
α防御素 1+2+3	Alpha defensins 1+2+3
α防禦素 1+2+3	Alpha defensins 1+2+3
β 2 轉鐵蛋白組套	Beta-2 transferrin
β 2 转铁蛋白组套	Beta-2 transferrin
β 2-轉鐵蛋白組套	Beta-2 transferrin
β 2-转铁蛋白组套	Beta-2 transferrin
β N-乙酰己糖胺酶	Beta-N-acetylhexosaminidase
β N-乙醯己糖胺酶	Beta-N-acetylhexosaminidase
β 黑素細胞刺激激素	Beta melanocyte stimulating hormone
β 黑素细胞刺激激素	Beta melanocyte stimulating hormone
β-2 轉鐵蛋白組套	Beta-2 transferrin
β-2 转铁蛋白组套	Beta-2 transferrin
β-2-轉鐵蛋白組套	Beta-2 transferrin
β-2-转铁蛋白组套	Beta-2 transferrin
β-N-乙酰己糖胺酶	Beta-N-acetylhexosaminidase
β-N-乙醯己糖胺酶	Beta-N-acetylhexosaminidase
β-黑素細胞刺激激素	Beta melanocyte stimulating hormone
β-黑素细胞刺激激素	Beta melanocyte stimulating hormone
β乳球蛋白 MF77	Beta lactoglobulin MF77
β氨基异丁酸+脯氨酸	Beta aminoisobutyrate+Proline
β氨基異丁酸+脯氨酸	Beta aminoisobutyrate+Proline
β甘露糖苷酶 实际的	Beta mannosidase actual
β甘露糖苷酶 實際的	Beta mannosidase actual
β羟基丁酸+乙酰乙酸	Beta hydroxybutyrate+Acetoacetate
β羥基丁酸+乙醯乙酸	Beta hydroxybutyrate+Acetoacetate
γ 羟基丁酸 截止点	Gamma hydroxybutyrate cutoff
γ 羥基丁酸 截止點	Gamma hydroxybutyrate cutoff
γ 黑素細胞刺激激素	Gamma melanocyte stimulating hormone
γ 黑素细胞刺激激素	Gamma melanocyte stimulating hormone
γ-羟基丁酸 截止点	Gamma hydroxybutyrate cutoff
γ-羥基丁酸 截止點	Gamma hydroxybutyrate cutoff
γ-黑素細胞刺激激素	Gamma melanocyte stimulating hormone
γ-黑素细胞刺激激素	Gamma melanocyte stimulating hormone
γ氨基丁酸 A 受体	Gamma aminobutyrate A receptor
γ氨基丁酸 A 受體	Gamma aminobutyrate A receptor
γ氨基丁酸 B 受体	Gamma aminobutyrate B receptor
γ氨基丁酸 B 受體	Gamma aminobutyrate B receptor
δ表面誘導型凝血過程	Delta Coagulation
δ表面诱导型凝血过程	Delta Coagulation
乳球蛋白 白三烯释放	Beta lactoglobulin leukotriene release
乳球蛋白 白三烯釋放	Beta lactoglobulin leukotriene release
二高 -γ- 亚麻酸	Dihomogammalinolenate C20:3 n-6 DGLA
二高 -γ- 亞麻酸	Dihomogammalinolenate C20:3 n-6 DGLA
十六碳烯酸 9-順式	棕榈油酸 Palmitoleate C16:1w7 omega-7 Moles volume Serum Plasma
十六碳烯酸 9-顺式	棕榈油酸 Palmitoleate C16:1w7 omega-7 Moles volume Serum Plasma
平均紅細胞血紅蛋白量	Mean corpuscular hemoglobin MCH
平均红细胞血红蛋白量	Mean corpuscular hemoglobin MCH
抗中性粒細胞胞漿抗體	Antineutrophil cytoplasmic antibody ANCA
抗中性粒细胞胞浆抗体	Antineutrophil cytoplasmic antibody ANCA
抗胰蛋白酶 粪便清除	Alpha 1 antitrypsin fecal clearance
抗胰蛋白酶 糞便清除	Alpha 1 antitrypsin fecal clearance
抗胰蛋白酶蛋白型組套	Alpha-1-Antitrypsin Proteotype
抗胰蛋白酶蛋白型组套	Alpha-1-Antitrypsin Proteotype
欧米伽 - 3 指数	Omega-3 EPA+DHA index Eicosapentaenoate Docosahexaenoate Serum Plasma
歐米伽 - 3 指數	Omega-3 EPA+DHA index Eicosapentaenoate Docosahexaenoate Serum Plasma
氨基酮戊酸与胆色素原	Delta aminolevulinate & porphobilinogen
氨基酮戊酸與膽色素原	Delta aminolevulinate & porphobilinogen
活化部分凝血活酶时间	Activated partial thromboplastin time aPTT
活化部分凝血活酶時間	Activated partial thromboplastin time aPTT
游离三碘甲状腺原氨酸	Free triiodothyronine FT3
游离前列腺特异性抗原	Free prostate specific antigen fPSA
游離三碘甲狀腺原氨酸	Free triiodothyronine FT3
游離前列腺特異性抗原	Free prostate specific antigen fPSA
甲状腺过氧化物酶抗体	Thyroid peroxidase antibody TPOAb
甲狀腺過氧化物酶抗體	Thyroid peroxidase antibody TPOAb
神經元特異性烯醇化酶	Neuron specific enolase NSE
神经元特异性烯醇化酶	Neuron specific enolase NSE
穀氨醯半胱氨酸合成酶	Gamma glutamyl cysteine synthetase
羟基阿普唑仑 截止点	Alpha hydroxyalprazolam cutoff
羥基阿普唑侖 截止點	Alpha hydroxyalprazolam cutoff
血管性血友病因子抗原	von Willebrand factor Ag vWF Ag VWF Antigen
谷氨酰半胱氨酸合成酶	Gamma glutamyl cysteine synthetase
輔助性 T 淋巴細胞	T helper cells CD3+ CD4+
辅助性 T 淋巴细胞	T helper cells CD3+ CD4+
遊離三碘甲狀腺原氨酸	Free triiodothyronine FT3
遊離前列腺特異性抗原	Free prostate specific antigen fPSA
13C尿素呼气试验	Helicobacter pylori urea breath test
13C尿素呼氣試驗	Helicobacter pylori urea breath test
14C尿素呼气试验	Helicobacter pylori urea breath test
14C尿素呼氣試驗	Helicobacter pylori urea breath test
3-甲基戊二酰肉碱	3-Methylglutarylcarnitine C6:DC
3-甲基戊二醯肉鹼	3-Methylglutarylcarnitine C6:DC
3-羟基(β)丁酸	Beta hydroxybutyrate 3-hydroxybutyrate BHB
3-羟基十六酰肉碱	3-Hydroxypalmitoylcarnitine C16-OH
3-羟基十四酰肉碱	3-Hydroxytetradecanoylcarnitine C14-OH
3-羟基（β）丁酸	Beta hydroxybutyrate 3-hydroxybutyrate BHB
3-羥基(β)丁酸	Beta hydroxybutyrate 3-hydroxybutyrate BHB
3-羥基十六醯肉鹼	3-Hydroxypalmitoylcarnitine C16-OH
3-羥基十四醯肉鹼	3-Hydroxytetradecanoylcarnitine C14-OH
3-羥基（β）丁酸	Beta hydroxybutyrate 3-hydroxybutyrate BHB
Alpha 亚单位	Alpha subunit
Alpha 亚麻酸	Alpha linolenate
Alpha 亞單位	Alpha subunit
Alpha 亞麻酸	Alpha linolenate
Alpha 球蛋白	Alpha globulin
Alpha 生育酚	Alpha tocopherol
Alpha 皮五醇	Alpha cortol
Alpha 胸腺素	Alpha thymosin
Alpha 萘酯酶	Alpha naphthylesterase
Alpha-亚单位	Alpha subunit
Alpha-亚麻酸	Alpha linolenate
Alpha-亞單位	Alpha subunit
Alpha-亞麻酸	Alpha linolenate
Alpha-球蛋白	Alpha globulin
Alpha-生育酚	Alpha tocopherol
Alpha-皮五醇	Alpha cortol
Alpha-胸腺素	Alpha thymosin
Alpha-萘酯酶	Alpha naphthylesterase
Alpha1球蛋白	Alpha 1 globulin
Alpha2球蛋白	Alpha 2 globulin
Alpha六氯化苯	Alpha benzene hexachloride
Alpha氨基丁酸	Alpha aminobutyrate
Alpha氨基酸氮	Alpha amino acid nitrogen
Alpha皮酮四醇	Alpha cortolone
Alpha羟基丁酸	Alpha hydroxybutyrate
Alpha羥基丁酸	Alpha hydroxybutyrate
Alpha胺基酸氮	Alpha amino acid nitrogen
Alpha酮戊二酸	Alpha ketoglutarate
Alpha鵝膏蕈鹼	Alpha-amanitin
Alpha鹅膏蕈碱	Alpha-amanitin
Beta 1球蛋白	Beta 1 globulin
Beta 2球蛋白	Beta 2 globulin
Beta 乳球蛋白	Beta lactoglobulin
Beta 促脂解素	Beta lipotropin
Beta 內醯胺酶	Beta lactamase
Beta 内酰胺酶	Beta lactamase
Beta 微管蛋白	Beta tubulin
Beta 微量蛋白	Beta-trace protein
Beta 氨基丁酸	Beta aminobutyrate
Beta 皮酮四醇	Beta cortolone
Beta 羟基丁酸	Beta hydroxybutyrate
Beta 羥基丁酸	Beta hydroxybutyrate
Beta 连环蛋白	Beta catenin
Beta 連環蛋白	Beta catenin
Beta 鵝膏蕈鹼	Beta-amanitin
Beta 鹅膏蕈碱	Beta-amanitin
Beta-1球蛋白	Beta 1 globulin
Beta-2球蛋白	Beta 2 globulin
Beta-乳球蛋白	Beta lactoglobulin
Beta-促脂解素	Beta lipotropin
Beta-內醯胺酶	Beta lactamase
Beta-内酰胺酶	Beta lactamase
Beta-微管蛋白	Beta tubulin
Beta-微量蛋白	Beta-trace protein
Beta-氨基丁酸	Beta aminobutyrate
Beta-皮酮四醇	Beta cortolone
Beta-羟基丁酸	Beta hydroxybutyrate
Beta-羥基丁酸	Beta hydroxybutyrate
Beta-连环蛋白	Beta catenin
Beta-連環蛋白	Beta catenin
Beta-鵝膏蕈鹼	Beta-amanitin
Beta-鹅膏蕈碱	Beta-amanitin
Beta1 球蛋白	Beta 1 globulin
Beta1-球蛋白	Beta 1 globulin
Beta1轉鐵蛋白	Beta-1 transferrin
Beta1转铁蛋白	Beta-1 transferrin
Beta2 球蛋白	Beta 2 globulin
Beta2-球蛋白	Beta 2 globulin
Beta2微球蛋白	Beta-2-Microglobulin
Beta2轉鐵蛋白	Beta-2 transferrin
Beta2转铁蛋白	Beta-2 transferrin
Beta半乳糖苷酶	Beta galactosidase
Beta受体阻滞剂	Beta blockers
Beta受體阻滯劑	Beta blockers
Beta氨基己二酸	Beta aminoadipate
Beta氨基异丁酸	Beta aminoisobutyrate
Beta氨基異丁酸	Beta aminoisobutyrate
Beta甘露糖苷酶	Beta mannosidase
Beta脲基异丁酸	Beta-ureidoisobutyrate
Beta脲基異丁酸	Beta-ureidoisobutyrate
Beta脲酰丙酸酶	Beta-ureidopropionase
Beta脲醯丙酸酶	Beta-ureidopropionase
Beta葡聚糖摄入	Beta glucan intake
Beta葡聚糖攝入	Beta glucan intake
Delta 生育酚	Delta tocopherol
Delta-生育酚	Delta tocopherol
Delta5孕三醇	Delta 5-Pregnanetriol
Gamma 亚麻酸	Gamma linolenate
Gamma 亞麻酸	Gamma linolenate
Gamma 干扰素	Gamma interferon
Gamma 幹擾素	Gamma interferon
Gamma 球蛋白	Gamma globulin
Gamma 生育酚	Gamma tocopherol
Gamma-亚麻酸	Gamma linolenate
Gamma-亞麻酸	Gamma linolenate
Gamma-干扰素	Gamma interferon
Gamma-幹擾素	Gamma interferon
Gamma-球蛋白	Gamma globulin
Gamma-生育酚	Gamma tocopherol
Gamma2球蛋白	Gamma 2 globulin
Gamma3球蛋白	Gamma 3 globulin
Gamma氨基丁酸	Gamma aminobutyrate
Gamma羟基丁酸	Gamma hydroxybutyrate
Gamma羥基丁酸	Gamma hydroxybutyrate
Gamma鵝膏蕈鹼	Gamma-amanitin
Gamma鹅膏蕈碱	Gamma-amanitin
N-乙酰半乳糖胺酶	Alpha-N-acetylgalactosaminidase
N-乙醯半乳糖胺酶	Alpha-N-acetylgalactosaminidase
N端B型鈉尿肽前體	N-terminal pro-BNP NT-proBNP
N端B型钠尿肽前体	N-terminal pro-BNP NT-proBNP
Omega3 指数	Omega-3 EPA+DHA index Eicosapentaenoate Docosahexaenoate Serum Plasma
Omega3 指數	Omega-3 EPA+DHA index Eicosapentaenoate Docosahexaenoate Serum Plasma
alpha 亚单位	Alpha subunit
alpha 亚麻酸	Alpha linolenate
alpha 亞單位	Alpha subunit
alpha 亞麻酸	Alpha linolenate
alpha 球蛋白	Alpha globulin
alpha 生育酚	Alpha tocopherol
alpha 皮五醇	Alpha cortol
alpha 胸腺素	Alpha thymosin
alpha 萘酯酶	Alpha naphthylesterase
alpha-亚单位	Alpha subunit
alpha-亚麻酸	Alpha linolenate
alpha-亞單位	Alpha subunit
alpha-亞麻酸	Alpha linolenate
alpha-球蛋白	Alpha globulin
alpha-生育酚	Alpha tocopherol
alpha-皮五醇	Alpha cortol
alpha-胸腺素	Alpha thymosin
alpha-萘酯酶	Alpha naphthylesterase
alpha1球蛋白	Alpha 1 globulin
alpha2球蛋白	Alpha 2 globulin
alpha六氯化苯	Alpha benzene hexachloride
alpha氨基丁酸	Alpha aminobutyrate
alpha氨基酸氮	Alpha amino acid nitrogen
alpha皮酮四醇	Alpha cortolone
alpha羟基丁酸	Alpha hydroxybutyrate
alpha羥基丁酸	Alpha hydroxybutyrate
alpha胺基酸氮	Alpha amino acid nitrogen
alpha酮戊二酸	Alpha ketoglutarate
alpha鵝膏蕈鹼	Alpha-amanitin
alpha鹅膏蕈碱	Alpha-amanitin
beta 1球蛋白	Beta 1 globulin
beta 2球蛋白	Beta 2 globulin
beta 乳球蛋白	Beta lactoglobulin
beta 促脂解素	Beta lipotropin
beta 內醯胺酶	Beta lactamase
beta 内酰胺酶	Beta lactamase
beta 微管蛋白	Beta tubulin
beta 微量蛋白	Beta-trace protein
beta 氨基丁酸	Beta aminobutyrate
beta 皮酮四醇	Beta cortolone
beta 羟基丁酸	Beta hydroxybutyrate
beta 羥基丁酸	Beta hydroxybutyrate
beta 连环蛋白	Beta catenin
beta 連環蛋白	Beta catenin
beta 鵝膏蕈鹼	Beta-amanitin
beta 鹅膏蕈碱	Beta-amanitin
beta-1球蛋白	Beta 1 globulin
beta-2球蛋白	Beta 2 globulin
beta-乳球蛋白	Beta lactoglobulin
beta-促脂解素	Beta lipotropin
beta-內醯胺酶	Beta lactamase
beta-内酰胺酶	Beta lactamase
beta-微管蛋白	Beta tubulin
beta-微量蛋白	Beta-trace protein
beta-氨基丁酸	Beta aminobutyrate
beta-皮酮四醇	Beta cortolone
beta-羟基丁酸	Beta hydroxybutyrate
beta-羥基丁酸	Beta hydroxybutyrate
beta-连环蛋白	Beta catenin
beta-連環蛋白	Beta catenin
beta-鵝膏蕈鹼	Beta-amanitin
beta-鹅膏蕈碱	Beta-amanitin
beta1 球蛋白	Beta 1 globulin
beta1-球蛋白	Beta 1 globulin
beta1轉鐵蛋白	Beta-1 transferrin
beta1转铁蛋白	Beta-1 transferrin
beta2 球蛋白	Beta 2 globulin
beta2-球蛋白	Beta 2 globulin
beta2微球蛋白	Beta-2-Microglobulin
beta2轉鐵蛋白	Beta-2 transferrin
beta2转铁蛋白	Beta-2 transferrin
beta半乳糖苷酶	Beta galactosidase
beta受体阻滞剂	Beta blockers
beta受體阻滯劑	Beta blockers
beta氨基己二酸	Beta aminoadipate
beta氨基异丁酸	Beta aminoisobutyrate
beta氨基異丁酸	Beta aminoisobutyrate
beta甘露糖苷酶	Beta mannosidase
beta脲基异丁酸	Beta-ureidoisobutyrate
beta脲基異丁酸	Beta-ureidoisobutyrate
beta脲酰丙酸酶	Beta-ureidopropionase
beta脲醯丙酸酶	Beta-ureidopropionase
beta葡聚糖摄入	Beta glucan intake
beta葡聚糖攝入	Beta glucan intake
delta 生育酚	Delta tocopherol
delta-生育酚	Delta tocopherol
delta5孕三醇	Delta 5-Pregnanetriol
gamma 亚麻酸	Gamma linolenate
gamma 亞麻酸	Gamma linolenate
gamma 干扰素	Gamma interferon
gamma 幹擾素	Gamma interferon
gamma 球蛋白	Gamma globulin
gamma 生育酚	Gamma tocopherol
gamma-亚麻酸	Gamma linolenate
gamma-亞麻酸	Gamma linolenate
gamma-干扰素	Gamma interferon
gamma-幹擾素	Gamma interferon
gamma-球蛋白	Gamma globulin
gamma-生育酚	Gamma tocopherol
gamma2球蛋白	Gamma 2 globulin
gamma3球蛋白	Gamma 3 globulin
gamma氨基丁酸	Gamma aminobutyrate
gamma羟基丁酸	Gamma hydroxybutyrate
gamma羥基丁酸	Gamma hydroxybutyrate
gamma鵝膏蕈鹼	Gamma-amanitin
gamma鹅膏蕈碱	Gamma-amanitin
α 1 抗胰蛋白酶	Alpha 1 antitrypsin
α 1 胎儿球蛋白	Alpha-1-Fetoprotein
α 1 胎兒球蛋白	Alpha-1-Fetoprotein
α 1 胎蛋白組套	Alpha-1-fetoprotein
α 1 胎蛋白组套	Alpha-1-fetoprotein
α 1 酸性糖蛋白	Alpha-1-Acid glycoprotein
α 1-抗胰蛋白酶	Alpha 1 antitrypsin
α 1-胎儿球蛋白	Alpha-1-Fetoprotein
α 1-胎兒球蛋白	Alpha-1-Fetoprotein
α 1-胎蛋白組套	Alpha-1-fetoprotein
α 1-胎蛋白组套	Alpha-1-fetoprotein
α 1-酸性糖蛋白	Alpha-1-Acid glycoprotein
α 1抗凝乳蛋白酶	Alpha-1-Antichymotrypsin
α 2层粘蛋白抗原	Alpha 2 laminin
α 2層粘蛋白抗原	Alpha 2 laminin
α L-艾杜糖苷酶	Alpha-L-iduronidase
α 吡咯烷异己苯酮	Alpha-Pyrrolidinoisohexanophenone
α 吡咯烷異己苯酮	Alpha-Pyrrolidinoisohexanophenone
α 氨基己二酸半醛	Alpha-aminoadipic semialdehyde
α 羟基丁酸脱氢酶	Alpha hydroxybutyrate dehydrogenase
α 羥基丁酸脫氫酶	Alpha hydroxybutyrate dehydrogenase
α-1 抗胰蛋白酶	Alpha 1 antitrypsin
α-1 胎儿球蛋白	Alpha-1-Fetoprotein
α-1 胎兒球蛋白	Alpha-1-Fetoprotein
α-1 胎蛋白組套	Alpha-1-fetoprotein
α-1 胎蛋白组套	Alpha-1-fetoprotein
α-1 酸性糖蛋白	Alpha-1-Acid glycoprotein
α-1-抗胰蛋白酶	Alpha 1 antitrypsin
α-1-胎儿球蛋白	Alpha-1-Fetoprotein
α-1-胎兒球蛋白	Alpha-1-Fetoprotein
α-1-胎蛋白組套	Alpha-1-fetoprotein
α-1-胎蛋白组套	Alpha-1-fetoprotein
α-1-酸性糖蛋白	Alpha-1-Acid glycoprotein
α-1抗凝乳蛋白酶	Alpha-1-Antichymotrypsin
α-2层粘蛋白抗原	Alpha 2 laminin
α-2層粘蛋白抗原	Alpha 2 laminin
α-L-艾杜糖苷酶	Alpha-L-iduronidase
α-吡咯烷异己苯酮	Alpha-Pyrrolidinoisohexanophenone
α-吡咯烷異己苯酮	Alpha-Pyrrolidinoisohexanophenone
α-氨基己二酸半醛	Alpha-aminoadipic semialdehyde
α-羟基丁酸脱氢酶	Alpha hydroxybutyrate dehydrogenase
α-羥基丁酸脫氫酶	Alpha hydroxybutyrate dehydrogenase
α1 抗凝乳蛋白酶	Alpha-1-Antichymotrypsin
α1-抗凝乳蛋白酶	Alpha-1-Antichymotrypsin
α1胎儿球蛋白解释	Alpha-1-Fetoprotein interpretation
α1胎兒球蛋白解釋	Alpha-1-Fetoprotein interpretation
α2 层粘蛋白抗原	Alpha 2 laminin
α2 層粘蛋白抗原	Alpha 2 laminin
α2-层粘蛋白抗原	Alpha 2 laminin
α2-層粘蛋白抗原	Alpha 2 laminin
α吡咯烷基己基苯酮	Alpha-Pyrrolidinohexiophenone
α黑素細胞刺激激素	Alpha melanocyte stimulating hormone
α黑素细胞刺激激素	Alpha melanocyte stimulating hormone
β 2 糖蛋白 1	Beta 2 glycoprotein 1
β 2-糖蛋白 1	Beta 2 glycoprotein 1
β 2轉鐵蛋白組套	Beta-2 transferrin
β 2转铁蛋白组套	Beta-2 transferrin
β 羟基丁酸脱氢酶	Beta hydroxybutyrate dehydrogenase
β 羟基硫代芬太尼	Beta hydroxythiofentanyl
β 羥基丁酸脫氫酶	Beta hydroxybutyrate dehydrogenase
β 羥基硫代芬太尼	Beta hydroxythiofentanyl
β 葡糖苷酶激活剂	Beta glucosidase activator
β 葡糖苷酶激活劑	Beta glucosidase activator
β 葡萄糖醛酸苷酶	Beta glucuronidase
β-2 糖蛋白 1	Beta 2 glycoprotein 1
β-2-糖蛋白 1	Beta 2 glycoprotein 1
β-2轉鐵蛋白組套	Beta-2 transferrin
β-2转铁蛋白组套	Beta-2 transferrin
β-羟基丁酸脱氢酶	Beta hydroxybutyrate dehydrogenase
β-羟基硫代芬太尼	Beta hydroxythiofentanyl
β-羥基丁酸脫氫酶	Beta hydroxybutyrate dehydrogenase
β-羥基硫代芬太尼	Beta hydroxythiofentanyl
β-葡糖苷酶激活剂	Beta glucosidase activator
β-葡糖苷酶激活劑	Beta glucosidase activator
β-葡萄糖醛酸苷酶	Beta glucuronidase
β2 轉鐵蛋白組套	Beta-2 transferrin
β2 转铁蛋白组套	Beta-2 transferrin
β2-轉鐵蛋白組套	Beta-2 transferrin
β2-转铁蛋白组套	Beta-2 transferrin
βN-乙酰己糖胺酶	Beta-N-acetylhexosaminidase
βN-乙醯己糖胺酶	Beta-N-acetylhexosaminidase
β黑素細胞刺激激素	Beta melanocyte stimulating hormone
β黑素细胞刺激激素	Beta melanocyte stimulating hormone
γ羟基丁酸 截止点	Gamma hydroxybutyrate cutoff
γ羥基丁酸 截止點	Gamma hydroxybutyrate cutoff
γ黑素細胞刺激激素	Gamma melanocyte stimulating hormone
γ黑素细胞刺激激素	Gamma melanocyte stimulating hormone
δ 8 四氢大麻酚	Delta-8-tetrahydrocannabinol
δ 8 四氫大麻酚	Delta-8-tetrahydrocannabinol
δ 8-四氢大麻酚	Delta-8-tetrahydrocannabinol
δ 8-四氫大麻酚	Delta-8-tetrahydrocannabinol
δ-8 四氢大麻酚	Delta-8-tetrahydrocannabinol
δ-8 四氫大麻酚	Delta-8-tetrahydrocannabinol
δ-8-四氢大麻酚	Delta-8-tetrahydrocannabinol
δ-8-四氫大麻酚	Delta-8-tetrahydrocannabinol
乳球蛋白 MF77	Beta lactoglobulin MF77
亚油酸+亚油酸摄入	Alpha-linoate+Linoleate intake
亞油酸+亞油酸攝入	Alpha-linoate+Linoleate intake
人絨毛膜促性腺激素	Human chorionic gonadotropin hCG
人绒毛膜促性腺激素	Human chorionic gonadotropin hCG
低密度脂蛋白胆固醇	Low density lipoprotein cholesterol LDL-C
低密度脂蛋白膽固醇	Low density lipoprotein cholesterol LDL-C
吡咯烷基异己基苯酮	Alpha Pyrrolidinoisohexanophenone
吡咯烷基異己基苯酮	Alpha Pyrrolidinoisohexanophenone
呼吸努力相关微觉醒	respiratory effort-related arousal RERA
呼吸努力相關微覺醒	respiratory effort-related arousal RERA
呼吸暂停低通气指数	apnea hypopnea index AHI
呼吸暫停低通氣指數	apnea hypopnea index AHI
地中海貧血基因組套	Alpha thalassemia
地中海贫血基因组套	Alpha thalassemia
天冬氨酸氨基轉移酶	Aspartate aminotransferase AST
天冬氨酸氨基转移酶	Aspartate aminotransferase AST
微球蛋白淀粉样蛋白	Beta-2-Microglobulin amyloid
微球蛋白澱粉樣蛋白	Beta-2-Microglobulin amyloid
抗β2糖蛋白1抗体	Beta-2 glycoprotein 1 antibody
抗β2糖蛋白1抗體	Beta-2 glycoprotein 1 antibody
抗β2糖蛋白I抗体	Beta-2 glycoprotein 1 antibody
抗β2糖蛋白I抗體	Beta-2 glycoprotein 1 antibody
抗β2糖蛋白Ⅰ抗体	Beta-2 glycoprotein 1 antibody
抗β2糖蛋白Ⅰ抗體	Beta-2 glycoprotein 1 antibody
抗胰蛋白酶 实际的	Alpha 1 antitrypsin actual
抗胰蛋白酶 實際的	Alpha 1 antitrypsin actual
欧米伽 - 3指数	Omega-3 EPA+DHA index Eicosapentaenoate Docosahexaenoate Serum Plasma
歐米伽 - 3指數	Omega-3 EPA+DHA index Eicosapentaenoate Docosahexaenoate Serum Plasma
氨基丁酸 A 受体	Gamma aminobutyrate A receptor
氨基丁酸 A 受體	Gamma aminobutyrate A receptor
氨基丁酸 B 受体	Gamma aminobutyrate B receptor
氨基丁酸 B 受體	Gamma aminobutyrate B receptor
氨基异丁酸+脯氨酸	Beta aminoisobutyrate+Proline
氨基異丁酸+脯氨酸	Beta aminoisobutyrate+Proline
珠蛋白基因缺失組套	Alpha globin gene deletion
珠蛋白基因缺失组套	Alpha globin gene deletion
甘露糖苷酶 实际的	Beta mannosidase actual
甘露糖苷酶 實際的	Beta mannosidase actual
碳13尿素呼气试验	Helicobacter pylori urea breath test
碳13尿素呼氣試驗	Helicobacter pylori urea breath test
碳14尿素呼气试验	Helicobacter pylori urea breath test
碳14尿素呼氣試驗	Helicobacter pylori urea breath test
細胞毒性 T 細胞	cytotoxic T cells CD3+ CD8+
細胞毒性T淋巴細胞	cytotoxic T cells CD3+ CD8+
細胞角蛋白19片段	Cytokeratin 19 fragment CYFRA21-1
细胞毒性 T 细胞	cytotoxic T cells CD3+ CD8+
细胞毒性T淋巴细胞	cytotoxic T cells CD3+ CD8+
细胞角蛋白19片段	Cytokeratin 19 fragment CYFRA21-1
羟基丁酸+乙酰乙酸	Beta hydroxybutyrate+Acetoacetate
羟普唑仑葡萄糖醛酸	Alpha hydroxyalprazolam glucuronide
羥基丁酸+乙醯乙酸	Beta hydroxybutyrate+Acetoacetate
羥普唑侖葡萄糖醛酸	Alpha hydroxyalprazolam glucuronide
苯基-2-乙酸哌啶	Alpha-Phenyl-2-Piperidine acetate
血氧飽和度下降指數	oxygen desaturation index ODI
血氧饱和度下降指数	oxygen desaturation index ODI
表面誘導型凝血過程	Delta Coagulation
表面诱导型凝血过程	Delta Coagulation
防御素 1+2+3	Alpha defensins 1+2+3
防禦素 1+2+3	Alpha defensins 1+2+3
高密度脂蛋白胆固醇	High density lipoprotein cholesterol HDL-C
高密度脂蛋白膽固醇	High density lipoprotein cholesterol HDL-C
4-羟基苯丙酮酸	4-Hydroxyphenylpyruvate 4-HPP
4-羥基苯丙酮酸	4-Hydroxyphenylpyruvate 4-HPP
Alpha 氯丹	Alpha chlordane
Alpha-氯丹	Alpha chlordane
Alpha亚单位	Alpha subunit
Alpha亚麻酸	Alpha linolenate
Alpha亞單位	Alpha subunit
Alpha亞麻酸	Alpha linolenate
Alpha球蛋白	Alpha globulin
Alpha生育酚	Alpha tocopherol
Alpha皮五醇	Alpha cortol
Alpha胸腺素	Alpha thymosin
Alpha萘酯酶	Alpha naphthylesterase
A型肝炎病毒抗體	Hepatitis A virus
Beta 丙內酯	Beta-propiolactone
Beta 丙内酯	Beta-propiolactone
Beta 丙氨酸	Beta alanine
Beta 內啡肽	Beta endorphin
Beta 内啡肽	Beta endorphin
Beta 球蛋白	Beta globulin
Beta 皮五醇	Beta cortol
Beta 谷甾醇	Beta sitosterol
Beta 防御素	Beta defensin
Beta 防禦素	Beta defensin
Beta-丙內酯	Beta-propiolactone
Beta-丙内酯	Beta-propiolactone
Beta-丙氨酸	Beta alanine
Beta-內啡肽	Beta endorphin
Beta-内啡肽	Beta endorphin
Beta-球蛋白	Beta globulin
Beta-皮五醇	Beta cortol
Beta-谷甾醇	Beta sitosterol
Beta-防御素	Beta defensin
Beta-防禦素	Beta defensin
Beta1球蛋白	Beta 1 globulin
Beta2球蛋白	Beta 2 globulin
Beta乳球蛋白	Beta lactoglobulin
Beta促脂解素	Beta lipotropin
Beta內醯胺酶	Beta lactamase
Beta内酰胺酶	Beta lactamase
Beta微管蛋白	Beta tubulin
Beta微量蛋白	Beta-trace protein
Beta氨基丁酸	Beta aminobutyrate
Beta皮酮四醇	Beta cortolone
Beta羟基丁酸	Beta hydroxybutyrate
Beta羥基丁酸	Beta hydroxybutyrate
Beta连环蛋白	Beta catenin
Beta連環蛋白	Beta catenin
Beta鵝膏蕈鹼	Beta-amanitin
Beta鹅膏蕈碱	Beta-amanitin
B型肝炎病毒核心	Hepatitis B virus core
B型肝炎病毒狀態	Hepatitis B virus status
B型肝炎病毒表面	Hepatitis B virus surface
C型肝炎病毒核心	Hepatitis C virus core
C型肝炎病毒狀態	Hepatitis C virus status
Delta生育酚	Delta tocopherol
Gamma 氯丹	Gamma chlordane
Gamma-氯丹	Gamma chlordane
Gamma亚麻酸	Gamma linolenate
Gamma亞麻酸	Gamma linolenate
Gamma干扰素	Gamma interferon
Gamma幹擾素	Gamma interferon
Gamma球蛋白	Gamma globulin
Gamma生育酚	Gamma tocopherol
N-乙酰己糖胺酶	Beta-N-acetylhexosaminidase
N-乙醯己糖胺酶	Beta-N-acetylhexosaminidase
alpha 氯丹	Alpha chlordane
alpha-氯丹	Alpha chlordane
alpha亚单位	Alpha subunit
alpha亚麻酸	Alpha linolenate
alpha亞單位	Alpha subunit
alpha亞麻酸	Alpha linolenate
alpha球蛋白	Alpha globulin
alpha生育酚	Alpha tocopherol
alpha皮五醇	Alpha cortol
alpha胸腺素	Alpha thymosin
alpha萘酯酶	Alpha naphthylesterase
beta 丙內酯	Beta-propiolactone
beta 丙内酯	Beta-propiolactone
beta 丙氨酸	Beta alanine
beta 內啡肽	Beta endorphin
beta 内啡肽	Beta endorphin
beta 球蛋白	Beta globulin
beta 皮五醇	Beta cortol
beta 谷甾醇	Beta sitosterol
beta 防御素	Beta defensin
beta 防禦素	Beta defensin
beta-丙內酯	Beta-propiolactone
beta-丙内酯	Beta-propiolactone
beta-丙氨酸	Beta alanine
beta-內啡肽	Beta endorphin
beta-内啡肽	Beta endorphin
beta-球蛋白	Beta globulin
beta-皮五醇	Beta cortol
beta-谷甾醇	Beta sitosterol
beta-防御素	Beta defensin
beta-防禦素	Beta defensin
beta1球蛋白	Beta 1 globulin
beta2球蛋白	Beta 2 globulin
beta乳球蛋白	Beta lactoglobulin
beta促脂解素	Beta lipotropin
beta內醯胺酶	Beta lactamase
beta内酰胺酶	Beta lactamase
beta微管蛋白	Beta tubulin
beta微量蛋白	Beta-trace protein
beta氨基丁酸	Beta aminobutyrate
beta皮酮四醇	Beta cortolone
beta羟基丁酸	Beta hydroxybutyrate
beta羥基丁酸	Beta hydroxybutyrate
beta连环蛋白	Beta catenin
beta連環蛋白	Beta catenin
beta鵝膏蕈鹼	Beta-amanitin
beta鹅膏蕈碱	Beta-amanitin
delta生育酚	Delta tocopherol
gamma 氯丹	Gamma chlordane
gamma-氯丹	Gamma chlordane
gamma亚麻酸	Gamma linolenate
gamma亞麻酸	Gamma linolenate
gamma干扰素	Gamma interferon
gamma幹擾素	Gamma interferon
gamma球蛋白	Gamma globulin
gamma生育酚	Gamma tocopherol
α 1 微球蛋白	Alpha-1-Microglobulin
α 1-微球蛋白	Alpha-1-Microglobulin
α 1抗胰蛋白酶	Alpha 1 antitrypsin
α 1胎儿球蛋白	Alpha-1-Fetoprotein
α 1胎兒球蛋白	Alpha-1-Fetoprotein
α 1胎蛋白組套	Alpha-1-fetoprotein
α 1胎蛋白组套	Alpha-1-fetoprotein
α 1酸性糖蛋白	Alpha-1-Acid glycoprotein
α 2 巨球蛋白	Alpha-2-Macroglobulin
α 2 微球蛋白	Alpha-2-Microglobulin
α 2-巨球蛋白	Alpha-2-Macroglobulin
α 2-微球蛋白	Alpha-2-Microglobulin
α 吡咯啉苯戊酮	Alpha pyrrolidinovalerophenone
α 羟基依替唑仑	Alpha hydroxyetizolam
α 羟基氟普唑仑	Alpha-hydroxy flualprazolam
α 羟基氟溴唑仑	Alpha-hydroxy flubromazolam
α 羟基阿普唑仑	Alpha hydroxyalprazolam
α 羥基依替唑侖	Alpha hydroxyetizolam
α 羥基氟普唑侖	Alpha-hydroxy flualprazolam
α 羥基氟溴唑侖	Alpha-hydroxy flubromazolam
α 羥基阿普唑侖	Alpha hydroxyalprazolam
α-1 微球蛋白	Alpha-1-Microglobulin
α-1-微球蛋白	Alpha-1-Microglobulin
α-1抗胰蛋白酶	Alpha 1 antitrypsin
α-1胎儿球蛋白	Alpha-1-Fetoprotein
α-1胎兒球蛋白	Alpha-1-Fetoprotein
α-1胎蛋白組套	Alpha-1-fetoprotein
α-1胎蛋白组套	Alpha-1-fetoprotein
α-1酸性糖蛋白	Alpha-1-Acid glycoprotein
α-2 巨球蛋白	Alpha-2-Macroglobulin
α-2 微球蛋白	Alpha-2-Microglobulin
α-2-巨球蛋白	Alpha-2-Macroglobulin
α-2-微球蛋白	Alpha-2-Microglobulin
α-吡咯啉苯戊酮	Alpha pyrrolidinovalerophenone
α-羟基依替唑仑	Alpha hydroxyetizolam
α-羟基氟普唑仑	Alpha-hydroxy flualprazolam
α-羟基氟溴唑仑	Alpha-hydroxy flubromazolam
α-羟基阿普唑仑	Alpha hydroxyalprazolam
α-羥基依替唑侖	Alpha hydroxyetizolam
α-羥基氟普唑侖	Alpha-hydroxy flualprazolam
α-羥基氟溴唑侖	Alpha-hydroxy flubromazolam
α-羥基阿普唑侖	Alpha hydroxyalprazolam
α1 抗胰蛋白酶	Alpha 1 antitrypsin
α1 胎儿球蛋白	Alpha-1-Fetoprotein
α1 胎兒球蛋白	Alpha-1-Fetoprotein
α1 胎蛋白組套	Alpha-1-fetoprotein
α1 胎蛋白组套	Alpha-1-fetoprotein
α1 酸性糖蛋白	Alpha-1-Acid glycoprotein
α1-抗胰蛋白酶	Alpha 1 antitrypsin
α1-胎儿球蛋白	Alpha-1-Fetoprotein
α1-胎兒球蛋白	Alpha-1-Fetoprotein
α1-胎蛋白組套	Alpha-1-fetoprotein
α1-胎蛋白组套	Alpha-1-fetoprotein
α1-酸性糖蛋白	Alpha-1-Acid glycoprotein
α1抗凝乳蛋白酶	Alpha-1-Antichymotrypsin
α2层粘蛋白抗原	Alpha 2 laminin
α2層粘蛋白抗原	Alpha 2 laminin
αL-艾杜糖苷酶	Alpha-L-iduronidase
α吡咯烷异己苯酮	Alpha-Pyrrolidinoisohexanophenone
α吡咯烷異己苯酮	Alpha-Pyrrolidinoisohexanophenone
α氨基己二酸半醛	Alpha-aminoadipic semialdehyde
α羟基丁酸脱氢酶	Alpha hydroxybutyrate dehydrogenase
α羥基丁酸脫氫酶	Alpha hydroxybutyrate dehydrogenase
β 1 轉鐵蛋白	Beta-1 transferrin
β 1 转铁蛋白	Beta-1 transferrin
β 1-轉鐵蛋白	Beta-1 transferrin
β 1-转铁蛋白	Beta-1 transferrin
β 2 微球蛋白	Beta-2-Microglobulin
β 2 轉鐵蛋白	Beta-2 transferrin
β 2 转铁蛋白	Beta-2 transferrin
β 2-微球蛋白	Beta-2-Microglobulin
β 2-轉鐵蛋白	Beta-2 transferrin
β 2-转铁蛋白	Beta-2 transferrin
β 2糖蛋白 1	Beta 2 glycoprotein 1
β 呋喃果糖苷酶	Beta fructofuranosidase
β-1 轉鐵蛋白	Beta-1 transferrin
β-1 转铁蛋白	Beta-1 transferrin
β-1-轉鐵蛋白	Beta-1 transferrin
β-1-转铁蛋白	Beta-1 transferrin
β-2 微球蛋白	Beta-2-Microglobulin
β-2 轉鐵蛋白	Beta-2 transferrin
β-2 转铁蛋白	Beta-2 transferrin
β-2-微球蛋白	Beta-2-Microglobulin
β-2-轉鐵蛋白	Beta-2 transferrin
β-2-转铁蛋白	Beta-2 transferrin
β-2糖蛋白 1	Beta 2 glycoprotein 1
β-呋喃果糖苷酶	Beta fructofuranosidase
β2 糖蛋白 1	Beta 2 glycoprotein 1
β2-糖蛋白 1	Beta 2 glycoprotein 1
β2轉鐵蛋白組套	Beta-2 transferrin
β2转铁蛋白组套	Beta-2 transferrin
β羟基丁酸脱氢酶	Beta hydroxybutyrate dehydrogenase
β羟基硫代芬太尼	Beta hydroxythiofentanyl
β羥基丁酸脫氫酶	Beta hydroxybutyrate dehydrogenase
β羥基硫代芬太尼	Beta hydroxythiofentanyl
β葡糖苷酶激活剂	Beta glucosidase activator
β葡糖苷酶激活劑	Beta glucosidase activator
β葡萄糖醛酸苷酶	Beta glucuronidase
γ 穀氨醯轉移酶	Gamma glutamyl transferase
γ 谷氨酰转移酶	Gamma glutamyl transferase
γ-穀氨醯轉移酶	Gamma glutamyl transferase
γ-穀氨醯轉肽酶	Gamma glutamyl transferase GGT
γ-谷氨酰转移酶	Gamma glutamyl transferase
γ-谷氨酰转肽酶	Gamma glutamyl transferase GGT
δ 8四氢大麻酚	Delta-8-tetrahydrocannabinol
δ 8四氫大麻酚	Delta-8-tetrahydrocannabinol
δ-8四氢大麻酚	Delta-8-tetrahydrocannabinol
δ-8四氫大麻酚	Delta-8-tetrahydrocannabinol
δ8 四氢大麻酚	Delta-8-tetrahydrocannabinol
δ8 四氫大麻酚	Delta-8-tetrahydrocannabinol
δ8-四氢大麻酚	Delta-8-tetrahydrocannabinol
δ8-四氫大麻酚	Delta-8-tetrahydrocannabinol
ω - 3 指数	Omega-3 EPA+DHA index Eicosapentaenoate Docosahexaenoate Serum Plasma
ω - 3 指數	Omega-3 EPA+DHA index Eicosapentaenoate Docosahexaenoate Serum Plasma
一般預防措施小節	General precautions section
一般预防措施小节	General precautions section
丁型肝炎病毒抗体	Hepatitis D virus
丁型肝炎病毒抗體	Hepatitis D virus
三乙酰夹竹桃霉素	Troleandomycin
三乙醯夾竹桃黴素	Troleandomycin
三甲氧苄二氨嘧啶	Trimethoprim
三碘甲状腺原氨酸	Triiodothyronine T3
三碘甲狀腺原氨酸	Triiodothyronine T3
三維後處理類多層	Multisection 3D post processing
三维后处理类多层	Multisection 3D post processing
三酰基甘油脂肪酶	Triacylglycerol lipase
三醯基甘油脂肪酶	Triacylglycerol lipase
上次巴氏塗片日期	Date of previous PAP smear
上次巴氏涂片日期	Date of previous PAP smear
上次筛查就诊日期	Date previous screen visit
上次篩查就診日期	Date previous screen visit
上皮細胞黏附分子	Epithelial cell adhesion molecule
上皮细胞黏附分子	Epithelial cell adhesion molecule
下次筛查就诊日期	Date next screen visit
下次篩查就診日期	Date next screen visit
下次門診就診日期	Date next clinic visit
下次门诊就诊日期	Date next clinic visit
不採用睫狀肌麻痺	WO cycloplegia
不良反应事件摘要	Adverse reaction event summary
不良反應事件摘要	Adverse reaction event summary
不規則皺縮紅細胞	Irregularly contracted cells
不规则皱缩红细胞	Irregularly contracted cells
不采用睫状肌麻痹	WO cycloplegia
与去甲间肾上腺素	Metanephrine, Normetanephrine, 3-Methoxytyramine
与患者母亲的关系	Relationship to patient's mother
与解剖标志的距离	Distance from landmark
丙型流感病毒抗体	Influenza virus C
丙型流感病毒抗原	Influenza virus A+B+C
丙型流感病毒抗體	Influenza virus C
丙型肝炎病毒核心	Hepatitis C virus core
丙型肝炎病毒状态	Hepatitis C virus status
丙基戊酸与游离型	Valproate
丙基戊酸與游離型	Valproate
丙氨酸丁氨酸硫醚	Cystathionine
丙氨酸氨基轉移酶	Alanine aminotransferase ALT
丙氨酸氨基转移酶	Alanine aminotransferase ALT
严重联合免疫缺陷	Severe combined immunodeficiency
个人健康监测报告	Personal health monitoring report
个人教育计划信息	Individual education plan information
中度活动持续时长	Duration of moderate
中度活動持續時長	Duration of moderate
中远段左侧旋动脉	Mid distal left circumflex artery
中遠段左側旋動脈	Mid distal left circumflex artery
中鏈甘油三酯攝入	Medium chain triglyceride intake
中链甘油三酯摄入	Medium chain triglyceride intake
临床医生指导意见	Clinician guidance
临床细胞遗传学家	Clinical cytogeneticist
临床试验经验小节	Clinical trials experience section
临时性起搏器组套	Temporary pacemaker
主动脉瓣面积方法	Aortic valve area method
主动脉窦管结合部	aortic sinotubular junction
主動脈瓣面積方法	Aortic valve area method
主動脈竇管結合部	aortic sinotubular junction
主治執業人員姓名	Staff practitioner name
主治执业人员姓名	Staff practitioner name
主要疾病与损伤史	Major illnesses and injuries
主要疾病與損傷史	Major illnesses and injuries
主觀式屈光度組套	Subjective refraction
主觀思維障礙記錄	Subjective thought disturbance notes
主观式屈光度组套	Subjective refraction
主观思维障碍记录	Subjective thought disturbance notes
乙型流感病毒抗体	Influenza virus B
乙型流感病毒抗原	Influenza virus B
乙型流感病毒抗體	Influenza virus B
乙型肝炎病毒核心	Hepatitis B virus core
乙型肝炎病毒状态	Hepatitis B virus status
乙型肝炎病毒表面	Hepatitis B virus surface
乙酰基瑞替加滨碱	N-acetyl ezogabine
乙酰胆碱受体封闭	Acetylcholine receptor blocking
乙酰胆碱受体结合	Acetylcholine receptor binding
乙酰胆碱受体调理	Acetylcholine receptor modulation
乙酰胆碱酯酶组套	Acetylcholinesterase
乙醯基瑞替加濱鹼	N-acetyl ezogabine
乙醯膽鹼受體封閉	Acetylcholine receptor blocking
乙醯膽鹼受體結合	Acetylcholine receptor binding
乙醯膽鹼受體調理	Acetylcholine receptor modulation
乙醯膽鹼酯酶組套	Acetylcholinesterase
书写能力量表分级	Handwriting scale
乳糜泻血清学组套	Celiac disease serology
乳糜瀉血清學組套	Celiac disease serology
乳腺內的徑向位置	Radial position within breast
乳腺内的径向位置	Radial position within breast
乳酸和丙酮酸組套	Lactate & pyruvate
乳酸和丙酮酸组套	Lactate & pyruvate
事前指示文档格式	Advance directive document format
事前指示文檔格式	Advance directive document format
二乙基己基酞酸酯	Di(2-Ethylhexyl) phthalate
二十碳五烯酸摄入	Eicosapentaenoate intake
二十碳五烯酸攝入	Eicosapentaenoate intake
二去甲基西布曲明	Dinorsibutramine
二去甲基西酞普兰	Didesmethylcitalopram
二去甲基西酞普蘭	Didesmethylcitalopram
二氢雄酮葡糖苷酸	3-Alpha-Androstanediol glucuronide
二氧化碳通气当量	Ventilatory equivalent for carbon dioxide
二氧化碳通氣當量	Ventilatory equivalent for carbon dioxide
二氫雄酮葡糖苷酸	3-Alpha-Androstanediol glucuronide
二甲基乙縮醛模式	Dimethylacetals pattern
二甲基乙縮醛組套	Dimethylacetal
二甲基乙缩醛模式	Dimethylacetals pattern
二甲基乙缩醛组套	Dimethylacetal
二甲基氨甲酰基氯	Dimethylcarbamoyl chloride
二甲基氨甲醯基氯	Dimethylcarbamoyl chloride
二羟基孕甾烷醇酮	15 Beta, 17 Alpha-Dihydroxypregnanolone
二羥基孕甾烷醇酮	15 Beta, 17 Alpha-Dihydroxypregnanolone
二羧基二十酰肉碱	Dicarboxyeicosanoylcarnitine (C20-DC)
二羧基二十醯肉鹼	Dicarboxyeicosanoylcarnitine (C20-DC)
二羧基己烯酰肉碱	Dicarboxyhexenoylcarnitine (C6:1-DC)
二羧基己烯醯肉鹼	Dicarboxyhexenoylcarnitine (C6:1-DC)
二羧基棕榈酰肉碱	Dicarboxypalmitoylcarnitine (C16-DC)
二羧基棕櫚醯肉鹼	Dicarboxypalmitoylcarnitine (C16-DC)
二羧基硬脂酰肉碱	Dicarboxystearoylcarnitine (C18-DC)
二羧基硬脂醯肉鹼	Dicarboxystearoylcarnitine (C18-DC)
二苯基吡咯烷組套	Methadone & 2-Ethylidene-1,5-Dimethyl-3,3-Diphenylpyrrolidine
二苯基吡咯烷组套	Methadone & 2-Ethylidene-1,5-Dimethyl-3,3-Diphenylpyrrolidine
二高 γ-亚麻酸	Dihomogammalinolenate C20:3 n-6 DGLA
二高 γ-亞麻酸	Dihomogammalinolenate C20:3 n-6 DGLA
二高-γ-亚麻酸	Dihomogammalinolenate C20:3 n-6 DGLA
二高-γ-亞麻酸	Dihomogammalinolenate C20:3 n-6 DGLA
亚甲基二氧苯丙胺	Methylenedioxyamphetamine
亞甲基二氧苯丙胺	Methylenedioxyamphetamine
产酸肺炎克雷伯菌	Klebsiella pneumoniae + Klebsiella oxytoca
亲戚从未患过癌症	Relative never had cancer
人体测量观察记录	Anthropometric Observations note
人尿液标志物评估	Human urine markers assessment
人尿液標誌物評估	Human urine markers assessment
人类复方药物标签	Human compounded drug label
人类非处方药标签	Human OTC drug label
人血小板抗原報告	Human platelet antigen report
人血小板抗原报告	Human platelet antigen report
人類複方藥物標籤	Human compounded drug label
人類非處方藥標籤	Human OTC drug label
人體測量觀察記錄	Anthropometric Observations note
从现场的运输方式	Transport mode from scene
以天为单位的孕龄	Gestational age in D
以天為單位的孕齡	Gestational age in D
仪器设备错误代码	Device error code
仰卧位髌骨轴位片	View Merchants
仰臥位髕骨軸位片	View Merchants
任何方式幻覺記錄	Any modality hallucinations notes
任何方式幻觉记录	Any modality hallucinations notes
企业临时冻结通知	Establishment temporary inactivation notification
企业注册豁免通知	Establishment registration exempt notification
企業臨時凍結通知	Establishment temporary inactivation notification
企業註冊豁免通知	Establishment registration exempt notification
伊丽莎白巴尔通体	Bartonella elizabethae
伊莉莎白巴爾通體	Bartonella elizabethae
伏立康唑氮氧化物	Voriconazole N-oxide
传染性海绵状脑病	Transmissible spongiform encephalopathy
传染性胃肠炎病毒	Transmissible gastroenteritis virus
伤口护理方法说明	Wound care instructions
伯氏疏螺旋体刺激	Borrelia burgdorferi stimulation
伯氏疏螺旋体抗体	Borrelia burgdorferi
伯氏疏螺旋體刺激	Borrelia burgdorferi stimulation
伯氏疏螺旋體抗體	Borrelia burgdorferi
估算肾小球滤过率	Estimated glomerular filtration rate eGFR
估算腎小球濾過率	Estimated glomerular filtration rate eGFR
位与侧位多重视图	Views lateral + Y
位與側位多重視圖	Views lateral + Y
低压保持时间设置	Low pressure hold time setting
低壓保持時間設置	Low pressure hold time setting
住在重症监护病房	Stayed in intensive care unit
住在重症監護病房	Stayed in intensive care unit
住宅入口无障碍性	Accessibility of home entrance
住宅入口無障礙性	Accessibility of home entrance
住宅內部無障礙性	Accessibility of home interior
住宅内部无障碍性	Accessibility of home interior
住院患者入院日期	Date of inpatient admission
住院患者出院日期	Date of inpatient discharge
住院患者執業人員	Inpatient practitioner
住院患者执业人员	Inpatient practitioner
体格检查发现组套	Physical findings
体格检查发现记录	Physical findings note
体重增长百分位数	Body weight growth percentile
体重百分位数范围	Body weight percentile range
体重管理摘要报告	Weight management summary report
來源信息的準確性	Accuracy of information from source
來自裝置的引流量	Drainage amount from device
供体与患者的关系	Donor relation to patient
供體與患者的關係	Donor relation to patient
依賴型磷脂醯膽鹼	B2GP1 dependent
依賴型鈣結合蛋白	Calbindin D28K
依赖型磷脂酰胆碱	B2GP1 dependent
依赖型钙结合蛋白	Calbindin D28K
促甲状腺激素受体	Thyrotropin receptor
促甲状腺激素封闭	Thyrotropin blocking
促甲狀腺激素受體	Thyrotropin receptor
促甲狀腺激素封閉	Thyrotropin blocking
促肾上腺皮质激素	Adrenocorticotropic hormone ACTH
促腎上腺皮質激素	Adrenocorticotropic hormone ACTH
信息通訊技術名稱	Information communication technology name
信息通訊技術描述	Information communication technology description
信息通訊技術類型	Information communication technology type
信息通讯技术名称	Information communication technology name
信息通讯技术描述	Information communication technology description
信息通讯技术类型	Information communication technology type
個人健康監測報告	Personal health monitoring report
個人教育計劃信息	Individual education plan information
假性胆碱脂酶表型	Pseudocholinesterase phenotype
假性膽鹼脂酶表型	Pseudocholinesterase phenotype
健康保险相关表格	Health insurance-related form
健康保险范围类型	Coverage type
健康保險相關表格	Health insurance-related form
健康保險範圍類型	Coverage type
健康儿童就诊记录	Well child visit note
健康兒童就診記錄	Well child visit note
健康相关事件日期	Date of health-related event
健康相關事件日期	Date of health-related event
健康計劃福利注釋	Health insurance plan benefits comment
健康计划福利注释	Health insurance plan benefits comment
健康質量指標文檔	Health Quality Measure document
健康质量指标文档	Health Quality Measure document
催乳素同工型模式	Prolactin isoforms pattern
催乳素同工型組套	Prolactin isoforms
催乳素同工型组套	Prolactin isoforms
傳染性海綿狀腦病	Transmissible spongiform encephalopathy
傳染性胃腸炎病毒	Transmissible gastroenteritis virus
傷口護理方法說明	Wound care instructions
儀器設備錯誤代碼	Device error code
儿科癌症分期人员	Pediatric cancer stager
允許接收文本消息	Permission to receive text messages
允许接收文本消息	Permission to receive text messages
充气触发压力设置	Inflation trigger pressure setting
充气触发流量设置	Inflation trigger flow setting
充气阶段持续时间	Inflation phase duration
充氣觸發壓力設置	Inflation trigger pressure setting
充氣觸發流量設置	Inflation trigger flow setting
充氣階段持續時間	Inflation phase duration
免疫抑制药物附件	Immunosuppressive drugs attachment
免疫抑制藥物附件	Immunosuppressive drugs attachment
免疫抑制酸性蛋白	Immunosuppressive acidic protein
免疫接种优先等级	Immunization priority tier
免疫接種優先等級	Immunization priority tier
免疫組織化學染色	Immunohistochemical stains
免疫组织化学染色	Immunohistochemical stains
免疫缺陷随访组套	Immunodeficiency follow-up
免疫缺陷隨訪組套	Immunodeficiency follow-up
免疫表型分型检查	Immunophenotyping study
免疫表型分型檢查	Immunophenotyping study
兒科癌症分期人員	Pediatric cancer stager
兔脑炎微孢子虫病	Encephalitozoon cuniculi
兔腦炎微孢子蟲病	Encephalitozoon cuniculi
入院时存在的情况	Condition present on admission
入院時存在的情況	Condition present on admission
內分泌學篩查評估	Endocrine screen assessment
內醯胺酶型微生物	Beta lactamase organism
全基因組序列分析	Whole genome sequence analysis
全基因组序列分析	Whole genome sequence analysis
全子宫切除术日期	Date of total hysterectomy
全子宮切除術日期	Date of total hysterectomy
全氟甲基庚烷磺酸	Perfluoromethylheptane sulfonate
全面止血功能組套	Global Hemostasis
全面止血功能组套	Global Hemostasis
公斤体重乳糖之后	kg lactose PO
公斤體重乳糖之後	kg lactose PO
公證人印鑑標識符	Notary seal ID
公证人印鉴标识符	Notary seal ID
关于抗生素的想法	Thoughts on antibiotics
关节病原体类组套	Joint pathogens
关节腔隙多重视图	Views Holmblad
兴奋剂类药物组套	Stimulants drug
其他的患者标识符	Other patient identifier
其他的患者標識符	Other patient identifier
内分泌学筛查评估	Endocrine screen assessment
内酰胺酶型微生物	Beta lactamase organism
军团菌血清群组套	Legionella serogroup
农药与杀虫剂组套	Pesticide & Insecticide
冠心病多基因分析	Coronary heart disease multigene analysis
冠状动脉支架数量	Coronary stent number
冠状动脉支架直径	Coronary stent diameter
冠状动脉支架长度	Coronary stent length
冠狀動脈支架數量	Coronary stent number
冠狀動脈支架直徑	Coronary stent diameter
冠狀動脈支架長度	Coronary stent length
凝块形成滞后时间	Clot formation lag time
凝塊形成滯後時間	Clot formation lag time
出生前测试与监测	Antenatal testing and surveillance
出生前測試與監測	Antenatal testing and surveillance
出生医院设施名称	Birth hospital facility name
出生医院设施地址	Birth hospital facility address
出生醫院設施名稱	Birth hospital facility name
出生醫院設施地址	Birth hospital facility address
分叉型病变结束段	Bifurcated lesion end segment
分叉型病變結束段	Bifurcated lesion end segment
分枝杆菌鉴定组套	Mycobacterial identification
分枝桿菌鑑定組套	Mycobacterial identification
初級執業人員姓名	Primary practitioner name
初級執業人員職業	Primary practitioner profession
初级执业人员姓名	Primary practitioner name
初级执业人员职业	Primary practitioner profession
利什曼原虫属抗体	Leishmania
利什曼原蟲屬抗體	Leishmania
到收縮末期的時間	Time to end-systole
到收缩末期的时间	Time to end-systole
到达时的生命迹象	Signs of life at arrival
到達時的生命跡象	Signs of life at arrival
刺激后葡萄糖组套	Glucose post XXX challenge
刺激後葡萄糖組套	Glucose post XXX challenge
剂量未加详细说明	dosage unspecified
前任僱主郵政編碼	Past employer postal code
前任雇主邮政编码	Past employer postal code
前列腺外侵犯範圍	Extraprostatic extension extent
前列腺外侵犯范围	Extraprostatic extension extent
前列腺外侵犯部位	Extraprostatic extension site
前列腺特异性抗原	Prostate specific antigen PSA
前列腺特異性抗原	Prostate specific antigen PSA
前列腺癌分級分組	Prostate cancer grade
前列腺癌分级分组	Prostate cancer grade
前哨淋巴結外侵犯	Sentinel lymph node extranodal extension
前哨淋巴结外侵犯	Sentinel lymph node extranodal extension
剧烈活动持续时长	Duration of vigorous
副百日咳博德特菌	Bordetella parapertussis
副肿瘤性视力丧失	Paraneoplastic vision loss
副腫瘤性視力喪失	Paraneoplastic vision loss
劇烈活動持續時長	Duration of vigorous
劑量未加詳細說明	dosage unspecified
办公电话号码分机	Business phone number extension
功能状态评估记录	Functional status assessment note
功能狀態評估記錄	Functional status assessment note
加量放射治疗方式	Boost radiation treatment modality
加量放射治療方式	Boost radiation treatment modality
动力驱动车辆附件	Power operated vehicles attachment
动态血压监测检查	Ambulatory blood pressure monitor study
动物复方药物标签	Animal compounded drug label
動力驅動車輛附件	Power operated vehicles attachment
動態血壓監測檢查	Ambulatory blood pressure monitor study
動物複方藥物標籤	Animal compounded drug label
化学刺激耐受检查	Chemistry challenge studies
化学疗法效果组套	Chemotherapy effectiveness
化学疗法治疗方案	Chemotherapy Rx
化學刺激耐受檢查	Chemistry challenge studies
化學療法效果組套	Chemotherapy effectiveness
化學療法治療方案	Chemotherapy Rx
化疗灌注停止日期	Chemotherapy infusion stop date
化疗灌注停止时间	Chemotherapy infusion stop time
化疗灌注开始日期	Chemotherapy infusion start date
化疗灌注开始时间	Chemotherapy infusion start time
化療灌注停止日期	Chemotherapy infusion stop date
化療灌注停止時間	Chemotherapy infusion stop time
化療灌注開始日期	Chemotherapy infusion start date
化療灌注開始時間	Chemotherapy infusion start time
医嘱开立执业人员	Ordering practitioner
医师运输证明信息	Physician certification for transport information
医师运输证明声明	Physician certification for transport statement
医师运输证明标志	Physician certification for transport indicator
医疗保健服务代理	Healthcare agent
医疗保健服务沟通	Healthcare communication
医疗服务人员角色	Provider role
医疗服务计划记录	Plan of care note
医疗补助计划编号	Medicaid number
医院出院处置记录	Hospital discharge disposition note
医院出院摘要组套	Hospital discharge summary
医院出院操作项目	Hospital discharge procedures
医院出院检查摘要	Hospital discharge studies summary
医院出院诊断记录	Hospital discharge diagnosis note
医院指定收治能力	Hospital designation capability
十六碳-9-烯酸	棕榈油酸 Palmitoleate C16:1w7 omega-7 Moles volume Serum Plasma
十四烷二烯酰肉碱	Tetradecadienoylcarnitine (C14:2)
十四烷二烯醯肉鹼	Tetradecadienoylcarnitine (C14:2)
十四碳二烯酰肉碱	Tetradecadienoylcarnitine C14:2
十四碳二烯醯肉鹼	Tetradecadienoylcarnitine C14:2
半乳糖羟基赖氨酸	Galactosylhydroxylysine
半乳糖羥基賴氨酸	Galactosylhydroxylysine
半胱氨酸氨基肽酶	Cystinyl aminopeptidase
卒中量表总体解释	Stroke scale overall interpretation
卒中量表總體解釋	Stroke scale overall interpretation
单个等位基因组套	Individual allele
单核细胞亚群组套	Monocyte subsets
单核细胞分布宽度	Monocyte distribution width
单环己基膦酸甲酯	Monocyclohexyl methylphosphonate
单磷酸甘油变位酶	Monophosphoglyceromutase
卟啉病多基因分析	Porphyria multigene analysis
卫生能力量表分级	Hygiene scale
卫生设施获取条件	Access to sanitation
卵叶车前子缓泻剂	Ispaghula laxative
卵葉車前子緩瀉劑	Ispaghula laxative
厂商设备信息组套	Vendor device information
厂商设备机型代码	Vendor device model code
厂商设备机型类型	Vendor device model type
厄瓜多尔内阿米巴	Entamoeba histolytica+Entamoeba dispar+Entamoeba ecuadoriensis+Entamoeba nuttalli
原位侵袭性黑素瘤	Invasive melanoma in situ
原位侵襲性黑素瘤	Invasive melanoma in situ
去医院的运输方式	Transport mode to hospital
去烷基三氟甲安定	Desalkylhalazepam
去甲基三甲丙咪嗪	Nortrimipramine
去甲基甲氨二氮卓	Norchlordiazepoxide
去醫院的運輸方式	Transport mode to hospital
双相障碍筛查报告	Bipolar screening report
发热类疾病抗体谱	Febrile antibody profile
发病时的妊娠分期	Trimester at onset of illness
变态反应不耐清单	Allergy intolerance list
口授執業人員姓名	Dictating practitioner name
口授执业人员姓名	Dictating practitioner name
可溶性白細胞介素	Interleukin 2 receptor
可溶性白细胞介素	Interleukin 2 receptor
右侧冠状动脉导管	Right coronary artery catheter
右側冠狀動脈導管	Right coronary artery catheter
合成芬太尼类似物	Synthetic fentanyl analogs
合成芬太尼類似物	Synthetic fentanyl analogs
同型半胱氨酸摄入	Homocysteine intake
同型半胱氨酸攝入	Homocysteine intake
同型香子兰酸组套	Homovanillate
同型香子蘭酸組套	Homovanillate
后叶激素运栽蛋白	Neurophysin
吞咽能力量表分級	Swallowing scale
吞咽能力量表分级	Swallowing scale
吡咯烷基己基苯酮	Alpha-Pyrrolidinohexiophenone
吡咯烷甲苯基丙烯	Triprolidine
听力损失风险指标	Hearing loss risk indicators
听力筛查结果标志	Hearing screen results indicator
听力筛查随访状态	Hearing screen follow-up status
吸入刺激試驗報告	Inhalation challenge test report
吸入刺激试验报告	Inhalation challenge test report
吸入氧气信息组套	Inspired oxygen information
吸入氧氣信息組套	Inspired oxygen information
吸收不良評價組套	Malabsorption Evaluation Panel
吸收不良评价组套	Malabsorption Evaluation Panel
吸气保持时间设置	Inspiratory hold time setting
吸气停顿时间设置	Inspiratory pause time setting
吸氣保持時間設置	Inspiratory hold time setting
吸氣停頓時間設置	Inspiratory pause time setting
呋喃甲酰基甘氨酸	Furoylglycine
呋喃甲醯基甘氨酸	Furoylglycine
员工协助计划附件	Employee assistance program attachment
呼吸努力相关觉醒	Respiratory effort-related arousal
呼吸努力相關覺醒	Respiratory effort-related arousal
呼吸暂停持续时间	Apnea duration
呼吸暫停持續時間	Apnea duration
呼吸疗法索赔附件	respiratory therapy service attachment
呼吸療法索賠附件	respiratory therapy service attachment
呼吸試驗預測方法	Respiratory test prediction method
呼吸试验预测方法	Respiratory test prediction method
呼气保持时间设置	Expiratory hold time setting
呼氣保持時間設置	Expiratory hold time setting
咳嗽初次发作年龄	Age at cough onset
咳嗽初次发作日期	Date of cough onset
咳嗽初次發作年齡	Age at cough onset
咳嗽初次發作日期	Date of cough onset
員工協助計劃附件	Employee assistance program attachment
唯一性条形码编号	Unique bar code number
唯一性條形碼編號	Unique bar code number
唯一性装置标识符	Unique device identifier
唯一性裝置標識符	Unique device identifier
唾液酸神經節苷脂	Ganglioside GQ1a
唾液酸神经节苷脂	Ganglioside GQ1a
問題診斷考慮事項	Problem diagnostic considerations
單個等位基因組套	Individual allele
單核細胞亞群組套	Monocyte subsets
單核細胞分布寬度	Monocyte distribution width
單環己基膦酸甲酯	Monocyclohexyl methylphosphonate
單磷酸甘油變位酶	Monophosphoglyceromutase
嗜中性粒細胞相關	Neutrophil associated
嗜中性粒细胞相关	Neutrophil associated
嗜肺军团菌血清群	Legionella pneumophila serogroup
嗜肺軍團菌血清群	Legionella pneumophila serogroup
嗜麥芽窄食單胞菌	Stenotrophomonas maltophilia
嗜麦芽窄食单胞菌	Stenotrophomonas maltophilia
器械設備製造日期	Device manufacture date
器械设备制造日期	Device manufacture date
嚴重聯合免疫缺陷	Severe combined immunodeficiency
四亚甲基二砜四胺	Tetramethylenedisulfotetramine
四亞甲基二碸四胺	Tetramethylenedisulfotetramine
因疾病死亡的数量	Number dead from condition
因疾病死亡的數量	Number dead from condition
圣路易型脑炎病毒	Saint Louis encephalitis virus
在丝裂原刺激之后	post mitogen stimulation
在剂量可乐定之前	pre or post dose cloNIDine
在剂量葡萄糖之前	pre or post dose glucose
在劑量可樂定之前	pre or post dose cloNIDine
在劑量葡萄糖之前	pre or post dose glucose
在参加体育运动时	while playing a sport
在參加體育運動時	while playing a sport
在口服吡哆醇之后	post pyridoxine PO
在口服吡哆醇之後	post pyridoxine PO
在干细胞移植之后	post stem cell transplantation
在幹細胞移植之後	post stem cell transplantation
在心房收縮過程中	during atrial contraction
在心房收缩过程中	during atrial contraction
在支气管扩张之前	pre bronchodilation
在支气管扩张之后	post bronchodilation
在支氣管擴張之前	pre bronchodilation
在支氣管擴張之後	post bronchodilation
在救护车运输之后	after Ambulance transport
在救护车运送之前	before Ambulance transport
在救護車運輸之後	after Ambulance transport
在救護車運送之前	before Ambulance transport
在治疗性饮食之后	post therapeutic diet
在治療性飲食之後	post therapeutic diet
在液体型禁食之后	post 30M FFst
在液體型禁食之後	post 30M FFst
在添加肝素酶之后	after addition of heparinase
在添加肝素酶之後	after addition of heparinase
在清醒性鎮靜之前	pre conscious sedation
在清醒性鎮靜之後	post conscious sedation
在清醒性镇静之前	pre conscious sedation
在清醒性镇静之后	post conscious sedation
在热量型禁食之前	pre CFst
在热量型禁食之后	post CFst
在熱量型禁食之前	pre CFst
在熱量型禁食之後	post CFst
在給予劑量鈣之前	pre dose calcium
在給予去鐵胺之後	post dose deferoxamine
在絲裂原刺激之後	post mitogen stimulation
在给予剂量钙之前	pre dose calcium
在给予去铁胺之后	post dose deferoxamine
坚果类变应原组套	Nut allergen
型副流感病毒抗体	Parainfluenza virus A
型副流感病毒抗體	Parainfluenza virus A
型血小板反应蛋白	Thrombospondin type I domain-containing 7A
型血小板反應蛋白	Thrombospondin type I domain-containing 7A
執行方實驗室組套	Performing laboratory
基因內部串聯重複	FLT3 gene internal tandem duplication
基因内部串联重复	FLT3 gene internal tandem duplication
基孔肯亚病毒抗体	Chikungunya virus
基孔肯亞病毒抗體	Chikungunya virus
基础疼痛指数评分	Foundation Pain Index Score
基礎疼痛指數評分	Foundation Pain Index Score
堅果類變應原組套	Nut allergen
報告來源重寫標記	Report source override flag
塞姆利基森林病毒	Semliki forest virus
塞扎裡症候群監測	Sezary syndrome monitoring
塞扎裡症候群診斷	Sezary syndrome diagnosis
塞扎里综合征监测	Sezary syndrome monitoring
塞扎里综合征诊断	Sezary syndrome diagnosis
墨累山谷脑炎病毒	Murray Valley encephalitis virus
墨累山谷腦炎病毒	Murray Valley encephalitis virus
墨西哥利什曼原虫	Leishmania mexicana
墨西哥利什曼原蟲	Leishmania mexicana
处方医疗装置标签	Prescription medical device label
处方已规定的药物	Medication prescribed
处方所规定的数量	Quantity prescribed
处方所规定的频次	Frequency prescribed
复杂病情行动计划	Complex medical conditions action plan
外科手术出院日期	Date of surgical discharge
外科手术前方入路	Anterior surgical access
外科手术后方入路	Posterior surgical access
外科手术措施组套	Surgical measures
外科手术记录组套	Surgical operative note
外科手術出院日期	Date of surgical discharge
外科手術前方入路	Anterior surgical access
外科手術後方入路	Posterior surgical access
外科手術措施組套	Surgical measures
外科手術記錄組套	Surgical operative note
外科病理学检查类	Surgical pathology studies
外科病理學檢查類	Surgical pathology studies
多种吸入性变应原	Multiple inhalant allergen
多种羧化酶缺陷症	Multiple carboxylase deficiency
多種吸入性變應原	Multiple inhalant allergen
多種羧化酶缺陷症	Multiple carboxylase deficiency
多重耐药型分离株	multidrug resistant isolate
多重耐藥型分離株	multidrug resistant isolate
多重視圖與前後位	Views AP + Y
多重视图与前后位	Views AP + Y
夜間覺醒持續時間	Nighttime awakening duration
夜间觉醒持续时间	Nighttime awakening duration
大众传播文档名称	Public communication document name
大众传播文档类型	Public communication document type
大众传播目标区域	Public communication target region
大众传播目标群体	Public communication target
大眾傳播文檔名稱	Public communication document name
大眾傳播文檔類型	Public communication document type
大眾傳播目標區域	Public communication target region
大眾傳播目標群體	Public communication target
大肠菌群菌落计数	Coliform colony
大腸菌群菌落計數	Coliform colony
天門冬氨酸轉氨酶	Aspartate aminotransferase AST
天门冬氨酸转氨酶	Aspartate aminotransferase AST
夫拉扎勃代謝產物	Furazabol metabolite
夫拉扎勃代谢产物	Furazabol metabolite
奈非那韋代謝產物	Nelfinavir M8
奈非那韦代谢产物	Nelfinavir M8
妇科癌多基因分析	Gynecological carcinoma multigene analysis
妊娠疱疹抗体组套	Herpes gestationis
妊娠皰疹抗體組套	Herpes gestationis
妊娠相关血浆蛋白	Pregnancy associated plasma protein A
妊娠相關血漿蛋白	Pregnancy associated plasma protein A
姑息医疗服务记录	Respite note
姑息醫療服務記錄	Respite note
婦科癌多基因分析	Gynecological carcinoma multigene analysis
婴幼儿配方奶喂养	Infant formula feedings
婴幼儿配方奶摄入	Infant formula intake
嬰幼兒配方奶攝入	Infant formula intake
嬰幼兒配方奶餵養	Infant formula feedings
子宫切除术同意书	Hysterectomy consent
子宫肌层浸润深度	Depth of myometrial invasion
子宫肌层浸润范围	Extent of myometrial invasion
子宫附件累及部位	Site of adnexal involvement
子宮切除術同意書	Hysterectomy consent
子宮肌層浸潤深度	Depth of myometrial invasion
子宮肌層浸潤範圍	Extent of myometrial invasion
子宮附件累及部位	Site of adnexal involvement
孕酮受体荧光强度	Progesterone receptor fluorescence intensity
孕酮受體螢光強度	Progesterone receptor fluorescence intensity
孕齡的產科學估計	Obstetric estimation of gestational age
孕龄的产科学估计	Obstetric estimation of gestational age
存在的人类白细胞	HLA Ag present
存在的人類白細胞	HLA Ag present
存在轉移的淋巴結	Lymph nodes with metastasis
存在转移的淋巴结	Lymph nodes with metastasis
安全事項評估記錄	Safety issue assessment note
安全事项评估记录	Safety issue assessment note
安全处理警告小节	Safe handling warning section
安全處理警告小節	Safe handling warning section
完全丧失型红细胞	CD59 complete loss
完全丧失性红细胞	CD59 complete loss
完全喪失型紅細胞	CD59 complete loss
完全喪失性紅細胞	CD59 complete loss
完整呼吸的順應性	Compliance of entire breath
完整呼吸的顺应性	Compliance of entire breath
定性型灌注类多层	Multisection perfusion qualitative
定性型灌注類多層	Multisection perfusion qualitative
实验室检验项目类	Lab tests
客觀式屈光度組套	Objective refraction
客观式屈光度组套	Objective refraction
宫颈粘液穿透试验	cervical mucus penetration test
宫高达到脐部日期	Date fundal height reaches umbilicus
宮頸粘液穿透試驗	cervical mucus penetration test
宮高達到臍部日期	Date fundal height reaches umbilicus
家庭健康索賠附件	Home health claims attachment
家庭健康索赔附件	Home health claims attachment
家庭暴力筛查报告	Domestic violence screening report
家庭暴力篩查報告	Domestic violence screening report
家庭毒品筛查组套	Home drug screening
家庭毒品篩查組套	Home drug screening
實驗室檢驗項目類	Lab tests
寨卡病毒抗体组套	Zika virus
寨卡病毒抗體組套	Zika virus
对乙酰氨基酚结晶	Acetaminophen crystals
对异丁基苯异丙酸	Ibuprofen
对氟环丙基芬太尼	p-Fluoro cyclopropyl fentanyl
对疾病的深刻理解	Insight into illness
对癌症治疗的反应	Response to cancer treatment
对羟基苯甲酸甲酯	Methylparaben
导引导管产品名称	Guiding catheter product name
射血分数几何公式	Ejection fraction geometry formula
射血分數幾何公式	Ejection fraction geometry formula
對乙醯氨基酚結晶	Acetaminophen crystals
對氟環丙基芬太尼	p-Fluoro cyclopropyl fentanyl
對異丁基苯異丙酸	Ibuprofen
對疾病的深刻理解	Insight into illness
對癌症治療的反應	Response to cancer treatment
對羥基苯甲酸甲酯	Methylparaben
導引導管產品名稱	Guiding catheter product name
小肠胶囊内镜检查	Small bowel capsule endoscopy study
小肠脑炎微孢子虫	Encephalitozoon intestinalis
小腸腦炎微孢子蟲	Encephalitozoon intestinalis
小腸膠囊內鏡檢查	Small bowel capsule endoscopy study
小麥根腐長蠕孢菌	Helminthosporium sativum
小麦根腐长蠕孢菌	Helminthosporium sativum
就診當時旨在複查	Visit was for recheck
就诊当时旨在复查	Visit was for recheck
尼瓦裡中瀬氏酵母	Nakaseomyces nivariensis
尼瓦里中瀬氏酵母	Nakaseomyces nivariensis
尿液分析全項組套	Urinalysis complete
尿液分析全项组套	Urinalysis complete
尿液分析完成状态	Urinalysis complete status
尿液分析完成狀態	Urinalysis complete status
尿苷单磷酸合成酶	Uridine monophosphate synthetase
尿苷單磷酸合成酶	Uridine monophosphate synthetase
尿路病原体类组套	Urinary tract pathogens
尿路病原體類組套	Urinary tract pathogens
局部放射治疗方案	Regional radiation Rx
局部放射治療方案	Regional radiation Rx
屈光能力测量增量	Refractive power measurement increment
屈光能力測量增量	Refractive power measurement increment
州服务提供者编号	State provider number
州服務提供者編號	State provider number
工作人员反应角色	Crew member response role
工作人員反應角色	Crew member response role
左侧冠状动脉导管	Left coronary artery catheter
左侧旋动脉后侧支	Posterolateral from left circumflex artery
左側冠狀動脈導管	Left coronary artery catheter
左側旋動脈後側支	Posterolateral from left circumflex artery
左心室流出道宽度	Left ventricular outflow tract width
左心室流出道寬度	Left ventricular outflow tract width
左心室流出道面积	Left ventricular outflow tract area
左心室流出道面積	Left ventricular outflow tract area
左旋甲状腺素吸收	Levothyroxine absorption
左旋甲狀腺素吸收	Levothyroxine absorption
左美吗嗪代谢产物	Methotrimeprazine metabolite
左美嗎嗪代謝產物	Methotrimeprazine metabolite
巨噬細胞炎性蛋白	Macrophage inflammatory protein 1
巨噬细胞炎性蛋白	Macrophage inflammatory protein 1
巨核細胞生成評估	Megakaryopoiesis assessment
巨核细胞生成评估	Megakaryopoiesis assessment
巨細胞病毒包涵體	Cytomegalovirus inclusion bodies
巨细胞病毒包涵体	Cytomegalovirus inclusion bodies
已从来源机构出院	Discharged from origin institution
已佔據的住院床位	Inpatient beds occupied
已分析核型的細胞	Cells karyotyped
已分析核型的细胞	Cells karyotyped
已占据的住院床位	Inpatient beds occupied
已发生术后并发症	Postoperative complication occurred
已執行的操作項目	Procedure(s) performed
已執行血管內超聲	Intravascular ultrasound performed
已完成任务百分比	Percent of task completed
已完成任務百分比	Percent of task completed
已從來源機構出院	Discharged from origin institution
已感染巴貝斯蟲的	Babesia sp infected
已感染巴贝斯虫的	Babesia sp infected
已执行的操作项目	Procedure(s) performed
已执行血管内超声	Intravascular ultrasound performed
已採集的操作標本	Procedure specimens taken
已滴定的血型抗体	Blood group antibody titered
已滴定的血型抗體	Blood group antibody titered
已發生術後併發症	Postoperative complication occurred
已被切除双侧卵巢	Had both ovaries removed
已被切除雙側卵巢	Had both ovaries removed
已誘發肺血管擴張	Pulmonary vasodilation induced
已诱发肺血管扩张	Pulmonary vasodilation induced
已配发的血液制品	Blood product dispensed
已配發的血液製品	Blood product dispensed
已采集的操作标本	Procedure specimens taken
巴貝斯蟲鑑定組套	Babesia identification
巴贝斯虫鉴定组套	Babesia identification
巴陶氏症先驗風險	Trisomy 13 prior risk
巴陶氏症先验风险	Trisomy 13 prior risk
布拉加中瀬氏酵母	Nakaseomyces bracarensis
布氏罗得西亚锥虫	Trypanosoma brucei rhodesiense
布氏羅得西亞錐蟲	Trypanosoma brucei rhodesiense
布魯氏菌反應風團	Brucella reaction wheal
布魯頓酪氨酸激酶	Bruton tyrosine kinase
布鲁氏菌反应风团	Brucella reaction wheal
布鲁顿酪氨酸激酶	Bruton tyrosine kinase
帮助阅读医院材料	Help reading hospital materials
常規產前評估組套	Routine prenatal assessment
常规产前评估组套	Routine prenatal assessment
幫助閱讀醫院材料	Help reading hospital materials
平均血小板內容物	Mean platelet component
平均血小板内容物	Mean platelet component
平均血小板干质量	Mean platelet dry
平均血小板幹質量	Mean platelet dry
平板运动试验评分	Duke Treadmill Score
平板運動試驗評分	Duke Treadmill Score
应急团队成员姓名	Response team member name
应急团队成员职位	Response team member title
应急团队成员资格	Response team member qualification
应急团队领导姓名	Response team leader name
应急团队领导职位	Response team leader title
应急团队领导资格	Response team leader qualification
座位提升机制附件	Seat lift mechanism attachment
座位提升機制附件	Seat lift mechanism attachment
廠商設備信息組套	Vendor device information
廠商設備機型代碼	Vendor device model code
廠商設備機型類型	Vendor device model type
延胡索酰乙酰乙酸	Fumarylacetoacetate
延胡索醯乙醯乙酸	Fumarylacetoacetate
异丙酚葡萄糖苷酸	Propofol glucuronide
引导注意力的能力	Ability to direct attention
引導注意力的能力	Ability to direct attention
当前妊娠的成活性	Viability of current pregnancy
当前成像操作描述	Current imaging procedure descriptions
当前限制严重程度	Current severity of limitation
当前雾化循环体积	Current nebulization cycle volume
当前雾化循环时间	Current nebulization cycle time
当时您非常害怕吗	Were you very scared
当时是何时安装的	When was the installation
後葉激素運栽蛋白	Neurophysin
從現場的運輸方式	Transport mode from scene
微生物学医嘱组类	Microbiology CNAMTS
微生物學醫囑組類	Microbiology CNAMTS
微生物或者作用物	Microorganism or agent
微生物敏感性試驗	Microbial susceptibility tests
微生物敏感性试验	Microbial susceptibility tests
微阵列平台版本号	Microarray platform version number
微陣列平臺版本號	Microarray platform version number
心力衰竭跟踪组套	Heart failure tracking
心力衰竭跟蹤組套	Heart failure tracking
心房收縮應變速率	Atrial contraction strain rate
心房收缩应变速率	Atrial contraction strain rate
心率指标持续时间	Heart rate measure duration
心率指標持續時間	Heart rate measure duration
心理健康指示表单	Directive form
心理健康指示表單	Directive form
心理健康治疗偏好	Mental health treatment preferences
心理健康治療偏好	Mental health treatment preferences
心理健康筛查报告	Mental health screening report
心理健康篩查報告	Mental health screening report
心肺复苏停止时间	Cardiopulmonary resuscitation stop time
心肺复苏开始时间	Cardiopulmonary resuscitation start time
心肺復甦停止時間	Cardiopulmonary resuscitation stop time
心肺復甦開始時間	Cardiopulmonary resuscitation start time
心脏停搏事件结局	Cardiac arrest event outcome
心脏停搏目击证人	Cardiac arrest witness
心脏射血分数方法	Cardiac ejection fraction method
心脏按压开始时间	Cardiac compression start time
心脏收缩期平均值	Systole 2
心脏收缩期最大值	Systole 2
心脏收缩末期容积	End-systolic volume
心脏杂音评估组套	Heart murmur assessment
心脏核素显像组套	Cardiac nuclear imaging
心脏电生理学检查	Cardiac electrophysiology study
心脏疾病行动计划	Heart disease action plan
心脏病学专家姓名	Cardiologist name
心脏相位检测组套	Cardiac phase measurement
心脏舒张末期容积	End-diastolic volume
心脏设备监测报告	Cardiac device monitoring report
心脏负荷超声检查	Cardiac stress echo study
心臟停搏事件結局	Cardiac arrest event outcome
心臟停搏目擊證人	Cardiac arrest witness
心臟射血分數方法	Cardiac ejection fraction method
心臟按壓開始時間	Cardiac compression start time
心臟收縮期平均值	Systole 2
心臟收縮期最大值	Systole 2
心臟收縮末期容積	End-systolic volume
心臟核素顯像組套	Cardiac nuclear imaging
心臟疾病行動計劃	Heart disease action plan
心臟病學專家姓名	Cardiologist name
心臟相位檢測組套	Cardiac phase measurement
心臟舒張末期容積	End-diastolic volume
心臟設備監測報告	Cardiac device monitoring report
心臟負荷超聲檢查	Cardiac stress echo study
心臟雜音評估組套	Heart murmur assessment
心臟電生理學檢查	Cardiac electrophysiology study
心血管疾病史組套	Cardiovascular disease history
心血管疾病史组套	Cardiovascular disease history
思維障礙量表分級	Thought disorder scale
思维障碍量表分级	Thought disorder scale
急性白血病标志物	Acute leukemia markers
急性白血病標誌物	Acute leukemia markers
急性肾脏损伤风险	Acute kidney injury risk
急性腎臟損傷風險	Acute kidney injury risk
急救医疗服务响应	EMS response
急救医疗服务处置	EMS disposition
急救医疗服务操作	EMS procedures
急救医疗服务方案	EMS protocol
急救医疗服务时间	EMS times
急救医疗服务现场	EMS scene
急救医疗服务记账	EMS billing
急救医疗服务调度	EMS dispatch
急救醫療服務操作	EMS procedures
急救醫療服務方案	EMS protocol
急救醫療服務時間	EMS times
急救醫療服務現場	EMS scene
急救醫療服務處置	EMS disposition
急救醫療服務記帳	EMS billing
急救醫療服務調度	EMS dispatch
急救醫療服務響應	EMS response
急診科操作與結果	ED procedures and results
急診科操作適應症	ED procedure indication
急診科設施標識符	ED facility ID
急诊科操作与结果	ED procedures and results
急诊科操作适应症	ED procedure indication
急诊科设施标识符	ED facility ID
性激素結合球蛋白	Sex hormone binding globulin
性激素结合球蛋白	Sex hormone binding globulin
总Omega-3	Omega 3 fatty acids w3
总Omega-6	Omega 6 fatty acids w6
总甲状腺素结合力	Total thyroxine binding capacity
息肉大小最大尺寸	Polyp size greatest dimension
息肉大小附加維度	Polyp size additional dimensions
息肉大小附加维度	Polyp size additional dimensions
恰格斯利什曼原虫	Leishmania chagasi K39
恰格斯利什曼原蟲	Leishmania chagasi K39
患者药物信息小节	Patient medication information section
患者藥物信息小節	Patient medication information section
患者身份标识数据	Patient identification data
患者身份標識數據	Patient identification data
患者适用信息小节	Information for patients section
患者適用信息小節	Information for patients section
您是否患有血友病	Hemophilia
您是否感到过肥胖	Have you felt fat
您是否感到過肥胖	Have you felt fat
愛滋病病毒前病毒	HIV proviral
感应到心室电活动	Ventricular electrical activity sensed
感应到心房电活动	Atrial electrical activity sensed
感應到心室電活動	Ventricular electrical activity sensed
感應到心房電活動	Atrial electrical activity sensed
感染性病原体组套	Infectious pathogens
感染性病原體組套	Infectious pathogens
感覺神經傳導組套	Sensory nerve conduction
感覺神經傳導速度	Sensory nerve conduction velocity
感觉神经传导组套	Sensory nerve conduction
感觉神经传导速度	Sensory nerve conduction velocity
慢性白血病标志物	Chronic leukemia markers
慢性白血病標誌物	Chronic leukemia markers
應急團隊成員姓名	Response team member name
應急團隊成員職位	Response team member title
應急團隊成員資格	Response team member qualification
應急團隊領導姓名	Response team leader name
應急團隊領導職位	Response team leader title
應急團隊領導資格	Response team leader qualification
我会喜欢快速驾驶	I would enjoy fast driving
我會喜歡快速駕駛	I would enjoy fast driving
所使用的医疗设备	Medical equipment used
所使用的安全装备	Safety equipment used
所使用的安全裝備	Safety equipment used
所使用的醫療設備	Medical equipment used
所完成的用药时长	Medication duration completed
所完成的用藥時長	Medication duration completed
所完成的药物施用	Administrations completed
所完成的藥物施用	Administrations completed
所採用的外科技術	Surgical technology used
所採用的編碼系統	Coding system used
所接收标本的数量	Number of specimens received
所接收標本的數量	Number of specimens received
所提供的輔助技術	Assistive technology provided
所提供的辅助技术	Assistive technology provided
所检查的视觉距离	Vision distance being tested
所检测的药物分类	Drug class tested
所檢查的視覺距離	Vision distance being tested
所檢測的藥物分類	Drug class tested
所测试标本的数量	Number of specimens tested
所测量的运动强度	Measured exertion intensity
所測試標本的數量	Number of specimens tested
所測量的運動強度	Measured exertion intensity
所獲取標本的數量	Number of specimens obtained
所监测的代谢紊乱	Metabolic disorder being monitored
所監測的代謝紊亂	Metabolic disorder being monitored
所获取标本的数量	Number of specimens obtained
所規定的治療日期	Date treatment prescribed
所觀察到的微生物	Microorganisms seen
所观察到的微生物	Microorganisms seen
所规定的治疗日期	Date treatment prescribed
所誘發的痙攣症狀	Spasm symptom induced
所诱发的痉挛症状	Spasm symptom induced
所輸送的氟烷氣體	Halothane gas delivered
所輸送的氟烷液體	Halothane liquid delivered
所输送的氟烷气体	Halothane gas delivered
所输送的氟烷液体	Halothane liquid delivered
所进行的功能训练	Functional training performed
所進行的功能訓練	Functional training performed
所配发供应量天数	Days' supply dispensed
所配发的医疗设备	Medical equipment dispensed
所配發供應量天數	Days' supply dispensed
所配發的醫療設備	Medical equipment dispensed
所采用的外科技术	Surgical technology used
所采用的编码系统	Coding system used
所飲用的酒精飲料	Alcoholic drink consumed
所饮用的酒精饮料	Alcoholic drink consumed
手术边缘肿瘤累及	Surgical margin tumor involvement
手術邊緣腫瘤累及	Surgical margin tumor involvement
扎伊尔埃博拉病毒	Ebola Zaire virus
执行方实验室组套	Performing laboratory
扫描型实验室结果	Scanned laboratory result
抑郁程度量表分级	Depression scale
抑鬱程度量表分級	Depression scale
抗双链DNA抗体	Anti dsDNA antibody
抗生素敏感性試驗	Antibiotic XXX
抗生素敏感性试验	Antibiotic XXX
抗眼乾燥病維生素	Vitamin A
抗眼干燥病维生素	Vitamin A
抗精神病药物组套	Antipsychotics drug
抗精神病藥物組套	Antipsychotics drug
抗胰蛋白酶表现型	Alpha 1 antitrypsin phenotype
抗胰蛋白酶表現型	Alpha 1 antitrypsin phenotype
抗雙鏈DNA抗體	Anti dsDNA antibody
报告来源重写标记	Report source override flag
拉克罗斯病毒抗体	La Crosse virus
拉克羅斯病毒抗體	La Crosse virus
拟交感神经作用药	Sympathomimetics
指令重复间隔时长	Direction repetition timing
指令重複間隔時長	Direction repetition timing
捕獲到心室電活動	Ventricular electrical activity captured
捕獲到心房電活動	Atrial electrical activity captured
捕获到心室电活动	Ventricular electrical activity captured
捕获到心房电活动	Atrial electrical activity captured
损伤严重程度评分	Injury severity score
掃描型實驗室結果	Scanned laboratory result
採用口服泛影葡胺	W gastrografin PO
採用口服鋇對比劑	W barium contrast PO
採用單一運動狀態	W single state of exercise
採用多種運動狀態	W multiple states of exercise
採用子宮內對比劑	W contrast IU
採用導管內對比劑	W contrast intra duct
採用尿道內對比劑	W contrast intra urethra
採用支架內對比劑	W contrast intra stent
採用淚管內對比劑	W contrast intra lacrimal duct
採用瘻管內對比劑	W contrast intra fistula
採用硬膜外對比劑	W contrast EP
採用竇道內對比劑	W contrast intra sinus tract
採用精囊內對比劑	W contrast intra seminal vesicle
採用膀胱內對比劑	W contrast intra bladder
採用血管內對比劑	W contrast intravascular
採用負透鏡的調節	Accommodation using minus lens
採用逆行性對比劑	W contrast retrograde
採用關節內對比劑	W contrast IS
採用順行性對比劑	W contrast antegrade
接收方請求標識符	Receiver request identifier
接收方请求标识符	Receiver request identifier
接触蛋白关联蛋白	Contactin-associated protein 1
接觸蛋白關聯蛋白	Contactin-associated protein 1
損傷嚴重程度評分	Injury severity score
操作項目持續時間	Procedure duration
操作項目緊急情況	Procedure urgency
操作项目持续时间	Procedure duration
操作项目紧急情况	Procedure urgency
擬交感神經作用藥	Sympathomimetics
收縮末期容積指數	End-systolic volume index
收缩末期容积指数	End-systolic volume index
放射治疗方案数量	Number of radiation Rx
放射治疗方案疗法	Radiation Rx therapy
放射治疗结束日期	Date radiation ended
放射治療方案數量	Number of radiation Rx
放射治療方案療法	Radiation Rx therapy
放射治療結束日期	Date radiation ended
教育計劃失效日期	Date education program expires
教育計劃完成日期	Date education program completed
教育計劃指定日期	Date education program assigned
教育計劃開始日期	Date education program started
教育计划失效日期	Date education program expires
教育计划完成日期	Date education program completed
教育计划开始日期	Date education program started
教育计划指定日期	Date education program assigned
整体功能水平组套	Global measure of physical function
整體功能水平組套	Global measure of physical function
斑点热群立克次体	Rickettsia spotted fever
斑疹伤寒立克次体	Rickettsia typhi
斑疹傷寒立克次體	Rickettsia typhi
斑點熱群立克次體	Rickettsia spotted fever
斯氏普罗威登斯菌	Providencia stuartii
斯氏普羅威登斯菌	Providencia stuartii
新发或复发的狭窄	New or recurrent stenosis
新生儿胆红素组套	Neonatal bilirubin
新生兒膽紅素組套	Neonatal bilirubin
新發或復發的狹窄	New or recurrent stenosis
新的情况让我焦虑	New situations make me anxious
新的情況讓我焦慮	New situations make me anxious
无偿照护人员关系	Unpaid caregiver relationship
无烟烟草戒除日期	Date quit smokeless tobacco
无牙颌牙槽嵴关系	Edentulous ridge relationship
既往成像操作描述	Prior imaging procedure descriptions
既往疾病診斷人員	Previous illness diagnosed by
既往疾病诊断人员	Previous illness diagnosed by
日常体能状态组套	Performance status
日常體能狀態組套	Performance status
旨在去神經的引導	Guidance for denervation
旨在去神经的引导	Guidance for denervation
旨在引流术的引导	Guidance for drainage
旨在引流術的引導	Guidance for drainage
旨在扩张术的引导	Guidance for dilation
旨在擴張術的引導	Guidance for dilation
旨在栓塞术的引导	Guidance for embolization for tumor
旨在栓塞術的引導	Guidance for embolization for tumor
旨在消融术的引导	Guidance for ablation
旨在消融術的引導	Guidance for ablation
旨在穿刺术的引导	Guidance for paracentesis
旨在穿刺術的引導	Guidance for paracentesis
旨在結紮術的引導	Guidance for ligation
旨在结扎术的引导	Guidance for ligation
旨在置入夹的引导	Guidance for placement of clip
旨在置入夾的引導	Guidance for placement of clip
旨在置入針的引導	Guidance for placement of needle
旨在置入针的引导	Guidance for placement of needle
旨在針定位的引導	Guidance for needle localization
旨在针定位的引导	Guidance for needle localization
是否拒絕採集標本	Refused specimen collection
是否拒绝采集标本	Refused specimen collection
晚期氧化蛋白产物	Advanced oxidation protein products
晚期氧化蛋白產物	Advanced oxidation protein products
晚期痴呆疼痛評估	Pain assessment in advanced dementia
晚期痴呆疼痛评估	Pain assessment in advanced dementia
書寫能力量表分級	Handwriting scale
最主要的血紅蛋白	Most predominant hemoglobin
最主要的血红蛋白	Most predominant hemoglobin
最低肺泡浓度总计	Minimum alveolar concentration sum
最低肺泡濃度總計	Minimum alveolar concentration sum
最后一次经口摄入	Last oral intake
最大凝块强度幅度	Maximum clot strength amplitude
最大凝塊強度幅度	Maximum clot strength amplitude
最大空气质量指数	Maximum air quality index (AQI)
最大空氣品質指數	Maximum air quality index (AQI)
最小立体视觉角度	Minimum stereopsis angle
最小立體視覺角度	Minimum stereopsis angle
最後一次經口攝入	Last oral intake
最明确的操作项目	YYY most definitive procedure
最明確的操作項目	YYY most definitive procedure
最近重大变化小节	Recent major changes section
最近重大變化小節	Recent major changes section
最重要的功能方面	Most important functional area
月經周期持續時間	Menstrual period duration
月经周期持续时间	Menstrual period duration
服用着常规的药物	Takes routine medication
服用著常規的藥物	Takes routine medication
未作說明的微生物	XXX microorganism
未作说明的微生物	XXX microorganism
未分餾型成分組套	unfractionated
未分餾型成分解釋	unfractionated interpretation
未分馏型成分组套	unfractionated
未分馏型成分解释	unfractionated interpretation
未詳細說明的細胞	Unspecified cells
未详细说明的细胞	Unspecified cells
末次月經周期年齡	Age at last menstrual period
末次月經周期日期	Date last menstrual period
末次月经周期年龄	Age at last menstrual period
末次月经周期日期	Date last menstrual period
末次眼科检查日期	Date of last eye examination
末次眼科檢查日期	Date of last eye examination
术前核对过程组套	Preoperative verification process
术后随访时间间隔	Postoperative follow-up interval
机械循环支持类型	Type of mechanical circulatory support
来源信息的准确性	Accuracy of information from source
来自装置的引流量	Drainage amount from device
染色体分析主组套	Chromosome analysis master
染色体单亲双体性	Chromosome uniparental disomy
染色体拷贝数变化	Chromosome copy number change
染色体非整倍体性	Chromosome X & Y aneuploidy
染色體分析主組套	Chromosome analysis master
染色體單親雙體性	Chromosome uniparental disomy
染色體拷貝數變化	Chromosome copy number change
染色體非整倍體性	Chromosome X & Y aneuploidy
查菲埃立克体抗体	Ehrlichia chaffeensis
查菲埃立克體抗體	Ehrlichia chaffeensis
标本来源身份鉴定	Specimen source identification
标本相关信息组套	Specimen-related information
标本酸碱度可接受	Specimen pH acceptable
样品等位基因频率	Sample variant allelic frequency
核糖体蛋白磷酸盐	Phospho-S6 ribosomal protein
核糖體蛋白磷酸鹽	Phospho-S6 ribosomal protein
格拉斯哥昏迷分值	Glasgow coma score
格拉斯哥昏迷評分	Glasgow coma score
格拉斯哥昏迷评分	Glasgow coma score
格拉斯哥昏迷量表	Glasgow coma scale
桃花心木木材粉塵	Mahogany wood dust
桃花心木木材粉尘	Mahogany wood dust
案例報告加載日期	Date case report loaded
案例報告導出日期	Date case report exported
案例報告接收日期	Date case report received
案例报告加载日期	Date case report loaded
案例报告导出日期	Date case report exported
案例报告接收日期	Date case report received
案例最后变更日期	Date case last changed
案例最後變更日期	Date case last changed
梅毒神經系統累及	Syphilis neurological involvement
梅毒神经系统累及	Syphilis neurological involvement
梅毒筛查试验状态	Syphilis screen test status
梅毒篩查試驗狀態	Syphilis screen test status
检查时的脉搏强度	Pulse strength on exam
检验结果递送方法	Test result delivery method
棕榈酰磷脂酰胆碱	Palmitoylphosphatidyl choline
棕榈酰蛋白硫酯酶	Palmitoyl protein thioesterase
棕櫚醯磷脂醯膽鹼	Palmitoylphosphatidyl choline
棕櫚醯蛋白硫酯酶	Palmitoyl protein thioesterase
棱镜基准方向中距	Prism base direction intermediate
棱镜基础方向近距	Prism base direction near
棱镜基础方向远距	Prism base direction far
植入前多基因分析	Preimplantation multigene analysis
植物甾烷醇酯摄入	Plant stanol ester intake
植物甾烷醇酯攝入	Plant stanol ester intake
標本來源身份鑑定	Specimen source identification
標本相關信息組套	Specimen-related information
標本酸鹼度可接受	Specimen pH acceptable
樣品等位基因頻率	Sample variant allelic frequency
機械循環支持類型	Type of mechanical circulatory support
檢查時的脈搏強度	Pulse strength on exam
檢驗結果遞送方法	Test result delivery method
欧洲冷杉木材粉尘	Abies alba wood dust
欧洲梣木木材粉尘	Fraxinus excelsior wood dust
欧洲蜱传脑炎病毒	European tick borne encephalitis virus
欧米伽-3 指数	Omega-3 EPA+DHA index Eicosapentaenoate Docosahexaenoate Serum Plasma
歐洲冷杉木材粉塵	Abies alba wood dust
歐洲梣木木材粉塵	Fraxinus excelsior wood dust
歐洲蜱傳腦炎病毒	European tick borne encephalitis virus
歐米伽-3 指數	Omega-3 EPA+DHA index Eicosapentaenoate Docosahexaenoate Serum Plasma
正压阶段持续时间	Positive pressure phase duration
正壓階段持續時間	Positive pressure phase duration
正畸治疗前提条件	Orthodontic preconditions
正畸治疗服务附件	Orthodontic service attachment
正畸治療前提條件	Orthodontic preconditions
正畸治療服務附件	Orthodontic service attachment
母乳喂养开始日期	Breastfeeding start date
母乳餵養開始日期	Breastfeeding start date
每个月的酗酒事件	Alcohol binge episodes per M
每個月的酗酒事件	Alcohol binge episodes per M
每星期工作小时数	Work Hs per W
每星期工作小時數	Work Hs per W
比重可接受性标本	Specimen specific gravity acceptable
比重可接受性標本	Specimen specific gravity acceptable
毫克卡托普利之前	pre 25 mg captopril PO
毫克卡托普利之后	post 25 mg captopril PO
毫克卡託普利之前	pre 25 mg captopril PO
毫克卡託普利之後	post 25 mg captopril PO
氏症候群先驗風險	Trisomy 21 prior risk
氏综合征先验风险	Trisomy 21 prior risk
气体与电解质组套	Gas & electrolytes
气管内吸引管类型	Endotracheal suction catheter types
气道内双水平正向	bilevel positive airway
气道压力备份设置	Airway pressure backup setting
气道压力差值设置	Airway pressure delta setting
气道正压装置使用	Positive airway pressure device usage
气道装置置入确认	Airway device placement confirmation method
氢琥珀酸甘草次酸	18-Beta glycyrrhetinate
氣管內吸引管類型	Endotracheal suction catheter types
氣道內雙水平正向	bilevel positive airway
氣道壓力備份設置	Airway pressure backup setting
氣道壓力差值設置	Airway pressure delta setting
氣道正壓裝置使用	Positive airway pressure device usage
氣道裝置置入確認	Airway device placement confirmation method
氣體與電解質組套	Gas & electrolytes
氧化亚氮气流设置	nitrous oxide flow setting
氧化亞氮氣流設置	nitrous oxide flow setting
氧飽和度裝置組套	Oxygen saturation device
氧饱和度装置组套	Oxygen saturation device
氨下青霉素甲戊酯	Bacampicillin
氨下青黴素甲戊酯	Bacampicillin
氨基氟硝安定組套	Flunitrazepam & 7-Aminoflunitrazepam
氨基氟硝安定组套	Flunitrazepam & 7-Aminoflunitrazepam
氨基糖苷类抗生素	Aminoglycoside
氨基糖苷類抗生素	Aminoglycoside
氨甲喋呤三穀氨酸	Methotrexate triglutamate
氨甲喋呤三谷氨酸	Methotrexate triglutamate
氨甲喋呤二穀氨酸	Methotrexate diglutamate
氨甲喋呤二谷氨酸	Methotrexate diglutamate
氨甲喋呤五穀氨酸	Methotrexate pentaglutamate
氨甲喋呤五谷氨酸	Methotrexate pentaglutamate
氨甲喋呤单谷氨酸	Methotrexate monoglutamate
氨甲喋呤單穀氨酸	Methotrexate monoglutamate
氨甲喋呤四穀氨酸	Methotrexate tetraglutamate
氨甲喋呤四谷氨酸	Methotrexate tetraglutamate
氫琥珀酸甘草次酸	18-Beta glycyrrhetinate
氰化抗坏血酸筛查	Cyanide ascorbate screen
氰化抗壞血酸篩查	Cyanide ascorbate screen
氰化高鐵血紅蛋白	Cyanmethemoglobin
氰化高铁血红蛋白	Cyanmethemoglobin
水痘带状疱疹病毒	Varicella zoster virus VZV
水痘帶狀皰疹病毒	Varicella zoster virus VZV
永久性起搏器組套	Permanent pacemaker
永久性起搏器组套	Permanent pacemaker
汉普森尼短螺旋体	Brachyspira hampsonii
汗液分析专家评论	Sweat analysis specialist review
汗液分析專家評論	Sweat analysis specialist review
沟通交流语言信息	Language of communication information
沟通交流辅助手段	Communication aid
治疗方案编码系统	Coding system for Rx
治疗药物监测检查	Therapeutic drug monitoring studies
治療方案編碼系統	Coding system for Rx
治療藥物監測檢查	Therapeutic drug monitoring studies
泌尿生殖系統評估	Genitourinary assessment
泌尿生殖系统评估	Genitourinary assessment
波形觀察信息組套	Waveform observation information
波形观察信息组套	Waveform observation information
泵停止輸注的原因	Reason pump stopped infusing
泵停止输注的原因	Reason pump stopped infusing
流感嗜血杆菌类型	Haemophilus influenzae type
流感嗜血桿菌類型	Haemophilus influenzae type
流感病毒丙型抗体	Influenza virus C
流感病毒丙型抗原	Influenza virus C
流感病毒丙型抗體	Influenza virus C
流感病毒乙型抗体	Influenza virus B
流感病毒乙型抗原	Influenza virus B
流感病毒乙型抗體	Influenza virus B
流感病毒甲型亚型	Influenza virus A subtype
流感病毒甲型亞型	Influenza virus A subtype
流感病毒甲型抗体	Influenza virus A
流感病毒甲型抗原	Influenza virus A
流感病毒甲型抗體	Influenza virus A
流行性出血热病毒	Epizootic hemorrhagic disease virus
流行性出血熱病毒	Epizootic hemorrhagic disease virus
流行性腮腺炎之后	1 mL mumps ID
流行性腮腺炎之後	1 mL mumps ID
流行性腮腺炎病毒	Mumps virus
流行病学调查报告	Epidemiological investigation report
流行病學調查報告	Epidemiological investigation report
海伦脑炎微孢子虫	Encephalitozoon hellem
海倫腦炎微孢子蟲	Encephalitozoon hellem
淋巴細胞亞群解釋	Lymphocyte subset interpretation
淋巴細胞增殖組套	Lymphocyte proliferation
淋巴细胞亚群解释	Lymphocyte subset interpretation
淋巴细胞增殖组套	Lymphocyte proliferation
淋病筛查试验状态	Gonorrhea screen test status
淋病篩查試驗狀態	Gonorrhea screen test status
深度睡眠持續時間	Deep sleep duration
深度睡眠持续时间	Deep sleep duration
游离型胰蛋白酶原	Trypsinogen I
游離型胰蛋白酶原	Trypsinogen I
溃疡所累及的肿瘤	Tumor involved by ulceration
溝通交流語言信息	Language of communication information
溝通交流輔助手段	Communication aid
溶酶体神经节苷脂	Lysoganglioside GM1
溶酶体贮积症组套	Lysosomal storage disorders
溶酶体酸性脂肪酶	Lysosomal acid lipase
溶酶體神經節苷脂	Lysoganglioside GM1
溶酶體貯積症組套	Lysosomal storage disorders
溶酶體酸性脂肪酶	Lysosomal acid lipase
滤器前替代液速率	Pre-filter replacement fluid rate
滤器后替代液速率	Post-filter replacement fluid rate
漢普森尼短螺旋體	Brachyspira hampsonii
潮气量最大值设置	Tidal volume max setting
潮气量最小值设置	Tidal volume min setting
潮氣量最大值設置	Tidal volume max setting
潮氣量最小值設置	Tidal volume min setting
潰瘍所累及的腫瘤	Tumor involved by ulceration
澳大利亚立克次体	Rickettsia australis
澳大利亞立克次體	Rickettsia australis
激光治疗方案强度	YAG Rx intensity
激光治疗方案方式	YAG Rx mode
激光治疗方案注释	YAG Rx comment
濾器前替代液速率	Pre-filter replacement fluid rate
濾器後替代液速率	Post-filter replacement fluid rate
火雞腸炎冠狀病毒	Turkey enteritis coronavirus
火鸡肠炎冠状病毒	Turkey enteritis coronavirus
炭疽芽孢杆菌芽孢	Bacillus anthracis spore
炭疽芽孢杆菌荚膜	Bacillus anthracis capsule
炭疽芽孢桿菌芽孢	Bacillus anthracis spore
炭疽芽孢桿菌莢膜	Bacillus anthracis capsule
烟碱与可铁宁组套	Nicotine & Cotinine
烟草使用持续时间	Tobacco use duration
無償照護人員關係	Unpaid caregiver relationship
無煙菸草戒除日期	Date quit smokeless tobacco
無牙頜牙槽嵴關係	Edentulous ridge relationship
照护服务体验偏好	Care experience preference
照护服务团队信息	Care team information
照护服务移交场所	Care transfer location
照护服务管理记录	Care management note
照护服务缺陷报告	Gaps in care report
照护服务节段病历	Episode of care medical records
照护服务节段诊断	Episode of care diagnosis
照护服务过程指标	Process of care measures
照護服務團隊信息	Care team information
照護服務移交場所	Care transfer location
照護服務管理記錄	Care management note
照護服務節段病歷	Episode of care medical records
照護服務節段診斷	Episode of care diagnosis
照護服務缺陷報告	Gaps in care report
照護服務過程指標	Process of care measures
照護服務體驗偏好	Care experience preference
營養狀況觀察組套	Nutrition status observation
牙周疾病补充信息	Supplemental information about periodontal condition
牙周疾病補充信息	Supplemental information about periodontal condition
牙周病学服务附件	Periodontal service attachment
牙周病學服務附件	Periodontal service attachment
牙科正畸評價摘要	Orthodontic evaluation summary
牙科正畸评价摘要	Orthodontic evaluation summary
牛丘疹性口炎病毒	Bovine papular stomatitis virus
牛呼吸道合胞病毒	Bovine respiratory syncytial virus
牛病毒性腹泻病毒	Bovine diarrhea virus
牛病毒性腹瀉病毒	Bovine diarrhea virus
牛种布鲁氏菌抗体	Brucella abortus
牛種布魯氏菌抗體	Brucella abortus
物理疗法出院日期	Physical therapy discharge date
物理疗法目标组套	Physical therapy goals
物理疗法索赔附件	physical therapy service attachment
物理疗法转诊来源	Physical therapy referral source
物理療法出院日期	Physical therapy discharge date
物理療法目標組套	Physical therapy goals
物理療法索賠附件	physical therapy service attachment
物理療法轉診來源	Physical therapy referral source
物質使用情況記錄	Substance use note
物質使用障礙評分	Substance use disorder score
物质使用情况记录	Substance use note
物质使用障碍评分	Substance use disorder score
特裡費塔圖斯病毒	Trivittatus virus
特里费塔图斯病毒	Trivittatus virus
猪呼吸道冠状病毒	Porcine respiratory coronavirus
猪流行性腹泻病毒	Porcine epidemic diarrhea virus
猪痢疾蛇形螺旋体	Serpulina hyodysenteria
猪非典型性瘟病毒	Atypical porcine pestivirus
环己烷二异氰酸酯	Hexamethylene diisocyanate
玻璃珠誘導型組套	glass bead induced
玻璃珠诱导型组套	glass bead induced
球孢子菌反应风团	Coccidioides reaction wheal
球孢子菌反應風團	Coccidioides reaction wheal
球形細胞平均體積	Mean sphered cell volume
球形细胞平均体积	Mean sphered cell volume
琥珀酸半醛脫氫酶	Succinate semialdehyde dehydrogenase
琥珀酸半醛脱氢酶	Succinate semialdehyde dehydrogenase
環己烷二異氰酸酯	Hexamethylene diisocyanate
甜菜蛇眼病茎点霉	Phoma betae
甜菜蛇眼病莖點黴	Phoma betae
生命体征变异程度	vital signs variability
生命体征测量结果	Vital signs measurements
生命體徵測量結果	Vital signs measurements
生命體徵變異程度	vital signs variability
生物物理概况组套	Biophysical profile
生物物理概況組套	Biophysical profile
生物素化物酶缺陷	Biotinidase deficiency
生長激素結合蛋白	Somatotropin binding protein
生長激素釋放激素	Growth hormone-releasing hormone
生长激素结合蛋白	Somatotropin binding protein
生长激素释放激素	Growth hormone-releasing hormone
產酸肺炎克雷伯菌	Klebsiella pneumoniae + Klebsiella oxytoca
用力程度信息組套	Level of exertion information
用力程度信息组套	Level of exertion information
用戶安全警告小節	User safety warnings section
用户安全警告小节	User safety warnings section
用药医嘱停止日期	Medication order stop
用药安全信息组套	Medication safety information
用药开始评判准则	Medication start criterion
用药文档记录状态	Medication documentation status
用藥安全信息組套	Medication safety information
用藥文檔記錄狀態	Medication documentation status
用藥醫囑停止日期	Medication order stop
用藥開始評判準則	Medication start criterion
甲型流感病毒亚型	Influenza virus A subtype
甲型流感病毒亞型	Influenza virus A subtype
甲型流感病毒抗体	Influenza virus A
甲型流感病毒抗原	Influenza virus A
甲型流感病毒抗體	Influenza virus A
甲型肝炎病毒抗体	Hepatitis A virus
甲基丁烯酰甘氨酸	3-Methylcrotonylglycine
甲基丁烯醯甘氨酸	3-Methylcrotonylglycine
甲基乙酰乙酸乙酯	2-Methylacetoacetate
甲基乙醯乙酸乙酯	2-Methylacetoacetate
甲基巴豆酰基辅酶	3-Methylcrotonyl-CoA carboxylase deficiency
甲基巴豆酰甘氨酸	Tiglylglycine
甲基巴豆醯基輔酶	3-Methylcrotonyl-CoA carboxylase deficiency
甲基巴豆醯甘氨酸	Tiglylglycine
甲状腺激素结合率	Thyroid hormone binding ratio
甲状腺球蛋白抗体	Thyroglobulin antibody TgAb
甲状腺过氧化物酶	Thyroperoxidase
甲狀腺激素結合率	Thyroid hormone binding ratio
甲狀腺球蛋白抗體	Thyroglobulin antibody TgAb
甲狀腺過氧化物酶	Thyroperoxidase
甲苯异恶唑青霉素	Oxacillin
甲苯異惡唑青黴素	Oxacillin
甲酰勃龙代谢产物	Formebolone metabolite
甲醯勃龍代謝產物	Formebolone metabolite
电解质三项医嘱组	Electrolytes 3
男性內生殖器發育	Secondary male genitalia development
男性内生殖器发育	Secondary male genitalia development
異丙酚葡萄糖苷酸	Propofol glucuronide
當前妊娠的成活性	Viability of current pregnancy
當前成像操作描述	Current imaging procedure descriptions
當前限制嚴重程度	Current severity of limitation
當前霧化循環時間	Current nebulization cycle time
當前霧化循環體積	Current nebulization cycle volume
當時您非常害怕嗎	Were you very scared
當時是何時安裝的	When was the installation
疫苗接种不良反应	Vaccination adverse event
疫苗接种摘要报告	Immunization summary report
疫苗接种时的疾病	Illness at time of vaccination
疫苗接种身体部位	Vaccination body site
疫苗接种逾期日期	Date when overdue for immunization
疫苗接種不良反應	Vaccination adverse event
疫苗接種摘要報告	Immunization summary report
疫苗接種時的疾病	Illness at time of vaccination
疫苗接種身體部位	Vaccination body site
疫苗接種逾期日期	Date when overdue for immunization
疼痛性收縮的發作	Onset of painful contractions
疼痛性收缩的发作	Onset of painful contractions
疾病分期分类方法	Disease stage classification method
疾病分期分類方法	Disease stage classification method
疾病所影响的数量	Number affected by condition
疾病所影響的數量	Number affected by condition
病变处理持续时间	Lesion treatment duration
病变所影响的节段	Segment(s) affected by lesion
病情危急程度評估	Acuity assessment
病情危急程度评估	Acuity assessment
病情发作持续时长	Duration of condition per episode
病情發作持續時長	Duration of condition per episode
病毒中和試驗組套	Neut
病毒中和试验组套	Neut
病理医师诊断日期	Pathologist diagnosis date
病理学病例标识符	Pathology case identifier
病理學病例標識符	Pathology case identifier
病理醫師診斷日期	Pathologist diagnosis date
病程唯一性标识符	Episode unique identifier
病程唯一性標識符	Episode unique identifier
病變所影響的節段	Segment(s) affected by lesion
病變處理持續時間	Lesion treatment duration
症候群多基因分析	Hyper igE syndrome multigene analysis
痉挛负荷试验组套	Spasm stress test
痕量金属元素组套	CEH trace metals
痕量金屬元素組套	CEH trace metals
痙攣負荷試驗組套	Spasm stress test
癌症生存患者摘要	Pediatric cancer survivorship summary
癌症疾病进展情况	Cancer disease progression
癌症疾病進展情況	Cancer disease progression
癌的总直线毫米数	Total linear mm of carcinoma
癌的淋巴結外範圍	Extranodal extension of carcinoma
癌的淋巴结外范围	Extranodal extension of carcinoma
癌的總直線毫米數	Total linear mm of carcinoma
癌肉瘤的上皮成分	Epithelial component of carcinosarcoma
癌肉瘤的肉瘤成分	Sarcomatous component of carcinosarcoma
發熱類疾病抗體譜	Febrile antibody profile
發病時的妊娠分期	Trimester at onset of illness
白喉棒状杆菌毒素	Corynebacterium diphtheriae toxin
白喉棒狀桿菌毒素	Corynebacterium diphtheriae toxin
白消安曲線下面積	Busulfan area under the curve
白消安曲线下面积	Busulfan area under the curve
白細胞形態學發現	Leukocyte morphology finding
白细胞形态学发现	Leukocyte morphology finding
白色假丝酵母之后	1 mL Candida albicans ID
白色假丝酵母刺激	Candida albicans stimulation
白色假丝酵母抗体	Candida albicans
白色假絲酵母之後	1 mL Candida albicans ID
白色假絲酵母刺激	Candida albicans stimulation
白色假絲酵母抗體	Candida albicans
白蛉热西西里病毒	Sandfly fever Sicilian virus
白蛉熱西西里病毒	Sandfly fever Sicilian virus
白陶土誘導型組套	kaolin induced
白陶土诱导型组套	kaolin induced
皮疹初次发作年龄	Age at rash onset
皮疹初次發作年齡	Age at rash onset
皮肤试验解释日期	Date skin test interpreted
皮膚試驗解釋日期	Date skin test interpreted
皮質激素傳遞蛋白	Transcortin
皮质激素传递蛋白	Transcortin
直接抗球蛋白試驗	Direct antiglobulin test
直接抗球蛋白试验	Direct antiglobulin test
相对于患者的关系	Relationship to patient
相對於患者的關係	Relationship to patient
眉間至鼻中隔下點	Glabella to subnasale
眉间至鼻中隔下点	Glabella to subnasale
真菌內轉錄間隔區	Fungal ITS region
真菌内转录间隔区	Fungal ITS region
眼科病原体类组套	Ocular pathogens
眼科病原體類組套	Ocular pathogens
石膏样奈尼兹皮菌	Nannizzia gypsea
石膏樣奈尼茲皮菌	Nannizzia gypsea
破伤风梭菌类毒素	Clostridium tetani toxoid
破伤风类毒素刺激	mL tetanus toxoid stimulation
破傷風梭菌類毒素	Clostridium tetani toxoid
破傷風類毒素刺激	mL tetanus toxoid stimulation
硅藻土誘導型組套	diatomaceous earth induced
硅藻土诱导型组套	diatomaceous earth induced
硝基苯乙酸盐或酯	4-Hydroxy 3-Nitrophenylacetate
硝基苯乙酸鹽或酯	4-Hydroxy 3-Nitrophenylacetate
硝基蓝四氮唑试验	Nitroblue tetrazolium test
硝基藍四氮唑試驗	Nitroblue tetrazolium test
硝普盐反应性物质	Nitroprusside reacting substances
硝普鹽反應性物質	Nitroprusside reacting substances
硫嘌呤甲基轉移酶	Thiopurine methyltransferase
硫嘌呤甲基转移酶	Thiopurine methyltransferase
硫酸脫氫表雄甾酮	Dehydroepiandrosterone sulfate
硫酸脱氢表雄甾酮	Dehydroepiandrosterone sulfate
碱性磷酸酶同工酶	Alkaline phosphatase isoenzymes
碳水化合物缺乏性	carbohydrate deficient
碳青酶烯类耐药性	carbapenem resistant
碳青酶烯類耐藥性	carbapenem resistant
磷的肾小管重吸收	Tubular reabsorption of phosphorus
磷的腎小管重吸收	Tubular reabsorption of phosphorus
磷脂酰丝氨酸抗体	Phosphatidylserine
磷脂醯絲氨酸抗體	Phosphatidylserine
磷酸尿苷酰转移酶	Galactose 1 phosphate uridyl transferase
磷酸尿苷醯轉移酶	Galactose 1 phosphate uridyl transferase
磷酸氢钙二水合物	Calcium hydrogen phosphate dihydrate
磷酸氫鈣二水合物	Calcium hydrogen phosphate dihydrate
磷酸甘露糖变位酶	Mannose-6-phosphate isomerase & phosphomannomutase 1
磷酸甘露糖變位酶	Mannose-6-phosphate isomerase & phosphomannomutase 1
磷酸葡萄糖变位酶	Phosphoglucomutase
磷酸葡萄糖變位酶	Phosphoglucomutase
社会参与情况记录	Participation in society note
社會參與情況記錄	Participation in society note
神經傳導檢查組套	Nerve conduction study
神經病學篩查評估	Neurologic screen assessment
神經醯胺三己糖苷	Ceramide trihexoside
神經醯胺風險評分	Ceramide risk score
神经传导检查组套	Nerve conduction study
神经病学筛查评估	Neurologic screen assessment
神经酰胺三己糖苷	Ceramide trihexoside
神经酰胺风险评分	Ceramide risk score
福氏耐格裡阿米巴	Naegleria fowleri
福氏耐格里阿米巴	Naegleria fowleri
福雷明罕風險評估	Framingham Risk Assessments
福雷明罕风险评估	Framingham Risk Assessments
离散序列变异组套	DNA analysis discrete sequence variation
禽出血性肠炎病毒	Avian hemorrhagic enteritis virus
禽出血性腸炎病毒	Avian hemorrhagic enteritis virus
禽型結核菌素之後	1 mL avian tuberculin ID
禽型结核菌素之后	1 mL avian tuberculin ID
禽鼻气管炎鸟杆菌	Ornithobacterium rhinotracheale
禽鼻氣管炎鳥桿菌	Ornithobacterium rhinotracheale
移植供体评价记录	Transplant donor evaluation note
移植供體評價記錄	Transplant donor evaluation note
稜鏡基準方向中距	Prism base direction intermediate
稜鏡基礎方向近距	Prism base direction near
稜鏡基礎方向遠距	Prism base direction far
穀胱甘肽硫轉移酶	Glutathione S-transferase
穿衣能力量表分級	Dressing scale
穿衣能力量表分级	Dressing scale
突发型失能期标记	Sudden off period indicator
突髮型失能期標記	Sudden off period indicator
立氏立克次体抗体	Rickettsia rickettsii
立氏立克次體抗體	Rickettsia rickettsii
第一牙間乳頭邊界	First interdental papilla boundary
第一牙间乳头边界	First interdental papilla boundary
第二牙間乳頭邊界	Second interdental papilla boundary
第二牙间乳头边界	Second interdental papilla boundary
等位基因相的依据	Basis for allelic phase
等位基因相的依據	Basis for allelic phase
管型类型未加说明	Casts type not specified
管型類型未加說明	Casts type not specified
管轄區域死亡登記	Jurisdiction death registration
管辖区域死亡登记	Jurisdiction death registration
節斷性壁運動組套	Segmental wall motion
类固醇类成分组套	Steroid fractions
类固醇类成分解释	Steroid fractions interpretation
类志贺毗邻单胞菌	Plesiomonas shigelloides
粘蛋白样癌症相关	Mucin-like carcinoma associated
粘蛋白樣癌症相關	Mucin-like carcinoma associated
精氨基琥珀酸合酶	Argininosuccinate synthase
精神病学索赔附件	psychiatric service attachment
精神病學索賠附件	psychiatric service attachment
糖类与多元醇模式	Sugars and polyols pattern
糖类与多元醇组套	Sugars and polyols
糖类抗原15-3	Cancer antigen 15-3 CA15-3
糖类抗原19-9	Cancer antigen 19-9 CA19-9
糖类抗原72-4	Cancer antigen 72-4 CA72-4
糖類抗原15-3	Cancer antigen 15-3 CA15-3
糖類抗原19-9	Cancer antigen 19-9 CA19-9
糖類抗原72-4	Cancer antigen 72-4 CA72-4
糖類與多元醇模式	Sugars and polyols pattern
糖類與多元醇組套	Sugars and polyols
系統性硬化病組套	Systemic sclerosis
系统性硬化病组套	Systemic sclerosis
紅細胞形態學組套	Erythrocyte morphology
紅細胞染色質增加	Erythrocyte chromasia
紧急响应改进活动	Emergency response improvement
紧急响应方案目标	Emergency response plan objective
細小核糖核酸病毒	Picornavirus
細胞免疫缺陷組套	Cytomegalovirus T-cell immunodeficiency
細胞分類計數方法	Differential cell count method
細胞致死膨脹毒素	Cytolethal distending toxin B+Vinculin
細胞類型分布評估	Cellularity assessment
細菌性陰道病評分	Bacterial vaginosis score
細菌抗原結構公式	Bacteria antigenic formula
細菌生物化學概貌	Bacterial biochemical profile
細菌甲氧西林耐藥	Bacterial methicillin resistance mecA
組氨酸異亮氨酸肽	Peptide histidine isoleucine
組織塊描述與部位	Tissue block description and site
組織灌注評估組套	Tissue perfusion assessment
組織胞漿菌素之後	1 mL histoplasmin ID
結節性皮膚病病毒	Lumpy skin disease virus
結締組織生長因子	Connective tissue growth factor
結腸繫膜切除平面	Mesocolic excision plane
結腸膠囊內鏡檢查	Colon capsule endoscopy study
絕對有氧運動強度	Absolute aerobic exercise intensity
絨毛膜促性腺激素	Choriogonadotropin
經造口的腸鏡檢查	Enteroscopy study through stoma
經過烹調的花椰菜	Brassica oleracea var botrytis cooked
經過處理的綿羊毛	Treated sheep wool
緊急響應改進活動	Emergency response improvement
緊急響應方案目標	Emergency response plan objective
線性全氟辛烷磺酸	n-Perfluorooctane sulfonate
線粒體呼吸鏈酶類	Mitochondrial respiratory chain enzymes
線粒體肌病酶組套	Mitochondrial myopathy enzyme
總Omega-3	Omega 3 fatty acids w3
總Omega-6	Omega 6 fatty acids w6
總甲狀腺素結合力	Total thyroxine binding capacity
纖維蛋白形成速率	Rate of fibrin formation
纖維蛋白降解產物	Fibrin degradation products
红细胞形态学组套	Erythrocyte morphology
红细胞染色质增加	Erythrocyte chromasia
纤维蛋白形成速率	Rate of fibrin formation
纤维蛋白降解产物	Fibrin degradation products
线性全氟辛烷磺酸	n-Perfluorooctane sulfonate
线粒体呼吸链酶类	Mitochondrial respiratory chain enzymes
线粒体肌病酶组套	Mitochondrial myopathy enzyme
组氨酸异亮氨酸肽	Peptide histidine isoleucine
组织块描述与部位	Tissue block description and site
组织灌注评估组套	Tissue perfusion assessment
组织胞浆菌素之后	1 mL histoplasmin ID
细小核糖核酸病毒	Picornavirus
细胞免疫缺陷组套	Cytomegalovirus T-cell immunodeficiency
细胞分类计数方法	Differential cell count method
细胞类型分布评估	Cellularity assessment
细胞致死膨胀毒素	Cytolethal distending toxin B+Vinculin
细菌性阴道病评分	Bacterial vaginosis score
细菌抗原结构公式	Bacteria antigenic formula
细菌生物化学概貌	Bacterial biochemical profile
细菌甲氧西林耐药	Bacterial methicillin resistance mecA
经过处理的绵羊毛	Treated sheep wool
经过烹调的花椰菜	Brassica oleracea var botrytis cooked
经造口的肠镜检查	Enteroscopy study through stoma
绒毛膜促性腺激素	Choriogonadotropin
结缔组织生长因子	Connective tissue growth factor
结肠系膜切除平面	Mesocolic excision plane
结肠胶囊内镜检查	Colon capsule endoscopy study
结节性皮肤病病毒	Lumpy skin disease virus
绝对有氧运动强度	Absolute aerobic exercise intensity
综合征多基因分析	Hyper igE syndrome multigene analysis
缺失与染色体区域	Chromosome region 17p13
缺失與染色體區域	Chromosome region 17p13
美雄諾龍代謝產物	Mestanolone metabolite
美雄诺龙代谢产物	Mestanolone metabolite
羟基丁酸 截止点	Gamma hydroxybutyrate cutoff
羟基十二烷酰肉碱	3-Hydroxydodecanoylcarnitine (C12-OH)
羟基十四烯酰肉碱	3-Hydroxytetradecenoylcarnitine (C14:1-OH)
羟基十四烷酰肉碱	3-Hydroxytetradecanoylcarnitine (C14-OH)
羟基吲哚代谢产物	JWH-200 4-Hydroxyindole
羟基棕榈烯酰肉碱	3-Hydroxypalmitoleylcarnitine (C16:1-OH)
羟基环己基乙酸酯	4-Hydroxycyclohexylacetate
羟基环己基代谢物	AB-CHMINACA hydroxycyclohexyl
羟基苯甲酰芽子碱	3-Hydroxybenzoylecgonine
羥基丁酸 截止點	Gamma hydroxybutyrate cutoff
羥基十二烷醯肉鹼	3-Hydroxydodecanoylcarnitine (C12-OH)
羥基十四烯醯肉鹼	3-Hydroxytetradecenoylcarnitine (C14:1-OH)
羥基十四烷醯肉鹼	3-Hydroxytetradecanoylcarnitine (C14-OH)
羥基吲哚代謝產物	JWH-200 4-Hydroxyindole
羥基棕櫚烯醯肉鹼	3-Hydroxypalmitoleylcarnitine (C16:1-OH)
羥基環己基乙酸酯	4-Hydroxycyclohexylacetate
羥基環己基代謝物	AB-CHMINACA hydroxycyclohexyl
羥基苯甲醯芽子鹼	3-Hydroxybenzoylecgonine
耶尔森氏菌属抗体	Yersinia
耶爾森氏菌屬抗體	Yersinia
职业疗法索赔附件	occupational therapy service attachment
联邦政府机构代码	Federal agency code
聖路易型腦炎病毒	Saint Louis encephalitis virus
聯邦政府機構代碼	Federal agency code
職業療法索賠附件	occupational therapy service attachment
聽力損失風險指標	Hearing loss risk indicators
聽力篩查結果標誌	Hearing screen results indicator
聽力篩查隨訪狀態	Hearing screen follow-up status
肉毒梭菌毒素基因	Clostridium botulinum toxin
肉碱棕榈酰转移酶	Carnitine palmitoyltransferase 2
肉芽肿性前列腺炎	Granulomatous prostatitis
肉芽腫性前列腺炎	Granulomatous prostatitis
肉鹼棕櫚醯轉移酶	Carnitine palmitoyltransferase 2
肋緣下的肝臟全長	Liver span below costal margin
肋缘下的肝脏全长	Liver span below costal margin
肌肉运动持续时长	Duration of muscle exercise
肌肉運動持續時長	Duration of muscle exercise
肌肉骨骼系統引流	musculoskeletal drain
肌肉骨骼系统引流	musculoskeletal drain
肌肉骨骼評估組套	Musculoskeletal assessment
肌肉骨骼评估组套	Musculoskeletal assessment
肌酐可接受性标本	Specimen creatinine acceptable
肌酐可接受性標本	Specimen creatinine acceptable
肝素剂量反应斜率	Heparin dose response slope
肝素剂量反应组套	Heparin dose response
肝素劑量反應斜率	Heparin dose response slope
肝素劑量反應組套	Heparin dose response
肝細胞癌風險組套	Hepatocellular carcinoma risk
肝细胞癌风险组套	Hepatocellular carcinoma risk
肠侵袭性大肠杆菌	Shigella species+EIEC
肠内管冲洗液体积	Enteral tube flush volume
肺炎鏈球菌血清型	Streptococcus pneumoniae serotype
肺炎链球菌血清型	Streptococcus pneumoniae serotype
肾小管所重吸收的	reabsorbed by renal tubules
肿瘤侵袭最深范围	Deepest extent of tumor invasion
肿瘤浸润淋巴细胞	Tumor infiltrating lymphocytes
肿瘤记录就绪日期	Date tumor record available
胃肠道操作后说明	Instructions post GI procedure
胃腸道操作後說明	Instructions post GI procedure
胃造口术插管部位	Gastrostomy tube site
胃造口術插管部位	Gastrostomy tube site
胆固醇酯转移蛋白	Cholesterol ester transfer protein
胆汁酸类成分组套	Bile acid fractions
胆碱酯酶活性组套	Cholinesterase
背景子宫内膜发现	Background endometrium findings
背景子宮內膜發現	Background endometrium findings
胎儿死亡登记日期	Date of fetal death registration
胎儿肺成熟度组套	Fetal lung maturity
胎兒死亡登記日期	Date of fetal death registration
胎兒肺成熟度組套	Fetal lung maturity
胎盘型碱性磷酸酶	placental 2
胎盤型鹼性磷酸酶	placental 2
胚系遗传变异起源	Origin of germline genetic variant
胚系遺傳變異起源	Origin of germline genetic variant
胰岛素敏感性指数	Insulin sensitivity index
胰岛素样生长因子	Insulin-like growth factor IGF
胰岛细胞补体结合	Pancreatic islet cell complement fixing
胰島素敏感性指數	Insulin sensitivity index
胰島素樣生長因子	Insulin-like growth factor IGF
胰島細胞補體結合	Pancreatic islet cell complement fixing
胰腺多肽假飼組套	Pancreatic polypeptide sham feeding
胰腺多肽假饲组套	Pancreatic polypeptide sham feeding
胸腺嘧啶脫氧核苷	Thymidine
胸腺嘧啶脱氧核苷	Thymidine
胸膜肺炎放線桿菌	Actinobacillus pleuropneumoniae
胸膜肺炎放线杆菌	Actinobacillus pleuropneumoniae
脂类与葡萄糖组套	Lipid & glucose
脂类筛查试验状态	Lipid screen test status
脂類篩查試驗狀態	Lipid screen test status
脂類與葡萄糖組套	Lipid & glucose
脈搏強度評估組套	Pulse intensity assessment
脈搏血氧定量部位	Pulse oximetry site
脉搏强度评估组套	Pulse intensity assessment
脉搏血氧定量部位	Pulse oximetry site
脊柱减压节段水平	Level of spine decompression
脊柱外科手术措施	Spine surgery measures
脊柱外科手術措施	Spine surgery measures
脊柱干预节段水平	Level of spine intervention
脊柱幹預節段水平	Level of spine intervention
脊柱減壓節段水平	Level of spine decompression
脊柱融合節段水平	Level of spine fusion
脊柱融合节段水平	Level of spine fusion
脑利尿钠肽激素原	B prohormone N-Terminal
脑苷脂硫酸酯酶与	Cerebroside sulfatase & N-Acetylgalactosamine-4-Sulfatase
腎小管所重吸收的	reabsorbed by renal tubules
腦利尿鈉肽激素原	B prohormone N-Terminal
腦苷脂硫酸酯酶與	Cerebroside sulfatase & N-Acetylgalactosamine-4-Sulfatase
腫瘤侵襲最深範圍	Deepest extent of tumor invasion
腫瘤浸潤淋巴細胞	Tumor infiltrating lymphocytes
腫瘤記錄就緒日期	Date tumor record available
腭平面至下颌平面	Palatal plane to mandibular plane
腸侵襲性大腸桿菌	Shigella species+EIEC
腸內管衝洗液體積	Enteral tube flush volume
腹膜平衡試驗組套	Peritoneal equilibration test
腹膜平衡试验组套	Peritoneal equilibration test
腹膜透析停留时间	Peritoneal dialysis dwell time
腹膜透析停留時間	Peritoneal dialysis dwell time
腹膜透析导管类型	Peritoneal dialysis catheter type
腹膜透析導管類型	Peritoneal dialysis catheter type
腺病毒与博卡病毒	Adenovirus & Bocavirus
腺病毒六邻体基因	Adenovirus hexon
腺病毒六鄰體基因	Adenovirus hexon
腺病毒與博卡病毒	Adenovirus & Bocavirus
腺苷一磷酸脫氨酶	Adenosine monophosphate deaminase
腺苷一磷酸脱氨酶	Adenosine monophosphate deaminase
膀胱灌洗管道部位	Urinary bladder irrigation tube site
膽固醇酯轉移蛋白	Cholesterol ester transfer protein
膽汁酸類成分組套	Bile acid fractions
膽鹼酯酶活性組套	Cholinesterase
臨床細胞遺傳學家	Clinical cytogeneticist
臨床試驗經驗小節	Clinical trials experience section
臨床醫生指導意見	Clinician guidance
臨時性起搏器組套	Temporary pacemaker
自然杀伤细胞功能	Natural killer cell function
自然杀伤细胞组套	Natural killer cell
自然殺傷細胞功能	Natural killer cell function
自然殺傷細胞組套	Natural killer cell
自覺運動強度評分	Rating of perceived exertion
自觉运动强度评分	Rating of perceived exertion
與去甲間腎上腺素	Metanephrine, Normetanephrine, 3-Methoxytyramine
與患者母親的關係	Relationship to patient's mother
與解剖標誌的距離	Distance from landmark
興奮劑類藥物組套	Stimulants drug
舒张期前三分之一	first third of diastole
舒张末期容积指数	End-diastolic volume index
舒張期前三分之一	first third of diastole
舒張末期容積指數	End-diastolic volume index
艰难梭菌毒素基因	Clostridioides difficile toxin genes
艱難梭菌毒素基因	Clostridioides difficile toxin genes
艾滋病病毒前病毒	HIV proviral
节断性壁运动组套	Segmental wall motion
苏丹型埃博拉病毒	Sudan virus
苗勒氏管抑制物質	Mullerian inhibiting substance
苗勒氏管抑制物质	Mullerian inhibiting substance
苯並二氮代謝產物	Benzodiazepine metabolites
苯并二氮代谢产物	Benzodiazepine metabolites
苯氧甲基青霉素钾	Penicillin V potassium
苯氧甲基青黴素鉀	Penicillin V potassium
英語熟練程度有限	Limited English proficiency
英语熟练程度有限	Limited English proficiency
药物停用评判准则	Medication stop criteria
药物基因组学小节	Pharmacogenomics section
药物安全豁免情况	Medication safety override
药物施用具体指令	Medication administration specific directions
药物替代评判准则	Medication substitution criterion
药物最大剂量数量	Medication maximum dose amount
药物治疗停止日期	Date medication stopped
药物治疗开始日期	Date medication started
药物治疗持续时间	Medication duration
药物相互作用小节	Drug interactions section
药物配发开始日期	Medication dispense start date
药物配发有效日期	Medication dispense expiry date
菸草使用持續時間	Tobacco use duration
菸鹼與可鐵寧組套	Nicotine & Cotinine
营养状况观察组套	Nutrition status observation
藥物停用評判準則	Medication stop criteria
藥物基因組學小節	Pharmacogenomics section
藥物安全豁免情況	Medication safety override
藥物施用具體指令	Medication administration specific directions
藥物替代評判準則	Medication substitution criterion
藥物最大劑量數量	Medication maximum dose amount
藥物治療停止日期	Date medication stopped
藥物治療持續時間	Medication duration
藥物治療開始日期	Date medication started
藥物相互作用小節	Drug interactions section
藥物配發有效日期	Medication dispense expiry date
藥物配發開始日期	Medication dispense start date
蘇丹型伊波拉病毒	Sudan virus
處方已規定的藥物	Medication prescribed
處方所規定的數量	Quantity prescribed
處方所規定的頻次	Frequency prescribed
處方醫療裝置標籤	Prescription medical device label
蛋氨酸腺苷轉移酶	Methionine adenosyltransferase
蛋氨酸腺苷转移酶	Methionine adenosyltransferase
蛋白質分解代謝率	Protein catabolic rate
蛋白質與肌酐組套	Protein & creatinine
蛋白質類成分組套	Protein fractions
蛋白质与肌酐组套	Protein & creatinine
蛋白质分解代谢率	Protein catabolic rate
蛋白质类成分组套	Protein fractions
蛋白酶基因突变类	HIV protease gene mutations
蛋白酶基因突變類	HIV protease gene mutations
血小板糖蛋白疾病	Platelet glycoprotein disorder
血液凝固装置组套	Blood coagulation device
血液凝固裝置組套	Blood coagulation device
血液制品单位过期	Blood product unit expiration
血液制品发放时间	Blood product release time
血液制品特殊制备	Blood product special preparation
血液塗片發現陽性	Blood smear finding positive
血液涂片发现阳性	Blood smear finding positive
血液病原体类组套	Blood pathogens
血液病原體類組套	Blood pathogens
血液製品單位過期	Blood product unit expiration
血液製品特殊製備	Blood product special preparation
血液製品發放時間	Blood product release time
血清学与血库检查	Serology & blood bank studies
血清學與血庫檢查	Serology & blood bank studies
血管內心臟收縮期	Intravascular systolic
血管內心臟舒張期	Intravascular diastolic
血管內收縮壓目標	Intravascular systolic goal
血管內舒張壓目標	Intravascular diastolic goal
血管内心脏收缩期	Intravascular systolic
血管内心脏舒张期	Intravascular diastolic
血管内收缩压目标	Intravascular systolic goal
血管内舒张压目标	Intravascular diastolic goal
血管性血友病因子	von Willebrand factor vWF VWF
血管紧张素转化酶	Angiotensin converting enzyme
血管緊張素轉化酶	Angiotensin converting enzyme
血紅蛋白分布寬度	Hemoglobin distribution width
血紅蛋白試驗狀態	Hemoglobin test status
血红蛋白分布宽度	Hemoglobin distribution width
血红蛋白试验状态	Hemoglobin test status
行走能力量表分級	Walking scale
行走能力量表分级	Walking scale
術前核對過程組套	Preoperative verification process
術後隨訪時間間隔	Postoperative follow-up interval
衛生能力量表分級	Hygiene scale
衛生設施獲取條件	Access to sanitation
补体衰变加速因子	Complement decay accelerating factor
表单填写人员职称	Person completing form title
表單填寫人員職稱	Person completing form title
表皮生長因子受體	Epidermal growth factor receptor
表皮生长因子受体	Epidermal growth factor receptor
被动运动范围组套	Passive range of motion
被動運動範圍組套	Passive range of motion
被指派任务的人员	Person assigned to task
被指派任務的人員	Person assigned to task
補體衰變加速因子	Complement decay accelerating factor
複雜病情行動計劃	Complex medical conditions action plan
西伯利亚立克次体	Rickettsia sibirica
西伯利亞立克次體	Rickettsia sibirica
西尼罗河病毒多价	West Nile virus polyvalent E
西尼罗河病毒抗体	West Nile virus
西尼羅河病毒多價	West Nile virus polyvalent E
西尼羅河病毒抗體	West Nile virus
西班牙裔或拉丁裔	Hispanic or Latino
視力中距檢查條件	Visual acuity intermediate testing condition
視力篩查結果標誌	Vision screen results indicator
視力篩查隨訪狀態	Vision screen follow-up status
視力近距檢查條件	Visual acuity near testing condition
視力遠距檢查條件	Visual acuity far testing condition
視網膜神經纖維層	Retinal nerve fiber layer
親戚從未患過癌症	Relative never had cancer
觀察結果更新狀態	Observation update status
观察结果更新状态	Observation update status
视力中距检查条件	Visual acuity intermediate testing condition
视力筛查结果标志	Vision screen results indicator
视力筛查随访状态	Vision screen follow-up status
视力近距检查条件	Visual acuity near testing condition
视力远距检查条件	Visual acuity far testing condition
视网膜神经纤维层	Retinal nerve fiber layer
角膜曲率检测组套	Keratometry
角膜曲率檢測組套	Keratometry
計算機生成型建議	Computer generated recommendation
計費就醫過程信息	Billing encounter information
診斷時所在的國家	Country where diagnosed
診斷時腫瘤的數量	Number of tumors at diagnosis
評價與管理同意書	Evaluation and management consent
試驗參與結束日期	Trial participation end date
試驗提前退出日期	Trial early withdrawal date
試驗覆蓋範圍組套	DNA marker analysis test coverage
詹姆斯敦峡谷病毒	Jamestown canyon virus
詹姆斯敦峽谷病毒	Jamestown canyon virus
語言療法索賠附件	speech therapy service attachment
語音生成裝置附件	Speech generating device attachment
調整至身體情況的	adjusted to body conditions
調查問卷表單定義	Questionnaire form definition
調節性 T 細胞	regulatory T cells Treg CD4+ CD25+ FOXP3+
變態反應不耐清單	Allergy intolerance list
计算机生成型建议	Computer generated recommendation
计费就医过程信息	Billing encounter information
评价与管理同意书	Evaluation and management consent
诊断时所在的国家	Country where diagnosed
诊断时肿瘤的数量	Number of tumors at diagnosis
试验参与结束日期	Trial participation end date
试验提前退出日期	Trial early withdrawal date
试验覆盖范围组套	DNA marker analysis test coverage
语言疗法索赔附件	speech therapy service attachment
语音生成装置附件	Speech generating device attachment
调整至身体情况的	adjusted to body conditions
调查问卷表单定义	Questionnaire form definition
调节性 T 细胞	regulatory T cells Treg CD4+ CD25+ FOXP3+
谷胱甘肽硫转移酶	Glutathione S-transferase
豬呼吸道冠狀病毒	Porcine respiratory coronavirus
豬流行性腹瀉病毒	Porcine epidemic diarrhea virus
豬痢疾蛇形螺旋體	Serpulina hyodysenteria
豬非典型性瘟病毒	Atypical porcine pestivirus
負值吸氣力操作法	negative inspiratory force maneuver
責任主治醫師信息	Responsible attending physician information
貼籤廠商代碼申請	NDC labeler code request
负值吸气力操作法	negative inspiratory force maneuver
责任主治医师信息	Responsible attending physician information
贴签厂商代码申请	NDC labeler code request
跌倒相关损伤病史	History of fall related injury
跌倒相關損傷病史	History of fall related injury
跌倒頻率量表分級	Falling scale
跌倒频率量表分级	Falling scale
跌倒風險評估記錄	Fall risk assessment note
跌倒风险评估记录	Fall risk assessment note
身体定位限定成分	Body location qualifier
身体解剖标志定位	Body landmark orientation
身体部位标识组套	Body site identification
身體定位限定成分	Body location qualifier
身體解剖標誌定位	Body landmark orientation
身體部位標識組套	Body site identification
身高测量装置组套	Height measurement device
身高測量裝置組套	Height measurement device
躯体症状障碍评分	Somatic symptom disorder score
軀體症狀障礙評分	Somatic symptom disorder score
軍團菌血清群組套	Legionella serogroup
軟乙狀結腸鏡檢查	Flexible sigmoidoscopy study
軟骨低聚基質蛋白	Cartilage oligomeric matrix protein
輔助性 T 細胞	T helper cells CD3+ CD4+
輔助性T淋巴細胞	T helper cells CD3+ CD4+
輕度活動持續時長	Duration of light
輕度睡眠持續時間	Light sleep duration
輸注其他血液製品	Transfuse blood product
輸注自體全血單位	Transfuse whole blood autologous units
輸注貧冷沉澱血漿	Transfuse cryoprecipitate poor plasma
輸血和或器官移植	Blood transfusion &or organ transplant
轉診醫師電話號碼	Referring physician phone number
转诊医师电话号码	Referring physician phone number
软乙状结肠镜检查	Flexible sigmoidoscopy study
软骨低聚基质蛋白	Cartilage oligomeric matrix protein
轻度活动持续时长	Duration of light
轻度睡眠持续时间	Light sleep duration
辅助性 T 细胞	T helper cells CD3+ CD4+
辅助性T淋巴细胞	T helper cells CD3+ CD4+
输注其他血液制品	Transfuse blood product
输注自体全血单位	Transfuse whole blood autologous units
输注贫冷沉淀血浆	Transfuse cryoprecipitate poor plasma
输血和或器官移植	Blood transfusion &or organ transplant
辦公電話號碼分機	Business phone number extension
農藥與殺蟲劑組套	Pesticide & Insecticide
过敏反应行动计划	Anaphylaxis action plan
运动应激试验检查	Exercise stress test study
运动神经传导组套	Motor nerve conduction
运动神经传导速度	Motor nerve conduction velocity
运动过程中的峰值	peak during exercise
近距沃斯四点试验	Worth 4 dot test near
近距沃斯四點試驗	Worth 4 dot test near
近距沃氏四点试验	Worth 4 dot test near
近距沃氏四點試驗	Worth 4 dot test near
远距沃斯四点试验	Worth 4 dot test far
远距沃氏四点试验	Worth 4 dot test far
违反医疗忠告记录	Against medical advice note
连续血糖监测装置	Continuous glucose monitor device
适用时的学校年级	Grade in school, if applicable
逆行射精評價組套	Retrograde ejaculation evaluation
逆行射精评价组套	Retrograde ejaculation evaluation
透析通路部位外觀	Dialysis access site appearance
透析通路部位外观	Dialysis access site appearance
透納氏症先驗風險	Monosomy X prior risk
透纳氏症先验风险	Monosomy X prior risk
透鏡屈光度計組套	Lensmeter
透镜屈光度计组套	Lensmeter
通常职业持续时间	Usual occupation duration
通常職業持續時間	Usual occupation duration
通常行业持续时间	Usual industry duration
通常行業持續時間	Usual industry duration
連續血糖監測裝置	Continuous glucose monitor device
運動應激試驗檢查	Exercise stress test study
運動神經傳導組套	Motor nerve conduction
運動神經傳導速度	Motor nerve conduction velocity
運動過程中的峰值	peak during exercise
過敏反應行動計劃	Anaphylaxis action plan
違反醫療忠告記錄	Against medical advice note
遗传分析摘要报告	Genetic analysis summary report
遗传分析摘要组套	Genetic analysis summary
遗传变异临床意义	Genetic variant clinical significance
遗传变异诊断意义	Genetic variant diagnostic significance
遗传变异预后意义	Genetic variant prognostic significance
遗传性多基因分析	Hereditary multigene analysis
遗传性疾病史组套	Genetic diseases history
遗传性脑白质萎缩	Krabbe disease
遗体处置设施名称	Body disposition facility name
遗体处置设施地址	Body disposition facility address
遠距沃斯四點試驗	Worth 4 dot test far
遠距沃氏四點試驗	Worth 4 dot test far
適用時的學校年級	Grade in school, if applicable
遺傳分析摘要報告	Genetic analysis summary report
遺傳分析摘要組套	Genetic analysis summary
遺傳性多基因分析	Hereditary multigene analysis
遺傳性疾病史組套	Genetic diseases history
遺傳性腦白質萎縮	Krabbe disease
遺傳變異臨床意義	Genetic variant clinical significance
遺傳變異診斷意義	Genetic variant diagnostic significance
遺傳變異預後意義	Genetic variant prognostic significance
遺體處置設施名稱	Body disposition facility name
遺體處置設施地址	Body disposition facility address
邻苯二甲酸二甲酯	Dimethylphthalate
都柏林假丝酵母菌	Candida dubliniensis
都柏林假絲酵母菌	Candida dubliniensis
鄰苯二甲酸二甲酯	Dimethylphthalate
酒精摄入评估组套	Alcohol intake
酒精攝入評估組套	Alcohol intake
酯酶抑制剂游离型	Complement C1 esterase inhibitor free
酯酶抑制剂结合型	Complement C1 esterase inhibitor bound
酯酶抑制劑游離型	Complement C1 esterase inhibitor free
酯酶抑制劑結合型	Complement C1 esterase inhibitor bound
酰基甘氨酸类组套	Acylglycines
酰基肉碱死后分析	Acylcarnitine Analysis Post Mortem
酸性柠檬酸葡萄糖	Acid citrate dextrose
酸性檸檬酸葡萄糖	Acid citrate dextrose
醫囑開立執業人員	Ordering practitioner
醫師運輸證明信息	Physician certification for transport information
醫師運輸證明標誌	Physician certification for transport indicator
醫師運輸證明聲明	Physician certification for transport statement
醫療保健服務代理	Healthcare agent
醫療保健服務溝通	Healthcare communication
醫療服務人員角色	Provider role
醫療服務計劃記錄	Plan of care note
醫療補助計劃編號	Medicaid number
醫院出院摘要組套	Hospital discharge summary
醫院出院操作項目	Hospital discharge procedures
醫院出院檢查摘要	Hospital discharge studies summary
醫院出院處置記錄	Hospital discharge disposition note
醫院出院診斷記錄	Hospital discharge diagnosis note
醫院指定收治能力	Hospital designation capability
醯基甘氨酸類組套	Acylglycines
醯基肉鹼死後分析	Acylcarnitine Analysis Post Mortem
采用关节内对比剂	W contrast IS
采用单一运动状态	W single state of exercise
采用口服泛影葡胺	W gastrografin PO
采用口服钡对比剂	W barium contrast PO
采用多种运动状态	W multiple states of exercise
采用子宫内对比剂	W contrast IU
采用导管内对比剂	W contrast intra duct
采用尿道内对比剂	W contrast intra urethra
采用支架内对比剂	W contrast intra stent
采用泪管内对比剂	W contrast intra lacrimal duct
采用瘘管内对比剂	W contrast intra fistula
采用硬膜外对比剂	W contrast EP
采用窦道内对比剂	W contrast intra sinus tract
采用精囊内对比剂	W contrast intra seminal vesicle
采用膀胱内对比剂	W contrast intra bladder
采用血管内对比剂	W contrast intravascular
采用负透镜的调节	Accommodation using minus lens
采用逆行性对比剂	W contrast retrograde
采用顺行性对比剂	W contrast antegrade
重症监护病房床位	Intensive care unit beds
重症監護病房床位	Intensive care unit beds
金丝雀血清蛋白质	Canary serum proteins
金絲雀血清蛋白質	Canary serum proteins
針對夾放置的視圖	View for clip placement
針對植入物的多層	Multisection for implant
針對移植物的多層	Multisection for graft
針對結節病的多層	Multisection for sarcoidosis
針對肺栓塞的多層	Multisection for pulmonary embolus
針對血管瘤的多層	Multisection for hemangioma
針對骨密度的多層	Multisection for bone density
銷毀與廢棄物處理	Disposal and waste handling
鍛鍊暫停持續時長	Duration of workout pause
鏈球菌透明質酸酶	Streptococcal hyaluronidase
鐮狀細胞血紅蛋白	Hemoglobin S inferred
鐵與鐵結合力組套	Iron & Iron binding capacity
针对夹放置的视图	View for clip placement
针对植入物的多层	Multisection for implant
针对移植物的多层	Multisection for graft
针对结节病的多层	Multisection for sarcoidosis
针对肺栓塞的多层	Multisection for pulmonary embolus
针对血管瘤的多层	Multisection for hemangioma
针对骨密度的多层	Multisection for bone density
铁与铁结合力组套	Iron & Iron binding capacity
链球菌透明质酸酶	Streptococcal hyaluronidase
销毁与废弃物处理	Disposal and waste handling
锻炼暂停持续时长	Duration of workout pause
镰状细胞血红蛋白	Hemoglobin S inferred
長雙歧桿菌長亞種	Bifidobacterium longum subspecies longum
长双歧杆菌长亚种	Bifidobacterium longum subspecies longum
門控心臟檢測組套	Gated cardiac measurement
閃爍光反應波振幅	Flicker response wave amplitude
間接抗球蛋白試驗	Indirect antiglobulin test
間變型淋巴瘤激酶	Anaplastic lymphoma kinase
關於抗生素的想法	Thoughts on antibiotics
關節病原體類組套	Joint pathogens
關節腔隙多重視圖	Views Holmblad
门控心脏检测组套	Gated cardiac measurement
闪烁光反应波振幅	Flicker response wave amplitude
问题诊断考虑事项	Problem diagnostic considerations
间变型淋巴瘤激酶	Anaplastic lymphoma kinase
间接抗球蛋白试验	Indirect antiglobulin test
阳性对照斑点计数	positive control spot
阴性对照斑点计数	negative control spot
阴性思维形式障碍	Negative formal thought disorder
阴道病原体类组套	Vaginal pathogens
阵发性睡眠性组套	Paroxysmal nocturnal
阿司匹林停用日期	Date aspirin discontinued
阿尔茨海默病风险	Alzheimer's disease risk
阿爾茨海默病風險	Alzheimer's disease risk
阿莫沙平代謝產物	Amoxapine metabolite
阿莫沙平代谢产物	Amoxapine metabolite
限制飲水刺激組套	Water deprivation challenge
限制饮水刺激组套	Water deprivation challenge
院前低温治疗方法	Prehospital therapeutic hypothermia method
院前低溫治療方法	Prehospital therapeutic hypothermia method
院前医疗护理服务	Prehospital care
院前醫療護理服務	Prehospital care
陣發性睡眠性組套	Paroxysmal nocturnal
陰性對照斑點計數	negative control spot
陰性思維形式障礙	Negative formal thought disorder
陰道病原體類組套	Vaginal pathogens
陽性對照斑點計數	positive control spot
隐形眼镜测量指标	Contact lens measurements
隐球菌属抗原组套	Cryptococcus
隱形眼鏡測量指標	Contact lens measurements
隱球菌屬抗原組套	Cryptococcus
集中注意力的能力	Ability to concentrate
雙相障礙篩查報告	Bipolar screening report
離散序列變異組套	DNA analysis discrete sequence variation
雷射治療方案強度	YAG Rx intensity
雷射治療方案方式	YAG Rx mode
雷射治療方案注釋	YAG Rx comment
雷氏普罗威登斯菌	Providencia rettgeri
雷氏普羅威登斯菌	Providencia rettgeri
雷美替胺代謝產物	Ramelteon M-II
雷美替胺代谢产物	Ramelteon M-II
電解質三項醫囑組	Electrolytes 3
静态氧化还原电位	Static oxidation-reduction potential
静息状态下的震颤	Tremor at rest
靜息狀態下的震顫	Tremor at rest
靜態氧化還原電位	Static oxidation-reduction potential
非临床毒理学小节	Nonclinical toxicology section
非妇科细胞学检查	Non-gyn cytology study
非婦科細胞學檢查	Non-gyn cytology study
非实验室索赔附件	non lab claims attachment
非實驗室索賠附件	non lab claims attachment
非局部淋巴結陽性	Non-regional lymph nodes positive
非局部淋巴结阳性	Non-regional lymph nodes positive
非臨床毒理學小節	Nonclinical toxicology section
非言語型疼痛指標	Nonverbal pain indicators
非言语型疼痛指标	Nonverbal pain indicators
非鱗狀上皮細胞型	non-squamous
非鳞状上皮细胞型	non-squamous
預付健康計劃標誌	Pre-paid health plan indicator
預防醫學篩查級別	Preventive medicine screening level
額外服務人員信息	Extra attendants information
額外的病理學發現	Additional pathological findings
顎平面至下頜平面	Palatal plane to mandibular plane
類固醇類成分組套	Steroid fractions
類固醇類成分解釋	Steroid fractions interpretation
類志賀毗鄰單胞菌	Plesiomonas shigelloides
预付健康计划标志	Pre-paid health plan indicator
预防医学筛查级别	Preventive medicine screening level
额外服务人员信息	Extra attendants information
额外的病理学发现	Additional pathological findings
食品安全警告小節	Food safety warning section
食品安全警告小节	Food safety warning section
食物与营养史组套	Food and nutrition history
食物與營養史組套	Food and nutrition history
飼料保證分析小節	Guaranteed analysis of feed section
飽和型磷脂醯膽鹼	Phosphatidylcholine
饱和型磷脂酰胆碱	Phosphatidylcholine
饲料保证分析小节	Guaranteed analysis of feed section
首次损伤报告附件	First report of injury attachment
首次損傷報告附件	First report of injury attachment
首次月經周期年齡	Age at first menstrual period
首次月经周期年龄	Age at first menstrual period
首次癌症診斷年齡	Age at first cancer diagnosis
首次癌症诊断年龄	Age at first cancer diagnosis
香草扁桃酸与肌酐	Vanillylmandelate & Creatinine
香草扁桃酸與肌酐	Vanillylmandelate & Creatinine
馬傳染性貧血病毒	Equine infectious anemia virus
駕駛執照體格證明	Driver license medical fitness certificate
马传染性贫血病毒	Equine infectious anemia virus
驾驶执照体格证明	Driver license medical fitness certificate
骨生長刺激劑附件	Osteogenesis stimulators attachment
骨生长刺激剂附件	Osteogenesis stimulators attachment
骨骼成熟度总评分	Total skeletal maturity score
骨骼成熟度總評分	Total skeletal maturity score
骨髓細胞生成評估	Myelopoiesis assessment
骨髓细胞生成评估	Myelopoiesis assessment
髁頂點至下頜角點	Condylion to gonion
髁顶点至下颌角点	Condylion to gonion
髓磷脂相关糖蛋白	Myelin associated glycoprotein
髓磷脂相關糖蛋白	Myelin associated glycoprotein
髓过氧化物酶抗体	Myeloperoxidase
髓過氧化物酶抗體	Myeloperoxidase
體格檢查發現組套	Physical findings
體格檢查發現記錄	Physical findings note
體重增長百分位數	Body weight growth percentile
體重百分位數範圍	Body weight percentile range
體重管理摘要報告	Weight management summary report
高压保持时间设置	High pressure hold time setting
高壓保持時間設置	High pressure hold time setting
高渗性冷溶血试验	Hypertonic cryohemolysis
高滲性冷溶血試驗	Hypertonic cryohemolysis
鴨病毒性腸炎病毒	Duck enteritis virus
鸚鵡熱嗜性衣原體	Chlamydophila psittaci
鸭病毒性肠炎病毒	Duck enteritis virus
鹦鹉热嗜性衣原体	Chlamydophila psittaci
鹼性磷酸酶同工酶	Alkaline phosphatase isoenzymes
麝香草酚浊度试验	Thymol turbidity test
麝香草酚濁度試驗	Thymol turbidity test
麻醉風險系統評審	Anesthesia risk review of systems
麻醉风险系统评审	Anesthesia risk review of systems
鼠伤寒沙门菌鞭毛	Salmonella typhimurium H
鼠傷寒沙門菌鞭毛	Salmonella typhimurium H
鼠源巴貝斯蟲抗體	Babesia microti
鼠源巴贝斯虫抗体	Babesia microti
鼠科动物上皮细胞	Mouse epithelium
鼠科動物上皮細胞	Mouse epithelium
鼻中隔下点至上唇	Subnasale to upper lip
鼻中隔下点至下唇	Subnasale to lower lip
鼻中隔下点至口点	Subnasale to stomion
鼻中隔下點至上唇	Subnasale to upper lip
鼻中隔下點至下唇	Subnasale to lower lip
鼻中隔下點至口點	Subnasale to stomion
鼻根点至眼耳平面	Nasion to Frankfort horizontal plane
鼻根點至眼耳平面	Nasion to Frankfort horizontal plane
2-氧代异己酸	2-Oxoisocaproate 4-methyl-2-oxopentanoate alpha-ketoisocaproate leucine keto-acid
2-氧代異己酸	2-Oxoisocaproate 4-methyl-2-oxopentanoate alpha-ketoisocaproate leucine keto-acid
25羟维生素D	25-hydroxyvitamin D 25(OH)D
25羥維生素D	25-hydroxyvitamin D 25(OH)D
Alpha氯丹	Alpha chlordane
Beta丙內酯	Beta-propiolactone
Beta丙内酯	Beta-propiolactone
Beta丙氨酸	Beta alanine
Beta內啡肽	Beta endorphin
Beta内啡肽	Beta endorphin
Beta球蛋白	Beta globulin
Beta皮五醇	Beta cortol
Beta谷甾醇	Beta sitosterol
Beta防御素	Beta defensin
Beta防禦素	Beta defensin
Gamma氯丹	Gamma chlordane
I型胶原N端肽	Collagen crosslinked N-telopeptide NTx
I型膠原N端肽	Collagen crosslinked N-telopeptide NTx
L-艾杜糖苷酶	Alpha-L-iduronidase
alpha氯丹	Alpha chlordane
beta丙內酯	Beta-propiolactone
beta丙内酯	Beta-propiolactone
beta丙氨酸	Beta alanine
beta內啡肽	Beta endorphin
beta内啡肽	Beta endorphin
beta球蛋白	Beta globulin
beta皮五醇	Beta cortol
beta谷甾醇	Beta sitosterol
beta防御素	Beta defensin
beta防禦素	Beta defensin
gamma氯丹	Gamma chlordane
α 1 球蛋白	Alpha 1 globulin
α 1-球蛋白	Alpha 1 globulin
α 1微球蛋白	Alpha-1-Microglobulin
α 2 球蛋白	Alpha 2 globulin
α 2-球蛋白	Alpha 2 globulin
α 2巨球蛋白	Alpha-2-Macroglobulin
α 2微球蛋白	Alpha-2-Microglobulin
α 中間絲蛋白	Alpha-internexin
α 中间丝蛋白	Alpha-internexin
α 亚麻酸摄入	Alpha linolenate intake
α 亞麻酸攝入	Alpha linolenate intake
α 半乳糖苷酶	Alpha galactosidase A
α 岩藻糖苷酶	Alpha fucosidase
α 巖藻糖苷酶	Alpha fucosidase
α 氨基己二酸	Alpha aminoadipate
α 氨基异丁酸	Alpha aminoisobutyrate
α 氨基異丁酸	Alpha aminoisobutyrate
α 甘露糖苷酶	Alpha mannosidase
α 突触核蛋白	Alpha synuclein
α 突觸核蛋白	Alpha synuclein
α 羟基三唑仑	Alpha hydroxytriazolam
α 羥基三唑侖	Alpha hydroxytriazolam
α-1 球蛋白	Alpha 1 globulin
α-1-球蛋白	Alpha 1 globulin
α-1微球蛋白	Alpha-1-Microglobulin
α-2 球蛋白	Alpha 2 globulin
α-2-球蛋白	Alpha 2 globulin
α-2巨球蛋白	Alpha-2-Macroglobulin
α-2微球蛋白	Alpha-2-Microglobulin
α-中間絲蛋白	Alpha-internexin
α-中间丝蛋白	Alpha-internexin
α-亚麻酸摄入	Alpha linolenate intake
α-亞麻酸攝入	Alpha linolenate intake
α-半乳糖苷酶	Alpha galactosidase A
α-岩藻糖苷酶	Alpha fucosidase
α-巖藻糖苷酶	Alpha fucosidase
α-氨基己二酸	Alpha aminoadipate
α-氨基异丁酸	Alpha aminoisobutyrate
α-氨基異丁酸	Alpha aminoisobutyrate
α-甘露糖苷酶	Alpha mannosidase
α-突触核蛋白	Alpha synuclein
α-突觸核蛋白	Alpha synuclein
α-羟基三唑仑	Alpha hydroxytriazolam
α-羥基三唑侖	Alpha hydroxytriazolam
α1 微球蛋白	Alpha-1-Microglobulin
α1-微球蛋白	Alpha-1-Microglobulin
α1抗胰蛋白酶	Alpha 1 antitrypsin
α1胎儿球蛋白	Alpha-1-Fetoprotein
α1胎兒球蛋白	Alpha-1-Fetoprotein
α1胎蛋白組套	Alpha-1-fetoprotein
α1胎蛋白组套	Alpha-1-fetoprotein
α1酸性糖蛋白	Alpha-1-Acid glycoprotein
α2 巨球蛋白	Alpha-2-Macroglobulin
α2 微球蛋白	Alpha-2-Microglobulin
α2-巨球蛋白	Alpha-2-Macroglobulin
α2-微球蛋白	Alpha-2-Microglobulin
α吡咯啉苯戊酮	Alpha pyrrolidinovalerophenone
α羟基依替唑仑	Alpha hydroxyetizolam
α羟基氟普唑仑	Alpha-hydroxy flualprazolam
α羟基氟溴唑仑	Alpha-hydroxy flubromazolam
α羟基阿普唑仑	Alpha hydroxyalprazolam
α羥基依替唑侖	Alpha hydroxyetizolam
α羥基氟普唑侖	Alpha-hydroxy flualprazolam
α羥基氟溴唑侖	Alpha-hydroxy flubromazolam
α羥基阿普唑侖	Alpha hydroxyalprazolam
β 1 球蛋白	Beta 1 globulin
β 1-球蛋白	Beta 1 globulin
β 1轉鐵蛋白	Beta-1 transferrin
β 1转铁蛋白	Beta-1 transferrin
β 2 球蛋白	Beta 2 globulin
β 2-球蛋白	Beta 2 globulin
β 2微球蛋白	Beta-2-Microglobulin
β 2轉鐵蛋白	Beta-2 transferrin
β 2转铁蛋白	Beta-2 transferrin
β 半乳糖苷酶	Beta galactosidase
β 受体阻滞剂	Beta blockers
β 受體阻滯劑	Beta blockers
β 氨基己二酸	Beta aminoadipate
β 氨基异丁酸	Beta aminoisobutyrate
β 氨基異丁酸	Beta aminoisobutyrate
β 甘露糖苷酶	Beta mannosidase
β 脲基异丁酸	Beta-ureidoisobutyrate
β 脲基異丁酸	Beta-ureidoisobutyrate
β 脲酰丙酸酶	Beta-ureidopropionase
β 脲醯丙酸酶	Beta-ureidopropionase
β 葡聚糖摄入	Beta glucan intake
β 葡聚糖攝入	Beta glucan intake
β-1 球蛋白	Beta 1 globulin
β-1-球蛋白	Beta 1 globulin
β-1轉鐵蛋白	Beta-1 transferrin
β-1转铁蛋白	Beta-1 transferrin
β-2 球蛋白	Beta 2 globulin
β-2-球蛋白	Beta 2 globulin
β-2微球蛋白	Beta-2-Microglobulin
β-2轉鐵蛋白	Beta-2 transferrin
β-2转铁蛋白	Beta-2 transferrin
β-半乳糖苷酶	Beta galactosidase
β-受体阻滞剂	Beta blockers
β-受體阻滯劑	Beta blockers
β-氨基己二酸	Beta aminoadipate
β-氨基异丁酸	Beta aminoisobutyrate
β-氨基異丁酸	Beta aminoisobutyrate
β-甘露糖苷酶	Beta mannosidase
β-脲基异丁酸	Beta-ureidoisobutyrate
β-脲基異丁酸	Beta-ureidoisobutyrate
β-脲酰丙酸酶	Beta-ureidopropionase
β-脲醯丙酸酶	Beta-ureidopropionase
β-葡聚糖摄入	Beta glucan intake
β-葡聚糖攝入	Beta glucan intake
β1 轉鐵蛋白	Beta-1 transferrin
β1 转铁蛋白	Beta-1 transferrin
β1-轉鐵蛋白	Beta-1 transferrin
β1-转铁蛋白	Beta-1 transferrin
β2 微球蛋白	Beta-2-Microglobulin
β2 轉鐵蛋白	Beta-2 transferrin
β2 转铁蛋白	Beta-2 transferrin
β2-微球蛋白	Beta-2-Microglobulin
β2-轉鐵蛋白	Beta-2 transferrin
β2-转铁蛋白	Beta-2 transferrin
β2糖蛋白 1	Beta 2 glycoprotein 1
β呋喃果糖苷酶	Beta fructofuranosidase
γ 2 球蛋白	Gamma 2 globulin
γ 2-球蛋白	Gamma 2 globulin
γ 3 球蛋白	Gamma 3 globulin
γ 3-球蛋白	Gamma 3 globulin
γ 丁酰甜菜碱	Gamma butyrobetaine
γ 丁醯甜菜鹼	Gamma butyrobetaine
γ 干扰素本底	Gamma interferon background
γ 幹擾素本底	Gamma interferon background
γ 氨基己二酸	Gamma aminoadipate
γ-2 球蛋白	Gamma 2 globulin
γ-2-球蛋白	Gamma 2 globulin
γ-3 球蛋白	Gamma 3 globulin
γ-3-球蛋白	Gamma 3 globulin
γ-丁酰甜菜碱	Gamma butyrobetaine
γ-丁醯甜菜鹼	Gamma butyrobetaine
γ-干扰素本底	Gamma interferon background
γ-幹擾素本底	Gamma interferon background
γ-氨基己二酸	Gamma aminoadipate
γ穀氨醯轉移酶	Gamma glutamyl transferase
γ谷氨酰转移酶	Gamma glutamyl transferase
δ 5 孕三醇	Delta 5-Pregnanetriol
δ 5-孕三醇	Delta 5-Pregnanetriol
δ 氨基酮戊酸	Delta aminolevulinate
δ-5 孕三醇	Delta 5-Pregnanetriol
δ-5-孕三醇	Delta 5-Pregnanetriol
δ-氨基酮戊酸	Delta aminolevulinate
δ8四氢大麻酚	Delta-8-tetrahydrocannabinol
δ8四氫大麻酚	Delta-8-tetrahydrocannabinol
一氧化碳弥散量	Diffusing capacity for carbon monoxide DLCO
一氧化碳彌散量	Diffusing capacity for carbon monoxide DLCO
万古霉素耐药性	vancomycin resistant
三环类抗抑郁药	Tricyclic antidepressants
三環類抗抑鬱藥	Tricyclic antidepressants
三重磷酸盐结晶	Triple phosphate crystals
三重磷酸鹽結晶	Triple phosphate crystals
三重視圖型多層	Multisection 3 views
三重视图型多层	Multisection 3 views
上中切牙至口点	Upper central incisor to stomion
上中切牙至口點	Upper central incisor to stomion
上切牙至腭平面	Upper incisor to palatal plane
上切牙至顎平面	Upper incisor to palatal plane
上市后经验小节	Postmarketing experience section
上市後經驗小節	Postmarketing experience section
上訴回絕函附件	Appeal denial letter attachment
上诉回绝函附件	Appeal denial letter attachment
下一剂量的日期	Date next dose
下一劑量的日期	Date next dose
下次剂量的时间	Time next dose
下次劑量的時間	Time next dose
不存在血型抗原	Blood group antigens absent
不規則趨化因子	Chemokine (C-X3-C motif) ligand 1
不规则趋化因子	Chemokine (C-X3-C motif) ligand 1
丙基戊酸与游离	Valproate
丙基戊酸医嘱组	Valproate
丙基戊酸與游離	Valproate
丙基戊酸醫囑組	Valproate
丙氨酸氨基肽酶	Alanine aminopeptidase
丙烯酰基芬太尼	Acrylfentanyl
丙烯醯基芬太尼	Acrylfentanyl
丙酮苄羟香豆素	Warfarin
丙酮苄羥香豆素	Warfarin
丛生丝孢酵母菌	Trichosporon pullulans
东方马脑炎病毒	Eastern equine encephalitis virus
中枢性呼吸暂停	central apnea
中樞性呼吸暫停	central apnea
中鏈脂醯基輔酶	Medium-chain Acyl CoA dehydrogenase
中链脂酰基辅酶	Medium-chain Acyl CoA dehydrogenase
临产和分娩小节	Labor & delivery section
临产和分娩记录	Labor and delivery records
临产和分娩过程	Labor and delivery process
临床发现不存在	Clinical finding absent
临床用性别参数	Sex parameter for clinical use
临床药理学小节	Clinical pharmacology section
乌普萨拉弯曲菌	Campylobacter coli+jejuni+upsaliensis
乙酰对氨苯乙醚	Phenacetin
乙酰普鲁卡因胺	Procainamide+N-acetylprocainamide
乙酰毛地黄毒苷	Acetyldigitoxin
乙醯對氨苯乙醚	Phenacetin
乙醯普魯卡因胺	Procainamide+N-acetylprocainamide
乙醯毛地黃毒苷	Acetyldigitoxin
乳杆菌属形态型	Lactobacillus sp morphotypes
乳果糖刺激組套	Lactulose challenge
乳果糖刺激组套	Lactulose challenge
乳桿菌屬形態型	Lactobacillus sp morphotypes
乳糜微粒之中的	in chylomicrons
乳胶手套提取物	Latex glove extract
乳腺癌分子亚型	Breast cancer molecular subtype
乳腺癌分子亞型	Breast cancer molecular subtype
乳膠手套提取物	Latex glove extract
乳酸脫氫酶組套	Lactate dehydrogenase
乳酸脱氢酶组套	Lactate dehydrogenase
二丙酸倍氯米松	Beclomethasone dipropionate
二乙基卡馬西平	Diethylcarbamazepine
二乙基卡马西平	Diethylcarbamazepine
二十二碳一烯酸	Fatty acids very long chain C22:1n9 Erucate Moles volume Serum Plasma
二十二碳三烯酸	Docosatrienoate
二十二碳二烯酸	Docosadienoate
二十二碳五烯酸	Docosapentaenoate C22:5 n-3 DPA
二十二碳六烯酸	Docosahexaenoate
二十二碳四烯酸	Docosatetraenoate C22:4w6 adrenic acid
二氢蝶啶还原酶	Dihydropteridine reductase
二氫蝶啶還原酶	Dihydropteridine reductase
二氯乙基氧化物	Bis(2-Chloroethyl) ether
二磷酸甘油酸盐	2,3-Diphosphoglycerate
二磷酸甘油酸鹽	2,3-Diphosphoglycerate
二羧基油酰肉碱	Dicarboxyoleylcarnitine (C18:1-DC)
二羧基油醯肉鹼	Dicarboxyoleylcarnitine (C18:1-DC)
二苯基甲氧乙酸	Diphenylmethoxyacetate
二高γ-亚麻酸	Dihomogammalinolenate C20:3 n-6 DGLA
二高γ-亞麻酸	Dihomogammalinolenate C20:3 n-6 DGLA
五肽胃泌素之后	kg pentagastrin IV
五肽胃泌素之後	kg pentagastrin IV
亚利桑那沙门菌	Salmonella arizonae
亚甲基二膦酸钠	W Tc-99m medronate IV
亚甲基邻氯苯胺	4,4'-Methylene bis(2-Chloroaniline)
亚硝基铁氰化物	Nitroprusside
亚硫酸盐氧化酶	Sulfite oxidase
亚胺甲基谷氨酸	Formiminoglutamate
亞利桑那沙門菌	Salmonella arizonae
亞甲基二膦酸鈉	W Tc-99m medronate IV
亞甲基鄰氯苯胺	4,4'-Methylene bis(2-Chloroaniline)
亞硝基鐵氰化物	Nitroprusside
亞硫酸鹽氧化酶	Sulfite oxidase
亞胺甲基穀氨酸	Formiminoglutamate
产科学分娩方法	Obstetric delivery method
产科学医嘱组类	Obstetric 1996
产科学妊娠分期	Obstetric trimester
产黑色素类杆菌	Bacteroides melaninogenicus
人上游结合因子	Human upstream binding factor
人上遊結合因子	Human upstream binding factor
人乳头状瘤病毒	HPV E6+E7
人乳頭狀瘤病毒	HPV E6+E7
人口統計學小節	Demographic section
人口统计学小节	Demographic section
人型生殖支原体	Mycoplasma genitalium + Mycoplasma hominis
人型生殖支原體	Mycoplasma genitalium + Mycoplasma hominis
人类处方药标签	Human prescription drug label
人群静息代谢率	Population resting metabolic rate
人群靜息代謝率	Population resting metabolic rate
人類處方藥標籤	Human prescription drug label
什么类型的修缮	What type of renovation
什麼類型的修繕	What type of renovation
代謝性疾病篩查	Metabolic disease screening
代谢性疾病筛查	Metabolic disease screening
以前拔除的牙齒	Tooth previously extracted
以前拔除的牙齿	Tooth previously extracted
任何方式的幻覺	Hallucinations in any modality
任何方式的幻觉	Hallucinations in any modality
伤口分类和诊断	Wound classification and diagnoses
伤口渗出物组套	Wound exudate
伤寒沙门菌菌体	Salmonella typhi O D
伤寒沙门菌鞭毛	Salmonella typhi H D
伴放線放線桿菌	Aggregatibacter actinomycetemcomitans
伴放线放线杆菌	Aggregatibacter actinomycetemcomitans
似蚓蛔線蟲幼蟲	Ascaris lumbricoides larva
似蚓蛔線蟲成蟲	Ascaris lumbricoides adult
似蚓蛔线虫幼虫	Ascaris lumbricoides larva
似蚓蛔线虫成虫	Ascaris lumbricoides adult
低血糖評價組套	Hypoglycemia evaluation
低血糖评价组套	Hypoglycemia evaluation
住宅內樓梯級數	Number of stairs within home
住宅内楼梯级数	Number of stairs within home
住宅是什么类型	What is type of dwelling
住宅是什麼類型	What is type of dwelling
住宅結構性障礙	Residence structural barrier
住宅结构性障碍	Residence structural barrier
体型调整型剂量	CT size-adjusted dose
体积最大值设置	Volume max setting
体积最小值设置	Volume min setting
佛罗里达假紫荆	Parkinsonia florida
佛羅裡達假紫荊	Parkinsonia florida
供体特异性抗体	IgG donor specific
供體特異性抗體	IgG donor specific
侧脑室体部宽度	Lateral ventricular body width
侵袭的最深程度	Extent of invasion deepest
侵襲的最深程度	Extent of invasion deepest
促紅細胞生成素	Erythropoietin
促红细胞生成素	Erythropoietin
促胃泌素释放肽	Gastrin releasing polypeptide
促胃泌素釋放肽	Gastrin releasing polypeptide
信息來源可靠性	Reliability of information source
信息发布同意书	Release of information consent
信息来源可靠性	Reliability of information source
信息發布同意書	Release of information consent
假結核棒狀桿菌	Corynebacterium pseudotuberculosis
假結核耶爾森菌	Yersinia pseudotuberculosis
假结核棒状杆菌	Corynebacterium pseudotuberculosis
假结核耶尔森菌	Yersinia pseudotuberculosis
健康数据存储库	Health data repository
健康數據存儲庫	Health data repository
健康相关情况史	Health-related conditions
健康相關情況史	Health-related conditions
側腦室體部寬度	Lateral ventricular body width
储存与处理小节	Storage and handling section
傷口分類和診斷	Wound classification and diagnoses
傷口滲出物組套	Wound exudate
傷寒沙門菌菌體	Salmonella typhi O D
傷寒沙門菌鞭毛	Salmonella typhi H D
儲存與處理小節	Storage and handling section
克剂量药物之后	post 40 g dose PO
克劑量藥物之後	post 40 g dose PO
克魯斯假絲酵母	Candida krusei
克鲁斯假丝酵母	Candida krusei
免疫应答标志物	Immune response markers
免疫應答標誌物	Immune response markers
免疫球蛋白基因	Immunoglobulin gene rearrangements
免疫球蛋白組套	Immunoglobulin
免疫球蛋白组套	Immunoglobulin
免疫球蛋白輕鏈	Immunoglobulin light chains
免疫球蛋白轻链	Immunoglobulin light chains
免疫缺陷标志物	Immunodeficiency markers
免疫缺陷標誌物	Immunodeficiency markers
兔脑炎微孢子虫	Encephalitozoon cuniculi
兔腦炎微孢子蟲	Encephalitozoon cuniculi
入站轉診標識符	Incoming referral ID
入站转诊标识符	Incoming referral ID
內分泌學家審核	Endocrinologist review
內源性凝血因子	intrinsic factor
全氟辛烷磺酰胺	Perfluorooctane Sulfonamide
全氟辛烷磺醯胺	Perfluorooctane Sulfonamide
六氢脱氧麻黄碱	Propylhexedrine
六氫脫氧麻黃鹼	Propylhexedrine
共济失调总评分	Total ataxia score
共濟失調總評分	Total ataxia score
关于复苏的想法	Thoughts on resuscitation
关于就诊的原因	Reason for visit
关于插管的想法	Thoughts on intubation
关于检查的原因	Reason for study
关于移植的原因	Reason for transplant
关于管饲的想法	Thoughts on tube feeding
关于转诊的原因	Reason for referral
关联的前提条件	Associated precondition
其他併發症組套	Other complications
其他并发症组套	Other complications
其他有机酸血症	Other organic acidemias
其他有機酸血症	Other organic acidemias
其他的安全信息	Other safety information
其他的患者信息	Other patients information
其他的患者姓名	Other patient name
其他的筛查名称	Other screen name
其他的筛查评估	Other screen assessment
其他的篩查名稱	Other screen name
其他的篩查評估	Other screen assessment
其他社会因素史	Other social factors
其他社會因素史	Other social factors
其他血紅蛋白病	Other hemoglobinopathies
其他血红蛋白病	Other hemoglobinopathies
兽医毒理学组套	Veterinary toxicology
兽医适应症小节	Veterinary indications section
内分泌学家审核	Endocrinologist review
内源性凝血因子	intrinsic factor
内罗毕羊病病毒	Nairobi sheep disease virus
凝块稳固性降低	Clot firmness reduction
凝塊穩固性降低	Clot firmness reduction
凝血功能类成分	Coagulation
凝血功能類成分	Coagulation
凝血酶生成試驗	Thrombin generation test
凝血酶生成试验	Thrombin generation test
凝血酶达峰时间	Time to thrombin peak
凝血酶達峰時間	Time to thrombin peak
出血性肠炎病毒	Hemorrhagic enteritis virus
出血性腸炎病毒	Hemorrhagic enteritis virus
分娩前摘要記錄	Antepartum summary note
分娩前摘要记录	Antepartum summary note
分娩前記錄組套	Antepartum record
分娩前记录组套	Antepartum record
分子生物学报告	Molecular biology report
分子生物學報告	Molecular biology report
分子病理学检查	Molecular pathology studies
分子病理學檢查	Molecular pathology studies
分数型塌陷程度	Fractional collapse
分数型缩短程度	Fractional shortening
分數型塌陷程度	Fractional collapse
分數型縮短程度	Fractional shortening
分析試驗標識符	Filler DNA analysis test identifier
分析试验标识符	Filler DNA analysis test identifier
分类系统总评分	Robson classification system total score
分級病理學取值	Grade pathology value
分級病理學系統	Grade pathology system
分级病理学取值	Grade pathology value
分级病理学系统	Grade pathology system
分診與護理記錄	Triage+Care note
分诊与护理记录	Triage+Care note
分鐘通氣量設置	Minute volume setting
分钟通气量设置	Minute volume setting
分類系統總評分	Robson classification system total score
刚地弓形虫抗体	Toxoplasma gondii
创建者报告编号	Creator report number
创面与创缘组套	Wound bed & edge
剂型与规格小节	Dosage forms and strengths section
剂量与施用小节	Dosage & administration section
前列腺健康指数	Prostate health index
前列腺健康指數	Prostate health index
前列腺导管内癌	Intraductal carcinoma of prostate
前列腺導管內癌	Intraductal carcinoma of prostate
前后位多重视图	Views AP + Y
前後位多重視圖	Views AP + Y
前白蛋白結合型	prealbumin bound
前白蛋白结合型	prealbumin bound
前角膜基質細胞	Prekeratocytes
前角膜基质细胞	Prekeratocytes
前鼻嵴至頦下點	Anterior nasal spine to menton
前鼻嵴至頦前點	Anterior nasal spine to pogonion
前鼻嵴至颏下点	Anterior nasal spine to menton
前鼻嵴至颏前点	Anterior nasal spine to pogonion
剛地弓形蟲抗體	Toxoplasma gondii
副流感嗜血杆菌	Haemophilus parainfluenzae
副流感嗜血桿菌	Haemophilus parainfluenzae
副流感病毒甲型	Parainfluenza virus A
副結核反應風團	Paratuberculosis reaction wheal
副结核反应风团	Paratuberculosis reaction wheal
副肿瘤抗体组套	Paraneoplastic
副腫瘤抗體組套	Paraneoplastic
創建者報告編號	Creator report number
創面與創緣組套	Wound bed & edge
劑型與規格小節	Dosage forms and strengths section
劑量與施用小節	Dosage & administration section
办公厅主任姓名	Chief of staff name
化妆品产品备案	Cosmetic product listing
化妆品简化续期	Cosmetic-abbreviated renewal
化妝品產品備案	Cosmetic product listing
化妝品簡化續期	Cosmetic-abbreviated renewal
化脓性链球菌酶	Streptococcus pyogenes enzyme
化膿性鏈球菌酶	Streptococcus pyogenes enzyme
医疗代理人顾问	Healthcare agent advisor
医疗必要性证明	Certificate of medical necessity
医疗装置使用史	History of medical device use
医院住院期描述	Hospital stay description
医院住院期组套	Hospital stay
医院住院目的地	Hospital inpatient destination
医院入院时间戳	Hospital admission timestamp
医院入院标识符	Hospital admission ID
医院出院时间戳	Hospital discharge timestamp
医院特异性小节	Hospital-specific section
十字鉗應用時間	Time cross clamp applied
十字钳应用时间	Time cross clamp applied
半乳糖刺激因素	Galactose 1 phosphate
半乳糖吸收試驗	Galactose 1 phosphate
半乳糖吸收试验	Galactose 1 phosphate
半乳糖耐受試驗	Galactose 1 phosphate
半乳糖耐受试验	Galactose 1 phosphate
半乳糖耐量試驗	Galactose 1 phosphate
半乳糖耐量试验	Galactose 1 phosphate
半乳糖負荷試驗	Galactose 1 phosphate
半乳糖负荷试验	Galactose 1 phosphate
单不饱和脂肪酸	Monounsaturated fatty acids MUFA
单乙基膦酸甲酯	Monoethyl methylphosphonate
单克隆蛋白组套	Protein monoclonal
单核细胞样细胞	Monocytoid cells
单核苷酸多态性	Single nucleotide polymorphisms
单饱和脂肪摄入	Monounsaturated fat intake
博氏鉤端螺旋體	Leptospira borgpetersenii serovar Javanica
博氏钩端螺旋体	Leptospira borgpetersenii serovar Javanica
卟啉类成分组套	Porphyrin fractions
卟啉類成分組套	Porphyrin fractions
卡罗单抗喷地肽	W Tc-99m capromab pendatide IV
卡羅單抗噴地肽	W Tc-99m capromab pendatide IV
危重病监护记录	Critical care records
危重病監護記錄	Critical care records
厄瓜多內阿米巴	Entamoeba histolytica+Entamoeba dispar+Entamoeba ecuadoriensis+Entamoeba nuttalli
历史记录接受者	History taker
压力性损伤数量	Number of pressure injuries
压力最大值设置	Pressure max setting
厌氧消化链球菌	Peptostreptococcus anaerobius
原住民生活状态	First nations living status
原住民生活狀態	First nations living status
原卟啉成分組套	Protoporphyrin fractions
原卟啉成分组套	Protoporphyrin fractions
原发性妄想观念	Primary delusional ideas
原始淋巴結部位	Lymph node site of origin
原始淋巴结部位	Lymph node site of origin
原發性妄想觀念	Primary delusional ideas
厭氧消化鏈球菌	Peptostreptococcus anaerobius
去丁基布比卡因	Desbutylbupivacaine
去乙基伐地那非	Desethylvardenafil
去乙基舒尼替尼	Sunitinib+N-Desethylsunitinib
去年的体力活动	Physical activity in past Y
去年的體力活動	Physical activity in past Y
去烷基氟胺安定	N-desalkylflurazepam
去烷基西地西泮	Desalkylgidazepam
去甲基丁丙諾啡	Norbuprenorphine
去甲基丁丙诺啡	Norbuprenorphine
去甲基丙氧氨酚	Norpropoxyphene
去甲基他喷他多	Nortapentadol
去甲基他噴他多	Nortapentadol
去甲基他莫西芬	Nortamoxifen
去甲基佐匹克隆	Desmethylzopiclone
去甲基文拉法新	O-desmethylvenlafaxine
去甲基文拉法辛	Venlafaxine+O-desmethylvenlafaxine
去甲基氟硝安定	Norflunitrazepam
去甲基氯米帕明	Norclomipramine
去甲基环苯扎林	Desmethylcyclobenzaprine
去甲基環苯扎林	Desmethylcyclobenzaprine
去甲基甲乙双酮	Norparamethadione
去甲基甲乙雙酮	Norparamethadione
去甲基米安舍林	Normianserin
去甲基維拉帕米	Norverapamil
去甲基维拉帕米	Norverapamil
去甲基美芬妥英	Normephenytoin
去甲基羟吗啡酮	Noroxymorphone
去甲基羥嗎啡酮	Noroxymorphone
去甲基舒芬太尼	Norsufentanil
去甲基芬氟拉明	Norfenfluramine
去甲基西地那非	Norsildenafil
去甲基西布曲明	Norsibutramine
去甲基西酞普兰	Norcitalopram
去甲基西酞普蘭	Norcitalopram
去甲基阿司咪唑	Norastemizole
去甲基馬普替林	Normaprotiline
去甲基马普替林	Normaprotiline
去甲間腎上腺素	Normetanephrine
去甲间肾上腺素	Normetanephrine
参考基因组序列	reference genome sequence
參考基因組序列	reference genome sequence
反刍考德里体病	Cowdria ruminantium
反流射流减速度	Regurgitant jet deceleration
反流射流減速度	Regurgitant jet deceleration
反芻考德裡體病	Cowdria ruminantium
发作性睡病相关	Narcolepsy associated
发病前工作调整	Premorbid work adjustment
发病前社交调整	Premorbid social adjustment
发病前调整记录	Premorbid adjustment notes
发癣菌反应风团	Trichophyton reaction wheal
发育性关节评估	developmental joint assessment
受托实验室名称	Referral lab name
受託實驗室名稱	Referral lab name
叙述型诊断报告	Narrative diagnostic report
叢生絲孢酵母菌	Trichosporon pullulans
古柯鹼代謝產物	Cocaine metabolites
可卡因代谢产物	Cocaine metabolites
可吸入細顆粒物	Fine inhalable particles
可吸入细颗粒物	Fine inhalable particles
可提取性核抗体	Jo-1 extractable nuclear
可提取性核抗體	Jo-1 extractable nuclear
可用的专科服务	Specialty services available
可用的專科服務	Specialty services available
可罗比圆孢子虫	Cyclospora colobi
可羅比圓孢子蟲	Cyclospora colobi
右向左心內分流	Shunt right-left intracardiac
右向左心内分流	Shunt right-left intracardiac
右心室心輸出量	Cardiac output ventricle right
右心室心输出量	Cardiac output ventricle right
右旋甲基苯丙胺	Dextromethamphetamine
合成大麻素組套	Synthetic cannabinoids
合成大麻素组套	Synthetic cannabinoids
合成阿片类药物	Synthetic opioids
合成阿片類藥物	Synthetic opioids
后代或遗传风险	Offspring or Inheritance risk
吡咯烷异己苯酮	Alpha-Pyrrolidinoisohexanophenone
吡咯烷異己苯酮	Alpha-Pyrrolidinoisohexanophenone
呼吸机不良事件	Ventilator adverse event
呼吸机使用天数	Ds on ventilator
呼吸机断开原因	Ventilator disconnect reason
呼吸机警报事件	Ventilator alarm events
呼吸机警报原因	Ventilator alarm reason
呼吸機不良事件	Ventilator adverse event
呼吸機使用天數	Ds on ventilator
呼吸機斷開原因	Ventilator disconnect reason
呼吸機警報事件	Ventilator alarm events
呼吸機警報原因	Ventilator alarm reason
呼吸道合胞病毒	Respiratory syncytial virus RSV
呼吸音限定成分	Breath sound qualifier
咽峡炎链球菌族	Streptococcus anginosus
咽峽炎鏈球菌族	Streptococcus anginosus
响应方式描述符	Response mode descriptors
唑吡坦代謝產物	Zolpidem phenyl-4-carboxylate
唑吡坦代谢产物	Zolpidem phenyl-4-carboxylate
問題性質或描述	Problem quality or description
問題相關的事項	Problem related issues
喂养与膳食状态	Feeding and dietary status
單不飽和脂肪酸	Monounsaturated fatty acids MUFA
單乙基膦酸甲酯	Monoethyl methylphosphonate
單克隆蛋白組套	Protein monoclonal
單核細胞樣細胞	Monocytoid cells
單核苷酸多態性	Single nucleotide polymorphisms
單飽和脂肪攝入	Monounsaturated fat intake
喹硫平代謝產物	QUEtiapine metabolite
喹硫平代谢产物	QUEtiapine metabolite
嗜中性粒細胞膜	Neutrophil membrane
嗜中性粒细胞膜	Neutrophil membrane
嗜吞噬球无形体	Anaplasma phagocytophilum
嗜吞噬球無形體	Anaplasma phagocytophilum
嗜肺军团菌抗体	Legionella pneumophila
嗜肺军团菌组合	Legionella pneumophila 1+2+3+4+5+6
嗜肺軍團菌抗體	Legionella pneumophila
嗜肺軍團菌組合	Legionella pneumophila 1+2+3+4+5+6
嘌呤与嘧啶模式	Purine & Pyrimidine pattern
嘌呤与嘧啶组套	Purine & Pyrimidine
嘌呤與嘧啶模式	Purine & Pyrimidine pattern
嘌呤與嘧啶組套	Purine & Pyrimidine
器官供体标识号	Organ donor ID number
器官供體標識號	Organ donor ID number
器官捐献同意书	Organ donation consent
器官捐獻同意書	Organ donation consent
器官肿瘤粘附于	Organ tumor is adherent to
器官腫瘤粘附於	Organ tumor is adherent to
噻嗪化物类阳性	Thiazides positive
噻嗪化物類陽性	Thiazides positive
噻奈普汀衍生物	Tianeptine-MC5
噻肟单酰胺菌素	Aztreonam
噻肟單醯胺菌素	Aztreonam
四氢脱氧皮质醇	Tetrahydrodeoxycortisol
四氫脫氧皮質醇	Tetrahydrodeoxycortisol
回归热疏螺旋体	Borrelia recurrentis
回歸熱疏螺旋體	Borrelia recurrentis
因子裂解蛋白酶	von Willebrand factor cleaving protease
国际标准化比值	International normalized ratio INR
國際標準化比值	International normalized ratio INR
土拉弗朗西斯菌	Francisella tularensis
在剂量尿素之后	post dose urea
在剂量物质之前	pre dose TRH
在剂量药物之前	pre dose
在劑量尿素之後	post dose urea
在劑量物質之前	pre dose TRH
在劑量藥物之前	pre dose
在动脉穿刺之前	pre arterial puncture
在動脈穿刺之前	pre arterial puncture
在吸入治疗之前	pre inhalation therapy
在吸入治疗之后	post inhalation therapy
在吸入治療之前	pre inhalation therapy
在吸入治療之後	post inhalation therapy
在呼吸間歇期間	during respiratory pause
在呼吸间歇期间	during respiratory pause
在导丝置入之后	post wire placement
在射血时间之前	Pre ejection time
在射血時間之前	Pre ejection time
在導絲置入之後	post wire placement
在当前妊娠之前	pre current pregnancy
在心脏复律之前	pre cardioversion
在心脏复律之后	post cardioversion
在心脏移植之后	post cardiac transplant
在心臟復律之前	pre cardioversion
在心臟復律之後	post cardioversion
在心臟移植之後	post cardiac transplant
在操作項目之前	pre procedure
在操作項目之後	post procedure
在操作项目之前	pre procedure
在操作项目之后	post procedure
在救护车运送时	at ambulance transport
在救護車運送時	at ambulance transport
在术前治疗之后	post preoperative therapy
在步行的过程中	during walking
在步行的過程中	during walking
在氰鈷胺素之後	post cyanocobalamin
在氰钴胺素之后	post cyanocobalamin
在活动的过程中	during
在活動的過程中	during
在游泳的过程中	during swimming
在物理治疗之前	pre physiotherapy
在物理治療之前	pre physiotherapy
在當前妊娠之前	pre current pregnancy
在症状发作之前	pre symptom onset
在症狀發作之前	pre symptom onset
在肝素中和之后	post heparin neutralization
在肝素中和之後	post heparin neutralization
在肺血流测定时	at pulmonic flow measurement
在肺血流測定時	at pulmonic flow measurement
在肾脏移植之后	post kidney transplant
在腎臟移植之後	post kidney transplant
在術前治療之後	post preoperative therapy
在跑行的过程中	during running
在跑行的過程中	during running
在輸血反應之後	post transfusion reaction
在输血反应之后	post transfusion reaction
在遊泳的過程中	during swimming
在静脉采血之后	post phlebotomy
在靜脈採血之後	post phlebotomy
在騎行的過程中	during cycling
在骑行的过程中	during cycling
在骨髓移植之后	post bone marrow transplant
在骨髓移植之後	post bone marrow transplant
垂体糖蛋白激素	Pituitary glycoprotein hormone
垂體糖蛋白激素	Pituitary glycoprotein hormone
型利鈉肽激素原	B prohormone N-Terminal
型利钠肽激素原	B prohormone N-Terminal
型变种亚型抗体	B variant subtype
型尿鈉肽激素原	B prohormone N-Terminal
型尿钠肽激素原	B prohormone N-Terminal
型抗体区带模式	HTLV I+II Ab band pattern
型抗體區帶模式	HTLV I+II Ab band pattern
型流感病毒亚型	Influenza virus A subtype
型流感病毒亞型	Influenza virus A subtype
型流感病毒譜系	Influenza virus B lineage
型流感病毒谱系	Influenza virus B lineage
型變種亞型抗體	B variant subtype
型鈉尿肽激素原	B prohormone N-Terminal
型钠尿肽激素原	B prohormone N-Terminal
型黏多糖貯積症	Mucopolysaccharidosis type II comment
型黏多糖贮积症	Mucopolysaccharidosis type II comment
執行實驗室名稱	Performing laboratory name
執行方醫囑編號	Filler order number
執行除顫的人員	Person who performed defibrillation
基于测序的分型	HLA-A+B+C SBT
基于重建的多层	Multisection by reconstruction
基因晶片標識符	Genechip ID
基因甲基化分析	MLH1 gene methylation analysis
基因甲基化評分	MGMT gene methylation score
基因甲基化评分	MGMT gene methylation score
基因組坐標系統	Genomic coordinate system
基因组坐标系统	Genomic coordinate system
基因芯片标识符	Genechip ID
基於測序的分型	HLA-A+B+C SBT
基於重建的多層	Multisection by reconstruction
基础代谢率指数	Basal metabolic rate index
基礎代謝率指數	Basal metabolic rate index
堪萨斯分枝杆菌	Mycobacterium kansasii
堪薩斯分枝桿菌	Mycobacterium kansasii
報告模板標識符	Report template ID
壓力性損傷數量	Number of pressure injuries
壓力最大值設置	Pressure max setting
外周脫碘酶活性	Peripheral deiodinase
外周脱碘酶活性	Peripheral deiodinase
外源性凝血途径	extrinsic pathway
外源性凝血途徑	extrinsic pathway
外源类固醇组套	External Steroid
外源類固醇組套	External Steroid
外科手术同意书	Surgical operation consent
外科手術同意書	Surgical operation consent
外科病理学检查	Surgical pathology study
外科病理學檢查	Surgical pathology study
外部輸液泵附件	External infusion pump attachment
外部输液泵附件	External infusion pump attachment
多不飽和脂肪酸	Polyunsaturated fatty acids PUFA
多不饱和脂肪酸	Polyunsaturated fatty acids PUFA
多发性硬化组套	Multiple sclerosis
多基因突变组套	GIST multigene mutation
多基因突變組套	GIST multigene mutation
多基因風險評分	Polygenic risk score
多基因风险评分	Polygenic risk score
多媒体文件名称	Multimedia file name
多媒体表现形式	Multimedia representation
多媒體文件名稱	Multimedia file name
多媒體表現形式	Multimedia representation
多杀巴斯德氏菌	Pasteurella multocida
多殺巴斯德氏菌	Pasteurella multocida
多發性硬化組套	Multiple sclerosis
多育賽多孢子菌	Scedosporium prolificans
多育赛多孢子菌	Scedosporium prolificans
多重变应原组套	Multiplex allergen
多重耐药性生物	Multiple drug resistant organism
多重耐藥性生物	Multiple drug resistant organism
多重變應原組套	Multiplex allergen
多飽和脂肪攝入	Polyunsaturated fat intake
多饱和脂肪摄入	Polyunsaturated fat intake
大型未染色細胞	Large unstained cells
大型未染色细胞	Large unstained cells
大疱性类天疱疮	P200 pemphigoid
大皰性類天皰瘡	P200 pemphigoid
大鼠尿液蛋白質	Rat urine proteins
大鼠尿液蛋白质	Rat urine proteins
大鼠血清蛋白質	Rat serum proteins
大鼠血清蛋白质	Rat serum proteins
天冬氨酰甘氨酸	Aspartylglycine
天冬氨醯甘氨酸	Aspartylglycine
奈洛比羊病病毒	Nairobi sheep disease virus
奥杜盎小孢子菌	Microsporum audouinii
奧杜盎小孢子菌	Microsporum audouinii
妊娠特异性蛋白	Pregnancy specific protein 1
妊娠特異性蛋白	Pregnancy specific protein 1
婴儿微环境组套	IEEE Rosetta infant microenvironment
婴儿监护仪类型	Infant monitor type
嬰兒微環境組套	IEEE Rosetta infant microenvironment
嬰兒監護儀類型	Infant monitor type
子宫内膜间质瘤	Endometrial stromal tumor
子宮內膜間質瘤	Endometrial stromal tumor
孟加拉內阿米巴	Entamoeba bangladeshi
孟加拉内阿米巴	Entamoeba bangladeshi
季也蒙假丝酵母	Candida guilliermondii
季也蒙假絲酵母	Candida guilliermondii
孤独症行动计划	Autism action plan
孤獨症行動計劃	Autism action plan
安全与效果摘要	Summary of safety and effectiveness
安全與效果摘要	Summary of safety and effectiveness
宗教或文化信仰	Religious or cultural beliefs
实验室主任姓名	Laboratory director name
实验室医嘱日期	Lab order date
实验室接收时间	Time received in laboratory
实验室检验报告	Laboratory report
实验室检验方法	Lab test method
室內灰塵阿羅格	House dust Allergopharma
室内灰尘阿罗格	House dust Allergopharma
家中空气污染物	Air contaminant in the home
家中空氣汙染物	Air contaminant in the home
家兔尿液蛋白質	Rabbit urine proteins
家兔尿液蛋白质	Rabbit urine proteins
家兔血清蛋白質	Rabbit serum proteins
家兔血清蛋白质	Rabbit serum proteins
家庭成员标识符	Family member identifier
家庭成員標識符	Family member identifier
家庭月度净收入	Monthly household net income
家庭月度淨收入	Monthly household net income
家族成员疾病史	History of family member diseases
家族成員疾病史	History of family member diseases
寡克隆区带组套	oligoclonal bands
寡克隆區帶組套	oligoclonal bands
實驗室主任姓名	Laboratory director name
實驗室接收時間	Time received in laboratory
實驗室檢驗報告	Laboratory report
實驗室檢驗方法	Lab test method
實驗室醫囑日期	Lab order date
对二氧杂环己烷	1,4-Dioxane
对氟丁酰芬太尼	p-Fluorobutyryl fentanyl
射流紧缩面直径	Vena contracta diameter
射流緊縮面直徑	Vena contracta diameter
射線染料結晶體	X ray dye crystals
射线染料结晶体	X ray dye crystals
對二氧雜環己烷	1,4-Dioxane
對氟丁醯芬太尼	p-Fluorobutyryl fentanyl
小反刍兽疫病毒	Peste des petits ruminants virus
小反芻獸疫病毒	Peste des petits ruminants virus
小麥網腥黑粉菌	Tilletia caries
小麦网腥黑粉菌	Tilletia caries
尖牙至尖牙距离	Cuspid to cuspid distance
尖牙至尖牙距離	Cuspid to cuspid distance
尖端賽多孢子菌	Scedosporium apiospermum
尖端赛多孢子菌	Scedosporium apiospermum
就医过程优先级	Encounter priority
就醫過程優先級	Encounter priority
尸体解剖已执行	Autopsy was performed
尿卟啉原脫羧酶	Uroporphyrinogen decarboxylase
尿卟啉原脱羧酶	Uroporphyrinogen decarboxylase
尿流率测定检查	Uroflowmetry study
尿流率测定组套	Uroflowmetry
尿流率測定檢查	Uroflowmetry study
尿流率測定組套	Uroflowmetry
尿流量达峰时间	Time to max urine flow
尿流量達峰時間	Time to max urine flow
尿白蛋白肌酐比	Urine albumin creatinine ratio ACR
尿苷二磷酸葡糖	Uridine diphosphate glucose-4-Epimerase
尿路感染病原体	Urinary pathogens
尿路感染病原體	Urinary pathogens
尿酸盐二水合物	Urate dihydrate
尿酸鹽二水合物	Urate dihydrate
局部淋巴結陽性	Regional lymph nodes positive
局部淋巴结阳性	Regional lymph nodes positive
局部經胸壁多層	Multisection transthoracic limited
局部经胸壁多层	Multisection transthoracic limited
屍體解剖已執行	Autopsy was performed
工人补偿金附件	Workers compensation attachment
工人補償金附件	Workers compensation attachment
左向右心內分流	Shunt left-right intracardiac
左向右心内分流	Shunt left-right intracardiac
左旋甲基苯丙胺	Levomethamphetamine
左甲基苯异丙胺	Levomethamphetamine
左甲基苯異丙胺	Levomethamphetamine
巨核細胞細胞核	Megakaryocytic nuclei
巨核细胞细胞核	Megakaryocytic nuclei
巨細胞病毒抗體	Cytomegalovirus
巨細胞病毒早期	Cytomegalovirus early
巨細胞病毒狀態	Cytomegalovirus status
巨细胞病毒抗体	Cytomegalovirus
巨细胞病毒早期	Cytomegalovirus early
巨细胞病毒状态	Cytomegalovirus status
已嘗試的復甦術	Resuscitation attempted
已執行手工分類	Manual differential performed
已執行臨時起搏	Temporary pacing performed
已執行血液取樣	Blood sampling performed
已完成初步检测	Preliminary testing done
已完成初步檢測	Preliminary testing done
已尝试的复苏术	Resuscitation attempted
已愈合伤口信息	Healed wound information
已执行临时起搏	Temporary pacing performed
已执行手工分类	Manual differential performed
已执行血液取样	Blood sampling performed
已提供产前评估	Prenatal assessment provided
已提供產前評估	Prenatal assessment provided
已提供風險評估	Risk assessment provided
已提供风险评估	Risk assessment provided
已收到父方样本	Paternal sample received
已收到父方樣本	Paternal sample received
已标记手术部位	Marked operative site
已核对患者体位	Verified patient position
已核对操作项目	Verified procedure
已核對患者體位	Verified patient position
已核對操作項目	Verified procedure
已检查的压迫点	Pressure points examined
已检查的淋巴结	Lymph nodes examined
已检查的组织块	Tissue blocks examined
已检测的抗生素	Antibiotic tested
已標記手術部位	Marked operative site
已檢查的壓迫點	Pressure points examined
已檢查的淋巴結	Lymph nodes examined
已檢查的組織塊	Tissue blocks examined
已檢測的抗生素	Antibiotic tested
已癒合傷口信息	Healed wound information
已評分的細胞核	Nuclei scored
已评分的细胞核	Nuclei scored
巴比妥酸类存在	Barbiturates present
巴比妥酸类组套	Barbiturates
巴比妥酸类阳性	Barbiturates positive
巴比妥酸類存在	Barbiturates present
巴比妥酸類組套	Barbiturates
巴比妥酸類陽性	Barbiturates positive
巴西利什曼原虫	Leishmania braziliensis
巴西利什曼原蟲	Leishmania braziliensis
巴西副球孢子菌	Paracoccidioides brasiliensis
巴豆酰基甘氨酸	Crotonylglycine
巴豆醯基甘氨酸	Crotonylglycine
布尼亚维拉病毒	Bunyamwera virus
布尼亞維拉病毒	Bunyamwera virus
布氏位多重視圖	Views LE 3 Broden
布氏位多重视图	Views LE 3 Broden
布氏冈比亚锥虫	Trypanosoma brucei gambiense
布氏甘比亞錐蟲	Trypanosoma brucei gambiense
布魯氏菌屬抗體	Brucella
布鲁氏菌属抗体	Brucella
干预性操作记录	Interventional procedure note
平均值最大設置	mean max setting
平均值最大设置	mean max setting
平均值最小設置	mean min setting
平均值最小设置	mean min setting
平均动脉压公式	Mean arterial pressure formula
平均動脈壓公式	Mean arterial pressure formula
平均紅細胞體積	Mean corpuscular volume MCV
平均红细胞体积	Mean corpuscular volume MCV
平均血氧飽和度	Mean oxygen saturation
平均血氧饱和度	Mean oxygen saturation
幹預性操作記錄	Interventional procedure note
广州管圆线虫病	Angiostrongylus cantonensis
广谱细胞角蛋白	Pancytokeratin
应急供应品类别	Emergency supply category
廣州管圓線蟲病	Angiostrongylus cantonensis
廣譜細胞角蛋白	Pancytokeratin
开始日期和时间	Start date and time
异丙基甲丁双脲	Carisoprodol
异丙基膦酸甲酯	Isopropyl methylphosphonate
异常标志物模式	abnormal marker pattern
异柠檬酸脱氢酶	Isocitrate dehydrogenase
弗氏柠檬酸杆菌	Citrobacter freundii
弗氏檸檬酸桿菌	Citrobacter freundii
弯曲奈尼兹皮菌	Nannizzia incurvata
強制性報告表單	Mandatory reporting form
强制性报告表单	Mandatory reporting form
彎曲奈尼茲皮菌	Nannizzia incurvata
当前居住的国家	Country of current residence
当时我感到害怕	I felt scared
影像学检查名称	Imaging examination name
影像學檢查名稱	Imaging examination name
後代或遺傳風險	Offspring or Inheritance risk
微克可乐定之前	pre 300 ug cloNIDine PO
微克可樂定之前	pre 300 ug cloNIDine PO
微克呋塞米之前	pre 600 ug furosemide PO
微卫星不稳定性	Microsatellite instability
微生物学医嘱组	Microbiology CNAMTS
微生物学家审核	Microbiologist review
微生物學家審核	Microbiologist review
微生物學醫囑組	Microbiology CNAMTS
微衛星不穩定性	Microsatellite instability
微量營養物形式	Micronutrient form
微量白蛋白組套	Microalbumin
微量白蛋白组套	Microalbumin
微量营养物形式	Micronutrient form
心壁运动类多层	Multisection wall motion
心壁運動類多層	Multisection wall motion
心室敏感性設置	Ventricular sensitivity setting
心室敏感性设置	Ventricular sensitivity setting
心室敏感性閾值	Ventricular sensitivity threshold
心室敏感性阈值	Ventricular sensitivity threshold
心房电活动设置	Atrial sensitivity setting
心房电活动阈值	Atrial sensitivity threshold
心房電活動設置	Atrial sensitivity setting
心房電活動閾值	Atrial sensitivity threshold
心收縮期平均值	Systole 2
心收縮期最大值	Systole 2
心收缩期平均值	Systole 2
心收缩期最大值	Systole 2
心率最大值設置	Heart rate max setting
心率最大值设置	Heart rate max setting
心率最小值設置	Heart rate min setting
心率最小值设置	Heart rate min setting
心理压力源记录	Psychological stressor notes
心理壓力源記錄	Psychological stressor notes
心电图解释方法	ECG interpretation method
心肌损伤标志物	Cardiac injury markers
心肌損傷標誌物	Cardiac injury markers
心脏学筛查评估	Cardiac screen assessment
心脏总评分组套	Cardiac summed score
心脏收缩期均值	Systole 2
心脏收缩期最大	Systole 2
心脏生物标志物	Cardiac biomarkers
心脏监护仪解释	Cardiac monitor interpretation
心脏起搏器假体	Cardiac pacemaker prosthetic
心臟學篩查評估	Cardiac screen assessment
心臟收縮期均值	Systole 2
心臟收縮期最大	Systole 2
心臟生物標誌物	Cardiac biomarkers
心臟監護儀解釋	Cardiac monitor interpretation
心臟總評分組套	Cardiac summed score
心臟起搏器假體	Cardiac pacemaker prosthetic
心血管評估組套	Cardiovascular assessment
心血管评估组套	Cardiovascular assessment
心血管風險組套	Cardiovascular risk
心血管风险组套	Cardiovascular risk
心電圖解釋方法	ECG interpretation method
急性白血病組套	Acute leukemia
急性白血病组套	Acute leukemia
急性肝炎医嘱组	Acute hepatitis 2000
急性肝炎醫囑組	Acute hepatitis 2000
急性髓系白血病	Acute myeloid leukemia
急診科主治醫師	ED attending physician
急診科出院處置	ED discharge disposition
急診科分診護士	ED triage nurse
急診科執業人員	ED practitioner
急診科技術人員	ED tech
急診科支付數據	ED payment data
急診科服務等級	ED service level
急診科移交設施	ED transferring facility
急診科索賠附件	ED claims attachment
急診科臨床發現	ED clinical finding
急诊科临床发现	ED clinical finding
急诊科主治医师	ED attending physician
急诊科出院处置	ED discharge disposition
急诊科分诊护士	ED triage nurse
急诊科执业人员	ED practitioner
急诊科技术人员	ED tech
急诊科支付数据	ED payment data
急诊科服务等级	ED service level
急诊科移交设施	ED transferring facility
急诊科索赔附件	ED claims attachment
总ω-3脂肪酸	Omega 3 fatty acids w3 Serum Plasma
总ω-6脂肪酸	Omega 6 fatty acids w6 Serum Plasma
总芳基硫酸酯酶	Arylsulfatase C
患有感染性疾病	Has infectious disease or illness
情緒穩定性行為	Emotional stability behavior
情绪稳定性行为	Emotional stability behavior
愈创木酚甘油醚	guaiFENesin
愈創木酚甘油醚	guaiFENesin
意义未知的变异	Variant of unknown significance
意義未知的變異	Variant of unknown significance
感染恶性疟原虫	Plasmodium falciparum infected
感染惡性瘧原蟲	Plasmodium falciparum infected
感覺不適的原因	Cause of sick feeling
感覺或言語狀態	Sensory or speech status
感觉不适的原因	Cause of sick feeling
感觉或言语状态	Sensory or speech status
慢性白血病組套	Chronic leukemia
慢性白血病组套	Chronic leukemia
慢性荨麻疹指数	Chronic urticaria index
慢性莱姆病组套	Chronic lyme disease
慢性萊姆病組套	Chronic lyme disease
慢性蕁麻疹指數	Chronic urticaria index
應急供應品類別	Emergency supply category
戊二酸单酰辅酶	Glutaryl CoA dehydrogenase
戊二酸單醯輔酶	Glutaryl CoA dehydrogenase
成年人腰围方案	Adult Waist Circumference Protocol
成年人腰圍方案	Adult Waist Circumference Protocol
我为数字而着迷	I am fascinated by numbers
我为日期而着迷	I am fascinated by dates
我喜欢社交场合	I enjoy social occasions
我喜欢社交聊天	I enjoy social chit-chat
我喜欢遇见新人	I enjoy meeting new people
我喜歡社交場合	I enjoy social occasions
我喜歡社交聊天	I enjoy social chit-chat
我喜歡遇見新人	I enjoy meeting new people
我担心独自睡觉	I worry about sleeping alone
我擔心獨自睡覺	I worry about sleeping alone
我為數字而著迷	I am fascinated by numbers
我為日期而著迷	I am fascinated by dates
我的喜好和乐趣	My likes and joys
我的喜好和樂趣	My likes and joys
我相当喜欢冒险	I quite enjoy taking risks
我相當喜歡冒險	I quite enjoy taking risks
我非常謹小慎微	I am very careful
我非常谨小慎微	I am very careful
所传输记录类型	Transmitted record type
所傳輸記錄類型	Transmitted record type
所必需的牙間隙	Tooth space required
所必需的牙间隙	Tooth space required
所怀疑的微生物	Suspected organism
所懷疑的微生物	Suspected organism
所抽香烟的数量	Number of cigarettes smoked
所抽香菸的數量	Number of cigarettes smoked
所提供的深呼吸	sigh delivered
所申請的彈丸劑	Bolus requested
所申请的弹丸剂	Bolus requested
所輸送的彈丸劑	Bolus delivered
所输送的弹丸剂	Bolus delivered
扁桃体丹毒丝菌	Erysipelothrix tonsillarum
扁桃體丹毒絲菌	Erysipelothrix tonsillarum
执行实验室名称	Performing laboratory name
执行方医嘱编号	Filler order number
执行除颤的人员	Person who performed defibrillation
抑制素异二聚体	Inhibin A & B
抑制素異二聚體	Inhibin A & B
抑郁的昼夜变异	Diurnal variation of depression
抑鬱的晝夜變異	Diurnal variation of depression
抗体包被型细菌	Antibody coated bacteria
抗佝偻病维生素	Vitamin D intake
抗佝僂病維生素	Vitamin D intake
抗坏血酸氧化酶	Ascorbate oxidase
抗壞血酸氧化酶	Ascorbate oxidase
抗鏈球菌溶血素	Streptolysin O
抗链球菌溶血素	Streptolysin O
抗體包被型細菌	Antibody coated bacteria
报告模板标识符	Report template ID
拒絕心肺復甦術	Do not resuscitate
拒绝心肺复苏术	Do not resuscitate
括約肌切除平面	Sphincter excision plane
括约肌切除平面	Sphincter excision plane
拷貝數變異分析	Copy number variation analysis
拷贝数变异分析	Copy number variation analysis
挥发性药物阳性	Volatile drugs positive
挥发性药物阴性	Volatile drugs negative
挥发类物质组套	Volatiles
採用動脈注射鎝	W Tc-99m DTPA IA
採用口服對比劑	W contrast PO
採用喉內對比劑	W contrast intra larynx
採用放射性核素	W depreotide+W radionuclide IV
採用產色素瓊脂	with Chromogenic agar
採用睫狀肌麻痺	W cycloplegia
採用腸促胰酶肽	W cholecystokinin
採用陰道對比劑	W contrast VG
採用靜脈注射鎝	W Tc-99m HDP IV
採用鞘內對比劑	W contrast IT
採集日期與時間	Collection date & time
插管术管道深度	Intubation tube depth
插管气囊内压力	Tube cuff pressure
插管氣囊內壓力	Tube cuff pressure
插管術管道深度	Intubation tube depth
揮發性藥物陰性	Volatile drugs negative
揮發性藥物陽性	Volatile drugs positive
揮發類物質組套	Volatiles
操作預計失血量	Procedure estimated blood loss
操作预计失血量	Procedure estimated blood loss
支付方信函附件	Payer letter attachment
支持肌病的證據	Evidence supporting myopathy
支持肌病的证据	Evidence supporting myopathy
支鏈胺基酸組套	Branched chain amino acid
支链氨基酸组套	Branched chain amino acid
故障診斷與維修	Troubleshooting
故障诊断与维修	Troubleshooting
救护车运输单位	Ambulance transport unit
救护车运输机构	Ambulance transport agency
救護車運輸單位	Ambulance transport unit
救護車運輸機構	Ambulance transport agency
敘述型診斷報告	Narrative diagnostic report
文档创建者声明	Statement of document creator
文档类型标识符	Document type identifier
文檔創建者聲明	Statement of document creator
文檔類型標識符	Document type identifier
斜位与多重视图	Views oblique + Sunrise
斜位與多重視圖	Views oblique + Sunrise
断开灵敏度设置	Disconnect sensitivity setting
新生儿分娩信息	Newborn delivery information
新生儿听力筛查	Newborn hearing screen
新生儿照护报告	Neonatal care report
新生儿筛查组套	CCHD newborn screening
新生兒分娩信息	Newborn delivery information
新生兒照護報告	Neonatal care report
新生兒篩查組套	CCHD newborn screening
新生兒聽力篩查	Newborn hearing screen
斷開靈敏度設置	Disconnect sensitivity setting
无名假丝酵母菌	Candida famata
无活性成分小节	Inactive ingredient section
无障碍情况记录	Accessibility note
既往剂量的数量	Number of previous doses
既往劑量的數量	Number of previous doses
日出与多重视图	Views Sunrise + tunnel
日出與多重視圖	Views Sunrise + tunnel
旨在定位的引导	Guidance for localization
旨在定位的引導	Guidance for localization
旨在抽吸的引导	Guidance for aspiration
旨在抽吸的引導	Guidance for aspiration
旨在栓塞的引导	Guidance for embolization
旨在栓塞的引導	Guidance for embolization
旨在治疗的引导	Guidance for treatment
旨在治療的引導	Guidance for treatment
旨在注射的引导	Guidance for injection
旨在注射的引導	Guidance for injection
旨在穿刺的引导	Guidance for puncture
旨在穿刺的引導	Guidance for puncture
旨在脓肿的引导	Guidance for abscess
旨在膿腫的引導	Guidance for abscess
旭日与多重视图	Views Sunrise + tunnel
旭日與多重視圖	Views Sunrise + tunnel
是否为高龄母亲	Is mother of advanced age
是否使用了繃帶	Bandage applied
是否使用了绷带	Bandage applied
是否有必要插管	Intubation necessary
是否為高齡母親	Is mother of advanced age
显微镜检查描述	Microscopic description
显微镜检查方法	Microscopic method
显微镜检查组套	Microscopic exam
普通护理学照护	general nursing care
普通護理學照護	general nursing care
普魯卡因青黴素	Penicillin G procaine
普鲁卡因青霉素	Penicillin G procaine
暴躁易怒的情緒	Irritable mood
暴躁易怒的情绪	Irritable mood
曼德利尔阿米巴	Balamuthia mandrillaris
曼德利爾阿米巴	Balamuthia mandrillaris
最后剂量的日期	Date last dose
最后剂量的时间	Time last dose
最大凝块稳固性	Maximum clot firmness
最大凝塊穩固性	Maximum clot firmness
最大預測值之前	max predicted
最大預測值之後	max predicted
最大预测值之前	max predicted
最大预测值之后	max predicted
最後劑量的日期	Date last dose
最後劑量的時間	Time last dose
最早的給予日期	Earliest date to give
最早的给予日期	Earliest date to give
最終疾病分期時	at final disease stage
最终疾病分期时	at final disease stage
有效反流口面积	Effective regurgitant orifice area
有效反流口面積	Effective regurgitant orifice area
有机氯类杀虫剂	Organochlorine insecticides
有机磷酸酯组套	Organophosphate
有機氯類殺蟲劑	Organochlorine insecticides
有機磷酸酯組套	Organophosphate
朊病毒疾病風險	Prion disease risk
朊病毒疾病风险	Prion disease risk
服务提供者医嘱	Provider orders
服务提供者州别	Provider state
服務提供者州別	Provider state
服務提供者醫囑	Provider orders
服用肌酸补充剂	Takes creatine supplements
服用肌酸補充劑	Takes creatine supplements
木瓜凝乳蛋白酶	Chymopapain
未加說明的結晶	Crystals unspecified
未加说明的结晶	Crystals unspecified
未累及边缘距离	uninvolved margin distance
未累及邊緣距離	uninvolved margin distance
未經確認的細胞	Unidentified cells
未经确认的细胞	Unidentified cells
机动车责任附件	Automobile liability attachment
杜克雷嗜血杆菌	Haemophilus ducreyi
杜克雷嗜血桿菌	Haemophilus ducreyi
杜氏利什曼原虫	Leishmania donovani
杜氏利什曼原蟲	Leishmania donovani
東方馬腦炎病毒	Eastern equine encephalitis virus
极低密度脂蛋白	Very low density lipoprotein VLDL
枯草芽孢杆菌群	Bacillus subtilis
枯草芽孢桿菌群	Bacillus subtilis
枸橼酸西地那非	Sildenafil citrate
枸櫞酸西地那非	Sildenafil citrate
染色体分析组套	Chromosome analysis
染色体显带方法	Chromosome banding method
染色体涂染分析	Chromosome painting analysis
染色體分析組套	Chromosome analysis
染色體塗染分析	Chromosome painting analysis
染色體顯帶方法	Chromosome banding method
查恩利功能分类	Charnley Functional Classification
查恩利功能分類	Charnley Functional Classification
标准静息代谢率	Standard resting metabolic rate
标识符指定机构	Identifier assigning authority
根分叉病变部位	Furcation site
根分叉病變部位	Furcation site
梅毒螺旋体抗体	Treponema pallidum
梅毒螺旋体指数	Treponema pallidum index
梅毒螺旋體抗體	Treponema pallidum
梅毒螺旋體指數	Treponema pallidum index
检出微生物基因	Microorganism gene detected
检眼镜检查方法	Ophthalmoscopy method
植入型医疗装置	Implanted medical device
植入型醫療裝置	Implanted medical device
植物固醇酯摄入	Plant sterol ester intake
植物固醇酯攝入	Plant sterol ester intake
極低密度脂蛋白	Very low density lipoprotein VLDL
標準靜息代謝率	Standard resting metabolic rate
標識符指定機構	Identifier assigning authority
機動車責任附件	Automobile liability attachment
橡胶树橡胶蛋白	Latex Hevein Hevea brasiliensis
橡膠樹橡膠蛋白	Latex Hevein Hevea brasiliensis
檢出微生物基因	Microorganism gene detected
檢眼鏡檢查方法	Ophthalmoscopy method
欧米伽3 指数	Omega-3 EPA+DHA index Eicosapentaenoate Docosahexaenoate Serum Plasma
歐米伽3 指數	Omega-3 EPA+DHA index Eicosapentaenoate Docosahexaenoate Serum Plasma
正相对调节恢复	Positive relative accommodation recovery
正相对调节模糊	Positive relative accommodation blur
正相對調節恢復	Positive relative accommodation recovery
正相對調節模糊	Positive relative accommodation blur
步态训练器附件	Gait trainers attachment
步態訓練器附件	Gait trainers attachment
歷史記錄接受者	History taker
死亡日期和时间	Date and time of death
死亡日期和時間	Date and time of death
死亡的地理位置	Geographic place of death
死亡管理类信息	Death administrative information
死亡管理類信息	Death administrative information
母乳摄入适合性	Breast milk intake adequacy
母乳攝入適合性	Breast milk intake adequacy
每周啤酒摄入量	Beer intake per week
每周啤酒攝入量	Beer intake per week
每周开胃酒份数	Aperitif drinks per W
每周開胃酒份數	Aperitif drinks per W
每周陈酿酒杯数	Mature wine glasses per W
每周陳釀酒杯數	Mature wine glasses per W
每天工作小时数	Work Hs per D
每天工作小時數	Work Hs per D
每天抽香烟支数	Cigarettes smoked per D
每天抽香菸支數	Cigarettes smoked per D
每天的新发案件	New cases per D
每天的新發案件	New cases per D
每天的烟草数量	Tobacco amount per D
每天的菸草數量	Tobacco amount per D
每星期工作天数	Work Ds per W
每星期工作天數	Work Ds per W
毛細血管再充盈	Capillary refill
毛细血管再充盈	Capillary refill
毫克吡哆醇之前	pre 250 mg pyridoxine PO
毫克吡哆醇之后	post 250 mg pyridoxine PO
毫克吡哆醇之後	post 250 mg pyridoxine PO
毫升发癣菌之后	1ml trichophyton ID
毫升髮癬菌之後	1ml trichophyton ID
氏位与多重视图	Views + Danelius Miller
氏位與多重視圖	Views + Danelius Miller
气体与乳酸组套	Gas & Lactate
气管内插管泄漏	Endotracheal tube leak
气管内插管直径	Endotracheal tube diameter
气道内吸引装置	Airway suction device
气道内持续正向	continuous positive airway
氟喹諾酮耐藥性	fluoroquinolone resistant
氟喹诺酮耐药性	fluoroquinolone resistant
氟环丙基芬太尼	p-Fluoro cyclopropyl fentanyl
氟環丙基芬太尼	p-Fluoro cyclopropyl fentanyl
氣管內插管洩漏	Endotracheal tube leak
氣管內插管直徑	Endotracheal tube diameter
氣道內吸引裝置	Airway suction device
氣道內持續正向	continuous positive airway
氣體與乳酸組套	Gas & Lactate
氧代丁酸代謝物	AB-FUBINACA oxobutanoate
氧代丁酸代谢物	AB-FUBINACA oxobutanoate
氧气最大值设置	Oxygen max setting
氧气最小值设置	Oxygen min setting
氧氣最大值設置	Oxygen max setting
氧氣最小值設置	Oxygen min setting
氨基己二酸半醛	Alpha-aminoadipic semialdehyde
氨基末端交联肽	Collagen crosslinked N-telopeptide NTx
氨基末端交聯肽	Collagen crosslinked N-telopeptide NTx
氨基甲酸酯組套	Carbamate
氨基甲酸酯组套	Carbamate
氨基酸变化类型	Amino acid change type
氨基酸摄入组套	Amino acid intake
氯乙基戊烯炔醇	Ethchlorvynol
氯代氢甲基睾酮	Chlorodehydromethyltestosterone
氯代氫甲基睪酮	Chlorodehydromethyltestosterone
氯化物与钠组套	Chloride & sodium
氯化物與鈉組套	Chloride & sodium
汉赛巴通体抗体	Bartonella henselae
治疗性干预措施	Therapeutic intervention
治療性幹預措施	Therapeutic intervention
泌尿外科学检查	Urology studies
泌尿外科學檢查	Urology studies
法雷斯疏螺旋体	Borrelia valaisiana
法雷斯疏螺旋體	Borrelia valaisiana
波氏假阿利什菌	Pseudallescheria boydii
注意力集中障碍	Impaired
注意力集中障礙	Impaired
活力与计数组套	Motility &
活力與計數組套	Motility &
活化型凝血因子	Coagulation factor X activated inhibitor
活組織檢查部位	Biopsy site
活组织检查部位	Biopsy site
流式細胞術檢查	Flow cytometry study
流式细胞术检查	Flow cytometry study
流行性感冒季節	Influenza season
流行性感冒季节	Influenza season
浆细胞增殖分析	Plasma cell proliferation analysis
浦肯雅細胞胞漿	Purkinje cell cytoplasmic type 1
浦肯雅细胞胞浆	Purkinje cell cytoplasmic type 1
淋巴水肿泵附件	Lymphedema pumps attachment
淋巴水腫泵附件	Lymphedema pumps attachment
淋巴結內的位置	Location within lymph node
淋巴結轉移沉積	Lymph node metastatic deposit
淋巴结内的位置	Location within lymph node
淋巴结转移沉积	Lymph node metastatic deposit
混合性呼吸暂停	mixed apnea
混合性呼吸暫停	mixed apnea
清晨肌张力障碍	Early morning dystonia
清晨肌張力障礙	Early morning dystonia
清洁日期和时间	Date and time of cleaning
清潔日期和時間	Date and time of cleaning
游离型卡马西平	carBAMazepine 10,11-Epoxide
游離型卡馬西平	carBAMazepine 10,11-Epoxide
溶組織內阿米巴	Entamoeba histolytica
溶组织内阿米巴	Entamoeba histolytica
溶血性曼氏杆菌	Mannheimia haemolytica
溶血性曼氏桿菌	Mannheimia haemolytica
溶血性葡萄球菌	Staphylococcus haemolyticus
溶血性貧血組套	Hemolytic anemia
溶血性贫血组套	Hemolytic anemia
溶酶体酶类筛查	Lysosomal enzymes screen
溶酶體酶類篩查	Lysosomal enzymes screen
漢賽巴通體抗體	Bartonella henselae
漿細胞增殖分析	Plasma cell proliferation analysis
激素原氨基末端	B prohormone N-Terminal
炎症性肠病抗体	Inflammatory bowel disease Ab 7
炎症性腸病抗體	Inflammatory bowel disease Ab 7
烏普薩拉彎曲菌	Campylobacter coli+jejuni+upsaliensis
热带利什曼原虫	Leishmania tropica
無名假絲酵母菌	Candida famata
無活性成分小節	Inactive ingredient section
無障礙情況記錄	Accessibility note
熱帶利什曼原蟲	Leishmania tropica
營養學篩查評估	Nutrition screen assessment
牙科学检查方法	Dental examination method
牙科学筛查评估	Dental screen assessment
牙科學檢查方法	Dental examination method
牙科學篩查評估	Dental screen assessment
牙科模型預授權	Dental model prior authorization
牙科模型预授权	Dental model prior authorization
牛磺熊去氧胆酸	Tauroursodeoxycholate
牛磺熊去氧膽酸	Tauroursodeoxycholate
牛磺猪去氧胆酸	Taurohyodeoxycholate
牛磺豬去氧膽酸	Taurohyodeoxycholate
牛磺鵝去氧膽酸	Taurochenodeoxycholate
牛磺鹅去氧胆酸	Taurochenodeoxycholate
猪痢疾短螺旋体	Brachyspira hyodysenteriae
猪红斑丹毒丝菌	Erysipelothrix rhusiopathiae
猫上皮细胞抗体	Cat epithelium
猫免疫缺陷病毒	Feline immunodeficiency virus
獸醫毒理學組套	Veterinary toxicology
獸醫適應症小節	Veterinary indications section
玉蜀黍平脐蠕孢	Helminthosporium maydis
玉蜀黍平臍蠕孢	Helminthosporium maydis
环境应激物组套	Environmental stressors
现场的全部患者	Total patients at the scene
现成可用的血浆	Plasma units available
現場的全部患者	Total patients at the scene
現成可用的血漿	Plasma units available
球孢子菌属抗体	Coccidioides
球孢子菌屬抗體	Coccidioides
球孢子菌素之后	1 mL coccidioidin ID
球孢子菌素之後	1 mL coccidioidin ID
環境應激物組套	Environmental stressors
甘氨熊去氧胆酸	Glycoursodeoxycholate
甘氨熊去氧膽酸	Glycoursodeoxycholate
甘氨猪去氧胆酸	Glycohyodeoxycholate
甘氨豬去氧膽酸	Glycohyodeoxycholate
甘氨鵝去氧膽酸	Glycochenodeoxycholate
甘氨鹅去氧胆酸	Glycochenodeoxycholate
甘露糖結合蛋白	Mannose-binding protein
甘露糖结合蛋白	Mannose-binding protein
生色奈尼兹皮菌	Nannizzia persicolor
生色奈尼茲皮菌	Nannizzia persicolor
生酮类固醇组套	17-Ketosteroids & 17-Ketogenic steroids
生酮類固醇組套	17-Ketosteroids & 17-Ketogenic steroids
產科學分娩方法	Obstetric delivery method
產科學妊娠分期	Obstetric trimester
產科學醫囑組類	Obstetric 1996
產黑色素類桿菌	Bacteroides melaninogenicus
用于检测的透镜	Lens used for testing
用於檢測的透鏡	Lens used for testing
甲喹酮代謝產物	Methaqualone metabolite
甲喹酮代谢产物	Methaqualone metabolite
甲型副流感病毒	Parainfluenza virus A
甲基丙二酰肉碱	Methylmalonylcarnitine (C4-DC)
甲基丙二酰辅酶	Methylmalonyl CoA mutase
甲基丙二醯肉鹼	Methylmalonylcarnitine (C4-DC)
甲基丙二醯輔酶	Methylmalonyl CoA mutase
甲基丙烯酸甲酯	Methylmethacrylate
甲基咪唑乙酸盐	N-tau methylimidazoleacetate
甲基咪唑乙酸鹽	N-tau methylimidazoleacetate
甲基巴豆酰肉碱	Tiglylcarnitine (C5:1)
甲基巴豆醯肉鹼	Tiglylcarnitine (C5:1)
甲基异丁基甲酮	Methyl isobutyl ketone
甲基戊二酰肉碱	Adipoylcarnitine+Methylglutarylcarnitine (C6-DC)
甲基戊二醯肉鹼	Adipoylcarnitine+Methylglutarylcarnitine (C6-DC)
甲基異丁基甲酮	Methyl isobutyl ketone
甲氧基苯基乳酸	4-Hydroxy-3-Methoxyphenyllactate
甲氧西林敏感性	methicillin susceptible
甲氧西林耐药性	methicillin resistant
甲氧西林耐藥性	methicillin resistant
甲状腺分泌能力	Thyroid secretory capacity
甲状腺激素摄取	Thyroid hormone uptake
甲状腺转录因子	Thyroid transcription factor 1
甲狀腺分泌能力	Thyroid secretory capacity
甲狀腺激素攝取	Thyroid hormone uptake
甲狀腺轉錄因子	Thyroid transcription factor 1
甲磺酸伊馬替尼	Imatinib mesylate
甲磺酸伊马替尼	Imatinib mesylate
甲苯二异氰酸酯	Toluene diisocyanate (TDI)
甲苯二異氰酸酯	Toluene diisocyanate (TDI)
申請方醫囑編號	placer order number
申请方医嘱编号	placer order number
电子烟使用情况	Electronic cigarette status
異丙基甲丁雙脲	Carisoprodol
異丙基膦酸甲酯	Isopropyl methylphosphonate
異常標誌物模式	abnormal marker pattern
異檸檬酸脫氫酶	Isocitrate dehydrogenase
當前居住的國家	Country of current residence
當時我感到害怕	I felt scared
疏螺旋体属组套	Borrelia
疏螺旋體屬組套	Borrelia
疑似氨基酸血症	Amino acidemia disorder suspected
疑似胺基酸血症	Amino acidemia disorder suspected
疗法并发症组套	Complications of therapy
疫苗接种适应症	Indication for Immunization
疫苗接種適應症	Indication for Immunization
疾病初次发作时	at onset of illness
疾病初次發作時	at onset of illness
疾病的其他症状	Other symptoms of illness
疾病的其他症狀	Other symptoms of illness
病变结束段位置	Lesion end segment position
病变起始段位置	Lesion start segment position
病情标志物信息	Condition biomarker information
病情标志物描述	Condition biomarker description
病情標誌物信息	Condition biomarker information
病情標誌物描述	Condition biomarker description
病情的严重程度	Condition severity
病情的临床状态	Condition clinical status
病情的嚴重程度	Condition severity
病情的核对状态	Condition verification status
病情的核對狀態	Condition verification status
病情的臨床狀態	Condition clinical status
病毒早期受限型	Epstein Barr virus early restricted
病毒早期扩散型	Epstein Barr virus early diffuse
病毒早期擴散型	Epstein Barr virus early diffuse
病毒細胞核抗體	Epstein Barr virus nuclear
病毒细胞核抗体	Epstein Barr virus nuclear
病理学网络列表	Pathology network list
病理學網絡列表	Pathology network list
病變結束段位置	Lesion end segment position
病變起始段位置	Lesion start segment position
症状的严重程度	Severity of symptoms
症狀的嚴重程度	Severity of symptoms
療法併發症組套	Complications of therapy
癌症病理学组套	Cancer pathology
癌症病理學組套	Cancer pathology
癌症的激素治疗	Hormone treatment for cancer
癌症的激素治療	Hormone treatment for cancer
癫痫症行动计划	Seizure disorder action plan
癫痫症跟踪组套	Seizure disorder tracking
癲癇症行動計劃	Seizure disorder action plan
癲癇症跟蹤組套	Seizure disorder tracking
登革热病毒抗体	Dengue virus
登革熱病毒抗體	Dengue virus
發作性睡病相關	Narcolepsy associated
發病前工作調整	Premorbid work adjustment
發病前社交調整	Premorbid social adjustment
發病前調整記錄	Premorbid adjustment notes
發育性關節評估	developmental joint assessment
白消安目标浓度	Busulfan target
白消安目標濃度	Busulfan target
白細胞中毒空泡	Leukocyte toxic vacuoles
白细胞中毒空泡	Leukocyte toxic vacuoles
白色高温放线菌	Thermoactinomyces candidus
白色高溫放線菌	Thermoactinomyces candidus
白血病标志物类	Leukemia markers
白血病標誌物類	Leukemia markers
百日咳博德特菌	Bordetella pertussis
皮質醇刺激組套	Cortisol challenge
皮质醇刺激组套	Cortisol challenge
监督者电话号码	Supervisor phone number
監督者電話號碼	Supervisor phone number
目的地场所信息	Destination site information
目的地场所纬度	Destination site latitude
目的地场所经度	Destination site longitude
目的地場所信息	Destination site information
目的地場所經度	Destination site longitude
目的地場所緯度	Destination site latitude
直立位血压组套	Orthostatic blood pressure
直立位血壓組套	Orthostatic blood pressure
相关体征和症状	Associated sign and symptom
相关体征或症状	Associated sign or symptom
相关多基因分析	CTNS related multigene analysis
相对于您的关系	Relationship to you
相對於您的關係	Relationship to you
相關多基因分析	CTNS related multigene analysis
相關體徵和症狀	Associated sign and symptom
相關體徵或症狀	Associated sign or symptom
真实性验证信息	Authenticity information
真實性驗證信息	Authenticity information
眼位与眼球运动	Ocular alignment and motility
眼位與眼球運動	Ocular alignment and motility
短暂性缺血扩张	Transient ischemic dilation
短暫性缺血擴張	Transient ischemic dilation
研究地点标识符	Study site identifier
研究地點標識符	Study site identifier
破伤风反应风团	Tetanus reaction wheal
破伤风梭菌毒素	Clostridium tetani toxin
破傷風反應風團	Tetanus reaction wheal
破傷風梭菌毒素	Clostridium tetani toxin
硫酸盐与硫酸酯	Sulfate
硫酸脑苷脂抗体	Sulfatide
硫酸腦苷脂抗體	Sulfatide
硫酸鹽與硫酸酯	Sulfate
确诊性会诊记录	Confirmatory consultation note
碱基对结束坐标	Base pair end coordinate
碱基对起始坐标	Base pair start coordinate
碳水化合物摄入	Carbohydrate intake
碳水化合物攝入	Carbohydrate intake
碳水化合物需求	Carbohydrate need
碳青霉烯耐药性	carbapenem resistant
碳青霉烯酶组套	Carbapenemase enzyme
碳青黴烯耐藥性	carbapenem resistant
碳青黴烯酶組套	Carbapenemase enzyme
確診性會診記錄	Confirmatory consultation note
磷脂酰乙醇组套	Phosphatidylethanol
磷脂醯乙醇組套	Phosphatidylethanol
磷酸丙糖异构酶	Triosephosphate isomerase
磷酸丙糖異構酶	Triosephosphate isomerase
磷酸甘油变位酶	Phosphoglyceromutase
磷酸甘油變位酶	Phosphoglyceromutase
磷酸甘油酸激酶	Phosphoglycerate kinase
磷酸盐排泄分数	Fractional excretion of phosphate
磷酸脫氫酶表型	Glucose-6-Phosphate dehydrogenase phenotype
磷酸脱氢酶表型	Glucose-6-Phosphate dehydrogenase phenotype
磷酸葡糖异构酶	Glucose phosphate isomerase
磷酸葡糖異構酶	Glucose phosphate isomerase
磷酸鹽排洩分數	Fractional excretion of phosphate
磺吡下头孢霉素	Cefsulodin
磺吡下頭孢黴素	Cefsulodin
磺胺二甲氧嘧啶	Sulfadimethoxine
社会史或个人史	Social or personal history
社會史或個人史	Social or personal history
神經中間絲輕鏈	Neuronal intermediate filament light chain
神經中間絲重鏈	Neuronal intermediate filament heavy chain
神經元趨化因子	Chemokine (C-X3-C motif) ligand 1
神經內分泌腫瘤	Neuroendocrine tumor
神經管缺損風險	Neural tube defect risk
神經絲蛋白輕鏈	Neurofilament light chain
神經膠質細胞核	Glial nuclear type 1
神经丝蛋白轻链	Neurofilament light chain
神经中间丝轻链	Neuronal intermediate filament light chain
神经中间丝重链	Neuronal intermediate filament heavy chain
神经元趋化因子	Chemokine (C-X3-C motif) ligand 1
神经内分泌肿瘤	Neuroendocrine tumor
神经管缺损风险	Neural tube defect risk
神经胶质细胞核	Glial nuclear type 1
禽正呼肠孤病毒	Avian orthoreovirus
禽正呼腸孤病毒	Avian orthoreovirus
禽类白血病病毒	Avian leukosis virus
禽脑脊髓炎病毒	Avian encephalomyelitis virus
禽腦脊髓炎病毒	Avian encephalomyelitis virus
禽類白血病病毒	Avian leukosis virus
种族与族群信息	Race and ethnicity information
科氏柠檬酸杆菌	Citrobacter koseri
科氏檸檬酸桿菌	Citrobacter koseri
科氏鉤端螺旋體	Leptospira kirschneri serovar Cynopteri
科氏钩端螺旋体	Leptospira kirschneri serovar Cynopteri
秘魯兔上皮細胞	Chinchilla epithelium
秘鲁兔上皮细胞	Chinchilla epithelium
移植物功能状态	Functional status of graft
移植物功能狀態	Functional status of graft
稀释孔是否为空	Are the dilution wells empty
稀釋孔是否為空	Are the dilution wells empty
程序性死亡配体	programmed cell death ligand 1
程序性死亡配體	programmed cell death ligand 1
種族與族群信息	Race and ethnicity information
穀氨醯苯丙氨酸	Glutamylphenylalanine
穀物升降機灰塵	Grain elevator dust
穀胱甘肽還原酶	Glutathione reductase
空肠弯曲菌抗体	Campylobacter jejuni
空腸彎曲菌抗體	Campylobacter jejuni
立克次体属抗体	Rickettsia
立克次體屬抗體	Rickettsia
第一牙間隙邊界	First tooth space boundary
第一牙间隙边界	First tooth space boundary
第二牙間隙邊界	Second tooth space boundary
第二牙间隙边界	Second tooth space boundary
第二联系人姓名	Secondary contact name
第二聯繫人姓名	Secondary contact name
管型类尿液成分	Casts
管型類尿液成分	Casts
米克戴德军团菌	Legionella micdadei
米克戴德軍團菌	Legionella micdadei
类肺炎克雷伯菌	Klebsiella pneumoniae+Klebsiella variicola+Klebsiella quasipneumoniae
粗球孢子菌抗体	Coccidioides immitis
粗球孢子菌抗體	Coccidioides immitis
粪卟啉原氧化酶	Coproporphyrinogen oxidase
精力缺乏或疲乏	Loss of energy or fatigue
精子形态学组套	Spermatozoa morphology
精子形態學組套	Spermatozoa morphology
精氨酸加压素原	Provasopressin
精氨酸加壓素原	Provasopressin
糖吸收試驗組套	Sugar absorption test
糖吸收试验组套	Sugar absorption test
糖基化血紅蛋白	Hemoglobin A1c
糖基化血红蛋白	Hemoglobin A1c
糖尿病相关问题	Problem related to diabetes
糖尿病相關問題	Problem related to diabetes
糖尿病跟踪组套	Diabetes tracking
糖尿病跟蹤組套	Diabetes tracking
糖类抗原125	Cancer antigen 125 CA125
糖类抗原242	Cancer antigen 242 CA242
糖類抗原125	Cancer antigen 125 CA125
糖類抗原242	Cancer antigen 242 CA242
糞卟啉原氧化酶	Coproporphyrinogen oxidase
紅細胞分布寬度	Red cell distribution width RDW
紅細胞大小不等	Anisocytosis
紅細胞生成異常	Dyserythropoiesis
紅細胞生成評估	Erythropoiesis assessment
細胞因子類組套	Cytokines
細胞學檢查注釋	Cytology study comment
細胞核抗體模式	Nuclear Ab pattern
細胞核抗體組套	Nuclear antibody
細胞標誌物檢查	Cell marker studies
細胞毒性T細胞	cytotoxic T cells CD3+ CD8+
細胞淋巴瘤細胞	Diffuse large B-cell lymphoma
細胞漿抗體模式	Cytoplasmic Ab pattern
細胞表面誘導性	cell surface induced
細胞角蛋白細胞	Cytokeratin cells
細胞遺傳學檢查	Cytogenetics study
細胞遺傳學異常	cytogenetic abnormality
細胞間粘附分子	Intercellular adhesion molecule 1
細菌四環素耐藥	Bacterial tetracycline resistance tetK+tetM genes
細菌性唾液酸酶	Bacterial sialidase
細菌產生氧化酶	Bacteria producing oxidase
細菌耐藥性組套	Bacterial resistance
組織多肽特異性	Tissue polypeptide specific
組織學重寫標記	Histology override flag
組織晶片的數量	Number of tissue chips
組織灌注與氧合	Tissue perfusion and oxygenation
組織良好的妄想	Well organized delusions
組裝或安裝說明	Assembly or installation instructions
結合型卡馬西平	carBAMazepine 10,11-Epoxide
結束日期和時間	End date and time
結論性診斷日期	Date of conclusive diagnosis
絨毛膜催乳激素	Choriomammotropin
經皮監測儀部位	Transcutaneous monitor site
經過最佳校正的	best corrected
經過調整至比重	adjusted to specific gravity 1
綠皮密生西葫蘆	Squash zucchini
維生素攝入組套	Vitamin intake
網織紅細胞組套	Reticulocytes
綿羊種布魯氏菌	Brucella ovis
總ω-3脂肪酸	Omega 3 fatty acids w3 Serum Plasma
總ω-6脂肪酸	Omega 6 fatty acids w6 Serum Plasma
總芳基硫酸酯酶	Arylsulfatase C
纖毛柱狀襯細胞	Ciliated columnar lining cells
纖絲狀肌動蛋白	Actin
纖維蛋白二聚體	Fibrin D-dimer
纖維蛋白原片段	Fibrinogen fragments
纖維蛋白原組套	PT & aPTT & Fibrinogen
红细胞分布宽度	Red cell distribution width RDW
红细胞大小不等	Anisocytosis
红细胞生成异常	Dyserythropoiesis
红细胞生成评估	Erythropoiesis assessment
纤丝状肌动蛋白	Actin
纤毛柱状衬细胞	Ciliated columnar lining cells
纤维蛋白二聚体	Fibrin D-dimer
纤维蛋白原片段	Fibrinogen fragments
纤维蛋白原组套	PT & aPTT & Fibrinogen
组织多肽特异性	Tissue polypeptide specific
组织学重写标记	Histology override flag
组织灌注与氧合	Tissue perfusion and oxygenation
组织良好的妄想	Well organized delusions
组织芯片的数量	Number of tissue chips
组装或安装说明	Assembly or installation instructions
细胞因子类组套	Cytokines
细胞学检查注释	Cytology study comment
细胞标志物检查	Cell marker studies
细胞核抗体模式	Nuclear Ab pattern
细胞核抗体组套	Nuclear antibody
细胞毒性T细胞	cytotoxic T cells CD3+ CD8+
细胞浆抗体模式	Cytoplasmic Ab pattern
细胞淋巴瘤细胞	Diffuse large B-cell lymphoma
细胞表面诱导性	cell surface induced
细胞角蛋白细胞	Cytokeratin cells
细胞遗传学异常	cytogenetic abnormality
细胞遗传学检查	Cytogenetics study
细胞间粘附分子	Intercellular adhesion molecule 1
细菌产生氧化酶	Bacteria producing oxidase
细菌四环素耐药	Bacterial tetracycline resistance tetK+tetM genes
细菌性唾液酸酶	Bacterial sialidase
细菌耐药性组套	Bacterial resistance
经皮监测仪部位	Transcutaneous monitor site
经过最佳校正的	best corrected
经过调整至比重	adjusted to specific gravity 1
绒毛膜催乳激素	Choriomammotropin
结合型卡马西平	carBAMazepine 10,11-Epoxide
结束日期和时间	End date and time
结论性诊断日期	Date of conclusive diagnosis
维生素摄入组套	Vitamin intake
绵羊种布鲁氏菌	Brucella ovis
绿皮密生西葫芦	Squash zucchini
缺乏型单核细胞	CD59 deficient
缺乏型單核細胞	CD59 deficient
网织红细胞组套	Reticulocytes
美沙酮确认组套	Methadone Confirmatory
美沙酮確認組套	Methadone Confirmatory
美洲商陆丝裂原	pokeweed mitogen
美洲商陸絲裂原	pokeweed mitogen
羟乙基氟胺安定	Hydroxyethylflurazepam
羟基丁氨苯丙酮	Hydroxybupropion
羟基二十酰肉碱	3-Hydroxyeicosanoylcarnitine (C20-OH)
羟基亚油酰肉碱	3-Hydroxylinoleoylcarnitine (C18:2-OH)
羟基利培酮组套	Risperidone & 9-Hydroxyrisperidone
羟基异丁酰肉碱	Malonylcarnitine (C3-DC)+3-Hydroxybutyrylcarnitine (C4-OH)
羟基异戊酰肉碱	3-Hydroxyisovalerylcarnitine (C5-OH)
羟基棕榈酰肉碱	3-Hydroxypalmitoylcarnitine (C16-OH)
羟基正十二烷酸	3-Hydroxydodecanoate
羟基甲氧非那明	Hydroxymethoxyphenamine
羟基硫代芬太尼	Beta hydroxythiofentanyl
羟基硬脂酰肉碱	3-Hydroxystearoylcarnitine (C18-OH)
羟基磷灰石结晶	Hydroxyapatite crystals
羟基脂肪酸组套	3-Hydroxy fatty acid
羟基辛酰基肉碱	3-Hydroxyoctanoylcarnitine (C8-OH)+Malonylcarnitine (C3-DC)
羟甲基短杆菌肽	Gramicidin D
羟色胺释放分析	Serotonin release
羥乙基氟胺安定	Hydroxyethylflurazepam
羥基丁氨苯丙酮	Hydroxybupropion
羥基二十醯肉鹼	3-Hydroxyeicosanoylcarnitine (C20-OH)
羥基亞油醯肉鹼	3-Hydroxylinoleoylcarnitine (C18:2-OH)
羥基利培酮組套	Risperidone & 9-Hydroxyrisperidone
羥基棕櫚醯肉鹼	3-Hydroxypalmitoylcarnitine (C16-OH)
羥基正十二烷酸	3-Hydroxydodecanoate
羥基甲氧非那明	Hydroxymethoxyphenamine
羥基異丁醯肉鹼	Malonylcarnitine (C3-DC)+3-Hydroxybutyrylcarnitine (C4-OH)
羥基異戊醯肉鹼	3-Hydroxyisovalerylcarnitine (C5-OH)
羥基硫代芬太尼	Beta hydroxythiofentanyl
羥基硬脂醯肉鹼	3-Hydroxystearoylcarnitine (C18-OH)
羥基磷灰石結晶	Hydroxyapatite crystals
羥基脂肪酸組套	3-Hydroxy fatty acid
羥基辛醯基肉鹼	3-Hydroxyoctanoylcarnitine (C8-OH)+Malonylcarnitine (C3-DC)
羥甲基短桿菌肽	Gramicidin D
羥色胺釋放分析	Serotonin release
羧基四氢大麻酚	Carboxy tetrahydrocannabinol
羧基四氫大麻酚	Carboxy tetrahydrocannabinol
耳道假丝酵母菌	Candida auris
耳道假絲酵母菌	Candida auris
肉碱脂酰转移酶	Carnitine acyltransferase
肉芽肿克雷伯菌	Klebsiella granulomatis
肉芽腫克雷伯菌	Klebsiella granulomatis
肉鹼脂醯轉移酶	Carnitine acyltransferase
肌张力检测评估	Myotonometry assessment
肌張力檢測評估	Myotonometry assessment
肌电图检查组套	Electromyography
肌酸激酶同工酶	Creatine kinase MB CK-MB
肌電圖檢查組套	Electromyography
肝动脉解剖结构	Hepatic artery anatomy
肝動脈解剖結構	Hepatic artery anatomy
肝素抑制百分数	Percent heparin inhibition
肝素抑制百分數	Percent heparin inhibition
肝細胞生長因子	Hepatocyte growth factor
肝细胞生长因子	Hepatocyte growth factor
肝脂肪变性分级	Liver steatosis grade
肝脂肪变性解释	Liver steatosis interpretation
肝脂肪变性评分	Liver steatosis score
肝脂肪變性分級	Liver steatosis grade
肝脂肪變性解釋	Liver steatosis interpretation
肝脂肪變性評分	Liver steatosis score
肠促胰液素之前	kg secretin
肠促胰液素之后	kg secretin
肠炎沙门菌鞭毛	Salmonella enteritidis H
肠道外治疗记录	Parenteral therapy note
肠道寄生虫组套	Enteric parasite
肠道病原体组套	Enteric pathogen
肺功能試驗方法	Pulmonary function test method
肺功能試驗組套	Pulmonary function test
肺功能试验方法	Pulmonary function test method
肺功能试验组套	Pulmonary function test
肺活量测定组套	Spirometry
肺活量測定組套	Spirometry
肺炎嗜性衣原体	Chlamydophila pneumoniae
肺炎嗜性衣原體	Chlamydophila pneumoniae
肺炎支原体抗体	Mycoplasma pneumoniae
肺炎支原體抗體	Mycoplasma pneumoniae
肾小球基底膜带	Basement membrane zone BP180
肾结石风险评估	Renal calculus risk assessment
肿瘤形态学组套	Tumor morphology
肿瘤染色体分析	Oncologic chromosome analysis
肿瘤标志物水平	Tumor marker level
胃肠外营养附件	Parenteral attachment
胃肠道内镜检查	Gastroenterology endoscopy studies
胃肠道病原体类	Gastrointestinal pathogens
胃肠道评估组套	Gastrointestinal assessment
胃腸外營養附件	Parenteral attachment
胃腸道內鏡檢查	Gastroenterology endoscopy studies
胃腸道病原體類	Gastrointestinal pathogens
胃腸道評估組套	Gastrointestinal assessment
胆汁可溶性细菌	Bacteria soluble by bile
胆红素成分组套	Bilirubin fractions
胆色素原脱氨酶	Porphobilinogen deaminase
胎儿三倍体风险	Fetal triploidy risk
胎儿微缺失风险	Fetal microdeletions risk
胎儿球蛋白解释	Alpha-1-Fetoprotein interpretation
胎兒三倍體風險	Fetal triploidy risk
胎兒微缺失風險	Fetal microdeletions risk
胎兒球蛋白解釋	Alpha-1-Fetoprotein interpretation
胞浆免疫球蛋白	cytoplasmic Ig mu
胞漿免疫球蛋白	cytoplasmic Ig mu
胰岛素抗性评分	Insulin resistance score
胰島素抗性評分	Insulin resistance score
胰腺外分泌細胞	Pancreatic exocrine cell
胰腺外分泌细胞	Pancreatic exocrine cell
胰蛋白酶抑制剂	Inter alpha trypsin inhibitor
胰蛋白酶抑制劑	Inter alpha trypsin inhibitor
胰高血糖素之后	4M post 1 mg glucagon
胰高血糖素之後	4M post 1 mg glucagon
胱氨酸尿症組套	Cystinuria
胱氨酸尿症组套	Cystinuria
胸腔液体电导率	Thoracic fluid conductivity
胸腔液體電導率	Thoracic fluid conductivity
胺基酸攝入組套	Amino acid intake
胺基酸變化類型	Amino acid change type
脂多糖結合蛋白	Lipopolysaccharide binding protein
脂多糖结合蛋白	Lipopolysaccharide binding protein
脂肪酸氧化組套	Fatty acid oxidation
脂肪酸氧化组套	Fatty acid oxidation
脂蛋白代謝組套	Lipoprotein metabolism
脂蛋白代谢组套	Lipoprotein metabolism
脂質體吸入斷點	liposome inhaled breakpoints
脂质体吸入断点	liposome inhaled breakpoints
脊柱退行性改变	Spine degeneration
脊柱退行性改變	Spine degeneration
脑脊液化学报告	Cerebrospinal fluid chemistry report
脑苷脂硫酸酯酶	Cerebroside sulfatase
脫丙醯基芬太尼	Despropionylfentanyl
脫氧四氫皮質醇	11-Deoxytetrahydrocortisol
脫氧尿嘧啶核苷	Deoxyuridine
脫氧核糖核蛋白	Deoxyribonucleoprotein
脫氧核糖核酸酶	Deoxyribonuclease
脫氧腺嘌呤核苷	Deoxyadenosine
脫氧鳥嘌呤核苷	Deoxyguanosine
脫氫去甲氯胺酮	Dehydronorketamine
脫氫氯甲基睪酮	Dehydrochlormethyltestosterone
脫氫癸二醯肉鹼	Dehydrosebacylcarnitine (C10:1-DC)
脫氫膽固醇組套	7-Dehydrocholesterol & 8-Dehydrocholesterol
脫氫軟木醯肉鹼	Dehydrosuberylcarnitine (C8:1-DC)
脯氨酰羟脯氨酸	Prolylhydroxyproline
脯氨醯羥脯氨酸	Prolylhydroxyproline
脱丙酰基芬太尼	Despropionylfentanyl
脱氢去甲氯胺酮	Dehydronorketamine
脱氢氯甲基睾酮	Dehydrochlormethyltestosterone
脱氢癸二酰肉碱	Dehydrosebacylcarnitine (C10:1-DC)
脱氢胆固醇组套	7-Dehydrocholesterol & 8-Dehydrocholesterol
脱氢软木酰肉碱	Dehydrosuberylcarnitine (C8:1-DC)
脱氧四氢皮质醇	11-Deoxytetrahydrocortisol
脱氧尿嘧啶核苷	Deoxyuridine
脱氧核糖核蛋白	Deoxyribonucleoprotein
脱氧核糖核酸酶	Deoxyribonuclease
脱氧腺嘌呤核苷	Deoxyadenosine
脱氧鸟嘌呤核苷	Deoxyguanosine
腊肠组织胞浆菌	Histoplasma capsulatum farciminosum
腎小球基底膜帶	Basement membrane zone BP180
腎結石風險評估	Renal calculus risk assessment
腦脊液化學報告	Cerebrospinal fluid chemistry report
腦苷脂硫酸酯酶	Cerebroside sulfatase
腫瘤形態學組套	Tumor morphology
腫瘤染色體分析	Oncologic chromosome analysis
腫瘤標誌物水平	Tumor marker level
腱反射評估組套	Tendon reflex assessment
腱反射评估组套	Tendon reflex assessment
腸促胰液素之前	kg secretin
腸促胰液素之後	kg secretin
腸炎沙門菌鞭毛	Salmonella enteritidis H
腸道外治療記錄	Parenteral therapy note
腸道寄生蟲組套	Enteric parasite
腸道病原體組套	Enteric pathogen
腹膜腔插管部位	Peritoneal tube site
膝关节不稳频率	Knee instability frequency
膝关节交锁频率	Knee locking frequency
膝关节肿胀频率	Knee swelling frequency
膝關節不穩頻率	Knee instability frequency
膝關節交鎖頻率	Knee locking frequency
膝關節腫脹頻率	Knee swelling frequency
膽汁可溶性細菌	Bacteria soluble by bile
膽紅素成分組套	Bilirubin fractions
膽色素原脫氨酶	Porphobilinogen deaminase
臘腸組織胞漿菌	Histoplasma capsulatum farciminosum
臨床用性別參數	Sex parameter for clinical use
臨床發現不存在	Clinical finding absent
臨床藥理學小節	Clinical pharmacology section
臨產和分娩小節	Labor & delivery section
臨產和分娩記錄	Labor and delivery records
臨產和分娩過程	Labor and delivery process
自來水獲取條件	Access to running water
自我管理的障碍	Barriers to self management
自我管理的障礙	Barriers to self management
自来水获取条件	Access to running water
艾伦罗尔夫香柏	Allenrolfea occidentalis
艾倫羅爾夫香柏	Allenrolfea occidentalis
艾杜糖醇脫氫酶	L-iditol dehydrogenase
艾杜糖醇脱氢酶	L-iditol dehydrogenase
花生成分变应原	Peanut components allergen
花生成分變應原	Peanut components allergen
苯丙氨酸羟化酶	Phenylalanine hydroxylase
苯丙氨酸羥化酶	Phenylalanine hydroxylase
苯丙羟基香豆素	Phenprocoumon
苯丙羥基香豆素	Phenprocoumon
苯乙基丙二酰胺	Phenylethylmalonamide
苯乙基丙二醯胺	Phenylethylmalonamide
苯乙烯环氧化物	Styrene-7,8-Oxide
苯乙烯環氧化物	Styrene-7,8-Oxide
苯氧乙基青霉素	Phenethicillin
苯氧乙基青黴素	Phenethicillin
苯氧甲基青霉素	Penicillin V
苯氧甲基青黴素	Penicillin V
草酸盐一水合物	Calcium oxalate monohydrate crystals
草酸鈣一水合物	Calcium oxalate monohydrate
草酸钙一水合物	Calcium oxalate monohydrate
草酸鹽一水合物	Calcium oxalate monohydrate crystals
荚膜组织胞浆菌	Histoplasma capsulatum
荧光透视法剂量	Fluoroscopy dose
药物不良反应史	Adverse drug reaction
药物动力学小节	Pharmacodynamics section
药物批次标识符	Medication batch ID
药物每日总数量	Medication total daily amount
药物毒理学组套	Drug toxicology
药物治疗并发症	Medication complication
药物药剂学建议	Medication pharmaceutical advice
药物试剂盒名称	Drug test kit name
药物配发优先级	Medication dispense priority
莢膜組織胞漿菌	Histoplasma capsulatum
莫斯科內阿米巴	Entamoeba moshkovskii
莫斯科内阿米巴	Entamoeba moshkovskii
营养学筛查评估	Nutrition screen assessment
萬古黴素耐藥性	vancomycin resistant
葡糖神經醯胺酶	Glucosylceramidase
葡糖神经酰胺酶	Glucosylceramidase
葡糖苷酶激活剂	Beta glucosidase activator
葡糖苷酶激活劑	Beta glucosidase activator
葡萄牙假丝酵母	Candida lusitaniae
葡萄牙假絲酵母	Candida lusitaniae
葡萄球菌溶血素	Staphylolysin
葡萄糖刺激組套	Glucose challenge
葡萄糖刺激组套	Glucose challenge
葡萄糖神經醯胺	Glucosylceramide
葡萄糖神经酰胺	Glucosylceramide
葡萄糖管理指标	Glucose management indicator
葡萄糖管理指標	Glucose management indicator
葡萄糖醛酸苷酶	Beta glucuronidase
蓝氏贾第鞭毛虫	Giardia lamblia
薩伊伊波拉病毒	Ebola Zaire virus
藍氏賈第鞭毛蟲	Giardia lamblia
藥物不良反應史	Adverse drug reaction
藥物動力學小節	Pharmacodynamics section
藥物批次標識符	Medication batch ID
藥物每日總數量	Medication total daily amount
藥物毒理學組套	Drug toxicology
藥物治療併發症	Medication complication
藥物藥劑學建議	Medication pharmaceutical advice
藥物試劑盒名稱	Drug test kit name
藥物配發優先級	Medication dispense priority
蛋白質攝入組套	Protein intake
蛋白質餵入時間	Protein feed time
蛋白质喂入时间	Protein feed time
蛋白质摄入组套	Protein intake
蛛網膜下腔引流	subarachnoid drain
蛛网膜下腔引流	subarachnoid drain
蜡状芽孢杆菌群	Bacillus cereus
螢光透視法劑量	Fluoroscopy dose
蠟狀芽孢桿菌群	Bacillus cereus
血小板交叉配型	Platelet crossmatch
血小板分布宽度	Platelet distribution width
血小板分布寬度	Platelet distribution width
血小板功能組套	Platelet function
血小板功能组套	Platelet function
血小板卫星现象	Platelet satellitism
血小板大小不等	Platelet anisocytosis
血小板平均直径	Platelet mean diameter
血小板平均直徑	Platelet mean diameter
血小板机能不全	Platelet CD41 actual
血小板機能不全	Platelet CD41 actual
血小板糖盏蛋白	Platelet CD42b actual
血小板糖盞蛋白	Platelet CD42b actual
血小板緻密小體	Platelet dense bodies
血小板聚集組套	Platelet aggregation
血小板聚集组套	Platelet aggregation
血小板聚集部分	platelet contribution
血小板致密小体	Platelet dense bodies
血小板衛星現象	Platelet satellitism
血氧飽和度下降	oxygen desaturation
血氧飽和度降低	Oxygen desaturation
血氧饱和度下降	oxygen desaturation
血氧饱和度降低	Oxygen desaturation
血浆蛋白质成分	5% plasma protein fraction given
血液制品标识符	Blood product identifier
血液成份分离术	LDL apheresis procedure
血液成份分離術	LDL apheresis procedure
血液採集袋批號	Blood collection bag lot identifier
血液製品標識符	Blood product identifier
血液采集袋批号	Blood collection bag lot identifier
血液黏弹性描记	Coagulation viscoelastic tracing
血液黏彈性描記	Coagulation viscoelastic tracing
血清学检验结果	Serologic test result
血清學檢驗結果	Serologic test result
血漿蛋白質成分	5% plasma protein fraction given
血管內管道部位	Intravascular tube site
血管内管道部位	Intravascular tube site
血紅素結合蛋白	Hemopexin
血紅蛋白病組套	Hemoglobinopathy
血红素结合蛋白	Hemopexin
血红蛋白病组套	Hemoglobinopathy
行政管理类信息	Administrative information
行政管理類信息	Administrative information
补体总溶血活性	Complement total hemolytic
补体攻膜复合体	Complement membrane attack complex (C5b-C6-C7-C8-C9n)
补体特异性试剂	complement specific reagent
补充性患者材料	SPL supplemental patient material
表达与功能组套	CD154 expression & function
表達與功能組套	CD154 expression & function
表面誘導型凝血	Coagulation
表面诱导型凝血	Coagulation
装置的预期用途	Intended Use of the Device
補充性患者材料	SPL supplemental patient material
補體攻膜複合體	Complement membrane attack complex (C5b-C6-C7-C8-C9n)
補體特異性試劑	complement specific reagent
補體總溶血活性	Complement total hemolytic
裝置的預期用途	Intended Use of the Device
西方馬腦炎病毒	Western equine encephalitis virus
西方马脑炎病毒	Western equine encephalitis virus
見證人與公證人	Witness and notary
視網膜篩查報告	Retinal eye screening report
視網膜電圖組套	Electroretinography
視野測定法檢查	Perimetry study
視頻腦電圖檢查	Video electroencephalography study
視黃基棕櫚酸酯	Retinyl palmitate
視黃醇結合蛋白	Retinol binding protein
见证人与公证人	Witness and notary
视网膜电图组套	Electroretinography
视网膜筛查报告	Retinal eye screening report
视野测定法检查	Perimetry study
视频脑电图检查	Video electroencephalography study
视黄基棕榈酸酯	Retinyl palmitate
视黄醇结合蛋白	Retinol binding protein
計劃服務接受者	WIC services recipient
計步器裝置組套	Pedometer device
計步器跟蹤組套	Pedometer tracking
計算值與推導值	Calculated & derived values
計算機斷層掃描	Computed tomography CT
記錄標識符小節	Record ID section
設施提供方編號	Facility provider numbers
診斷性多重視圖	Views diagnostic
診斷性檢查記錄	Diagnostic study note
診斷服務提供者	Diagnosing provider
調查研究同意書	Research study consent
諾如病毒基因群	Norovirus genogroup I+II
讓我發笑的事情	Things that make me laugh
计划服务接受者	WIC services recipient
计步器装置组套	Pedometer device
计步器跟踪组套	Pedometer tracking
计算值与推导值	Calculated & derived values
计算机断层扫描	Computed tomography CT
让我发笑的事情	Things that make me laugh
记录标识符小节	Record ID section
设施提供方编号	Facility provider numbers
诊断性多重视图	Views diagnostic
诊断性检查记录	Diagnostic study note
诊断服务提供者	Diagnosing provider
诺如病毒基因群	Norovirus genogroup I+II
调查研究同意书	Research study consent
谷氨酰苯丙氨酸	Glutamylphenylalanine
谷物升降机灰尘	Grain elevator dust
谷胱甘肽还原酶	Glutathione reductase
豬痢疾短螺旋體	Brachyspira hyodysenteriae
豬紅斑丹毒絲菌	Erysipelothrix rhusiopathiae
貓上皮細胞抗體	Cat epithelium
貓免疫缺陷病毒	Feline immunodeficiency virus
負相對調節恢復	Negative relative accommodation recovery
負相對調節模糊	Negative relative accommodation blur
財務與保險小節	Financing and insurance section
購買疫苗的資金	Funds vaccine purchased with
负相对调节恢复	Negative relative accommodation recovery
负相对调节模糊	Negative relative accommodation blur
财务与保险小节	Financing and insurance section
购买疫苗的资金	Funds vaccine purchased with
赫姆斯疏螺旋体	Borrelia hermsii
赫姆斯疏螺旋體	Borrelia hermsii
超声心动图组套	Cardiac 2D echo
超声检查工作者	Sonographer
超敏C反应蛋白	High sensitivity C reactive protein hs-CRP
超敏C反應蛋白	High sensitivity C reactive protein hs-CRP
超聲心動圖組套	Cardiac 2D echo
超聲檢查工作者	Sonographer
跨机构通讯文档	Inter-agency communication document
跨機構通訊文檔	Inter-agency communication document
軸位與多重視圖	Views Sunrise + tunnel
輔助供氧的使用	Use of supplemental oxygen
輔助性眼睛試驗	Ancillary eye tests
輔助類臨床信息	Supporting clinical information
輸注冷沉澱單位	Transfuse cryoprecipitate units
輸注恢復期血清	Transfuse convalescent plasma
輸注機採血小板	Transfuse plateletpheresis
轉診介紹標識符	Referral identifier
轉錄物檢測組套	1;q11)(ABL1,BCR) transcript detection
轉院目的地類別	Transfer destination category
转录物检测组套	1;q11)(ABL1,BCR) transcript detection
转诊介绍标识符	Referral identifier
转院目的地类别	Transfer destination category
轴位与多重视图	Views Sunrise + tunnel
辅助供氧的使用	Use of supplemental oxygen
辅助性眼睛试验	Ancillary eye tests
辅助类临床信息	Supporting clinical information
输注冷沉淀单位	Transfuse cryoprecipitate units
输注恢复期血清	Transfuse convalescent plasma
输注机采血小板	Transfuse plateletpheresis
辦公廳主任姓名	Chief of staff name
运输方式描述符	Transport mode descriptors
运送的医学原因	Medical reason for transport
近平滑假丝酵母	Candida parapsilosis
近平滑假絲酵母	Candida parapsilosis
迪斯帕內阿米巴	Entamoeba dispar
迪斯帕内阿米巴	Entamoeba dispar
通常职业与行业	Usual occupation and industry
通常職業與行業	Usual occupation and industry
運輸方式描述符	Transport mode descriptors
運送的醫學原因	Medical reason for transport
遗传倾向性标志	Genetic predisposition indicator
遗传分析主组套	Genetic analysis master
遗传学知识参考	Genetic knowledge reference
遺傳傾向性標誌	Genetic predisposition indicator
遺傳分析主組套	Genetic analysis master
遺傳學知識參考	Genetic knowledge reference
邻甲基苯海拉明	Orphenadrine
鄰甲基苯海拉明	Orphenadrine
醫療代理人顧問	Healthcare agent advisor
醫療必要性證明	Certificate of medical necessity
醫療裝置使用史	History of medical device use
醫院住院期描述	Hospital stay description
醫院住院期組套	Hospital stay
醫院住院目的地	Hospital inpatient destination
醫院入院時間戳	Hospital admission timestamp
醫院入院標識符	Hospital admission ID
醫院出院時間戳	Hospital discharge timestamp
醫院特異性小節	Hospital-specific section
采用产色素琼脂	with Chromogenic agar
采用动脉注射锝	W Tc-99m DTPA IA
采用口服对比剂	W contrast PO
采用喉内对比剂	W contrast intra larynx
采用放射性核素	W depreotide+W radionuclide IV
采用睫状肌麻痹	W cycloplegia
采用肠促胰酶肽	W cholecystokinin
采用阴道对比剂	W contrast VG
采用静脉注射锝	W Tc-99m HDP IV
采用鞘内对比剂	W contrast IT
采集日期与时间	Collection date & time
重复性刺激之后	post repetitive stimulation
重複性刺激之後	post repetitive stimulation
金黃色葡萄球菌	Staphylococcus aureus
金黄色葡萄球菌	Staphylococcus aureus
針對兒科的多層	Multisection for pediatrics
針對卒中的多層	Multisection for stroke mapping
針對囊腫的視圖	View for cyst
針對妊娠的多層	Multisection for pregnancy
針對感染的多層	Multisection for infection
針對扭轉的多層	Multisection for torsion
針對梗死的多層	Multisection for infarct
針對異物的多層	Multisection for foreign body
針對異物的視圖	View for foreign body
針對病變的多層	Multisection for lesion
針對瘻管的多層	Multisection for fistula
針對篩查的多層	Multisection for screening
針對胎齡的視圖	View for fetal age
針對腫瘤的多層	Multisection for tumor
針對膿腫的多層	Multisection for abscess
針對血流的多層	Multisection for blood flow
針對術後的多層	Multisection for postoperative
針對轉移的多層	Multisection for metastasis
針對通過的視圖	View for transit
針對運動的多層	Multisection for motion
鈣二醇與鈣化醇	Calcidiol & Calciferol
鈣調素結合蛋白	Caldesmon
鉛篩選試驗狀態	Lead screen test status
鉤端螺旋體亞型	Leptospira sp subtype
鏈球菌屬胞外酶	Streptococcus sp exoenzyme
鐵鏽色小孢子菌	Microsporum ferrugineum
鑰孔戚血藍蛋白	Keyhole limpet hemocyanin
针对儿科的多层	Multisection for pediatrics
针对卒中的多层	Multisection for stroke mapping
针对囊肿的视图	View for cyst
针对妊娠的多层	Multisection for pregnancy
针对异物的多层	Multisection for foreign body
针对异物的视图	View for foreign body
针对感染的多层	Multisection for infection
针对扭转的多层	Multisection for torsion
针对术后的多层	Multisection for postoperative
针对梗死的多层	Multisection for infarct
针对病变的多层	Multisection for lesion
针对瘘管的多层	Multisection for fistula
针对筛查的多层	Multisection for screening
针对肿瘤的多层	Multisection for tumor
针对胎龄的视图	View for fetal age
针对脓肿的多层	Multisection for abscess
针对血流的多层	Multisection for blood flow
针对转移的多层	Multisection for metastasis
针对运动的多层	Multisection for motion
针对通过的视图	View for transit
钙二醇与钙化醇	Calcidiol & Calciferol
钙调素结合蛋白	Caldesmon
钥孔戚血蓝蛋白	Keyhole limpet hemocyanin
钩端螺旋体亚型	Leptospira sp subtype
铁锈色小孢子菌	Microsporum ferrugineum
铅筛选试验状态	Lead screen test status
链球菌属胞外酶	Streptococcus sp exoenzyme
長尾小鸚鵡糞便	Parakeet droppings
長尾小鸚鵡羽毛	Parakeet feather
長尾小鸚鵡血清	Parakeet serum
长尾小鹦鹉粪便	Parakeet droppings
长尾小鹦鹉羽毛	Parakeet feather
长尾小鹦鹉血清	Parakeet serum
開始日期和時間	Start date and time
間甲腎上腺素類	Metanephrines
關於就診的原因	Reason for visit
關於復甦的想法	Thoughts on resuscitation
關於插管的想法	Thoughts on intubation
關於檢查的原因	Reason for study
關於移植的原因	Reason for transplant
關於管飼的想法	Thoughts on tube feeding
關於轉診的原因	Reason for referral
關聯的前提條件	Associated precondition
问题性质或描述	Problem quality or description
问题相关的事项	Problem related issues
间甲肾上腺素类	Metanephrines
阴道阿托波氏菌	Atopobium vaginae
阻塞性呼吸暂停	obstructive apnea
阻塞性呼吸暫停	obstructive apnea
阿夫塞疏螺旋体	Borrelia garinii+afzelii oppA1
阿夫塞疏螺旋體	Borrelia garinii+afzelii oppA1
阿姆斯特丹曲霉	Aspergillus amstelodami
阿姆斯特丹麴黴	Aspergillus amstelodami
阿尼昂尼昂病毒	Onyong-nyong virus
阿片类药物组套	Opioids
阿片類藥物組套	Opioids
陰道阿託波氏菌	Atopobium vaginae
随访联系人姓名	Name of follow-up contact
隐斜视检查方法	Phoria exam method
隐球菌分子分型	Cryptococcus molecular type
隨訪聯繫人姓名	Name of follow-up contact
隱斜視檢查方法	Phoria exam method
隱球菌分子分型	Cryptococcus molecular type
雌激素使用情况	Estrogen use
雌激素使用情況	Estrogen use
雌激素成分組套	Estrogen fraction
雌激素成分组套	Estrogen fraction
雌激素施用方法	Estrogen administration method
雌激素結合蛋白	Estrogen binding protein
雌激素结合蛋白	Estrogen binding protein
雷美替胺代謝物	Ramelteon M-II
雷美替胺代谢物	Ramelteon M-II
電子菸使用情況	Electronic cigarette status
静息代谢率组套	Resting metabolic rate
静脉留置针编号	IV number
靜息代謝率組套	Resting metabolic rate
靜脈留置針編號	IV number
非依賴型卵磷脂	B2GP1 independent
非依賴型心磷脂	B2GP1 independent
非依赖型卵磷脂	B2GP1 independent
非依赖型心磷脂	B2GP1 independent
非医疗服务附件	Non-medical services attachment
非卧床持续时长	Duration of out of bed
非处方兽药标签	OTC animal drug label
非形态不均一性	non-dysmorphic
非形態不均一性	non-dysmorphic
非急救运输附件	Non-emergency transportation attachment
非急救運輸附件	Non-emergency transportation attachment
非甾体抗炎药物	Nonsteroidal antiinflammatory drugs
非甾體抗炎藥物	Nonsteroidal antiinflammatory drugs
非臥床持續時長	Duration of out of bed
非致畸作用小節	Nonteratogenic effects section
非致畸作用小节	Nonteratogenic effects section
非處方獸藥標籤	OTC animal drug label
非醫療服務附件	Non-medical services attachment
靠近田地或果园	Near fields or orchards
靠近田地或果園	Near fields or orchards
革兰氏阳性杆菌	Gram positive bacilli
革兰氏阳性细菌	Gram positive bacteria
革兰氏阴性细菌	Gram negative bacteria
革蘭氏陰性細菌	Gram negative bacteria
革蘭氏陽性桿菌	Gram positive bacilli
革蘭氏陽性細菌	Gram positive bacteria
響應方式描述符	Response mode descriptors
類肺炎克雷伯菌	Klebsiella pneumoniae+Klebsiella variicola+Klebsiella quasipneumoniae
顯微鏡檢查描述	Microscopic description
顯微鏡檢查方法	Microscopic method
顯微鏡檢查組套	Microscopic exam
顱內心臟收縮期	Intracranial systolic
顱內心臟舒張期	Intracranial diastolic
顱神經評估組套	Cranial nerve assessment
颅内心脏收缩期	Intracranial systolic
颅内心脏舒张期	Intracranial diastolic
颅神经评估组套	Cranial nerve assessment
食物变应原组套	Food allergen
食物變應原組套	Food allergen
飽和型腹部敷料	Saturated abdominal dressings
餵養與膳食狀態	Feeding and dietary status
饱和型腹部敷料	Saturated abdominal dressings
首要体征与症状	Primary sign and symptom
首要體徵與症狀	Primary sign and symptom
馬來醯亞胺結合	Eosin-5-Maleimide binding
馬甲型鼻炎病毒	Equine rhinitis A virus
馬立克氏病病毒	Mareks disease virus
馬鼻疽菌素之後	1 mL mallein ID
马来酰亚胺结合	Eosin-5-Maleimide binding
马甲型鼻炎病毒	Equine rhinitis A virus
马立克氏病病毒	Mareks disease virus
马鼻疽菌素之后	1 mL mallein ID
髁頂點至前鼻棘	Condylion to anterior nasal spine
髁頂點至頜下點	Condylion to gnathion
髁顶点至前鼻棘	Condylion to anterior nasal spine
髁顶点至颌下点	Condylion to gnathion
髓磷脂碱性蛋白	Myelin basic protein
髓磷脂鹼性蛋白	Myelin basic protein
體型調整型劑量	CT size-adjusted dose
體積最大值設置	Volume max setting
體積最小值設置	Volume min setting
高敏C反应蛋白	High sensitivity C reactive protein hs-CRP
高敏C反應蛋白	High sensitivity C reactive protein hs-CRP
高滴度低亲合力	High titer low avidity
高滴度低親合力	High titer low avidity
高草酸尿症組套	Hyperoxaluria
高草酸尿症组套	Hyperoxaluria
高鐵紅細胞組套	Siderocytes
高鐵血紅白蛋白	Methemalbumin
高铁红细胞组套	Siderocytes
高铁血红白蛋白	Methemalbumin
髮癬菌反應風團	Trichophyton reaction wheal
鱗狀上皮細胞型	squamous
鱗狀上皮細胞癌	Squamous cell carcinoma
鱗狀細胞癌抗原	Squamous cell carcinoma antigen SCC
鳞状上皮细胞型	squamous
鳞状上皮细胞癌	Squamous cell carcinoma
鳞状细胞癌抗原	Squamous cell carcinoma antigen SCC
鵝細小病毒感染	Goose parvovirus
鵝脫氧甘氨膽酸	Chenodeoxycholylglycine
鸚鵡血清蛋白質	Parrot serum proteins
鹅细小病毒感染	Goose parvovirus
鹅脱氧甘氨胆酸	Chenodeoxycholylglycine
鹦鹉血清蛋白质	Parrot serum proteins
鹼基對結束坐標	Base pair end coordinate
鹼基對起始坐標	Base pair start coordinate
麋鹿肉或駝鹿肉	Elk meat
麋鹿肉或驼鹿肉	Elk meat
麥芽糖結合蛋白	Maltose binding protein
麦芽糖结合蛋白	Maltose binding protein
麻風分枝桿菌抗	Mycobacterium leprae PGL-1
麻风分枝杆菌抗	Mycobacterium leprae PGL-1
黃斑中心凹厚度	Foveal thickness
黃褐奈尼茲皮菌	Nannizzia fulva
黃體化釋放激素	Luteinizing releasing hormone
黄体化释放激素	Luteinizing releasing hormone
黄斑中心凹厚度	Foveal thickness
黄褐奈尼兹皮菌	Nannizzia fulva
黑素瘤抑制蛋白	Melanoma inhibitory activity protein
鼠疫耶尔森氏菌	Yersinia pestis
鼠疫耶爾森氏菌	Yersinia pestis
鼠科动物多克隆	Mouse multi
鼠科動物多克隆	Mouse multi
鼻气管炎鸟杆菌	Ornithobacterium rhinotracheale
鼻氣管炎鳥桿菌	Ornithobacterium rhinotracheale
3-羟基丁酸	Beta hydroxybutyrate 3-hydroxybutyrate BHB
3-羥基丁酸	Beta hydroxybutyrate 3-hydroxybutyrate BHB
4-羟脯氨酸	4-Hydroxyproline
4-羥脯氨酸	4-Hydroxyproline
A型肝炎抗體	Hepatitis A virus antibody HAV Ab
A型肝炎病毒	Hepatitis A virus HAV
B型肝炎病毒	Hepatitis B virus HBV
C型肝炎病毒	Hepatitis C virus HCV
α 1球蛋白	Alpha 1 globulin
α 2球蛋白	Alpha 2 globulin
α 六氯化苯	Alpha benzene hexachloride
α 氨基丁酸	Alpha aminobutyrate
α 氨基酸氮	Alpha amino acid nitrogen
α 皮酮四醇	Alpha cortolone
α 羟基丁酸	Alpha hydroxybutyrate
α 羥基丁酸	Alpha hydroxybutyrate
α 胺基酸氮	Alpha amino acid nitrogen
α 酮戊二酸	Alpha ketoglutarate
α 鵝膏蕈鹼	Alpha-amanitin
α 鹅膏蕈碱	Alpha-amanitin
α-1球蛋白	Alpha 1 globulin
α-2球蛋白	Alpha 2 globulin
α-六氯化苯	Alpha benzene hexachloride
α-氨基丁酸	Alpha aminobutyrate
α-氨基酸氮	Alpha amino acid nitrogen
α-皮酮四醇	Alpha cortolone
α-羟基丁酸	Alpha hydroxybutyrate
α-羥基丁酸	Alpha hydroxybutyrate
α-胺基酸氮	Alpha amino acid nitrogen
α-酮戊二酸	Alpha ketoglutarate
α-鵝膏蕈鹼	Alpha-amanitin
α-鹅膏蕈碱	Alpha-amanitin
α1 球蛋白	Alpha 1 globulin
α1-球蛋白	Alpha 1 globulin
α1微球蛋白	Alpha-1-Microglobulin
α2 球蛋白	Alpha 2 globulin
α2-球蛋白	Alpha 2 globulin
α2巨球蛋白	Alpha-2-Macroglobulin
α2微球蛋白	Alpha-2-Microglobulin
α中間絲蛋白	Alpha-internexin
α中间丝蛋白	Alpha-internexin
α亚麻酸摄入	Alpha linolenate intake
α亞麻酸攝入	Alpha linolenate intake
α半乳糖苷酶	Alpha galactosidase A
α岩藻糖苷酶	Alpha fucosidase
α巖藻糖苷酶	Alpha fucosidase
α氨基己二酸	Alpha aminoadipate
α氨基异丁酸	Alpha aminoisobutyrate
α氨基異丁酸	Alpha aminoisobutyrate
α甘露糖苷酶	Alpha mannosidase
α突触核蛋白	Alpha synuclein
α突觸核蛋白	Alpha synuclein
α羟基三唑仑	Alpha hydroxytriazolam
α羥基三唑侖	Alpha hydroxytriazolam
β 1球蛋白	Beta 1 globulin
β 2球蛋白	Beta 2 globulin
β 乳球蛋白	Beta lactoglobulin
β 促脂解素	Beta lipotropin
β 內醯胺酶	Beta lactamase
β 内酰胺酶	Beta lactamase
β 微管蛋白	Beta tubulin
β 微量蛋白	Beta-trace protein
β 氨基丁酸	Beta aminobutyrate
β 皮酮四醇	Beta cortolone
β 羟基丁酸	Beta hydroxybutyrate
β 羥基丁酸	Beta hydroxybutyrate
β 连环蛋白	Beta catenin
β 連環蛋白	Beta catenin
β 鵝膏蕈鹼	Beta-amanitin
β 鹅膏蕈碱	Beta-amanitin
β-1球蛋白	Beta 1 globulin
β-2球蛋白	Beta 2 globulin
β-乳球蛋白	Beta lactoglobulin
β-促脂解素	Beta lipotropin
β-內醯胺酶	Beta lactamase
β-内酰胺酶	Beta lactamase
β-微管蛋白	Beta tubulin
β-微量蛋白	Beta-trace protein
β-氨基丁酸	Beta aminobutyrate
β-皮酮四醇	Beta cortolone
β-羟基丁酸	Beta hydroxybutyrate
β-羥基丁酸	Beta hydroxybutyrate
β-连环蛋白	Beta catenin
β-連環蛋白	Beta catenin
β-鵝膏蕈鹼	Beta-amanitin
β-鹅膏蕈碱	Beta-amanitin
β1 球蛋白	Beta 1 globulin
β1-球蛋白	Beta 1 globulin
β1轉鐵蛋白	Beta-1 transferrin
β1转铁蛋白	Beta-1 transferrin
β2 球蛋白	Beta 2 globulin
β2-GP1	Beta-2 glycoprotein 1
β2-球蛋白	Beta 2 globulin
β2微球蛋白	Beta-2-Microglobulin
β2糖蛋白1	Beta-2 glycoprotein 1
β2糖蛋白I	Beta-2 glycoprotein 1
β2糖蛋白Ⅰ	Beta-2 glycoprotein 1
β2轉鐵蛋白	Beta-2 transferrin
β2转铁蛋白	Beta-2 transferrin
β半乳糖苷酶	Beta galactosidase
β受体阻滞剂	Beta blockers
β受體阻滯劑	Beta blockers
β氨基己二酸	Beta aminoadipate
β氨基异丁酸	Beta aminoisobutyrate
β氨基異丁酸	Beta aminoisobutyrate
β甘露糖苷酶	Beta mannosidase
β脲基异丁酸	Beta-ureidoisobutyrate
β脲基異丁酸	Beta-ureidoisobutyrate
β脲酰丙酸酶	Beta-ureidopropionase
β脲醯丙酸酶	Beta-ureidopropionase
β葡聚糖摄入	Beta glucan intake
β葡聚糖攝入	Beta glucan intake
γ 2球蛋白	Gamma 2 globulin
γ 3球蛋白	Gamma 3 globulin
γ 氨基丁酸	Gamma aminobutyrate
γ 羟基丁酸	Gamma hydroxybutyrate
γ 羥基丁酸	Gamma hydroxybutyrate
γ 鵝膏蕈鹼	Gamma-amanitin
γ 鹅膏蕈碱	Gamma-amanitin
γ-2球蛋白	Gamma 2 globulin
γ-3球蛋白	Gamma 3 globulin
γ-氨基丁酸	Gamma aminobutyrate GABA
γ-羟基丁酸	Gamma hydroxybutyrate
γ-羥基丁酸	Gamma hydroxybutyrate
γ-鵝膏蕈鹼	Gamma-amanitin
γ-鹅膏蕈碱	Gamma-amanitin
γ2 球蛋白	Gamma 2 globulin
γ2-球蛋白	Gamma 2 globulin
γ3 球蛋白	Gamma 3 globulin
γ3-球蛋白	Gamma 3 globulin
γ丁酰甜菜碱	Gamma butyrobetaine
γ丁醯甜菜鹼	Gamma butyrobetaine
γ干扰素本底	Gamma interferon background
γ幹擾素本底	Gamma interferon background
γ氨基己二酸	Gamma aminoadipate
δ 5孕三醇	Delta 5-Pregnanetriol
δ-5孕三醇	Delta 5-Pregnanetriol
δ5 孕三醇	Delta 5-Pregnanetriol
δ5-孕三醇	Delta 5-Pregnanetriol
δ氨基酮戊酸	Delta aminolevulinate
ω-3 指数	Omega-3 EPA+DHA index Eicosapentaenoate Docosahexaenoate Serum Plasma
ω-3 指數	Omega-3 EPA+DHA index Eicosapentaenoate Docosahexaenoate Serum Plasma
一度烧伤面积	First degree burn area
一度燒傷面積	First degree burn area
一氧化碳天数	Number of days carbon monoxide
一氧化碳天數	Number of days carbon monoxide
一甲基砷酸盐	Monomethylarsonate
一甲基砷酸鹽	Monomethylarsonate
一般信息小節	General information section
一般信息小节	General information section
一般通信附件	General correspondence attachment
丁型肝炎病毒	Hepatitis D virus HDV
丁胺卡那霉素	Amikacin
丁胺卡那黴素	Amikacin
丁酰基芬太尼	Butyrylfentanyl
丁醯基芬太尼	Butyrylfentanyl
七氯环氧化物	Heptachlorepoxide
七氯環氧化物	Heptachlorepoxide
万古霉素耐药	vancomycin resistance
三度烧伤面积	Third degree burn area
三度燒傷面積	Third degree burn area
三氯三氟乙烷	Trichlorotrifluoroethane
三氯氟代乙烷	Trichlorofluoroethane
三氯氟代甲烷	Trichlorofluoromethane
三氯苯氧乙酸	Trichlorophenoxyacetate
三甲基賴氨酸	Trimethyllysine
三甲基赖氨酸	Trimethyllysine
三維列印模型	3D printed model
三维打印模型	3D printed model
三联问题组套	These questions three
三聯問題組套	These questions three
三肽氨基肽酶	Tripeptide aminopeptidase
上升时间设置	Rise time setting
上升時間設置	Rise time setting
上午零点标本	12 AM specimen
上午零點標本	12 AM specimen
上唇至頦前點	Upper lip to pogonion
上唇至颏前点	Upper lip to pogonion
上次分娩日期	Previous delivery date
上消化道插管	upper GI tube
上皮細胞管型	Epithelial casts
上皮细胞管型	Epithelial casts
上級組織機構	Parent organization
上级组织机构	Parent organization
上頜磨牙位置	Upper molar position
上颌磨牙位置	Upper molar position
下唇至頦下點	Lower lip to menton
下唇至頦前點	Lower lip to pogonion
下唇至颏下点	Lower lip to menton
下唇至颏前点	Lower lip to pogonion
下次到期疫苗	Vaccines due next
下面部不对称	Asymmetry of lower face
下面部不對稱	Asymmetry of lower face
不採用對比劑	WO contrast
不良事件記錄	Adverse event note
不良事件记录	Adverse event note
不良反应小节	Adverse reactions section
不良反应类别	Adverse reaction category
不良反應小節	Adverse reactions section
不良反應類別	Adverse reaction category
不适当的作用	Inappropriate affect
不適當的作用	Inappropriate affect
不采用对比剂	WO contrast
不飽和結合力	unsaturated binding capacity
不饱和结合力	unsaturated binding capacity
与桥粒芯蛋白	Desmoglein 1 & Desmoglein 3
与死者的关系	Relationship to decedent
与神经束蛋白	IgG & Neurofascin155
丙型流感病毒	Influenza virus C
丙型肝炎病毒	Hepatitis C virus HCV
丙基戊酸总计	Valproate
丙基戊酸總計	Valproate
丙氧氨酚組套	Propoxyphene
丙氧氨酚组套	Propoxyphene
丙氨酰脯氨酸	Alanylproline
丙氨酸轉氨酶	Alanine aminotransferase ALT
丙氨酸转氨酶	Alanine aminotransferase ALT
丙氨醯脯氨酸	Alanylproline
丙种球蛋白病	Gammopathy
丙種球蛋白病	Gammopathy
丙酮酸氧化酶	Pyruvate oxidase
丙酮酸羧化酶	Pyruvate carboxylase
丙酮酸脫氫酶	Pyruvate dehydrogenase
丙酮酸脱氢酶	Pyruvate dehydrogenase
丙酸氟替卡松	Fluticasone propionate
丝裂原刺激型	Mitogen stimulated gamma interferon
严重天气事件	Severe weather event
个人健康目标	Personal health goal
个人健康附件	Personal health attachment
个别咨询记录	Individual counseling note
中和試驗組套	Neut
中和试验组套	Neut
中央角膜厚度	Central corneal thickness
中枢性低通气	Central hypopnea
中枢神经系统	Central nervous system
中樞性低通氣	Central hypopnea
中樞神經系統	Central nervous system
中間名首字母	Middle initial
中間普雷沃菌	Prevotella intermedia
中间名首字母	Middle initial
中间普雷沃菌	Prevotella intermedia
临产持续时间	Labor duration
临床分期组套	TNM clinical staging before treatment
临床发现存在	Clinical finding present
临床检查小节	Clinical studies section
临床波动组套	Clinical fluctuations
临床测量指标	Clinical measurements
临床状态分类	Clinical status class
临床管理信息	Clinical management information
临床表现状态	Clinical presentation status
临床记录组套	Clinical record
临床试验方案	Clinical trial protocol
主侧交叉配型	Major crossmatch
主側交叉配型	Major crossmatch
主动运动范围	active range of motion
主動運動範圍	active range of motion
主治医师姓名	Attending physician name
主治醫師姓名	Attending physician name
主要呈现面板	Principal display
主要呈現面板	Principal display
主要外科医师	Surgeon primary
主要外科醫師	Surgeon primary
主訴持續時間	Chief complaint duration
主诉持续时间	Chief complaint duration
义齿基托评价	Denture base evaluation
乙型流感病毒	Influenza B virus
乙型肝炎病毒	Hepatitis B virus HBV
乙基葡糖苷酸	Ethyl glucuronide
乙基西梭霉素	Netilmicin
乙基西梭黴素	Netilmicin
乙氧萘青霉素	Nafcillin
乙氧萘青黴素	Nafcillin
乙酰半乳糖胺	N-acetylgalactosamine-4-sulfatase
乙酰半胱氨酸	Acetylcysteine
乙酰胆碱受体	Acetylcholine receptor
乙酰胆碱抗体	Acetylcholine
乙酰胆碱酯酶	Acetylcholinesterase
乙醯半乳糖胺	N-acetylgalactosamine-4-sulfatase
乙醯半胱氨酸	Acetylcysteine
乙醯膽鹼受體	Acetylcholine receptor
乙醯膽鹼抗體	Acetylcholine
乙醯膽鹼酯酶	Acetylcholinesterase
乳糖刺激組套	Lactose challenge
乳糖刺激组套	Lactose challenge
乳糖耐量組套	Lactose tolerance
乳糖耐量组套	Lactose tolerance
乳酒假丝酵母	Candida kefyr
乳酒假絲酵母	Candida kefyr
乳酸环丙沙星	Ciprofloxacin
乳酸環丙沙星	Ciprofloxacin
事件起始年齡	Age at event onset
事件起始年龄	Age at event onset
事前指示組套	Advance directives
事前指示组套	Advance directives
事故中的角色	Role in accident
二乙基硫酸酯	Diethylsulfate
二乙胺苯丙酮	Diethylpropion
二十二碳烯酸	Fatty acids very long chain C22:1n9 Erucate Moles volume Serum Plasma
二十二酰肉碱	Dodeicosanoylcarnitine (C22)
二十二醯肉鹼	Dodeicosanoylcarnitine (C22)
二十碳三烯酸	Eicosatrienoate
二十碳二烯酸	Eicosadienoate
二十碳五烯酸	Eicosapentaenoate
二度烧伤面积	Second degree burn area
二度燒傷面積	Second degree burn area
二氟苯水杨酸	Diflunisal
二氟苯水楊酸	Diflunisal
二氢去氧吗啡	Desomorphine
二氢胸腺嘧啶	Dihydrothymine
二氧化氮天数	Number of days nitrogen dioxide
二氧化氮天數	Number of days nitrogen dioxide
二氧化硫天数	Number of days sulphur dioxide
二氧化硫天數	Number of days sulphur dioxide
二氧化碳产生	Carbon dioxide production
二氧化碳產生	Carbon dioxide production
二氧化碳設置	Carbon dioxide setting
二氧化碳设置	Carbon dioxide setting
二氧杂环己烷	1,4-Dioxane
二氧雜環己烷	1,4-Dioxane
二氫去氧嗎啡	Desomorphine
二氫胸腺嘧啶	Dihydrothymine
二氯二氟乙烷	Dichlorodifluoroethane
二氯二氟甲烷	Dichlorodifluoromethane
二甲基乙酰胺	Dimethylacetamide
二甲基乙醯胺	Dimethylacetamide
二甲基甲酰胺	Dimethylformamide
二甲基甲醯胺	Dimethylformamide
二甲基砷酸盐	Dimethylarsinate
二甲基砷酸鹽	Dimethylarsinate
二甲基硫酸酯	Dimethyl sulfate
二甲基苯丙胺	Dimetamphetamine
二甲胺四环素	Minocycline
二甲胺四環素	Minocycline
二磷酸甘油酸	2,3-Diphosphoglycerate
二羟基胆固酸	Dihydroxycholestanoate
二羥基膽固酸	Dihydroxycholestanoate
五日热巴通体	Bartonella quintana
五日熱巴通體	Bartonella quintana
五羟色胺抗原	Serotonin
五羥色胺抗原	Serotonin
亚利桑那柏树	Cupressus arizonica
亚甲基双苯胺	Methylenedianiline
亚硝基二甲胺	N-nitrosodimethylamine
亞利桑那柏樹	Cupressus arizonica
亞甲基雙苯胺	Methylenedianiline
亞硝基二甲胺	N-nitrosodimethylamine
交通工具名称	Vehicle name
交通工具名稱	Vehicle name
产前照护地点	Prenatal care location
产前筛查报告	Prenatal screening report
产前试验项目	Prenatal tests
产后住院治疗	Postpartum hospitalization treatment
产气克雷伯菌	Klebsiella aerogenes
产科学医嘱组	Obstetric 1996
产科超声组套	OB ultrasound
产酸克雷伯菌	Klebsiella oxytoca
亲属关系级别	Relationship degree
人体测量指标	Body measurements
人工流产方法	Induced abortion method
人工流產方法	Induced abortion method
人用被救药物	Human salvaged drug
人用被救藥物	Human salvaged drug
人类偏肺病毒	Human metapneumovirus
人类隐孢子虫	Cryptosporidium hominis
人群摘要報告	Population summary report
人群摘要报告	Population summary report
人類偏肺病毒	Human metapneumovirus
人類隱孢子蟲	Cryptosporidium hominis
人體測量指標	Body measurements
从椅子上起身	Arising from chair
仓鼠上皮细胞	Hamster epithelium
代謝毒素組套	CEH metabolic toxin
代谢毒素组套	CEH metabolic toxin
以色列放線菌	Actinomyces israelii
以色列放线菌	Actinomyces israelii
任务到期日期	Date task due
任務到期日期	Date task due
伊利乌斯病毒	Ilheus virus
伊利烏斯病毒	Ilheus virus
优势结节平面	Dominant nodule plane
优势结节象限	Dominant nodule quadrant
伤口大小组套	Wound size
伤口引流部位	Wound drain site
伤口愈合阶段	Wound healing stage
伤口持续时间	Wound duration
伤口敷料组套	Wound dressing
伤口潜行组套	Wound undermining
伤口覆盖状态	Wound coverage status
伤口评估组套	Wound assessment
伤口边缘组套	Wound edge
伤口闭合类型	Wound closure type
伤口隧穿组套	Wound tunneling
伪狂犬病病毒	Pseudorabies virus
伴刀豆球蛋白	concanavalin A stimulation
伸肌滞后范围	Extensor lag range
伸肌滯後範圍	Extensor lag range
位移达峰时间	Time to peak displacement
位移達峰時間	Time to peak displacement
低冲击性骨折	Low impact fracture
低压保持时间	Low pressure hold time
低壓保持時間	Low pressure hold time
低密度脂蛋白	LDL
低衝擊性骨折	Low impact fracture
住宅卧室数量	Household accommodation number of bedrooms
住宅臥室數量	Household accommodation number of bedrooms
住房佔用類型	Accommodation occupancy regime
住房占用类型	Accommodation occupancy regime
住房卫生状况	Accommodation hygiene
住房衛生狀況	Accommodation hygiene
住院患者状态	Inpatient status
住院患者狀態	Inpatient status
住院持續時間	Hospital stay duration
住院持续时间	Hospital stay duration
住院用药清单	Admission medication list
住院用藥清單	Admission medication list
体力劳动强度	Physical intensity of work
体力活动组套	Physical
体外受精供体	IVF donor
体外受精妊娠	In vitro fertilization pregnancy
体格检查发现	Physical findings
体检合格记录	Medical clearance note
体液化学报告	Body fluid chemistry report
体温测量部位	Body temperature measurement site
体积目标控制	volume targeted control
体质指数公式	Body mass index formula
体重变化目标	Body weight change goal
体重百分位数	Body weight percentile
作用机制小节	Mechanism of action section
作用機制小節	Mechanism of action section
使用說明小節	Instructions for use section
使用说明小节	Instructions for use section
來源身體結構	Body structure of origin
供体肾脏类型	Type of donor kidney
供体血液检查	Donor blood study
供应信息小节	How supplied section
供应剩余天数	Days' supply remaining
供应品所有方	Supply owner
供应品接收方	Recipient of supply
供应品标识符	Supply identifier
供應信息小節	How supplied section
供應剩餘天數	Days' supply remaining
供應品所有方	Supply owner
供應品接收方	Recipient of supply
供應品標識符	Supply identifier
供氧附加詳情	Oxygen delivery additional details
供氧附加详情	Oxygen delivery additional details
供水系統狀態	Status of water supply systems
供水系统状态	Status of water supply systems
供體腎臟類型	Type of donor kidney
供體血液檢查	Donor blood study
依賴型卵磷脂	B2GP1 dependent
依賴型心磷脂	B2GP1 dependent
依赖型卵磷脂	B2GP1 dependent
依赖型心磷脂	B2GP1 dependent
依阿华支原体	Mycoplasma iowae
依阿華支原體	Mycoplasma iowae
侧位多重视图	Views lateral + Y
侵袭性滋养层	Invasive trophoblast
侵袭性黑素瘤	Invasive melanoma
侵襲性滋養層	Invasive trophoblast
侵襲性黑素瘤	Invasive melanoma
促性腺激素肽	Gonadotropin peptide
促甲状腺激素	Thyroid stimulating hormone TSH
促甲狀腺激素	Thyroid stimulating hormone TSH
保修範圍信息	Warranty Coverage Information
保修范围信息	Warranty Coverage Information
保险集团编号	Insurance group number
保險集團編號	Insurance group number
信号识别颗粒	Signal recognition particle
信号质量指数	Signal quality index
信息发布请求	Release of Information request
信息發布請求	Release of Information request
信號識別顆粒	Signal recognition particle
信號質量指數	Signal quality index
修正休克指数	Modified shock index
修正休克指數	Modified shock index
倉鼠上皮細胞	Hamster epithelium
個人健康目標	Personal health goal
個人健康附件	Personal health attachment
個別諮詢記錄	Individual counseling note
假丝酵母物种	Candida
假丝酵母菌落	Candida colony
假尿嘧啶核苷	Pseudouridine
假絲酵母物種	Candida
假絲酵母菌落	Candida colony
停用药物清单	Discontinued medication list
停用藥物清單	Discontinued medication list
停药日期时间	Medication cessation date time
停藥日期時間	Medication cessation date time
停頓時間設置	Pause time setting
停顿时间设置	Pause time setting
健在配偶姓名	Surviving spouse name
健康关注事项	Health concerns
健康声明小节	Health claim section
健康档案首页	Health record cover sheet
健康檔案首頁	Health record cover sheet
健康相关行为	Health-related behaviors
健康相關行為	Health-related behaviors
健康聲明小節	Health claim section
健康關注事項	Health concerns
側位多重視圖	Views lateral + Y
偽狂犬病病毒	Pseudorabies virus
傑氏棒狀桿菌	Corynebacterium jeikeium
備選居住狀況	Alternate residence status
傷口大小組套	Wound size
傷口引流部位	Wound drain site
傷口持續時間	Wound duration
傷口敷料組套	Wound dressing
傷口潛行組套	Wound undermining
傷口癒合階段	Wound healing stage
傷口覆蓋狀態	Wound coverage status
傷口評估組套	Wound assessment
傷口邊緣組套	Wound edge
傷口閉合類型	Wound closure type
傷口隧穿組套	Wound tunneling
僱主郵政編碼	Employer postal code
僱主電話號碼	Employer phone number
優勢結節平面	Dominant nodule plane
優勢結節象限	Dominant nodule quadrant
儿科用途小节	Pediatric use section
兄弟姐妹人数	Number of brothers and sisters
兄弟姐妹人數	Number of brothers and sisters
充气触发压力	Inflation trigger pressure
充气触发流量	Inflation trigger flow
充氣觸發壓力	Inflation trigger pressure
充氣觸發流量	Inflation trigger flow
先期輔導標誌	Anticipatory guidance indicator
先期辅导标志	Anticipatory guidance indicator
光滑假丝酵母	Candida glabrata
光滑假絲酵母	Candida glabrata
克氏錐蟲抗體	Trypanosoma cruzi
克氏锥虫抗体	Trypanosoma cruzi
免疫学家审核	Immunologist review
免疫學家審核	Immunologist review
免疫应答组套	Immune response
免疫應答組套	Immune response
免疫接种状态	SARS coronavirus 2 immunization status
免疫接种证明	Immunization certificate
免疫接種狀態	SARS coronavirus 2 immunization status
免疫接種證明	Immunization certificate
免疫染色检查	Immune stain study
免疫染色檢查	Immune stain study
免疫母細胞性	immunoblastic
免疫母细胞性	immunoblastic
免疫球蛋白A	Immunoglobulin A IgA
免疫球蛋白E	Immunoglobulin E IgE
免疫球蛋白G	Immunoglobulin G IgG
免疫球蛋白M	Immunoglobulin M IgM
免疫电泳组套	Immunoelectrophoresis
免疫缺陷組套	Immunodeficiency
免疫缺陷组套	Immunodeficiency
免疫電泳組套	Immunoelectrophoresis
兒科用途小節	Pediatric use section
兔出血症病毒	Rabbit hemorrhagic disease virus
入睡持續時長	Duration of falling asleep
入睡持续时长	Duration of falling asleep
入院來源類別	Admission source category
入院时的药物	Medications on admission
入院時的藥物	Medications on admission
入院来源类别	Admission source category
入院評價記錄	Admission evaluation note
入院评价记录	Admission evaluation note
入院通知記錄	Admission notification note
入院通知记录	Admission notification note
內分泌學檢查	Endocrinology studies
內因子封閉性	Intrinsic factor blocking
內部對照結果	Internal control result
內部斜位視圖	View Judet internal oblique
內鏡超聲檢查	Endoscopic ultrasound study
內顳側區厚度	inner temporal subfield thickness
內鼻側區厚度	inner nasal subfield thickness
全氟丁烷磺酸	Perfluorobutane Sulfonic Acid
全氟十一烷酸	Perfluoroundecanoate
全氟十二烷酸	Perfluorododecanoate
全氟己烷磺酸	Perfluorohexane sulfonate
全氟庚烷磺酸	Perfluoroheptane sulfonate
六氢化酞酸酐	Hexahydrophthalic anhydride
六氫化酞酸酐	Hexahydrophthalic anhydride
六氯环戊二烯	Hexachlorocyclopentadiene
六氯環戊二烯	Hexachlorocyclopentadiene
六甲基磷酰胺	Hexamethylphosphoramide
六甲基磷醯胺	Hexamethylphosphoramide
六羧基卟啉类	Hexacarboxylporphyrins
六羧基卟啉類	Hexacarboxylporphyrins
共同支付金額	Co-payment amount
共同支付金额	Co-payment amount
共病情况组套	Comorbid condition
共病情況組套	Comorbid condition
关节内镜检查	Arthroscopy study
兴趣区域组套	DNA region of interest
其他分期分类	Other staging classification
其他分期分類	Other staging classification
其他区域疾病	other regional disease
其他區域疾病	other regional disease
其他喂养类型	Other feeding types
其他局部疾病	other regional disease
其他氨基酸病	Other amino acidopathies
其他治疗方案	Other Rx
其他治療方案	Other Rx
其他結節平面	Other nodule plane
其他結節象限	Other nodule quadrant
其他结节平面	Other nodule plane
其他结节象限	Other nodule quadrant
其他胺基酸病	Other amino acidopathies
其他觀測結果	Other observations
其他观测结果	Other observations
其他随访方法	Other follow-up method
其他隨訪方法	Other follow-up method
其他餵養類型	Other feeding types
典型猪瘟病毒	Classical swine fever virus
典型豬瘟病毒	Classical swine fever virus
内分泌学检查	Endocrinology studies
内因子封闭性	Intrinsic factor blocking
内部对照结果	Internal control result
内部斜位视图	View Judet internal oblique
内镜超声检查	Endoscopic ultrasound study
内颞侧区厚度	inner temporal subfield thickness
内鼻侧区厚度	inner nasal subfield thickness
再次交叉配型	re-crossmatch
军队患者编号	Military patient number
冠状动脉事件	Coronary event 10Y risk
冠狀動脈事件	Coronary event 10Y risk
冷凝集素組套	Cold agglutinin
冷凝集素组套	Cold agglutinin
冷球蛋白类型	Cryoglobulin type
冷球蛋白類型	Cryoglobulin type
冷纖維蛋白原	Cryofibrinogen
冷纤维蛋白原	Cryofibrinogen
凝块强度降低	Reduction in clot strength
凝块形成开始	Clot initiation
凝块溶解估计	Clot lysis estimate
凝塊強度降低	Reduction in clot strength
凝塊形成開始	Clot initiation
凝塊溶解估計	Clot lysis estimate
凝血功能检查	Coagulation studies
凝血功能檢查	Coagulation studies
凝血酶原时间	Prothrombin time PT
凝血酶原時間	Prothrombin time PT
凝血酶原片段	Prothrombin fragment 1+2
出版政策小節	Publication policy section
出版政策小节	Publication policy section
出生缺陷診斷	Birth defects diagnosis
出生缺陷诊断	Birth defects diagnosis
出生胎儿数量	Birth plurality
出生胎兒數量	Birth plurality
出生證明人員	Birth certifier
出生證明日期	Date of birth certification
出生证明人员	Birth certifier
出生证明日期	Date of birth certification
出院功能状态	Discharge functional status
出院功能狀態	Discharge functional status
出院宣教記錄	Discharge teaching note
出院宣教记录	Discharge teaching note
出院摘要記錄	Discharge summary note
出院摘要记录	Discharge summary note
出院时的膳食	Diet at discharge
出院時的膳食	Diet at discharge
出院检查清单	Discharge checklist
出院檢查清單	Discharge checklist
出院药物清单	Discharged medication list
出院药物记录	Discharge medications note
出院藥物清單	Discharged medication list
出院藥物記錄	Discharge medications note
出院通知記錄	Discharge notification note
出院通知记录	Discharge notification note
分歧巴貝斯蟲	Babesia divergens
分歧巴贝斯虫	Babesia divergens
分流病变类型	Shunt lesion type
分流病變類型	Shunt lesion type
分生孢子形态	Conidia morphology
分生孢子形態	Conidia morphology
分裂中期組套	metaphase
分裂中期组套	metaphase
分裂間期組套	interphase
分裂间期组套	interphase
切除术彻底性	Resection completeness
切除術徹底性	Resection completeness
创口愈合日期	Date of wound healing
初次就医时间	Time of initial encounter
初次就醫時間	Time of initial encounter
初步检测结果	Preliminary testing result
初步檢測結果	Preliminary testing result
初步診斷日期	Date first Dx
初步評價記錄	Initial evaluation note
初步评价记录	Initial evaluation note
初步诊断日期	Date first Dx
初級執業人員	Primary practitioner
初级执业人员	Primary practitioner
利什曼素之后	1 mL leishmanin ID
利什曼素之後	1 mL leishmanin ID
利泻类轻泻剂	Cathartic laxatives
利瀉類輕瀉劑	Cathartic laxatives
到达通知记录	Arrival notification note
到達通知記錄	Arrival notification note
制造企业信息	Manufacturing establishment information
剂量变更原因	Reason for dose change
前任僱主名稱	Past employer name
前任僱主國家	Past employer country
前任僱主地址	Past employer address
前任僱主城市	Past employer city
前任僱主州別	Past employer state
前任雇主名称	Past employer name
前任雇主国家	Past employer country
前任雇主地址	Past employer address
前任雇主城市	Past employer city
前任雇主州别	Past employer state
前列腺外扩散	Extraprostatic extension
前列腺外擴散	Extraprostatic extension
前列腺特异性	Prostate specific
前列腺特異性	Prostate specific
前列腺癌風險	Prostate cancer risk
前列腺癌风险	Prostate cancer risk
前列腺素D2	Prostaglandin D2 PGD2
前后不稳定性	Anterior-posterior instability
前後不穩定性	Anterior-posterior instability
副猪嗜血杆菌	Haemophilus parasuis
副肠孤病毒属	Parechovirus
副腸孤病毒屬	Parechovirus
副豬嗜血桿菌	Haemophilus parasuis
副雞嗜血桿菌	Haemophilus paragallinarum
副鸡嗜血杆菌	Haemophilus paragallinarum
創口癒合日期	Date of wound healing
劑量變更原因	Reason for dose change
办公电话号码	Business phone number
功能分流体积	Functional shunt volume
功能分流體積	Functional shunt volume
功能結局評分	Functional outcome score
功能结局评分	Functional outcome score
加州胡桃花粉	Juglans california pollen
加裡疏螺旋體	Borrelia garinii
加里疏螺旋体	Borrelia garinii
加量輻射劑量	Boost radiation dose
加量辐射剂量	Boost radiation dose
动脉管腔容积	Arterial lumen volume
动脉脉搏强度	Arterial pulse intensity
动脉脉搏性质	Arterial pulse quality
動脈管腔容積	Arterial lumen volume
動脈脈搏強度	Arterial pulse intensity
動脈脈搏性質	Arterial pulse quality
化学疗法记录	Chemotherapy records
化學療法記錄	Chemotherapy records
化脓性链球菌	Streptococcus pyogenes
化膿性鏈球菌	Streptococcus pyogenes
医嘱开始日期	Order start date
医学总监审核	Medical director review
医学检查证明	Proof of medical test certificate
医疗装置类型	Medical device type
医疗记录小节	Chart section
医院入院日期	Hospital admission date
医院入院诊断	Hospital admission Dx
医院出院去向	Hospital discharge disposition
医院出院日期	Hospital discharge date
医院出院药物	Hospital discharge medications
医院出院诊断	Hospital discharge Dx
医院出院随访	Hospital discharge follow-up
医院床位附件	Hospital beds attachment
医院所赋予的	hospital assigned
医院病程记录	Hospital course note
医院肿瘤登记	NAACCR hospital tumor registration
十二指肠长度	Duodenum length
十二指腸長度	Duodenum length
十二烯酰肉碱	Dodecenoylcarnitine (C12:1)
十二烯醯肉鹼	Dodecenoylcarnitine (C12:1)
十二烷酰肉碱	Dodecanoylcarnitine (C12)
十二烷醯肉鹼	Dodecanoylcarnitine (C12)
十八碳四烯酸	Octadecatetraenoate
十六碳二烯酸	Hexadecadienoate
十四烯酰肉碱	Tetradecenoylcarnitine (C14:1)
十四烯醯肉鹼	Tetradecenoylcarnitine (C14:1)
十四烷酰肉碱	Tetradecanoylcarnitine (C14)
十四烷醯肉鹼	Tetradecanoylcarnitine (C14)
十四碳二烯酸	Tetradecadienoate
半乳甘露聚糖	Galactomannan
半乳糖凝集素	Galectin 3
协作分期版本	Collaborative staging version
卒中量表类型	Stroke scale type
卒中量表類型	Stroke scale type
卒中預防記錄	Stroke prevention note
卒中预防记录	Stroke prevention note
協作分期版本	Collaborative staging version
单乙酰氨苯砜	Monoacetyldapsone
单价电解质类	Electrolytes 3
单克隆同种型	monoclonal isotype
单溶血心磷脂	Monolysocardiolipin
单甲基乙酰胺	N-methylacetamide
单纯疱疹病毒	Herpes simplex virus HSV
博兹曼军团菌	Legionella bozemaniae
博尔纳病病毒	Borna disease virus
博爾納病病毒	Borna disease virus
博茲曼軍團菌	Legionella bozemaniae
卡晏圆孢子虫	Cyclospora cayetanensis
卡晏圓孢子蟲	Cyclospora cayetanensis
卡氏肺孢子虫	Pneumocystis jirovecii
卡氏肺孢子蟲	Pneumocystis jirovecii
卡考圆孢子虫	Cyclospora carcopitheci
卡考圓孢子蟲	Cyclospora carcopitheci
卡芒貝爾乳酪	Camembert cheese
卡芒貝爾奶酪	Camembert
卡芒贝尔乳酪	Camembert cheese
卡芒贝尔奶酪	Camembert
卡赤谷病病毒	Cache valley virus
卧床持续时长	Duration in bed
危机干预记录	Crisis intervention note
危機幹預記錄	Crisis intervention note
卵巢恶性肿瘤	Ovarian malignancy (ROMA)
卵巢惡性腫瘤	Ovarian malignancy (ROMA)
卵形大紅細胞	Macrocytes
卵形大红细胞	Macrocytes
厂商固件版本	Vendor firmware version
厂商设备名称	Vendor device name
厂商设备机型	Vendor device model
厂商软件版本	Vendor software version
历史资料来源	History source
压力减半时间	Pressure half time
压力均值设置	Pressure min setting
压力目标控制	pressure targeted control
压力盲点代码	Pressure Skotome code
压力盲点文本	Pressure Skotome text
压力结果代码	Pressure result code
压力结果文本	Pressure result text
压力装置类型	Pressure device type
压力边界代码	Pressure border code
压力边界文本	Pressure border text
压差减半时间	Pressure half time
去乙基胺碘酮	Desethylamiodarone
去乙酰利福平	Desacetylrifampicin
去乙醯利福平	Desacetylrifampicin
去甲伪麻黄碱	Cathine
去甲偽麻黃鹼	Cathine
去甲右美沙芬	Dextrorphan
去甲基古柯鹼	Norcocaine
去甲基可卡因	Norcocaine
去甲基可替宁	Norcotinine
去甲基可替寧	Norcotinine
去甲基哌替啶	Normeperidine
去甲基喹硫平	Norquetiapine
去甲基多慮平	Nordoxepin
去甲基多虑平	Nordoxepin
去甲基奥氮平	Norolanzapine
去甲基奧氮平	Norolanzapine
去甲基度硫平	Nordothiepin
去甲基恩卡尼	3 methoxy O desmethylencainide
去甲基曲馬多	Desmethyltramadol metabolites
去甲基曲马多	Desmethyltramadol metabolites
去甲基氟西汀	Norfluoxetine
去甲基氢可酮	Norhydrocodone
去甲基氫可酮	Norhydrocodone
去甲基氯巴詹	Norclobazam
去甲基氯氮平	Norclozapine
去甲基氯胺酮	Norketamine
去甲基甲琥胺	Normethsuximide
去甲基米氮平	Normirtazapine
去甲基羟考酮	Noroxycodone
去甲基羥考酮	Noroxycodone
去甲基舍曲林	Norsertraline
去甲基芬太尼	Norfentanyl
去甲肾上腺素	Norepinephrine
去甲腎上腺素	Norepinephrine
去甲阿米替林	Nortriptyline
去除蜱的日期	Date tick removed
参考序列改变	Reference sequence alteration
参考搏动类型	Reference beat type
参考文献小节	References section
參考序列改變	Reference sequence alteration
參考搏動類型	Reference beat type
參考文獻小節	References section
及其代謝產物	Vitamin D+Metabolites
及其代谢产物	Vitamin D+Metabolites
双目状态代码	Binocular status code
双目状态文本	Binocular status text
双相障碍类型	Bipolar disorder type
双芽巴贝斯虫	Babesia bigemina
反刍考德里体	Cowdria ruminantium
反应严重程度	Severity of reaction
反应存在情况	Reaction
反应持续时长	Duration of reaction
反式脂肪摄入	Trans fat intake
反式脂肪攝入	Trans fat intake
反應嚴重程度	Severity of reaction
反應存在情況	Reaction
反應持續時長	Duration of reaction
反流压力梯度	Regurgitant pressure gradient
反流壓力梯度	Regurgitant pressure gradient
反流射流宽度	Regurgitant jet width
反流射流寬度	Regurgitant jet width
反流射流面积	Regurgitant jet area
反流射流面積	Regurgitant jet area
反流血流体积	Regurgitant blood flow volume
反流血流速度	Regurgitant blood flow velocity
反流血流速率	Regurgitant blood flow rate
反流血流體積	Regurgitant blood flow volume
反芻考德裡體	Cowdria ruminantium
发作性睡眠症	HLA typing for narcolepsy
发热持续时间	Fever duration
发热起始日期	Date of fever onset
受伤身体部位	Injured body site
受傷身體部位	Injured body site
受控物質小節	Controlled substance section
受控物质小节	Controlled substance section
变态反应检查	Allergy studies
变态反应类别	Allergy category
变态反应类型	Allergy type
变态反应表现	Allergy manifestation
口点至颏下点	Stomion to menton
口腔插管部位	Oral tube site
口腔評估組套	Oral assessment
口腔評價檢查	Oral evaluation exam
口腔评价检查	Oral evaluation exam
口腔评估组套	Oral assessment
口蹄疫病毒属	Foot and mouth disease virus
口蹄疫病毒屬	Foot and mouth disease virus
口點至頦下點	Stomion to menton
可用装备类型	Equipment type available
可用裝備類型	Equipment type available
右旋西酞普兰	Escitalopram
右旋西酞普蘭	Escitalopram
号染色体拷贝	Chromosome 17 copy number
号染色体短臂	9p21 chromosome deletion
同型半胱氨酸	Homocysteine
同型香子兰酸	Homovanillate
同型香子蘭酸	Homovanillate
同步肿瘤部位	Synchronous tumor site
同步腫瘤部位	Synchronous tumor site
后牙弓间偏差	Posterior inter-arch deviation
吗替麦考酚酯	Mycophenolate
吡咯啉苯戊酮	Alpha pyrrolidinovalerophenone
吡哆醇同源物	Pyridoxine congeners
含鉛油漆標誌	Lead paint indicator
含铅油漆标志	Lead paint indicator
听力筛查评估	Hearing screen assessment
吸气保持时间	Inspiratory hold time
吸气停顿时间	Inspiratory pause time
吸气时间设置	Inspiratory time setting
吸气气体流量	Inspiratory gas flow
吸气流量设置	Inspiratory flow setting
吸氣保持時間	Inspiratory hold time
吸氣停頓時間	Inspiratory pause time
吸氣時間設置	Inspiratory time setting
吸氣氣體流量	Inspiratory gas flow
吸氣流量設置	Inspiratory flow setting
呋喃基芬太尼	Furanylfentanyl
呋喃果糖苷酶	Beta fructofuranosidase
周径纤维缩短	Circumferential fiber shortening
周徑纖維縮短	Circumferential fiber shortening
周長測量方法	Circumference method
周长测量方法	Circumference method
呼吸努力程度	Respiratory effort
呼吸暂停指数	Apnea index
呼吸暂停间隔	Apnea interval
呼吸暫停指數	Apnea index
呼吸暫停間隔	Apnea interval
呼吸测量指标	Respiratory measurements
呼吸測量指標	Respiratory measurements
呼吸疗法目标	Respiratory therapy goal
呼吸療法目標	Respiratory therapy goal
呼吸紊乱指数	respiratory disturbance index RDI
呼吸紊亂指數	respiratory disturbance index RDI
呼吸評估組套	Respiratory assessment
呼吸评估组套	Respiratory assessment
呼吸輔助狀態	Respiratory assist status
呼吸辅助状态	Respiratory assist status
呼吸速率方法	Breath rate method
呼吸道支原体	Mycoplasma
呼吸道支原體	Mycoplasma
呼气保持时间	Expiratory hold time
呼气停顿时间	Expiratory pause time
呼气气体流量	Expiratory gas flow
呼氣保持時間	Expiratory hold time
呼氣停頓時間	Expiratory pause time
呼氣氣體流量	Expiratory gas flow
咬合垂直距离	Vertical dimension of occlusion
咬合垂直距離	Vertical dimension of occlusion
咳嗽持續時間	Cough duration
咳嗽持续时间	Cough duration
咽峡炎链球菌	Streptococcus anginosus
咽峽炎鏈球菌	Streptococcus anginosus
咽部病原体类	Pharyngeal pathogens DNA &
咽部病原體類	Pharyngeal pathogens DNA &
哈氏內阿米巴	Entamoeba hartmanni
哈氏内阿米巴	Entamoeba hartmanni
响应团队名称	Response team name
哮喘行动计划	Asthma action plan
哮喘行動計劃	Asthma action plan
哮喘跟踪组套	Asthma tracking
哮喘跟蹤組套	Asthma tracking
唯一性标识符	Unique identifier
唯一性標識符	Unique identifier
唾液酸低聚糖	Sialooligosaccharides
問題加劇因素	Problem exacerbating factors
問題控制程度	Problem level of control
問題既往評價	Problem prior evaluation
問題時間過程	Problem time course
問題歷史標誌	Problem historical indicator
問題發生情況	Problem occurrence
問題緩解因素	Problem alleviating factors
單乙醯氨苯碸	Monoacetyldapsone
單價電解質類	Electrolytes 3
單克隆同種型	monoclonal isotype
單溶血心磷脂	Monolysocardiolipin
單甲基乙醯胺	N-methylacetamide
單純皰疹病毒	Herpes simplex virus HSV
嗎替麥考酚酯	Mycophenolate
嗜中性粒細胞	Neutrophils
嗜中性粒细胞	Neutrophils
嗜水气单胞菌	Aeromonas hydrophila
嗜水氣單胞菌	Aeromonas hydrophila
嗜沫凝聚杆菌	Aggregatibacter aphrophilus
嗜沫凝聚桿菌	Aggregatibacter aphrophilus
嗜碱性粒细胞	Basophil
嗜酸性粒細胞	Eosinophil
嗜酸性粒细胞	Eosinophil
嗜鹼性粒細胞	Basophil
嘴突突脐蠕孢	Exserohilum rostratum
嘴突突臍蠕孢	Exserohilum rostratum
嚴重天氣事件	Severe weather event
四度烧伤面积	Fourth degree burn area
四度燒傷面積	Fourth degree burn area
四氢孕三烯酮	Tetrahydrogestrinone
四氢次大麻酚	Tetrahydrocannabivarin
四氢生物蝶呤	Tetrahydrobiopterin
四氫孕三烯酮	Tetrahydrogestrinone
四氫次大麻酚	Tetrahydrocannabivarin
四氫生物蝶呤	Tetrahydrobiopterin
四氯二苯乙烷	Tetrachlorodiphenylethane
团体咨询记录	Group counseling note
围手术期记录	Perioperative records
圍手術期記錄	Perioperative records
團體諮詢記錄	Group counseling note
圣奥古斯丁草	Stenotaphrum secundatum
在切除术之后	post excision
在切除術之後	post excision
在吸气过程中	during inspiration
在吸氣過程中	during inspiration
在呼气过程中	during expiration
在呼氣過程中	during expiration
在妊娠过程中	during pregnancy
在妊娠過程中	during pregnancy
在对比剂之前	pre contrast
在對比劑之前	pre contrast
在治疗过程中	during treatment
在治療過程中	during treatment
在肺移植之后	post lung transplant
在肺移植之後	post lung transplant
在輸注鈣之後	post calcium infusion
在输注钙之后	post calcium infusion
在麻醉过程中	during anesthesia
在麻醉過程中	during anesthesia
地理位置代码	Geolocation code
地理位置代碼	Geolocation code
地理时间历史	Geotemporal history
地理時間歷史	Geotemporal history
垂直影像不等	Vertical aniseikonia
型副流感病毒	Parainfluenza virus A
型塞內卡病毒	Senecavirus A
型塞内卡病毒	Senecavirus A
型流感病毒系	Influenza virus B lineage
型鈉素激素原	B prohormone N-Terminal
型钠素激素原	B prohormone N-Terminal
埃及裂体吸虫	Schistosoma haematobium
埃及裂體吸蟲	Schistosoma haematobium
埃曼塔尔奶酪	Emmental
埃曼塔拉乳酪	Emmental cheese
埃曼塔爾奶酪	Emmental
埃裡氏毛癬菌	Trichophyton eriotrephon
埃里氏毛癣菌	Trichophyton eriotrephon
基因分型組套	KIR genotyping
基因分型组套	KIR genotyping
基因拷貝數目	TPSAB1 gene copy number
基因拷贝数目	TPSAB1 gene copy number
基因晶片版本	Genechip version
基因突变存在	Gene mutations present
基因突变组套	HTT gene mutation
基因突變存在	Gene mutations present
基因突變組套	HTT gene mutation
基因等位基因	VKORC1 gene allele
基因組來源類	Genomic source class
基因组来源类	Genomic source class
基因芯片版本	Genechip version
基孔肯亚病毒	Chikungunya virus
基孔肯亞病毒	Chikungunya virus
基本血紅蛋白	Hemoglobin A2
基本血红蛋白	Hemoglobin A2
基础代谢组套	Basic metabolic
基础疼痛指数	Foundation pain index
基礎代謝組套	Basic metabolic
基礎疼痛指數	Foundation pain index
基質金屬肽酶	Matrix metallopeptidase 2
基质金属肽酶	Matrix metallopeptidase 2
報告備註小節	Report comment section
報告分發頻率	Report distribution frequency
報告日期範圍	Date range of report
報告模板來源	Report template source
報告行動等級	Report action level
墨西哥醉娇花	Firebush mexican
墨西哥醉嬌花	Firebush mexican
壁內靜脈侵襲	Intramural vein invasion
壁内静脉侵袭	Intramural vein invasion
壁外静脉侵袭	Extramural vein invasion
壁外靜脈侵襲	Extramural vein invasion
壓力均值設置	Pressure min setting
壓力減半時間	Pressure half time
壓力目標控制	pressure targeted control
壓力盲點代碼	Pressure Skotome code
壓力盲點文本	Pressure Skotome text
壓力結果代碼	Pressure result code
壓力結果文本	Pressure result text
壓力裝置類型	Pressure device type
壓力邊界代碼	Pressure border code
壓力邊界文本	Pressure border text
壓差減半時間	Pressure half time
处方兽药标签	Prescription animal drug label
处方配药日期	Date prescription dispensed
备选居住状况	Alternate residence status
复诊健康状况	Return visit conditions
外展服务记录	Outreach note
外展服務記錄	Outreach note
外科手术入路	Surgical approach
外科手术切除	Surgical resection
外科手术医嘱	Surgical operation order
外科手术引流	Surgical drains
外科手术操作	Surgery procedure
外科手术组套	Surgery
外科手术范围	Surgery scope
外科手术记录	Surgical operation note
外科手术部位	Surgery site
外科手术重建	Surgery reconstruction
外科手術入路	Surgical approach
外科手術切除	Surgical resection
外科手術引流	Surgical drains
外科手術操作	Surgery procedure
外科手術範圍	Surgery scope
外科手術組套	Surgery
外科手術記錄	Surgical operation note
外科手術部位	Surgery site
外科手術醫囑	Surgical operation order
外科手術重建	Surgery reconstruction
外科治疗方案	Surgery Rx
外科治療方案	Surgery Rx
外部斜位視圖	View Judet external oblique
外部斜位视图	View Judet external oblique
外顳側區厚度	outer temporal subfield thickness
外颞侧区厚度	outer temporal subfield thickness
外鼻侧区厚度	outer nasal subfield thickness
外鼻側區厚度	outer nasal subfield thickness
多区域型多层	Multisection multiple areas
多區域型多層	Multisection multiple areas
多年生黑麥草	Lolium perenne
多年生黑麦草	Lolium perenne
多氯化联二苯	Polychlorinated biphenyl
多氯化聯二苯	Polychlorinated biphenyl
多氯联苯组套	Polychlorinated biphenyl
多氯聯苯組套	Polychlorinated biphenyl
多溴化联二苯	Polybrominated biphenyl
多溴化聯二苯	Polybrominated biphenyl
多特异性试剂	polyspecific reagent
多特異性試劑	polyspecific reagent
多花棶木花粉	Dogwood pollen
大众传播文档	Public communication document
大众传播模板	Public communication template
大便採集部位	Stool collection site
大便采集部位	Stool collection site
大分子淀粉酶	Macroamylase
大分子澱粉酶	Macroamylase
大卵圆形头部	large oval head
大卵圓形頭部	large oval head
大型伤亡事故	Mass casualty incident
大型傷亡事故	Mass casualty incident
大眾傳播文檔	Public communication document
大眾傳播模板	Public communication template
大脑萎缩指数	Cerebral atrophic index
大腦萎縮指數	Cerebral atrophic index
大芬戈尔德菌	Finegoldia magna
大芬戈爾德菌	Finegoldia magna
大西洋胸棘鯛	Hoplostethus atlanticus
大西洋胸棘鲷	Hoplostethus atlanticus
大西洋鮭魚卵	Salmo salar roe
大西洋鲑鱼卵	Salmo salar roe
大豆蛋白摄入	Soy protein intake
大豆蛋白攝入	Soy protein intake
大馬哈魚魚卵	Oncorhynchus keta roe
大马哈鱼鱼卵	Oncorhynchus keta roe
大麥裸黑粉菌	Ustilago nuda
大麦裸黑粉菌	Ustilago nuda
大麻使用状况	Cannabis use status
大麻使用狀況	Cannabis use status
大鼠上皮細胞	Rat epithelium
大鼠上皮细胞	Rat epithelium
太平洋无须鳕	Merluccius merluccius
太平洋無須鱈	Merluccius merluccius
太平洋褶柔魚	Todarodes pacificus
太平洋褶柔鱼	Todarodes pacificus
失敗嘗試次數	Number of unsuccessful attempts
失败尝试次数	Number of unsuccessful attempts
头孢替安己酯	Cefotiam hexetil
头孢甲氧霉素	cefOXitin
奇异变形杆菌	Proteus mirabilis
奇異變形桿菌	Proteus mirabilis
奥罗普切病毒	Oropouche virus
奧羅普切病毒	Oropouche virus
奶牛上皮細胞	Cow epithelium
奶牛上皮细胞	Cow epithelium
好食丛梗孢菌	Chrysonilia sitophila
好食叢梗孢菌	Chrysonilia sitophila
妊娠危险因素	Pregnancy risk factors
妊娠危險因素	Pregnancy risk factors
妊娠就診摘要	Pregnancy visit summary note
妊娠就诊摘要	Pregnancy visit summary note
妊娠相关病史	Pregnancy related history
妊娠相關病史	Pregnancy related history
妊娠随访地点	Where was the pregnancy followed-up
妊娠隨訪地點	Where was the pregnancy followed-up
妊娠預防意願	Pregnancy prevention intention
妊娠预防意愿	Pregnancy prevention intention
子宫浆膜累及	Uterine serosa involvement
子宫肌层厚度	Myometrial thickness
子宫肌层浸润	Myometrial invasion
子宫附件累及	Adnexal involvement
子宮漿膜累及	Uterine serosa involvement
子宮肌層厚度	Myometrial thickness
子宮肌層浸潤	Myometrial invasion
子宮附件累及	Adnexal involvement
存在的輕瀉劑	Laxatives present
存在的轻泻剂	Laxatives present
存在血型抗原	Blood group antigens present
安全检查清单	Safety checklist
安全檢查清單	Safety checklist
安全評估小節	Assessment of safety section
安全评估小节	Assessment of safety section
完成情况信息	Completion information
完成情況信息	Completion information
宛氏拟青霉菌	Paecilomyces variottii
宛氏擬青黴菌	Paecilomyces variottii
实际大小模式	in LDL real size pattern
审核评判准则	Review criteria
室內裝璜灰塵	Upholstery dust
室内装璜灰尘	Upholstery dust
宫本疏螺旋体	Borrelia miyamotoi
宮本疏螺旋體	Borrelia miyamotoi
家兔上皮細胞	Rabbit epithelium
家兔上皮细胞	Rabbit epithelium
家庭寄养标志	Foster care indicator
家庭寄養標誌	Foster care indicator
家庭情况记录	Family situation note
家庭情況記錄	Family situation note
家庭成员问题	Family member problem
家庭成員問題	Family member problem
家庭电话号码	Home phone number
家庭電話號碼	Home phone number
家族譜標識符	Family pedigree identifier
家族谱标识符	Family pedigree identifier
寄生虫感染的	parasite sp infected
寄生蟲感染的	parasite sp infected
實際大小模式	in LDL real size pattern
寨卡病毒譜系	Zika virus lineage
寨卡病毒谱系	Zika virus lineage
審核評判準則	Review criteria
对乙酰氨基酚	Acetaminophen
对二氨基联苯	Benzidine
对操作的反应	Response to procedure
对氨基水杨酸	Para aminosalicylate
对氨基苯甲酸	Para aminobenzoate
对氨基马尿酸	Para aminohippurate
对甲基马尿酸	Para methylhippurate
对羟基苯丙胺	Para hydroxyamphetamine
对药物的反应	Response to medication
导丝产品名称	Guide wire product name
导引导管尺寸	Guiding catheter size
射線染料結晶	X ray dye crystals
射线染料结晶	X ray dye crystals
對乙醯氨基酚	Acetaminophen
對二氨基聯苯	Benzidine
對操作的反應	Response to procedure
對氨基水楊酸	Para aminosalicylate
對氨基苯甲酸	Para aminobenzoate
對氨基馬尿酸	Para aminohippurate
對甲基馬尿酸	Para methylhippurate
對羥基苯丙胺	Para hydroxyamphetamine
對藥物的反應	Response to medication
導引導管尺寸	Guiding catheter size
導絲產品名稱	Guide wire product name
小卵圆形头部	small oval head
小卵圓形頭部	small oval head
小球隐孢子虫	Cryptosporidium parvum
小球隱孢子蟲	Cryptosporidium parvum
小管上皮細胞	Tubular cells
小管上皮细胞	Tubular cells
小蛛立克次体	Rickettsia akari
小蛛立克次體	Rickettsia akari
小麥禾柄鏽菌	Puccinia graminis triticu
小麥裸黑粉菌	Ustilago tritici
小麦禾柄锈菌	Puccinia graminis triticu
小麦裸黑粉菌	Ustilago tritici
尖淋巴結累及	Apical lymph node involvement
尖淋巴结累及	Apical lymph node involvement
就医信息组套	Encounter information
就医摘要记录	Summary of encounters note
就医记录摘要	Summarization of encounter note
就診持續時間	Visit duration
就診通知記錄	Visit notification note
就诊持续时间	Visit duration
就诊通知记录	Visit notification note
就醫信息組套	Encounter information
就醫摘要記錄	Summary of encounters note
就醫記錄摘要	Summarization of encounter note
尸体解剖报告	Autopsy report
尸体解剖日期	Date of autopsy
尸体解剖状态	Autopsy status
尸体解剖结果	Autopsy result
尿微量白蛋白	Microalbumin
尿流持續時間	Flow time
尿流持续时间	Flow time
尿液分析检查	Urinalysis studies
尿液分析檢查	Urinalysis studies
尿液分析組套	Urinalysis
尿液分析组套	Urinalysis
尿液收集装置	Urine collection device
尿液收集裝置	Urine collection device
尿素呼气试验	Helicobacter pylori urea breath test
尿素呼氣試驗	Helicobacter pylori urea breath test
尿素排泄分数	Fractional excretion of urea
尿素排洩分數	Fractional excretion of urea
尿素降低比率	Urea reduction ratio
尿苷酰转移酶	Uridyl transferase
尿苷醯轉移酶	Uridyl transferase
层粘蛋白抗原	Alpha 2 laminin
居所供暖系統	Living accommodation heating system
居所供暖系统	Living accommodation heating system
屈曲挛缩范围	Flexion contracture range
屈曲攣縮範圍	Flexion contracture range
屍體解剖報告	Autopsy report
屍體解剖日期	Date of autopsy
屍體解剖狀態	Autopsy status
屍體解剖結果	Autopsy result
層粘蛋白抗原	Alpha 2 laminin
山羊上皮細胞	Goat epithelium
山羊上皮细胞	Goat epithelium
山羊疱疹病毒	Caprine herpesvirus 1
山羊皰疹病毒	Caprine herpesvirus 1
峰值吸气流量	Peak inspiratory flow
峰值吸气设置	peak inspiratory setting
峰值吸氣流量	Peak inspiratory flow
峰值吸氣設置	peak inspiratory setting
嵌合抗原受体	Chimeric antigen receptor T-cell therapy
嵌合抗原受體	Chimeric antigen receptor T-cell therapy
州規定的記敘	State defined narrative
州规定的记叙	State defined narrative
工作人员相关	staff-related
工作人員相關	staff-related
工作场所环境	Workplace setting
工作場所環境	Workplace setting
工作情况记录	Work situation note
工作情況記錄	Work situation note
左心室流出道	left ventricular outflow tract
左旋甲状腺素	Levothyroxine
左旋甲狀腺素	Levothyroxine
巯基二甘醇酸	Thiodiglycolate
巯基类化合物	Sulfhydryls
巰基二甘醇酸	Thiodiglycolate
巰基類化合物	Sulfhydryls
已分析的細胞	Cells analyzed
已分析的细胞	Cells analyzed
已发生的呕吐	Emesis occurred
已呼出的气体	Expired gas
已呼出的氣體	Expired gas
已感染寄生虫	parasite sp infected
已感染寄生蟲	parasite sp infected
已改变的性欲	Altered libido
已改變的性慾	Altered libido
已施用的药物	Medication administered
已施用的藥物	Medication administered
已检出的蚊子	Mosquitoes tested
已檢出的蚊子	Mosquitoes tested
已消耗的热量	Calories burned
已消耗的熱量	Calories burned
已發生的嘔吐	Emesis occurred
已知暴露城市	City of known exposure
已知暴露州郡	State of known exposure
已知暴露日期	Known exposure date
已知暴露組套	Known exposure
已知暴露组套	Known exposure
已計數的事件	Events counted
已計數的細胞	Cells counted
已計數的集落	Colonies counted
已記錄的評論	Remarks recorded
已評估的藥物	Medication assessed
已计数的事件	Events counted
已计数的细胞	Cells counted
已计数的集落	Colonies counted
已记录的评论	Remarks recorded
已评估的药物	Medication assessed
已运输的距离	Distance transported
已運輸的距離	Distance transported
已配发的药物	Medication dispensed
已配發的藥物	Medication dispensed
已食用的餐飯	Meal eaten
已食用的餐饭	Meal eaten
巴宾斯基反射	Babinski reflex
巴比妥类药物	Barbiturates
巴比妥類藥物	Barbiturates
巴賓斯基反射	Babinski reflex
巴馬森林病毒	Barmah forest virus
巴马森林病毒	Barmah forest virus
布氏菌素之后	1 mL brucellin ID
布氏菌素之後	1 mL brucellin ID
帕彭圆孢子虫	Cyclospora papionis
帕彭圓孢子蟲	Cyclospora papionis
带绦虫属虫卵	Taenia sp eggs
帶絛蟲屬蟲卵	Taenia sp eggs
干扰素表达型	Interferon gamma-expressing
平均优势频率	mean dominant frequency
平均優勢頻率	mean dominant frequency
平均呼吸速率	Mean respiratory rate
平均荧光强度	DHR mean fluorescence intensity
平均螢光強度	DHR mean fluorescence intensity
平板运动试验	Duke Treadmill Score
平板運動試驗	Duke Treadmill Score
平行测定摘要	Replicate summarization
平行測定摘要	Replicate summarization
年度評價記錄	Annual evaluation note
年度评价记录	Annual evaluation note
幹擾素表達型	Interferon gamma-expressing
幼稚細胞評估	Blasts assessment
幼稚细胞评估	Blasts assessment
幽門螺旋桿菌	Helicobacter pylori H pylori
幽门螺旋杆菌	Helicobacter pylori H pylori
广州管圆线虫	Angiostrongylus cantonensis
床位类别组套	Bed category
床位类型组套	Bed type
床位類別組套	Bed category
床位類型組套	Bed type
序列变异组套	Sequence variation
序列變異組套	Sequence variation
库德毕赤酵母	Pichia kudriavzevii
庚型肝炎病毒	Hepatitis G virus
废水系统状态	Status of waste water systems
座椅系統附件	Seating systems attachment
座椅系统附件	Seating systems attachment
庫德畢赤酵母	Pichia kudriavzevii
康复进展记录	Rehabilitation+progress note
康復進展記錄	Rehabilitation+progress note
康氏立克次体	Rickettsia conorii
康氏立克次體	Rickettsia conorii
廠商固件版本	Vendor firmware version
廠商設備名稱	Vendor device name
廠商設備機型	Vendor device model
廠商軟體版本	Vendor software version
廢水系統狀態	Status of waste water systems
廣州管圓線蟲	Angiostrongylus cantonensis
延迟和或过早	delay &or premature
延迟脐带结扎	Delayed cord clamping
延遲和或過早	delay &or premature
延遲臍帶結紮	Delayed cord clamping
开放间隙牙齿	Open-spaced teeth
异丁基乙酸酯	Isobutyl acetate
异丁酰甘氨酸	Isobutyrylglycine
异七羧基卟啉	Isoheptacarboxylporphyrin
异三羧基卟啉	Isotricarboxylporphyrin
异丙安替比林	Propyphenazone
异五羧基卟啉	Isopentacarboxylporphyrin
异亮氨酸摄入	Isoleucine intake
异六羧基卟啉	Isohexacarboxylporphyrin
异前列腺素类	F2-Isoprostanes
异常单核细胞	Monocytes
异常头部大小	abnormal head size
异常头部形状	abnormal head shape
异戊酰甘氨酸	Isovalerylglycine
弗吉尼亚刺柏	Juniperus virginiana
当前就业状况	Current employment status
当场连续评述	Running commentary
形态不均一性	dysmorphic
形態不均一性	dysmorphic
径向应变速率	Radial strain rate
後牙弓間偏差	Posterior inter-arch deviation
徑向應變速率	Radial strain rate
從椅子上起身	Arising from chair
循环体积设置	Cycle volume setting
循环肿瘤细胞	Circulating tumor cells
循环辅助状态	Circulatory assist status
循環腫瘤細胞	Circulating tumor cells
循環輔助狀態	Circulatory assist status
循環體積設置	Cycle volume setting
微小微单胞菌	Parvimonas micra
微小微單胞菌	Parvimonas micra
微摩尔铍刺激	10 umol beryllium stimulation
微摩爾鈹刺激	10 umol beryllium stimulation
微生物学小节	Microbiology section
微生物学检查	Microbiology studies
微生物学试验	Microbiology CNAMTS
微生物學小節	Microbiology section
微生物學檢查	Microbiology studies
微生物學試驗	Microbiology CNAMTS
微缺失症候群	Microdeletion syndromes
微缺失综合征	Microdeletion syndromes
微量元素組套	Trace elements
微量元素组套	Trace elements
心內消融檢查	Intracardiac ablation study
心内消融检查	Intracardiac ablation study
心力衰竭分期	Heart failure stage
心地班阳病毒	Heartland banyangvirus
心地班陽病毒	Heartland banyangvirus
心壁运动指数	Wall motion index
心壁運動指數	Wall motion index
心室刺激設置	Ventricular stimulation setting
心室刺激设置	Ventricular stimulation setting
心室刺激閾值	Ventricular stimulation threshold
心室刺激阈值	Ventricular stimulation threshold
心室异位心搏	Ventricular ectopics
心室異位心搏	Ventricular ectopics
心搏周期相位	Phase of heart cycle
心收縮期均值	Systole 2
心收縮期最大	Systole 2
心收缩期均值	Systole 2
心收缩期最大	Systole 2
心率测定方法	Heart rate method
心率测定部位	Heart rate measurement site
心率測定方法	Heart rate method
心率測定部位	Heart rate measurement site
心率特殊情况	Heart rate special circumstances
心率特殊情況	Heart rate special circumstances
心率装置组套	Heart rate device
心率裝置組套	Heart rate device
心理状况变化	Change in mental status
心理状况评估	Mental status assessment
心理狀況評估	Mental status assessment
心理狀況變化	Change in mental status
心肌性能指数	Myocardial performance index
心肌性能指數	Myocardial performance index
心肌梗死年齡	Myocardial infarction age
心肌梗死年龄	Myocardial infarction age
心肺复苏记录	Cardiopulmonary resuscitation note
心肺復甦記錄	Cardiopulmonary resuscitation note
心脏停搏原因	Cardiac arrest cause
心脏功能容量	Functional capacity
心脏复律报告	Cardioversion report
心脏收缩时间	Systolic time
心脏疾病风险	Cardiac heart disease risk
心脏病学检查	Cardiology studies
心脏病学监测	Cardiology monitoring
心脏索赔附件	cardiac service attachment
心脏肌钙蛋白	Troponin T
心脏舒张早期	early diastole
心腔內平均值	Intrachamber mean
心腔內收縮期	Intrachamber systolic
心腔內舒張期	Intrachamber diastolic
心腔内平均值	Intrachamber mean
心腔内收缩期	Intrachamber systolic
心腔内舒张期	Intrachamber diastolic
心臟停搏原因	Cardiac arrest cause
心臟功能容量	Functional capacity
心臟復律報告	Cardioversion report
心臟收縮時間	Systolic time
心臟疾病風險	Cardiac heart disease risk
心臟病學檢查	Cardiology studies
心臟病學監測	Cardiology monitoring
心臟索賠附件	cardiac service attachment
心臟肌鈣蛋白	Troponin T
心臟舒張早期	early diastole
快感缺乏記錄	Anhedonia notes
快感缺乏记录	Anhedonia notes
念珠状链杆菌	Streptobacillus moniliformis
念珠狀鏈桿菌	Streptobacillus moniliformis
总ω3脂肪酸	Omega 3 fatty acids w3 Serum Plasma
总ω6脂肪酸	Omega 6 fatty acids w6 Serum Plasma
总体眼睛评价	General eye evaluation
总糖原合成酶	Glycogen synthase I
恢复自主循环	Return of spontaneous circulation
恢復自主循環	Return of spontaneous circulation
恶性肿瘤细胞	Malignant cells
患者体格检查	Patient physical
患者咨询信息	Patient counseling information
患者問題結局	Patient problem outcome
患者安全報告	Patient safety report
患者安全报告	Patient safety report
患者接触处置	Patient contact disposition
患者接觸處置	Patient contact disposition
患者状态指数	Patient state index
患者狀態指數	Patient state index
患者評價處置	Patient evaluation disposition
患者諮詢信息	Patient counseling information
患者评价处置	Patient evaluation disposition
患者运送处置	Patient transport disposition
患者运送请求	Patient transportation request
患者運送處置	Patient transport disposition
患者運送請求	Patient transportation request
患者问题结局	Patient problem outcome
患者體格檢查	Patient physical
惠普尔养障体	Tropheryma whipplei
惠普爾養障體	Tropheryma whipplei
惡性腫瘤細胞	Malignant cells
意大利芝麻菜	Eruca vesicaria subspecies sativa
愛好評估記錄	Hobby assessment note
慢性疼痛評估	Chronic pain assessment
慢性疼痛评估	Chronic pain assessment
戈氏荧光杆菌	Legionella gormanii
戈氏螢光桿菌	Legionella gormanii
戈登分枝杆菌	Mycobacterium gordonae
戈登分枝桿菌	Mycobacterium gordonae
戊型肝炎病毒	Hepatitis E virus HEV
戊硫代巴比妥	Thiopental
戊酰基芬太尼	Valerylfentanyl
戊醯基芬太尼	Valerylfentanyl
我会喜欢滑水	I would enjoy water skiing
我会喜欢跳伞	I would enjoy parachute jumping
我會喜歡滑水	I would enjoy water skiing
我會喜歡跳傘	I would enjoy parachute jumping
所使用的装置	Devices used
所使用的裝置	Devices used
所吸入的氧气	Oxygen inhaled
所吸入的氧氣	Oxygen inhaled
所感兴趣疾病	Disease of interest
所感興趣疾病	Disease of interest
所抽取的标本	Specimen drawn
所抽取的標本	Specimen drawn
所指定的性別	Sex assigned
所指定的性别	Sex assigned
所捐贈的器官	Donated organ
所捐赠的器官	Donated organ
所採用的方案	Protocol used
所採用的版本	Version used
所採集的圖像	Images taken
所提供的指导	Instructions provided
所提供的指導	Instructions provided
所检查的神经	Nerve studied
所检查的肌肉	Muscle studied
所檢查的神經	Nerve studied
所檢查的肌肉	Muscle studied
所消耗的能量	Energy expended
所滥用的物质	Substance abused
所濫用的物質	Substance abused
所獲取的標本	Specimen obtained
所申請的服務	Service requested
所申请的服务	Service requested
所获取的标本	Specimen obtained
所計劃的操作	Planned procedure
所誘發的痙攣	Spasm induced
所論及的風險	REMS addressed risk
所计划的操作	Planned procedure
所论及的风险	REMS addressed risk
所诱发的痉挛	Spasm induced
所輸送的氙氣	Xenon gas delivered
所輸送的氦氣	Helium gas delivered
所輸送的氧氣	Oxygen gas delivered
所輸送的空氣	Air delivered
所输送的氙气	Xenon gas delivered
所输送的氦气	Helium gas delivered
所输送的氧气	Oxygen gas delivered
所输送的空气	Air delivered
所采用的方案	Protocol used
所采用的版本	Version used
所采集的图像	Images taken
手动轮椅附件	Manual wheelchair attachment
手動輪椅附件	Manual wheelchair attachment
手工分类注释	Manual differential comment
手工分類注釋	Manual differential comment
打鼾发作次数	Number of snoring episodes
打鼾持續時長	Duration of snoring
打鼾持续时长	Duration of snoring
打鼾發作次數	Number of snoring episodes
托司哌丁霉素	Trospectinomycin
托斯卡纳病毒	Toscana virus
抑制素二聚体	Inhibin A & B
抑制素二聚體	Inhibin A & B
抑郁严重程度	Depression severity
抑郁症状记录	Depressive symptom notes
抑郁筛查报告	Depression screening report
抑鬱嚴重程度	Depression severity
抑鬱症狀記錄	Depressive symptom notes
抑鬱篩查報告	Depression screening report
抗体区带模式	HTLV I+II Ab band pattern
抗凝乳蛋白酶	Alpha-1-Antichymotrypsin
抗微生物剂类	Antimicrobials
抗微生物劑類	Antimicrobials
抗生素敏感性	Antibiotic XXX
抗體區帶模式	HTLV I+II Ab band pattern
抗高血压药物	Anti-hypertensive drug
抗高血壓藥物	Anti-hypertensive drug
报告分发频率	Report distribution frequency
报告备注小节	Report comment section
报告日期范围	Date range of report
报告模板来源	Report template source
报告行动等级	Report action level
拉克罗斯病毒	La Crosse virus
拉克羅斯病毒	La Crosse virus
拔管紧急情况	Extubation urgency
拔管緊急情況	Extubation urgency
持續時間設置	duration setting
持續氣流設置	Continuous flow setting
持续时间设置	duration setting
持续气流设置	Continuous flow setting
指标持续时间	Measure duration
指标观测结果	Measure observations
指標持續時間	Measure duration
指標觀測結果	Measure observations
挥发性物质类	Volatiles
损伤严重程度	Injury severity
损伤事件描述	Injury incident description
损伤事件摘要	Injury event summary
排出計數組套	Output
排出評估組套	Output assessment
排出计数组套	Output
排出评估组套	Output assessment
採用乳頭標記	W nipple markers
採用內翻應力	W varus stress
採用右側彎曲	W R-bending
採用外翻應力	W valgus stress
採用完全伸展	W full extension
採用室內空氣	on room air
採用左側彎曲	W L-bending
採用手工壓迫	W manual stress
採用清醒鎮靜	W conscious sedation
採用被動背屈	W forced dorsiflexion
採用過度伸展	W hyperextension
採用重力應力	W gravity stress
採集持續時間	Specimen collection
採集監督水平	Collection supervision level
採集結束日期	Collection end date
採集結束時間	Collection end time
採集起始日期	Collection start date
採集起始時間	Collection start time
探診出血指數	Bleeding on probing index
探诊出血指数	Bleeding on probing index
探針名稱組套	FISH probe name
探针名称组套	FISH probe name
接受教育年数	Y of education
接受教育年數	Y of education
控制編號識別	Control number identification
控制编号识别	Control number identification
推荐筛查频率	Recommended screening frequency
推薦篩查頻率	Recommended screening frequency
插管困难原因	Reason for difficult intubation
插管困難原因	Reason for difficult intubation
揮發性物質類	Volatiles
損傷事件描述	Injury incident description
損傷事件摘要	Injury event summary
損傷嚴重程度	Injury severity
摄食持续时间	Feeding duration
摘录者标识符	Abstractor ID
摘要登記報告	Summary registry report
摘要登记报告	Summary registry report
摘錄者標識符	Abstractor ID
操作執行人員	Person performing procedure
操作应激方法	Procedure stress method
操作开始时间	Procedure start time
操作應激方法	Procedure stress method
操作执行人员	Person performing procedure
操作监视参数	Procedure monitoring parameters
操作监视描述	Procedure monitoring description
操作監視參數	Procedure monitoring parameters
操作監視描述	Procedure monitoring description
操作開始時間	Procedure start time
攝食持續時間	Feeding duration
支气管镜检查	Bronchoscopy study
支氣管鏡檢查	Bronchoscopy study
收縮時間比率	Systolic time ratio
收縮期平均值	Systole 2
收縮期最大值	Systole 2
收缩时间比率	Systolic time ratio
收缩期平均值	Systole 2
收缩期最大值	Systole 2
收費記帳代碼	CPT billing code
收费记账代码	CPT billing code
改良兰金量表	Modified rankin scale
改良蘭金量表	Modified rankin scale
放射医学检查	Radiology studies
放射治疗摘要	Radiation therapy summary
放射治疗方案	Radiation Rx
放射治療摘要	Radiation therapy summary
放射治療方案	Radiation Rx
放射醫學檢查	Radiology studies
效能評估小節	Efficacy assessment section
效能评估小节	Efficacy assessment section
救援相关因素	Factors related to rescue
救援相關因素	Factors related to rescue
救援行动终点	Rescue operation end
救援行動終點	Rescue operation end
教学医师姓名	Teaching physician name
教學醫師姓名	Teaching physician name
教育完成状态	Education completion status
教育完成狀態	Education completion status
教育記錄小節	Education note section
教育记录小节	Education note section
数字摄影图像	Photographic image
数据判定准则	Data criteria
數字攝影圖像	Photographic image
數據判定準則	Data criteria
斜位多重視圖	Views oblique + Sunrise
斜位多重视图	Views oblique + Sunrise
斯佩尔特小麦	Triticum spelta
斯佩爾特小麥	Triticum spelta
新型隐球菌病	Cryptococcus neoformans
新型隱球菌病	Cryptococcus neoformans
新生儿并发症	Newborn complication
新生兒併發症	Newborn complication
方案年齡類別	Protocol age category
方案年龄类别	Protocol age category
方案資格狀態	Protocol eligibility status
方案资格状态	Protocol eligibility status
施用开始时间	Time administration started
施用開始時間	Time administration started
旅行开始日期	Date travel started
旅行開始日期	Date travel started
旋毛形線蟲病	Trichinella spiralis
旋毛形线虫病	Trichinella spiralis
无名假丝酵母	Candida famata
无烟烟草状况	Smokeless tobacco status
既往牙科手术	Previous dental surgery
既往牙科手術	Previous dental surgery
既往病史記錄	Past illness note
既往病史记录	Past illness note
既往癌症治疗	Previous cancer therapy
既往癌症治療	Previous cancer therapy
既往胎儿缺陷	Previous fetus defect
既往胎兒缺陷	Previous fetus defect
既往診斷日期	Date of previous diagnosis
既往诊断日期	Date of previous diagnosis
既往邮政编码	Prior postal code
既往郵政編碼	Prior postal code
日常体能状态	Performance status
日常體能狀態	Performance status
日本脑炎病毒	Japanese encephalitis virus
日本腦炎病毒	Japanese encephalitis virus
日本裂体吸虫	Schistosoma japonicum
日本裂體吸蟲	Schistosoma japonicum
日沟维肠杆菌	Enterobacter aerogenes+Enterobacter amnigenus+Enterobacter gergoviae
日溝維腸桿菌	Enterobacter aerogenes+Enterobacter amnigenus+Enterobacter gergoviae
早晨峰值标本	AM peak specimen
早晨峰值標本	AM peak specimen
时间定向组套	Temporal orientation
时间定向评估	Temporal orientation assessment
昆克努发癣菌	Trichophyton quinckeanum
昆克努髮癬菌	Trichophyton quinckeanum
星状病毒亚型	Astrovirus subtypes 1-8
星狀病毒亞型	Astrovirus subtypes 1-8
是否插管困难	Difficult intubation
是否插管困難	Difficult intubation
時間定向組套	Temporal orientation
時間定向評估	Temporal orientation assessment
晚上波谷标本	PM trough specimen
晚上波谷標本	PM trough specimen
晚上零点标本	12 AM specimen
晚上零點標本	12 AM specimen
普氏立克次体	Rickettsia prowazekii
普氏立克次體	Rickettsia prowazekii
普通变形杆菌	Proteus vulgaris
普通變形桿菌	Proteus vulgaris
暴露处置现场	Exposure treatment site
暴露持續時長	Duration of exposure
暴露持续时长	Duration of exposure
暴露處置現場	Exposure treatment site
曼氏裂体吸虫	Schistosoma mansoni
曼氏裂體吸蟲	Schistosoma mansoni
曾經開過汽車	Ever driven a car
曾经开过汽车	Ever driven a car
最后一次饮酒	Last drank alcohol
最后排便日期	Date of last bowel movement
最后联系日期	Date last contact
最后评价日期	Date of last evaluation
最后随访医院	Last follow-up hospital
最大施用次数	Maximum number of administrations
最大施用次數	Maximum number of administrations
最小发音间隙	Closest speaking space
最小發音間隙	Closest speaking space
最後一次飲酒	Last drank alcohol
最後排便日期	Date of last bowel movement
最後聯繫日期	Date last contact
最後評價日期	Date of last evaluation
最後隨訪醫院	Last follow-up hospital
最快呼吸速率	Maximum respiratory rate
最慢呼吸速率	Minimum respiratory rate
最早診斷日期	Earliest date of diagnosis
最早诊断日期	Earliest date of diagnosis
最近筛查结果	Most recent screening result for
最近篩查結果	Most recent screening result for
最高压伤分期	Highest pressure injury stage
最高壓傷分期	Highest pressure injury stage
有丝分裂指数	Mitotic index
有机氯杀虫剂	Organochloride
有机酸类模式	Organic acids pattern
有机酸类组套	Organic acids
有機氯殺蟲劑	Organochloride
有機酸類模式	Organic acids pattern
有機酸類組套	Organic acids
有絲分裂指數	Mitotic index
期外心室收縮	Premature ventricular contractions
期外心室收缩	Premature ventricular contractions
期外心房收縮	Premature atrial contractions
期外心房收缩	Premature atrial contractions
未分餾型成分	unfractionated
未分馏型成分	unfractionated
末次筛查日期	Date last screened
末次篩查日期	Date last screened
本哈姆毛癣菌	Trichophyton benhamiae
本哈姆毛癬菌	Trichophyton benhamiae
本哈米毛癣菌	Trichophyton benhamiae (Afr
本哈米毛癬菌	Trichophyton benhamiae (Afr
本地分配机构	Local assigning authority
本地分配機構	Local assigning authority
机动轮椅附件	Motorized wheelchair attachment
机构库存编号	Institution inventory number
杀鲑气单胞菌	Aeromonas salmonicida
杆菌样巴通体	Bartonella bacilliformis
杜莫夫军团菌	Legionella dumoffii
杜莫夫軍團菌	Legionella dumoffii
来源身体结构	Body structure of origin
杰氏棒状杆菌	Corynebacterium jeikeium
果糖刺激組套	Fructose challenge
果糖刺激组套	Fructose challenge
枯草芽孢杆菌	Bacillus subtilis
枯草芽孢桿菌	Bacillus subtilis
柔黃花牡豆樹	Prosopis juliflora
柔黄花牡豆树	Prosopis juliflora
查菲埃立克体	Ehrlichia chaffeensis
查菲埃立克體	Ehrlichia chaffeensis
柱状上皮细胞	Columnar cells
柱狀上皮細胞	Columnar cells
柱鏡模式中距	Cylinder mode intermediate
柱鏡模式近距	Cylinder mode near
柱鏡模式遠距	Cylinder mode far
柱镜模式中距	Cylinder mode intermediate
柱镜模式近距	Cylinder mode near
柱镜模式远距	Cylinder mode far
柳氮磺胺吡啶	sulfaSALAzine
标准化变应原	Standardized allergenic
标本处理历史	Treatment history of specimen
标本失效日期	Specimen expiration date
标本已发送至	Specimen sent to CDC
标本拒收原因	Reason for specimen rejection
标本来源对象	Specimen source subject
标本采集年龄	Age at specimen collection
标本采集问题	Specimen collection problem
标记结果组套	DNA marker results
栎木木材粉尘	Oak wood dust
样本总体准则	Population criteria
样碳青霉烯酶	OXA-48-like carbapenemase
样酪氨酸激酶	Soluble fms-like tyrosine kinase-1
核仁纖維蛋白	Fibrillarin
核仁纤维蛋白	Fibrillarin
根部触诊位置	Root palpation location
根部觸診位置	Root palpation location
栽培燕麥花粉	Avena sativa cultivated
栽培燕麦花粉	Avena sativa cultivated
案例完成日期	Date case completed
案例查找來源	Casefinding source
案例查找来源	Casefinding source
案例起始日期	Date case initiated
桿菌樣巴通體	Bartonella bacilliformis
检查发现位置	Exam finding location
检查持续时间	Study duration
检查范围标志	Examination extent landmark
检查观察结果	Study observation
检测装置组套	HbA1c measurement device
棕榈烯酰肉碱	Palmitoleylcarnitine (C16:1)
棕櫚烯醯肉鹼	Palmitoleylcarnitine (C16:1)
棱镜基准方向	Prism base direction
棱镜测量增量	Prism measurement increment
植入装置记录	Implanted device note
植入裝置記錄	Implanted device note
椎体滑脱分级	Spondylolisthesis grade
椎體滑脫分級	Spondylolisthesis grade
標本來源對象	Specimen source subject
標本失效日期	Specimen expiration date
標本已發送至	Specimen sent to CDC
標本拒收原因	Reason for specimen rejection
標本採集問題	Specimen collection problem
標本採集年齡	Age at specimen collection
標本處理歷史	Treatment history of specimen
標準化變應原	Standardized allergenic
標記結果組套	DNA marker results
樣本總體準則	Population criteria
樣碳青黴烯酶	OXA-48-like carbapenemase
樣酪氨酸激酶	Soluble fms-like tyrosine kinase-1
機動輪椅附件	Motorized wheelchair attachment
機構庫存編號	Institution inventory number
檢查持續時間	Study duration
檢查發現位置	Exam finding location
檢查範圍標誌	Examination extent landmark
檢查觀察結果	Study observation
檢測裝置組套	HbA1c measurement device
櫟木木材粉塵	Oak wood dust
次侧交叉配型	Minor crossmatch
次側交叉配型	Minor crossmatch
次級氣體設置	secondary gas setting
次级气体设置	secondary gas setting
次要死亡原因	Secondary cause of death
次黃嘌呤核苷	Inosine
次黄嘌呤核苷	Inosine
欧洲板栗花粉	Castanea sativa pollen
欧洲油菜花粉	Brassica napus pollen
欧米伽3指数	Omega-3 EPA+DHA index Eicosapentaenoate Docosahexaenoate Serum Plasma
歐洲板慄花粉	Castanea sativa pollen
歐洲油菜花粉	Brassica napus pollen
歐米伽3指數	Omega-3 EPA+DHA index Eicosapentaenoate Docosahexaenoate Serum Plasma
歷史資料來源	History source
死亡原因标志	Cause of death indicator
死亡原因標誌	Cause of death indicator
死亡原因次序	Cause of death sequence
死亡證明編號	Death certificate number
死亡证明编号	Death certificate number
残存肿瘤分类	Residual tumor classification
残留警告小节	Residue warning section
残疾检查记录	Disability examination note
殘存腫瘤分類	Residual tumor classification
殘留警告小節	Residue warning section
殘疾檢查記錄	Disability examination note
殡仪设施名称	Funeral facility name
殡仪设施地址	Funeral facility address
殯儀設施名稱	Funeral facility name
殯儀設施地址	Funeral facility address
殺鮭氣單胞菌	Aeromonas salmonicida
母乳喂养尝试	Breast milk feeding attempts
母乳喂养状态	Breastfeeding status
母乳摄入体积	Breast milk intake volume
母乳摄入组套	Breast milk intake
母乳攝入組套	Breast milk intake
母乳攝入體積	Breast milk intake volume
母乳餵養嘗試	Breast milk feeding attempts
母乳餵養狀態	Breastfeeding status
母亲危险因素	Maternal risk factors
母体细胞污染	Maternal cell contamination
母体超声检查	Maternal ultrasound
母親危險因素	Maternal risk factors
母體細胞汙染	Maternal cell contamination
母體超聲檢查	Maternal ultrasound
每周烈酒份数	Spirit drinks per W
每周烈酒份數	Spirit drinks per W
每周綠酒杯數	Green wine glasses per W
每周绿酒杯数	Green wine glasses per W
每天飲水份數	Drinks of water per D
每天飲水杯數	Glasses of water per D
每天饮水份数	Drinks of water per D
每天饮水杯数	Glasses of water per D
每月发作次数	Seizures per month
每月發作次數	Seizures per month
毒物控制記錄	Poison control record
毒物控制记录	Poison control record
毒理学家审核	Toxicologist review
毒理學家審核	Toxicologist review
毗邻颗粒链菌	Granulicatella adiacens
毗鄰顆粒鏈菌	Granulicatella adiacens
毛果一枝黃花	Solidago virgaurea
毛果一枝黄花	Solidago virgaurea
毛細血管脆性	Capillary fragility
毛细血管脆性	Capillary fragility
毛肠短螺旋体	Brachyspira pilosicoli
毛腸短螺旋體	Brachyspira pilosicoli
气体与氨组套	Gas & ammonia
气体输送来源	Gas delivery source
气道压力差值	Airway pressure delta
气道抽吸位置	Airway suction location
气道正压组套	Positive airway pressure
氟化物抑制型	fluoride inhibited
氣道壓力差值	Airway pressure delta
氣道抽吸位置	Airway suction location
氣道正壓組套	Positive airway pressure
氣體與氨組套	Gas & ammonia
氣體輸送來源	Gas delivery source
氧化亚氮气流	nitrous oxide flow
氧化亚氮设置	Nitrous oxide setting
氧化亞氮氣流	nitrous oxide flow
氧化亞氮設置	Nitrous oxide setting
氧化佐匹克隆	Zopiclone-N-oxide
氧合血紅蛋白	Oxyhemoglobin
氧合血红蛋白	Oxyhemoglobin
氧哌嗪青霉素	Piperacillin
氧哌嗪青黴素	Piperacillin
氧气吸入机制	Oxygen inhaled mechanism
氧气气流设置	oxygen flow setting
氧氣吸入機制	Oxygen inhaled mechanism
氧氣氣流設置	oxygen flow setting
氨基甲酸酯类	Carbamates
氨基甲酸酯類	Carbamates
氨基葡糖苷酶	N-acetyl-beta-glucosaminidase
氨环已青霉素	Cyclacillin
氨環已青黴素	Cyclacillin
氨甲酰甲胆碱	Bethanechol
氨甲醯甲膽鹼	Bethanechol
氨苯蝶啶結晶	Triamterene crystals
氨苯蝶啶结晶	Triamterene crystals
氮卓脒青霉素	Amdinocillin
氮卓脒青黴素	Amdinocillin
氯化物抑制型	chloride inhibited
氯氨苄青霉素	Cefaclor
氯氨苄青黴素	Cefaclor
氯洁霉素耐药	Bacterial erythromyin+clindamycin resistance ermA+ermC genes
氯潔黴素耐藥	Bacterial erythromyin+clindamycin resistance ermA+ermC genes
氯甲基甲基醚	Chloromethyl methyl ether
水平影像不等	Horizontal aniseikonia
水杨酰水杨酸	Sasapyrine
水楊醯水楊酸	Sasapyrine
汉坦病毒抗体	Hantavirus
汉赛巴尔通体	Bartonella henselae
沙鼠上皮細胞	Gerbil epithelium
沙鼠上皮细胞	Gerbil epithelium
沟通交流目的	Communication purpose
治疗干预偏好	Treatment intervention preferences
治疗持续时间	Treatment duration
治疗指令时长	Therapeutic direction duration
治疗指令顺序	Therapeutic direction sequence
治疗方案注释	YAG Rx comment
治疗目标组套	Therapeutic goals
治疗紧急程度	Treatment urgency
治疗计划作者	Author of treatment plan
治疗遗漏原因	Reason for missed treatment
治療幹預偏好	Treatment intervention preferences
治療持續時間	Treatment duration
治療指令時長	Therapeutic direction duration
治療指令順序	Therapeutic direction sequence
治療方案注釋	YAG Rx comment
治療目標組套	Therapeutic goals
治療緊急程度	Treatment urgency
治療計劃作者	Author of treatment plan
治療遺漏原因	Reason for missed treatment
波形信息組套	Waveform information
波形信息组套	Waveform information
波形数字序列	Waveform digits series
波形數字序列	Waveform digits series
波电轴横平面	T wave axis
波电轴正面图	T wave axis
波逆向最大值	A wave reversal
波電軸橫平面	T wave axis
波電軸正面圖	T wave axis
泪液分泌注释	Tear secretion comment
泪滴状红细胞	Dacryocytes
洋車前子攝入	Psyllium intake
洋车前子摄入	Psyllium intake
活化凝血时间	Activated clotting time
活化凝血時間	Activated clotting time
活性成分強度	Active ingredient strength
活性成分强度	Active ingredient strength
派氏立克次体	Rickettsia parkeri
派氏立克次體	Rickettsia parkeri
流感病毒丁型	Influenza virus D PB2
流感病毒丙型	Influenza virus C
流感病毒乙型	Influenza virus B
流量触发设置	Flow trigger setting
流量觸發設置	Flow trigger setting
浆膜表面累及	Serosal surface involvement
测试设施名称	Testing facility name
海洋分枝杆菌	Mycobacterium marinum
海洋分枝桿菌	Mycobacterium marinum
液体排出途径	Fluid output route
液体摄入组套	Fluid intake
液体摄入途径	Fluid intake route
液体管理记录	Fluid management note
液流传播速度	Flow propagation velocity
液流傳播速度	Flow propagation velocity
液體排出途徑	Fluid output route
液體攝入組套	Fluid intake
液體攝入途徑	Fluid intake route
液體管理記錄	Fluid management note
淀粉酶同工酶	Amylase isoenzymes
淋巴瘤标志物	Lymphoma markers
淋巴瘤標誌物	Lymphoma markers
淋巴細胞亞群	Lymphocyte subset
淋巴細胞增殖	Lymphocyte proliferation
淋巴細胞評估	Lymphocytes assessment
淋巴细胞亚群	Lymphocyte subset
淋巴细胞增殖	Lymphocyte proliferation
淋巴细胞评估	Lymphocytes assessment
淚液分泌注釋	Tear secretion comment
淚滴狀紅細胞	Dacryocytes
混合检查组套	aPTT mixing study
混合檢查組套	aPTT mixing study
混合細胞管型	Mixed cellular casts
混合细胞管型	Mixed cellular casts
渗透脆性组套	Osmotic fragility
温度控制方式	Temperature control mode
測試設施名稱	Testing facility name
游离卡马西平	carBAMazepine 10,11-Epoxide
游离型肉毒碱	free (C0)
游离甲状腺素	Free thyroxine FT4
游離卡馬西平	carBAMazepine 10,11-Epoxide
游離型肉毒鹼	free (C0)
游離甲狀腺素	Free thyroxine FT4
湿式包埋组套	Wet mount
溃疡分枝杆菌	Mycobacterium ulcerans
溃疡棒状杆菌	Corynebacterium ulcerans
溝通交流目的	Communication purpose
溫度控制方式	Temperature control mode
溴麥角多環肽	Bromocriptine
溴麦角多环肽	Bromocriptine
溶血嗜血杆菌	Haemophilus haemolyticus
溶血嗜血桿菌	Haemophilus haemolyticus
溶血性鏈球菌	beta-hemolytic
溶血性链球菌	beta-hemolytic
溶酶体贮积症	Lysosomal storage disorders
溶酶體貯積症	Lysosomal storage disorders
溼式包埋組套	Wet mount
滑液分析組套	Synovial fluid analysis
滑液分析组套	Synovial fluid analysis
滑液引流部位	Synovial drain site
滤器更换原因	Reason for filter change
滥用药物组套	Drugs of abuse
滲透脆性組套	Osmotic fragility
漢坦病毒抗體	Hantavirus
漢賽巴爾通體	Bartonella henselae
漿膜表面累及	Serosal surface involvement
潛行鐘點位置	Undermining clock position
潜行钟点位置	Undermining clock position
潰瘍分枝桿菌	Mycobacterium ulcerans
潰瘍棒狀桿菌	Corynebacterium ulcerans
澱粉酶同工酶	Amylase isoenzymes
激光治疗方案	YAG Rx
激素治疗方案	Hormone Rx
激素治療方案	Hormone Rx
激肽释放酶原	Prekallikrein
激肽釋放酶原	Prekallikrein
濫用藥物組套	Drugs of abuse
濾器更換原因	Reason for filter change
灌肠装置部位	Enema device site
灌腸裝置部位	Enema device site
炎症細胞浸潤	Inflammatory cell infiltrate
炎症细胞浸润	Inflammatory cell infiltrate
炭疽芽孢杆菌	Bacillus anthracis
炭疽芽孢桿菌	Bacillus anthracis
烟草使用状况	Tobacco use status
烟草使用组套	Tobacco use
烟草使用记录	Tobacco use note
烟草吸食状况	Tobacco smoking status
烟草吸食频率	Tobacco use frequency
烦躁不安记录	Dysphoria notes
热带假丝酵母	Candida tropicalis
热量摄入组套	Calorie intake
無名假絲酵母	Candida famata
無煙菸草狀況	Smokeless tobacco status
焦慮嚴重程度	Anxiety severity
焦慮篩查報告	Anxiety screening report
焦点主体对象	focal subject
焦磷酸盐结晶	Pyrophosphate crystals
焦磷酸鹽結晶	Pyrophosphate crystals
焦虑严重程度	Anxiety severity
焦虑筛查报告	Anxiety screening report
焦點主體對象	focal subject
照护服务团队	Care team
照护服务移交	Transfer of care
照護服務團隊	Care team
照護服務移交	Transfer of care
煩躁不安記錄	Dysphoria notes
熱帶假絲酵母	Candida tropicalis
熱量攝入組套	Calorie intake
燕麥散黑穗病	Ustilago avenae
燕麦散黑穗病	Ustilago avenae
營養攝入組套	nutritional intake
營養狀況受損	Impaired nutritional status
營養狀況病因	Nutrition status etiology
營養評估組套	Nutrition assessment
營養配方構成	nutritional formula composition
營養配方濃度	nutritional formula
營養配方體積	nutritional formula volume
營養風險指數	Nutritional risk index
營養風險篩查	Nutritional Risk Screening 2002
爱好评估记录	Hobby assessment note
牙列缺损分类	Partial edentulism classification
牙列缺損分類	Partial edentulism classification
牙周病学评价	Periodontal evaluation
牙周病學評價	Periodontal evaluation
牙槽嵴病理学	Alveolar ridge pathology
牙槽嵴病理學	Alveolar ridge pathology
牙科探診反應	Dental probing response
牙科探诊反应	Dental probing response
牙科病史貢獻	Dental history contribution
牙科病史贡献	Dental history contribution
牙齒大小差異	Tooth size discrepancy
牙齒正畸治療	Orthodontic treatment
牙齒發育評價	Tooth development evaluation
牙齿发育评价	Tooth development evaluation
牙齿大小差异	Tooth size discrepancy
牙齿正畸治疗	Orthodontic treatment
牛副流感病毒	Bovine parainfluenza virus 3
牛型分枝杆菌	Mycobacterium bovis
牛型分枝桿菌	Mycobacterium bovis
牛白血病病毒	Bovine leukemia virus
牛磺去氧胆酸	Taurodeoxycholate
牛磺去氧膽酸	Taurodeoxycholate
牛种布鲁氏菌	Brucella abortus
牛種布魯氏菌	Brucella abortus
牛血清白蛋白	Bovine serum albumin
物理疗法目标	Physical therapy goal
物理療法目標	Physical therapy goal
特性声明小节	Statement of identity section
特性聲明小節	Statement of identity section
特殊有效阻力	Specific effective resistance
特殊用途小節	Special use section
特殊用途小节	Special use section
犬副流感病毒	Canine parainfluenza virus 2
犬种布鲁氏菌	Brucella canis
犬種布魯氏菌	Brucella canis
状况起始速度	Speed of condition onset
狀況起始速度	Speed of condition onset
狂犬病病毒株	Rabies virus strain
狐狸上皮細胞	Fox epithelium
狐狸上皮细胞	Fox epithelium
狗牙根黑粉菌	Ustilago cynodontis
狗血清白蛋白	Dog serum albumin
狷羚疱疹病毒	Alcelaphine herpesvirus 1
狷羚皰疹病毒	Alcelaphine herpesvirus 1
狼疮抗凝物质	Lupus anticoagulant aPTT screening
狼瘡抗凝物質	Lupus anticoagulant aPTT screening
猪与低分子量	porcine & low molecular weight
猪副流感病毒	Porcine parainfluenza virus 1 HN
猪尿液蛋白质	Swine urine proteins
猪巨细胞病毒	Porcine cytomegalovirus
猪带绦虫成虫	Taenia solium adult
猪水疱病病毒	Swine vesicular disease virus
猪滑液支原体	Mycoplasma hyosynoviae 16S
猪种布鲁氏菌	Brucella suis
猪肺炎支原体	Mycoplasma hyopneumoniae
猪萨佩罗病毒	Porcine sapelovirus
猪血清蛋白质	Swine serum albumin
猫白血病病毒	Feline leukemia virus
猫血巴尔通体	Haemobartonella felis
猫血清白蛋白	Cat serum albumin
猴痘病毒譜系	Monkeypox virus lineage
猴痘病毒谱系	Monkeypox virus lineage
獲取蜱的日期	Date tick acquired
玉米赤霉烯酮	Zearalenone
玉米赤霉烯醇	Zearalenol
玉米赤黴烯酮	Zearalenone
玉米赤黴烯醇	Zearalenol
玉米黑粉病菌	Ustilago maydis
环丙基芬太尼	Cyclopropylfentanyl
环向应变速率	Circumferential strain rate
环境警告小节	Environmental warning section
环已烯巴比妥	Hexobarbital
环庚基甘氨酸	Suberylglycine
环形泰勒虫病	Theileria annulata
现行药物清单	Active medication list
班氏吳策線蟲	Wuchereria bancrofti
班氏吴策线虫	Wuchereria bancrofti
現行藥物清單	Active medication list
球鏡測量增量	Sphere measurement increment
球镜测量增量	Sphere measurement increment
理論檢測極限	Theoretical limit of detection
理论检测极限	Theoretical limit of detection
琥珀酸脫氫酶	Succinate dehydrogenase
琥珀酸脱氢酶	Succinate dehydrogenase
環丙基芬太尼	Cyclopropylfentanyl
環向應變速率	Circumferential strain rate
環境警告小節	Environmental warning section
環已烯巴比妥	Hexobarbital
環庚基甘氨酸	Suberylglycine
環形泰勒蟲病	Theileria annulata
甘氨去氧胆酸	Glycodeoxycholate
甘氨去氧膽酸	Glycodeoxycholate
甘氨酰脯氨酸	Glycylproline
甘氨醯脯氨酸	Glycylproline
甘油磷酸胆碱	Glycerophosphocholine
甘油磷酸膽鹼	Glycerophosphocholine
生命体征记录	Vital signs note
生命体征评估	Vital signs assessment
生命體徵記錄	Vital signs note
生命體徵評估	Vital signs assessment
生殖器支原体	Mycoplasma
生殖器支原體	Mycoplasma
生物物理概况	Biophysical profile
生物物理概況	Biophysical profile
生物素化物酶	Biotinidase
生物素酶組套	Biotinidase
生物素酶组套	Biotinidase
生長分化因子	Growth and differentiation factor 15
生长分化因子	Growth and differentiation factor 15
產前照護地點	Prenatal care location
產前篩查報告	Prenatal screening report
產前試驗項目	Prenatal tests
產後住院治療	Postpartum hospitalization treatment
產氣克雷伯菌	Klebsiella aerogenes
產科學醫囑組	Obstetric 1996
產科超聲組套	OB ultrasound
產酸克雷伯菌	Klebsiella oxytoca
用于药物计算	used for drug calculation
用力呼气时间	Forced expiratory time
用力呼氣時間	Forced expiratory time
用於藥物計算	used for drug calculation
用药过量小节	Overdosage section
用藥過量小節	Overdosage section
甲丙烯基甲戊	Methohexital
甲型流感病毒	Influenza A virus
甲型肝炎抗体	Hepatitis A virus antibody HAV Ab
甲型肝炎病毒	Hepatitis A virus HAV
甲基丁基甲酮	Methyl butyl ketone
甲基丁酰肉碱	Isovalerylcarnitine+Methylbutyrylcarnitine (C5)
甲基丁醯肉鹼	Isovalerylcarnitine+Methylbutyrylcarnitine (C5)
甲基丙基甲酮	Methyl propyl ketone
甲基乙基甲酮	Methyl ethyl ketone
甲基乙基硫醚	1,1'-Sulfonylbis-2-Methylthioethane
甲基二乙醇胺	N-methyldiethanolamine
甲基四氢苯酐	Methyltetrahydrophthalic anhydride
甲基四氫苯酐	Methyltetrahydrophthalic anhydride
甲基屈他雄酮	Methasterone
甲基巴豆酰基	3-Methylcrotonyl-CoA carboxylase deficiency
甲基巴豆酸盐	3-Methyl crotonate
甲基巴豆酸酯	3-Methyl crotonate
甲基巴豆酸鹽	3-Methyl crotonate
甲基巴豆醯基	3-Methylcrotonyl-CoA carboxylase deficiency
甲基异氰酸酯	Methyl isocyanate
甲基戊基甲酮	Methyl amyl ketone
甲基異氰酸酯	Methyl isocyanate
甲基雄烯二酮	6 alpha-Methylandrostenedione
甲基雄烯二醇	Methylandrostenediol
甲基麥角新鹼	Methylergonovine
甲基麦角新碱	Methylergonovine
甲氧基苯甲酸	3-Hydroxy,4-Methoxybenzoate
甲氧补骨脂素	Methoxsalen 0
甲氧補骨脂素	Methoxsalen 0
甲状旁腺激素	Parathyroid hormone PTH
甲状腺球蛋白	Thyroglobulin Tg
甲狀旁腺激素	Parathyroid hormone PTH
甲狀腺球蛋白	Thyroglobulin Tg
甲瓦龍酸內酯	Mevalonolactone
甲瓦龙酸内酯	Mevalonolactone
申克孢子丝菌	Sporothrix schenckii
申克孢子絲菌	Sporothrix schenckii
电力获取条件	Access to electricity
电子通信信息	Electronic communication information
电子通讯模式	Telecommunication mode
电子通讯类型	Telecommunication type
电子通讯组套	Telecommunication
电子邮件地址	Email address
电解质医嘱组	Electrolytes 1998
異丁基乙酸酯	Isobutyl acetate
異丁醯甘氨酸	Isobutyrylglycine
異七羧基卟啉	Isoheptacarboxylporphyrin
異三羧基卟啉	Isotricarboxylporphyrin
異丙安替比林	Propyphenazone
異五羧基卟啉	Isopentacarboxylporphyrin
異亮氨酸攝入	Isoleucine intake
異六羧基卟啉	Isohexacarboxylporphyrin
異前列腺素類	F2-Isoprostanes
異常單核細胞	Monocytes
異常頭部大小	abnormal head size
異常頭部形狀	abnormal head shape
異戊醯甘氨酸	Isovalerylglycine
當前就業狀況	Current employment status
當場連續評述	Running commentary
畸形精子指数	Teratozoospermia index
畸形精子指數	Teratozoospermia index
疟原虫感染型	Plasmodium sp infected
疫苗到期日期	Date vaccine due
疫苗成分类型	Vaccine component type
疫苗成分類型	Vaccine component type
疫苗接种反应	Immunization reaction
疫苗接种数据	Immunization data
疫苗接种状态	Immunization status
疫苗接种系列	Immunization series
疫苗接种组套	CDC Immunization
疫苗接种记录	Immunization note
疫苗接種反應	Immunization reaction
疫苗接種數據	Immunization data
疫苗接種狀態	Immunization status
疫苗接種系列	Immunization series
疫苗接種組套	CDC Immunization
疫苗接種記錄	Immunization note
疫苗施用县郡	Vaccine administration county
疫苗施用场所	Vaccine administration location
疫苗施用場所	Vaccine administration location
疫苗施用州省	Vaccine administration state
疫苗施用縣郡	Vaccine administration county
疫苗豁免證書	Vaccine exemption certificate
疫苗豁免证书	Vaccine exemption certificate
疼痛严重程度	Pain severity
疼痛加重因素	Pain exacerbating factors
疼痛原发位置	Pain primary location
疼痛原發位置	Pain primary location
疼痛发作速度	Speed of pain onset
疼痛嚴重程度	Pain severity
疼痛持續時間	Pain duration
疼痛持续时间	Pain duration
疼痛时间模式	Pain temporal pattern
疼痛時間模式	Pain temporal pattern
疼痛發作速度	Speed of pain onset
疼痛緩解因素	Pain alleviating factors
疼痛緩解藥物	Pain-relieving medication
疼痛缓解因素	Pain alleviating factors
疼痛缓解药物	Pain-relieving medication
疼痛評估報告	Pain assessment report
疼痛評估組套	Pain assessment
疼痛評分解釋	Pain score interpretation
疼痛评估报告	Pain assessment report
疼痛评估组套	Pain assessment
疼痛评分解释	Pain score interpretation
疼痛起始事件	Pain initiating event
疾病传播方式	Disease transmission mode
疾病傳播方式	Disease transmission mode
疾病分期記錄	Disease staging note
疾病分期记录	Disease staging note
疾病持續時間	Illness duration
疾病持续时间	Illness duration
疾病暴露县郡	County of exposure to illness
疾病暴露国家	Country of exposure to illness
疾病暴露國家	Country of exposure to illness
疾病暴露城市	City of exposure to illness
疾病暴露环境	Setting of exposure to illness
疾病暴露環境	Setting of exposure to illness
疾病暴露縣郡	County of exposure to illness
病例确诊日期	Date of case confirmation
病例確診日期	Date of case confirmation
病变处理顺序	Lesion treatment sequence
病变结束坐标	Lesion end coordinates
病变起始坐标	Lesion start coordinates
病史筛查表单	Medical history screening form
病史篩查表單	Medical history screening form
病情减轻日期	Date of condition abatement
病情发生频率	Condition frequency
病情持續時長	Condition duration
病情持续时长	Condition duration
病情減輕日期	Date of condition abatement
病情發生頻率	Condition frequency
病毒性包涵体	Viral inclusion bodies
病毒性包涵體	Viral inclusion bodies
病毒早期抗体	Epstein Barr virus early
病毒早期抗體	Epstein Barr virus early
病毒衣壳抗体	Epstein Barr virus capsid
病毒衣殼抗體	Epstein Barr virus capsid
病理学家姓名	Pathologist name
病理学家审核	Pathologist review
病理学家报告	Pathologist report
病理学家解释	Pathologist interpretation
病理學家報告	Pathologist report
病理學家姓名	Pathologist name
病理學家審核	Pathologist review
病理學家解釋	Pathologist interpretation
病理診斷年齡	Age at pathology Dx
病理诊断年龄	Age at pathology Dx
病程摘要記錄	Summary of episode note
病程摘要记录	Summary of episode note
病變結束坐標	Lesion end coordinates
病變處理順序	Lesion treatment sequence
病變起始坐標	Lesion start coordinates
症状困扰程度	Symptom distress level
症状持续时间	Symptom duration
症状缓解状态	Symptom resolution status
症状起始年龄	Age of onset of symptoms
症狀困擾程度	Symptom distress level
症狀持續時間	Symptom duration
症狀緩解狀態	Symptom resolution status
症狀起始年齡	Age of onset of symptoms
痤疮丙酸杆菌	Cutibacterium acnes
痤瘡丙酸桿菌	Cutibacterium acnes
痴呆評估組套	Dementia evaluation
痴呆评估组套	Dementia evaluation
瘙痒严重程度	Itch severity
瘙癢嚴重程度	Itch severity
瘧原蟲感染型	Plasmodium sp infected
癌症事件報告	Cancer event report
癌症事件报告	Cancer event report
癌症检测依据	Cancer detection basis
癌症檢測依據	Cancer detection basis
癌症相关基因	Cancer-associated
癌症相关血清	Cancer associated serum
癌症相關基因	Cancer-associated
癌症相關血清	Cancer associated serum
癌症结局状态	Cancer outcome status
癌症診斷年齡	Age at cancer Dx
癌症诊断年龄	Age at cancer Dx
癌症鉴定小节	Cancer identification section
癌症鑑定小節	Cancer identification section
癌癥結局狀態	Cancer outcome status
癸二烯酰肉碱	Decadienoylcarnitine (C10:2)
癸二烯醯肉鹼	Decadienoylcarnitine (C10:2)
發作性睡眠症	HLA typing for narcolepsy
發熱持續時間	Fever duration
發熱起始日期	Date of fever onset
白喉棒状杆菌	Corynebacterium diphtheriae
白喉棒狀桿菌	Corynebacterium diphtheriae
白細胞聚集體	Leukocyte aggregates
白细胞聚集体	Leukocyte aggregates
白色假丝酵母	Candida albicans
白色假絲酵母	Candida albicans
白蛋白結合型	albumin bound
白蛋白结合型	albumin bound
白鼬上皮細胞	Ferret epithelium
白鼬上皮细胞	Ferret epithelium
皮层隐子座菌	Cryptostroma corticale
皮層隱子座菌	Cryptostroma corticale
皮疹持續時間	Rash duration
皮疹持续时间	Rash duration
皮疹起始日期	Date of rash onset
皮肤温度设置	Skin temperature setting
皮肤褶襞厚度	Skin fold thickness
皮肤评估组套	Skin assessment
皮肤试验日期	Date of skin test
皮膚溫度設置	Skin temperature setting
皮膚褶襞厚度	Skin fold thickness
皮膚評估組套	Skin assessment
皮膚試驗日期	Date of skin test
益处解释附件	Explanation of benefits attachment
益處解釋附件	Explanation of benefits attachment
盐酸环丙沙星	Ciprofloxacin
监视团队报告	Watch team report
监视记录详情	Watch record details
監視團隊報告	Watch team report
監視記錄詳情	Watch record details
直杆糖多孢菌	Saccharopolyspora rectivirgula
相对湿度设置	Relative humidity setting
相對溼度設置	Relative humidity setting
真菌抗体组套	Fungal
真菌抗體組套	Fungal
真菌菌落計數	Fungus colony
真菌菌落计数	Fungus colony
眼压测量时间	Tonometry time
眼压测量检查	Tonometry study
眼压测量注释	Tonometry comment
眼压测量组套	Tonometry
眼壓測量時間	Tonometry time
眼壓測量檢查	Tonometry study
眼壓測量注釋	Tonometry comment
眼壓測量組套	Tonometry
眼底色素减退	Fundus hypopigmentation
眼底色素減退	Fundus hypopigmentation
眼球震顫幅度	Nystagmus amplitude
眼球震顫方向	Nystagmus direction
眼球震顫檢查	Nystagmus examination
眼球震顫頻率	Nystagmus frequency
眼球震颤幅度	Nystagmus amplitude
眼球震颤方向	Nystagmus direction
眼球震颤检查	Nystagmus examination
眼球震颤频率	Nystagmus frequency
眼部超声检查	Eye ultrasound study
眼部超聲檢查	Eye ultrasound study
眼鏡測量結果	Eye glasses measurements
眼镜测量结果	Eye glasses measurements
眼震电图检查	Nystagmogram study
眼震電圖檢查	Nystagmogram study
睑裂开口宽度	Width palpebral fissure opening
睑裂开口高度	Opening height
睡眠嗜血杆菌	Haemophilus somnus
睡眠嗜血桿菌	Haemophilus somnus
睡眠持續時間	Sleep duration
睡眠持续时间	Sleep duration
睡眠障碍标记	Sleep disturbances indicator
睡眠障礙標記	Sleep disturbances indicator
睡眠需求减少	Reduced need for sleep
睡眠需求減少	Reduced need for sleep
瞳孔肌肉运动	Pupil motoric
瞳孔肌肉運動	Pupil motoric
瞳孔評估組套	Pupil assessment
瞳孔评估组套	Pupil assessment
瞼裂開口寬度	Width palpebral fissure opening
瞼裂開口高度	Opening height
矫正情况文本	Correction text
矯正情況文本	Correction text
破伤风类毒素	tetanus toxoid
破傷風類毒素	tetanus toxoid
砷类成分组套	Arsenic fractions
砷類成分組套	Arsenic fractions
硝基呋喃妥英	Nitrofurantoin
硫胺素焦磷酸	Thiamine pyrophosphate
硫酸卷曲霉素	Capreomycin
硫酸孕烯醇酮	Pregnenolone sulfate
硫酸捲曲黴素	Capreomycin
碳氧血紅蛋白	Carboxyhemoglobin
碳氧血红蛋白	Carboxyhemoglobin
碳酸化磷酸鈣	Carbonated calcium phosphate
碳酸化磷酸钙	Carbonated calcium phosphate
碳酸氢盐目标	Bicarbonate goal
碳酸氫鹽目標	Bicarbonate goal
磷脂酰丝氨酸	Phosphatidylserine
磷脂酰乙醇胺	Phosphatidylethanolamine
磷脂酰胆碱磷	Lecithin phosphorus
磷脂醯乙醇胺	Phosphatidylethanolamine
磷脂醯絲氨酸	Phosphatidylserine
磷脂醯膽鹼磷	Lecithin phosphorus
磷酸二鎂晶體	Dimagnesium phosphate crystals
磷酸二镁晶体	Dimagnesium phosphate crystals
磷酸化酶激酶	Phosphorylase kinase
磷酸果糖激酶	Phosphofructokinase
磷酸氢钙结晶	Calcium hydrogen phosphate crystals
磷酸氫鈣結晶	Calcium hydrogen phosphate crystals
磺胺二甲嘧啶	Sulfamethazine
磺酰半胱氨酸	Sulfocysteine
磺醯半胱氨酸	Sulfocysteine
社交網絡記錄	Social network note
社交网络记录	Social network note
社会安全号码	Social Security number
社会经济地位	Socioeconomic status
社會安全號碼	Social Security number
社會經濟地位	Socioeconomic status
神經傳導檢查	Nerve conduction study
神經元特異性	neuron specific
神經周圍侵襲	Perineural invasion
神經病學檢查	Neurology study
神經病學評估	Neurological assessment
神經系統引流	neurological drain
神經肉孢子蟲	Sarcocystis neurona
神經膠質纖維	Glial fibers
神經評估組套	Neurological assessment
神經軟骨蛋白	Neurochondrin
神經醯胺組套	Ceramide
神经传导检查	Nerve conduction study
神经元特异性	neuron specific
神经周围侵袭	Perineural invasion
神经病学检查	Neurology study
神经病学评估	Neurological assessment
神经系统引流	neurological drain
神经肉孢子虫	Sarcocystis neurona
神经胶质纤维	Glial fibers
神经评估组套	Neurological assessment
神经软骨蛋白	Neurochondrin
神经酰胺组套	Ceramide
禁忌疫苗类型	Contraindicated vaccine type
禁忌疫苗類型	Contraindicated vaccine type
禁慾持續時間	Sexual abstinence duration
禁欲持续时间	Sexual abstinence duration
禁食持續時間	Fasting duration
禁食持续时间	Fasting duration
离开通知记录	Departure notification note
离肛缘的距离	Distance from anal verge
禽呼肠孤病毒	Avian reovirus
禽呼腸孤病毒	Avian reovirus
禽腺病毒抗体	Fowl adenovirus 1
禽腺病毒抗體	Fowl adenovirus 1
禽蛋全面抗体	Egg Comprehensive
禽蛋全面抗體	Egg Comprehensive
私密药物清单	Private medication list
私密藥物清單	Private medication list
称重装置组套	Weighing device
移交摘要記錄	Transfer summary note
移交摘要记录	Transfer summary note
移动电话号码	Cell phone number
移植危险因素	Transplant risk factors
移植危險因素	Transplant risk factors
移植失敗原因	Cause of graft failure
移植失败原因	Cause of graft failure
移植治疗方案	Transplant Rx
移植治療方案	Transplant Rx
稜鏡基準方向	Prism base direction
稜鏡測量增量	Prism measurement increment
稱重裝置組套	Weighing device
穀氨酸脫氫酶	Glutamate dehydrogenase
穀氨酸脫羧酶	Glutamate decarboxylase 65
穀氨醯胺攝入	Glutamine intake
穀氨醯轉移酶	Gamma glutamyl transferase
穀氨醯轉肽酶	Gamma glutamyl transferase GGT
穀胱甘肽合酶	Glutathione synthase
空气气流设置	air flow setting
空氣氣流設置	air flow setting
穿孔至腹膜腔	Perforation into peritoneal cavity
突发抑制比率	Burst suppression ratio
突發抑制比率	Burst suppression ratio
窦道钟点位置	Tunneling clock position
竇道鐘點位置	Tunneling clock position
立体打印模型	3D printed model
立氏埃立克体	Ehrlichia risticii
立氏埃立克體	Ehrlichia risticii
立氏立克次体	Rickettsia rickettsii
立氏立克次體	Rickettsia rickettsii
立體列印模型	3D printed model
第一面部标志	First facial landmark
第一面部標誌	First facial landmark
第一骨性标志	First bone reference
第一骨性標誌	First bone reference
第三人称幻听	Third person auditory hallucinations
第三人稱幻聽	Third person auditory hallucinations
第三疗程治疗	3rd course treatment
第三療程治療	3rd course treatment
第二对角动脉	Diagonal artery 2
第二對角動脈	Diagonal artery 2
第二疗程治疗	2nd course treatment
第二療程治療	2nd course treatment
第二面部标志	Second facial landmark
第二面部標誌	Second facial landmark
第二骨性标志	Second bone reference
第二骨性標誌	Second bone reference
第四疗程治疗	4th course treatment
第四療程治療	4th course treatment
等位基因名称	Allele name
等位基因名稱	Allele name
等位基因頻率	Allelic frequency
等位基因频率	Allelic frequency
等容弛緩時間	Isovolumic relaxation time
等容弛缓时间	Isovolumic relaxation time
等容收縮時間	Isovolumic contraction time
等容收缩时间	Isovolumic contraction time
筒状非洲楝木	Entandrophragma cylindricum
筒狀非洲楝木	Entandrophragma cylindricum
筛查持续时间	Screening duration
筛查类型标志	Screen type indicator
简版血压组套	Short blood pressure
管制物質協議	Controlled substance agreement
管制物质协议	Controlled substance agreement
節段性壁外觀	Segmental wall appearance
節段性壁運動	Segmental wall motion
篩查持續時間	Screening duration
篩查類型標誌	Screen type indicator
簡版血壓組套	Short blood pressure
粗糙脑病记录	Coarse brain disorder notes
粗糙腦病記錄	Coarse brain disorder notes
粘菌素耐药性	colistin resistant
粘菌素耐藥性	colistin resistant
粘質沙雷氏菌	Serratia marcescens
粘质沙雷氏菌	Serratia marcescens
粪便化学报告	Stool chemistry report
粪便水解组套	Fecal hydrolysis
粪类圆线虫病	Strongyloides stercoralis
精子凝集水平	Sperm agglutination level
精子头粒蛋白	Acrosin
精子尾部尖端	Sperm tail tip
精子附着部位	Sperm attachment site
精子附著部位	Sperm attachment site
精子頭粒蛋白	Acrosin
精氨基琥珀酸	Argininosuccinate
精氨酸支原体	Mycoplasma arginini
精氨酸支原體	Mycoplasma arginini
精液分析組套	Semen analysis
精液分析组套	Semen analysis
精神压力水平	Stress level
精神壓力水平	Stress level
精神病学发现	Psychiatric findings
精神病学检查	Psychiatry study
精神病學檢查	Psychiatry study
精神病學發現	Psychiatric findings
糖化血紅蛋白	Hemoglobin A1c HbA1c
糖化血红蛋白	Hemoglobin A1c HbA1c
糞便化學報告	Stool chemistry report
糞便水解組套	Fecal hydrolysis
糞類圓線蟲病	Strongyloides stercoralis
糠秕馬拉色菌	Malassezia furfur
糠秕马拉色菌	Malassezia furfur
系带累及部位	Frenum involvement site
系帶累及部位	Frenum involvement site
系統評審概述	Review of systems overview
系统评审概述	Review of systems overview
紅光反射試驗	Red reflex test
紅斑狼瘡因子	Lupus erythematosus factor
紅斑狼瘡細胞	Lupus erythematosus cells
紅細胞包涵體	Erythrocyte inclusion bodies
紅細胞形態學	Erythrocyte morphology
紅細胞沉降率	Erythrocyte sedimentation rate ESR
紅細胞聚集體	Erythrocyte aggregates
紅細胞變形性	Erythrocyte deformability
紅細胞酶組套	Erythrocyte enzyme
紙狀葡萄穗黴	Stachybotrys chartarum
紧密连接蛋白	Claudin 18
紧急启动决策	Emergency activation decision
紧急响应报告	Emergency response report
紧急响应方案	Emergency response plan
紫外線透射率	UV transmittance
紫外线透射率	UV transmittance
紫花苜蓿花粉	Medicago sativa pollen
累积液体平衡	Cumulative fluid balance
累積液體平衡	Cumulative fluid balance
細粒棘球絛蟲	Echinococcus granulosus
細胞交叉配型	B cell+T cell crossmatch
細胞內勞森菌	Lawsonia intracellularis
細胞分類組套	Differential
細胞化學染色	Cytochemical stains
細胞周期時相	Cell phase
細胞周期蛋白	cyclin D1
細胞形態特徵	Cell morphology
細胞病變效應	Cytopathic effect
細胞篩查組套	Lymphoma - T-cell screen
細胞計數組套	Cell
細菌全基因組	Bacterial whole genome
細菌性陰道病	Bacterial vaginosis
細菌抗原組套	Bacterial
細菌產生吲哚	Bacteria producing indole
細菌產生溶血	Bacteria producing hemolysis
細菌產生脲酶	Bacteria producing urease
細菌腸溶血素	Bacterial enterohemolysin (ehlyA)
細菌鑑定試驗	Bacteria identification test
終生菸草使用	Lifetime tobacco use
組氨酸解氨酶	Histidine ammonia lyase
組織塊標識符	Tissue block identifier
組織核心總數	Total number of cores
組織核心長度	Length of tissue core(s)
組織機構角色	Organization role
組織灌注評估	Tissue perfusion assessment
組蛋白反應型	histone reactive
結核分枝桿菌	Mycobacterium tuberculosis
結核反應風團	Tuberculosis reaction wheal
結核菌素刺激	tuberculin stimulation
結石分析組套	Calculus analysis
結石形成中心	Nidus
結腸內阿米巴	Entamoeba coli
絮状表皮癣菌	Epidermophyton floccosum
絮狀表皮癬菌	Epidermophyton floccosum
絲裂原刺激型	Mitogen stimulated gamma interferon
經典豬瘟病毒	Classical swine fever virus
經常感到抑鬱	Often feel depressed
經常衝向廁所	Often rush to toilet
經急診科入院	Admitted via emergency department
經線室壁應力	Meridional wall stress
經肺壓力梯度	Transpulmonary pressure gradient
綠膿假單胞菌	Pseudomonas aeruginosa
綠色糖單孢菌	Saccharomonospora viridis
維吉尼亞刺柏	Juniperus virginiana
維生素B12	Vitamin B12
綿羊上皮細胞	Sheep epithelium
綿羊皰疹病毒	Ovine herpesvirus 2
緊密連接蛋白	Claudin 18
緊急啟動決策	Emergency activation decision
緊急響應報告	Emergency response report
緊急響應方案	Emergency response plan
線性全氟辛酸	n-Perfluorooctanoate
線染料結晶體	X ray dye crystals
線粒體基因類	Mitochondria DNA deletion
緡錢狀紅細胞	Rouleaux
縱向應變速率	Longitudinal strain rate
總ω3脂肪酸	Omega 3 fatty acids w3 Serum Plasma
總ω6脂肪酸	Omega 6 fatty acids w6 Serum Plasma
總糖原合成酶	Glycogen synthase I
總體眼睛評價	General eye evaluation
纏結型淋巴結	Matted nodes
纖溶酶抑制劑	Plasmin inhibitor
纖維攝入組套	Fiber intake
纖維蛋白單體	Fibrin monomer
纖維蛋白條索	Fibrin strands
纖維蛋白片段	Fibrin fragments
纖維變性階段	Fibrosis stage
纖維連接蛋白	Fibronectin
红光反射试验	Red reflex test
红斑狼疮因子	Lupus erythematosus factor
红斑狼疮细胞	Lupus erythematosus cells
红细胞包涵体	Erythrocyte inclusion bodies
红细胞变形性	Erythrocyte deformability
红细胞形态学	Erythrocyte morphology
红细胞沉降率	Erythrocyte sedimentation rate ESR
红细胞聚集体	Erythrocyte aggregates
红细胞酶组套	Erythrocyte enzyme
纤溶酶抑制剂	Plasmin inhibitor
纤维变性阶段	Fibrosis stage
纤维摄入组套	Fiber intake
纤维蛋白单体	Fibrin monomer
纤维蛋白条索	Fibrin strands
纤维蛋白片段	Fibrin fragments
纤维连接蛋白	Fibronectin
纵向应变速率	Longitudinal strain rate
纸状葡萄穗霉	Stachybotrys chartarum
线性全氟辛酸	n-Perfluorooctanoate
线染料结晶体	X ray dye crystals
线粒体基因类	Mitochondria DNA deletion
组氨酸解氨酶	Histidine ammonia lyase
组织块标识符	Tissue block identifier
组织机构角色	Organization role
组织核心总数	Total number of cores
组织核心长度	Length of tissue core(s)
组织灌注评估	Tissue perfusion assessment
组蛋白反应型	histone reactive
细粒棘球绦虫	Echinococcus granulosus
细胞交叉配型	B cell+T cell crossmatch
细胞内劳森菌	Lawsonia intracellularis
细胞分类组套	Differential
细胞化学染色	Cytochemical stains
细胞周期时相	Cell phase
细胞周期蛋白	cyclin D1
细胞形态特征	Cell morphology
细胞病变效应	Cytopathic effect
细胞筛查组套	Lymphoma - T-cell screen
细胞计数组套	Cell
细菌产生吲哚	Bacteria producing indole
细菌产生溶血	Bacteria producing hemolysis
细菌产生脲酶	Bacteria producing urease
细菌全基因组	Bacterial whole genome
细菌性阴道病	Bacterial vaginosis
细菌抗原组套	Bacterial
细菌肠溶血素	Bacterial enterohemolysin (ehlyA)
细菌鉴定试验	Bacteria identification test
终生烟草使用	Lifetime tobacco use
经典猪瘟病毒	Classical swine fever virus
经常冲向厕所	Often rush to toilet
经常感到抑郁	Often feel depressed
经急诊科入院	Admitted via emergency department
经线室壁应力	Meridional wall stress
经肺压力梯度	Transpulmonary pressure gradient
结核分枝杆菌	Mycobacterium tuberculosis
结核反应风团	Tuberculosis reaction wheal
结核菌素刺激	tuberculin stimulation
结石分析组套	Calculus analysis
结石形成中心	Nidus
结肠内阿米巴	Entamoeba coli
维生素B12	Vitamin B12
绵羊上皮细胞	Sheep epithelium
绵羊疱疹病毒	Ovine herpesvirus 2
绿脓假单胞菌	Pseudomonas aeruginosa
绿色糖单孢菌	Saccharomonospora viridis
缗钱状红细胞	Rouleaux
缠结型淋巴结	Matted nodes
缺乏型白細胞	CD59 deficient
缺乏型白细胞	CD59 deficient
缺失和或重排	3 deletion &or rearrangement
罗根氏肠杆菌	Enterobacter roggenkampii
羅根氏腸桿菌	Enterobacter roggenkampii
羊流产沙门菌	Salmonella abortus ovis
羊流產沙門菌	Salmonella abortus ovis
羊种布鲁氏菌	Brucella melitensis
羊種布魯氏菌	Brucella melitensis
美洲山核桃树	Carya illinoinensis tree
美洲山核桃樹	Carya illinoinensis tree
羟乙基缬氨酸	Hydroxyethyl valine
羟基丁酰肉碱	3-Hydroxybutyrylcarnitine (C4-OH)
羟基伊曲康唑	Hydroxyitraconazole
羟基依替唑仑	Alpha hydroxyetizolam
羟基十二烷酸	3-Hydroxydodecanoate
羟基卡马西平	10-Hydroxycarbazepine
羟基吲哚乙酸	5-Hydroxyindoleacetate
羟基哌克昔林	Hydroxyperhexiline
羟基孕烯醇酮	17-Hydroxypregnenolone
羟基己酰肉碱	Glutarylcarnitine (C5-DC)+3-Hydroxyhexanoylcarnitine (C6-OH)
羟基氟普唑仑	Alpha-hydroxy flualprazolam
羟基氟溴唑仑	Alpha-hydroxy flubromazolam
羟基油酰肉碱	3-Hydroxyoleoylcarnitine (C18:1-OH)
羟基肉豆蔻酸	3-Hydroxymyristate
羟基谷氨酸盐	4-hydroxyglutamate
羟基酮类固醇	17-Hydroxyketosteroids
羟基阿普唑仑	Hydroxyalprazolam
羟基阿立哌唑	Hydroxyaripiprazole
羟基鲁拉西酮	Hydroxylurasidone
羟异戊酰肉碱	3-Hydroxyisovalerylcarnitine+2-Methyl,3-Hydroxybutyrylcarnitine (C5-OH)
羟本胆烷醇酮	11-Hydroxyetiocholanolone
羟氨苄青霉素	Amoxicillin
羟雄甾烯二酮	11-Hydroxyandrostenedione
群体分层描述	Population stratification description
群體分層描述	Population stratification description
羥乙基纈氨酸	Hydroxyethyl valine
羥基丁醯肉鹼	3-Hydroxybutyrylcarnitine (C4-OH)
羥基伊曲康唑	Hydroxyitraconazole
羥基依替唑侖	Alpha hydroxyetizolam
羥基十二烷酸	3-Hydroxydodecanoate
羥基卡馬西平	10-Hydroxycarbazepine
羥基吲哚乙酸	5-Hydroxyindoleacetate
羥基哌克昔林	Hydroxyperhexiline
羥基孕烯醇酮	17-Hydroxypregnenolone
羥基己醯肉鹼	Glutarylcarnitine (C5-DC)+3-Hydroxyhexanoylcarnitine (C6-OH)
羥基氟普唑侖	Alpha-hydroxy flualprazolam
羥基氟溴唑侖	Alpha-hydroxy flubromazolam
羥基油醯肉鹼	3-Hydroxyoleoylcarnitine (C18:1-OH)
羥基穀氨酸鹽	4-hydroxyglutamate
羥基肉豆蔻酸	3-Hydroxymyristate
羥基酮類固醇	17-Hydroxyketosteroids
羥基阿普唑侖	Hydroxyalprazolam
羥基阿立哌唑	Hydroxyaripiprazole
羥基魯拉西酮	Hydroxylurasidone
羥本膽烷醇酮	11-Hydroxyetiocholanolone
羥氨苄青黴素	Amoxicillin
羥異戊醯肉鹼	3-Hydroxyisovalerylcarnitine+2-Methyl,3-Hydroxybutyrylcarnitine (C5-OH)
羥雄甾烯二酮	11-Hydroxyandrostenedione
羧噻吩青霉素	Ticarcillin
羧噻吩青黴素	Ticarcillin
羧基四氢噻唑	Thiazolidine-2-Thione-4-Carboxylic acid
羧基四氫噻唑	Thiazolidine-2-Thione-4-Carboxylic acid
義大利芝麻菜	Eruca vesicaria subspecies sativa
義齒基託評價	Denture base evaluation
羽扇豆属种子	Lupinus albus seed
羽扇豆屬種子	Lupinus albus seed
老年用途小節	Geriatric use section
老年用途小节	Geriatric use section
耶氏肺孢子菌	Pneumocystis jirovecii
职业摘要记录	Occupational summary note
联合激素治疗	Combined hormone treatment
联系人标识符	Contact identifier
聖奧古斯丁草	Stenotaphrum secundatum
聯合激素治療	Combined hormone treatment
聯繫人標識符	Contact identifier
職業摘要記錄	Occupational summary note
聽力篩查評估	Hearing screen assessment
肉豆蔻酸底物	myristate substrate
肌紅蛋白管型	Myoglobin casts
肌細胞生成素	Myogenin
肌红蛋白管型	Myoglobin casts
肌细胞生成素	Myogenin
肌肉骨骼評估	Musculoskeletal assessment
肌肉骨骼评估	Musculoskeletal assessment
肌酐比率組套	Creatinine ratio
肌酐比率组套	Creatinine ratio
肌酐降低比率	Creatinine reduction ratio
肌酸激酶总计	Creatine kinase
肌酸激酶組套	Creatine kinase
肌酸激酶總計	Creatine kinase
肌酸激酶组套	Creatine kinase
肌酸轉運蛋白	Creatine transport protein
肌酸转运蛋白	Creatine transport protein
肝功能医嘱组	Hepatic function 1996
肝功能醫囑組	Hepatic function 1996
肝癌抗体类与	Liver cancer antibodies & Alpha-1-Fetoprotein
肝癌抗體類與	Liver cancer antibodies & Alpha-1-Fetoprotein
肝素中和作用	Heparin neutralization
肝素輔助因子	Heparin cofactor II
肝素辅助因子	Heparin cofactor II
肝細胞癌篩查	Hepatocellular carcinoma screening
肝纖維化解釋	Liver fibrosis interpretation
肝纖維化評分	Liver fibrosis score
肝纤维化解释	Liver fibrosis interpretation
肝纤维化评分	Liver fibrosis score
肝细胞癌筛查	Hepatocellular carcinoma screening
肝脏损害子节	Hepatic Impairment subsection
肝脏细胞溶质	Liver cytosol
肝臟損害子節	Hepatic Impairment subsection
肝臟細胞溶質	Liver cytosol
肠内菌科细菌	Enterobacteriaceae
肠内营养附件	Enteral nutrition attachment
肠道杯状细胞	Intestinal goblet cell
肠道病毒亚型	Enterovirus subtype
肠道细菌组套	Enteric bacteria
肢体障碍信息	Physical impairment information
肢體障礙信息	Physical impairment information
肺炎克雷伯菌	Klebsiella pneumoniae
肺癌抗体组套	Lung cancer antibody
肺癌抗體組套	Lung cancer antibody
肾小球基底膜	Glomerular basement membrane
肾小球滤过率	Glomerular filtration rate
肾小管提取率	Tubular extraction rate
肾脏损害子节	Renal Impairment subsection
肿瘤侵袭深度	Depth of invasion by tumor
肿瘤侵袭程度	Level of tumor invasion
肿瘤坏死因子	Tumor necrosis factor
肿瘤大体构型	Macroscopic tumor configuration
肿瘤突变负荷	Tumor mutation burden
肿瘤色素沉着	Tumor pigmentation
肿瘤边界构型	Tumor border configuration
胃泌素抑制肽	Gastric inhibitory polypeptide
胃泌素释放肽	Gastrin releasing polypeptide GRP
胃泌素釋放肽	Gastrin releasing polypeptide GRP
胃液分析組套	Gastric analysis
胃液分析组套	Gastric analysis
胃液素釋放肽	Gastrin releasing polypeptide GRP
胆固醇硫酸酯	Cholesterol sulfate
胆汁引流部位	Biliary drain site
胆碱酯酶组套	Cholinesterase
胆红素钙结晶	Calcium bilirubinate crystals
胆色素原合酶	Porphobilinogen synthase
胆道吻合操作	Biliary anastomosis procedure
背景信息小節	Background information section
背景信息小节	Background information section
胎儿三毛滴虫	Tritrichomonas foetus
胎儿心脏描记	Fetal Heart Tracing
胎儿死亡证明	Fetal death certificate
胎儿细胞筛查	Fetal cell screen
胎儿肺成熟度	Fetal lung maturity
胎儿血红蛋白	Hemoglobin F
胎兒三毛滴蟲	Tritrichomonas foetus
胎兒心臟描記	Fetal Heart Tracing
胎兒死亡證明	Fetal death certificate
胎兒細胞篩查	Fetal cell screen
胎兒肺成熟度	Fetal lung maturity
胎兒血紅蛋白	Hemoglobin F
胎动初感日期	Quickening date
胎動初感日期	Quickening date
胎膜破裂时间	Time membranes ruptured
胎膜破裂時間	Time membranes ruptured
胞內分枝桿菌	Mycobacterium intracellulare
胞内分枝杆菌	Mycobacterium intracellulare
胞質氨基肽酶	Cytosol aminopeptidase
胞质氨基肽酶	Cytosol aminopeptidase
胭脂虫提取物	Cochineal extract
胭脂蟲提取物	Cochineal extract
胰凝乳蛋白酶	Chymotrypsin
胰腺外分泌部	Exocrine pancreas
胶原结合活性	collagen binding
胸腔插管輸出	Chest tube output
胸腔插管输出	Chest tube output
胸腔插管部位	Chest tube site
胸苷磷酸化酶	Thymidine phosphorylase
能量含量組套	Energy content
能量含量组套	Energy content
脂肪摄入组套	Fat intake
脂肪攝入組套	Fat intake
脂蛋白脂肪酶	Lipoprotein lipase
脂質危險因素	Lipid risk factors
脂质危险因素	Lipid risk factors
脆双核阿米巴	Dientamoeba fragilis
脆雙核阿米巴	Dientamoeba fragilis
脊柱刚性稳定	Rigid spine stabilization
脊柱剛性穩定	Rigid spine stabilization
脊柱畸形矫正	Spine deformity correction
脊柱畸形矯正	Spine deformity correction
脊柱肿瘤定位	Spine tumor localization
脊柱腫瘤定位	Spine tumor localization
脊柱融合材料	Spine fusion material
脊髓性肌萎縮	Spinal muscular atrophy
脊髓性肌萎缩	Spinal muscular atrophy
脑室引流部位	Cerebral ventricle drain site
脑心肌炎病毒	Encephalomyocarditis virus
脑电双频指数	Bispectral index
脑胞内原虫属	Encephalitozoon sp 18S
脑脊液甘氨酸	Glycine CSF
脑脊液葡萄糖	Glucose CSF
脓肿分枝杆菌	Mycobacterium abscessus
脚部失去知觉	Loss of feeling in feet
脫氧甘氨膽酸	Deoxycholylglycine
脫氧甲基睪酮	Desoxymethyltestosterone
脫氨基酪氨酸	Desaminotyrosine
脫氫抗壞血酸	Dehydroascorbate
脫氫皮質甾醇	6-Beta-Hydroxycortisol
脫氫表雄甾酮	16-Alpha hydroxydehydroepiandrosterone
脫氫阿立哌唑	Dehydroaripiprazole
脫氯依替唑侖	Deschloroetizolam
脯氨酸二肽酶	Proline dipeptidase
脱氢抗坏血酸	Dehydroascorbate
脱氢皮质甾醇	6-Beta-Hydroxycortisol
脱氢表雄甾酮	16-Alpha hydroxydehydroepiandrosterone
脱氢阿立哌唑	Dehydroaripiprazole
脱氧甘氨胆酸	Deoxycholylglycine
脱氧甲基睾酮	Desoxymethyltestosterone
脱氨基酪氨酸	Desaminotyrosine
脱氯依替唑仑	Deschloroetizolam
脾切除术原因	Reason for splenectomy
脾切除术日期	Date of splenectomy
脾切除術原因	Reason for splenectomy
脾切除術日期	Date of splenectomy
腎小球基底膜	Glomerular basement membrane
腎小球濾過率	Glomerular filtration rate
腎小管提取率	Tubular extraction rate
腎臟損害子節	Renal Impairment subsection
腐生葡萄球菌	Staphylococcus saprophyticus
腦室引流部位	Cerebral ventricle drain site
腦心肌炎病毒	Encephalomyocarditis virus
腦胞內原蟲屬	Encephalitozoon sp 18S
腦脊液甘氨酸	Glycine CSF
腦脊液葡萄糖	Glucose CSF
腦電雙頻指數	Bispectral index
腫瘤侵襲深度	Depth of invasion by tumor
腫瘤侵襲程度	Level of tumor invasion
腫瘤壞死因子	Tumor necrosis factor
腫瘤大體構型	Macroscopic tumor configuration
腫瘤突變負荷	Tumor mutation burden
腫瘤色素沉著	Tumor pigmentation
腫瘤邊界構型	Tumor border configuration
腮腺分泌蛋白	Parotid secretory protein
腳部失去知覺	Loss of feeling in feet
腸內營養附件	Enteral nutrition attachment
腸內菌科細菌	Enterobacteriaceae
腸道杯狀細胞	Intestinal goblet cell
腸道病毒亞型	Enterovirus subtype
腸道細菌組套	Enteric bacteria
腹腔引流部位	Peritoneal drain site
腹膜透析組套	Peritoneal dialysis
腹膜透析组套	Peritoneal dialysis
腺病毒血清型	Adenovirus serotype
腺苷三磷酸酶	Adenosine triphosphatase
腺苷酸琥珀酸	Adenylosuccinate
膀胱內鏡檢查	Cystoscopy study
膀胱内镜检查	Cystoscopy study
膜齦聯合水平	Mucogingival junction level
膜龈联合水平	Mucogingival junction level
膠原結合活性	collagen binding
膽固醇硫酸酯	Cholesterol sulfate
膽汁引流部位	Biliary drain site
膽紅素鈣結晶	Calcium bilirubinate crystals
膽色素原合酶	Porphobilinogen synthase
膽道吻合操作	Biliary anastomosis procedure
膽鹼酯酶組套	Cholinesterase
膿腫分枝桿菌	Mycobacterium abscessus
臥床持續時長	Duration in bed
臨床分期組套	TNM clinical staging before treatment
臨床檢查小節	Clinical studies section
臨床波動組套	Clinical fluctuations
臨床測量指標	Clinical measurements
臨床狀態分類	Clinical status class
臨床發現存在	Clinical finding present
臨床管理信息	Clinical management information
臨床表現狀態	Clinical presentation status
臨床記錄組套	Clinical record
臨床試驗方案	Clinical trial protocol
臨產持續時間	Labor duration
自我照顧能力	Self-care abilities
自我照顾能力	Self-care abilities
自杀倾向记录	Suicidality notes
自杀筛查报告	Suicide screening report
自杀预防记录	Suicide prevention note
自杀风险因素	Suicide risk factor
自殺傾向記錄	Suicidality notes
自殺篩查報告	Suicide screening report
自殺預防記錄	Suicide prevention note
自殺風險因素	Suicide risk factor
自然杀伤细胞	Natural killer cells NK CD3- CD16+ CD56+
自然殺傷細胞	Natural killer cells NK CD3- CD16+ CD56+
致畸作用小節	Teratogenic effects section
致畸作用小节	Teratogenic effects section
與橋粒芯蛋白	Desmoglein 1 & Desmoglein 3
與死者的關係	Relationship to decedent
與神經束蛋白	IgG & Neurofascin155
興趣區域組套	DNA region of interest
良性肿块概率	Benign mass probability
良性腫塊概率	Benign mass probability
艰难梭菌毒素	Clostridioides difficile toxin A+B
艱難梭菌毒素	Clostridioides difficile toxin A+B
色覺檢查方法	Color vision exam method
色觉检查方法	Color vision exam method
艾司利卡西平	Eslicarbazepine
艾柯病毒組套	Echovirus
艾柯病毒组套	Echovirus
艾美賽珠單抗	Emicizumab
艾美赛珠单抗	Emicizumab
节段性壁外观	Segmental wall appearance
节段性壁运动	Segmental wall motion
芳基硫酸酯酶	Arylsulfatase C
苯丙氨酸摄入	Phenylalanine intake
苯丙氨酸攝入	Phenylalanine intake
苯丙胺类组套	Amphetamines
苯丙胺类阳性	Amphetamines positive
苯丙胺類組套	Amphetamines
苯丙胺類陽性	Amphetamines positive
苯丙酰甘氨酸	Phenylpropionylglycine
苯丙醯甘氨酸	Phenylpropionylglycine
苯乙基丙二酸	Phenylethylmalonate
苯乙烯氧化物	Styrene-7,8-Oxide
苯乙酰芬太尼	Phenylacetyl fentanyl
苯乙醯芬太尼	Phenylacetyl fentanyl
苯二氮类组套	Benzodiazepines
苯二氮类阳性	Benzodiazepines positive
苯二氮类阴性	Benzodiazepines negative
苯二氮類組套	Benzodiazepines
苯二氮類陰性	Benzodiazepines negative
苯二氮類陽性	Benzodiazepines positive
苯甲氧青霉素	Penicillin V potassium
苯甲氧青黴素	Penicillin V potassium
苯甲酰芽子碱	Benzoylecgonine
苯甲醯芽子鹼	Benzoylecgonine
英語熟練程度	English proficiency
英语熟练程度	English proficiency
苹果酸脱氢酶	Malate dehydrogenase
草綠色氣球菌	Aerococcus viridans
草绿色气球菌	Aerococcus viridans
药物分布容积	Medication volume of distribution
药物协调表单	Medication reconciliation form
药物变态反应	Medication allergy
药物基材强度	Medication substrate strength
药物备选数量	Medication alternate amount
药物批次编号	Medication batch ID
药物施用方法	Medication administration method
药物施用清单	Medication administration list
药物最大剂量	Medication maximum dose
药物治疗授权	Medication authorization
药物治疗计划	Medication treatment plan
药物注射频率	Frequency of drug injection
药物筛查注释	Drug screen comment
药物管理记录	Medication Management Note
药物配发说明	Medication dispense instructions
获取蜱的日期	Date tick acquired
菠萝伏洛干酪	Cheese provolone
菠蘿伏洛乾酪	Cheese provolone
菸草使用狀況	Tobacco use status
菸草使用組套	Tobacco use
菸草使用記錄	Tobacco use note
菸草吸食狀況	Tobacco smoking status
菸草吸食頻率	Tobacco use frequency
萎縮芽孢桿菌	Bacillus atrophaeus
萎缩芽孢杆菌	Bacillus atrophaeus
营养摄入组套	nutritional intake
营养状况受损	Impaired nutritional status
营养状况病因	Nutrition status etiology
营养评估组套	Nutrition assessment
营养配方体积	nutritional formula volume
营养配方构成	nutritional formula composition
营养配方浓度	nutritional formula
营养风险指数	Nutritional risk index
营养风险筛查	Nutritional Risk Screening 2002
萬古黴素耐藥	vancomycin resistance
葡聚糖分支酶	1,4-Alpha glucan branching enzyme
葡萄球菌蛋白	Staphylococcus protein A spa
葡萄穗霉毒素	Satratoxin
葡萄穗黴毒素	Satratoxin
葡萄糖标准差	Glucose standard deviation
葡萄糖標準差	Glucose standard deviation
葵花鸚鵡糞便	Cockatoo droppings
葵花鹦鹉粪便	Cockatoo droppings
蓖麻蛋白毒素	Ricin toxin
蔗糖溶血試驗	Sucrose hemolysis
蔗糖溶血试验	Sucrose hemolysis
藥物備選數量	Medication alternate amount
藥物分布容積	Medication volume of distribution
藥物協調表單	Medication reconciliation form
藥物基材強度	Medication substrate strength
藥物批次編號	Medication batch ID
藥物施用方法	Medication administration method
藥物施用清單	Medication administration list
藥物最大劑量	Medication maximum dose
藥物治療授權	Medication authorization
藥物治療計劃	Medication treatment plan
藥物注射頻率	Frequency of drug injection
藥物管理記錄	Medication Management Note
藥物篩查注釋	Drug screen comment
藥物變態反應	Medication allergy
藥物配發說明	Medication dispense instructions
蘋果酸脫氫酶	Malate dehydrogenase
虎皮鸚鵡糞便	Budgerigar droppings
虎皮鸚鵡羽毛	Budgerigar feather
虎皮鹦鹉粪便	Budgerigar droppings
虎皮鹦鹉羽毛	Budgerigar feather
處方獸藥標籤	Prescription animal drug label
處方配藥日期	Date prescription dispensed
號染色體拷貝	Chromosome 17 copy number
號染色體短臂	9p21 chromosome deletion
蛋白質結合型	protein bound
蛋白質類成分	Protein fractions 3
蛋白质类成分	Protein fractions 3
蛋白质结合型	protein bound
蜡状芽孢杆菌	Bacillus cereus
蜱传抗体组套	Tick-borne
蜱传脑炎病毒	Tick-borne encephalitis virus
蜱傳抗體組套	Tick-borne
蜱傳腦炎病毒	Tick-borne encephalitis virus
蠕形住肠线虫	Enterobius vermicularis
蠕形住腸線蟲	Enterobius vermicularis
蠟狀芽孢桿菌	Bacillus cereus
血压测量部位	Blood pressure measurement site
血压装置组套	Blood pressure device
血型抗体评分	Blood group antibody score
血型抗体调查	Blood group antibody investigation
血型抗原組套	Blood group antigens
血型抗原组套	Blood group antigens
血型抗體評分	Blood group antibody score
血型抗體調查	Blood group antibody investigation
血壓測量部位	Blood pressure measurement site
血壓裝置組套	Blood pressure device
血小板无力症	Platelet CD41 actual
血小板無力症	Platelet CD41 actual
血氧定量部位	Oximetry site
血流传播速度	Flow propagation velocity
血流傳播速度	Flow propagation velocity
血浆铜蓝蛋白	Ceruloplasmin
血液制品反应	Blood product reaction
血液制品来源	Blood product source
血液制品预订	Blood product reservation
血液塗片發現	Blood smear finding
血液学家审核	Hematologist review
血液學家審核	Hematologist review
血液成份分离	Apheresis
血液成份分離	Apheresis
血液涂片发现	Blood smear finding
血液製品來源	Blood product source
血液製品反應	Blood product reaction
血液製品預訂	Blood product reservation
血漿銅藍蛋白	Ceruloplasmin
血管內平均值	Intravascular mean
血管内平均值	Intravascular mean
血管活性肠肽	Vasoactive intestinal peptide
血管活性腸肽	Vasoactive intestinal peptide
血管紧张素原	Angiotensinogen
血管緊張素原	Angiotensinogen
血紅蛋白模式	Hemoglobin pattern
血紅蛋白正常	Normochromic
血紅蛋白目標	Hemoglobin goal
血紅蛋白管型	Hemoglobin casts
血紅蛋白組套	Hemoglobin
血紅蛋白過多	Hyperchromia
血紅蛋白過少	Hypochromia
血紅蛋白雜項	Hemoglobin XXX
血红蛋白杂项	Hemoglobin XXX
血红蛋白模式	Hemoglobin pattern
血红蛋白正常	Normochromic
血红蛋白目标	Hemoglobin goal
血红蛋白管型	Hemoglobin casts
血红蛋白组套	Hemoglobin
血红蛋白过多	Hyperchromia
血红蛋白过少	Hypochromia
行動電話號碼	Cell phone number
行政管理記錄	Administrative note
行政管理记录	Administrative note
衣原体属抗体	Chlamydia
衣原體屬抗體	Chlamydia
补体功能活性	Complement functional
补体概貌组套	Complement profile
补体活性组套	Complement
表单完成日期	Date form completed
表單完成日期	Date form completed
表皮生長因子	Epidermal growth factor
表皮生长因子	Epidermal growth factor
表皮葡萄球菌	Staphylococcus epidermidis
表面活性物質	Surfactant
表面活性物质	Surfactant
被动运动范围	passive range of motion
被動運動範圍	passive range of motion
被激起的活动	Agitated
被激起的活動	Agitated
補體功能活性	Complement functional
補體概貌組套	Complement profile
補體活性組套	Complement
裡昂葡萄球菌	Staphylococcus lugdunensis
製造企業信息	Manufacturing establishment information
複診健康狀況	Return visit conditions
西尼罗河病毒	West Nile virus
西尼羅河病毒	West Nile virus
西班牙裔血統	Hispanic origin
西班牙裔血统	Hispanic origin
西班牙鼠尾草	Salvia hispanica
西部三角叶杨	Populus fremontii
西部三角葉楊	Populus fremontii
覆盖关系牙齿	Overjet teeth
覆蓋關係牙齒	Overjet teeth
視力檢查方法	Visual acuity exam method
視力篩查評估	Vision screen assessment
視軸會聚檢查	Visual convergence exam
視野檢查方法	Visual field exam method
親屬關係級別	Relationship degree
覺醒持續時長	Awakening duration
觀察持續時間	Observation duration
觀察結果解釋	Observation interpretation
观察持续时间	Observation duration
观察结果解释	Observation interpretation
视力检查方法	Visual acuity exam method
视力筛查评估	Vision screen assessment
视轴会聚检查	Visual convergence exam
视野检查方法	Visual field exam method
觉醒持续时长	Awakening duration
角膜压陷深度	Corneal indentation depth
角膜壓陷深度	Corneal indentation depth
角膜頂點距離	Corneal vertex distance
角膜顶点距离	Corneal vertex distance
解剖标志描述	Landmark description
解剖標誌描述	Landmark description
言語記憶計數	Verbal memory
言語難於理解	Speech difficult to understand
言语记忆计数	Verbal memory
言语难于理解	Speech difficult to understand
計劃所提及的	addressed by plan
計劃生育報告	Family planning report
託司哌丁黴素	Trospectinomycin
託斯卡納病毒	Toscana virus
記帳信息組套	Billing information
記錄持續時間	Recording duration
設備測量模式	Device measurement mode
診斷和或分期	Dx &or stage
診斷成像檢查	Diagnostic imaging study
診斷時的小結	summary at Dx 2000 revised
診斷確認日期	Date diagnosis confirmed
試管收到日期	Date tube received
試驗刺激類型	Test challenge type
試驗性能信息	Test performance information
試驗設計小節	Trial design section
試驗註冊日期	Trial enrollment date
試驗邀請代碼	Trial invitation code
誘發電位檢查	Evoked potential study
調度時的主訴	Chief complaint per dispatch
調查問卷回應	Questionnaire response
調節性T細胞	regulatory T cells Treg CD4+ CD25+ FOXP3+
警示优先级别	Alert priority
警示優先級別	Alert priority
警示触发条件	Alarm trigger
警示觸發條件	Alarm trigger
變態反應檢查	Allergy studies
變態反應表現	Allergy manifestation
變態反應類別	Allergy category
變態反應類型	Allergy type
计划所提及的	addressed by plan
计划生育报告	Family planning report
记录持续时间	Recording duration
记账信息组套	Billing information
设备测量模式	Device measurement mode
诊断和或分期	Dx &or stage
诊断成像检查	Diagnostic imaging study
诊断时的小结	summary at Dx 2000 revised
诊断确认日期	Date diagnosis confirmed
试管收到日期	Date tube received
试验刺激类型	Test challenge type
试验性能信息	Test performance information
试验注册日期	Trial enrollment date
试验设计小节	Trial design section
试验邀请代码	Trial invitation code
诱发电位检查	Evoked potential study
调度时的主诉	Chief complaint per dispatch
调查问卷回应	Questionnaire response
调节性T细胞	regulatory T cells Treg CD4+ CD25+ FOXP3+
谷氨酰胺摄入	Glutamine intake
谷氨酰转移酶	Gamma glutamyl transferase
谷氨酰转肽酶	Gamma glutamyl transferase GGT
谷氨酸脱氢酶	Glutamate dehydrogenase
谷氨酸脱羧酶	Glutamate decarboxylase 65
谷胱甘肽合酶	Glutathione synthase
豚鼠上皮細胞	Guinea pig epithelium
豚鼠上皮细胞	Guinea pig epithelium
豬副流感病毒	Porcine parainfluenza virus 1 HN
豬尿液蛋白質	Swine urine proteins
豬巨細胞病毒	Porcine cytomegalovirus
豬帶絛蟲成蟲	Taenia solium adult
豬水皰病病毒	Swine vesicular disease virus
豬滑液支原體	Mycoplasma hyosynoviae 16S
豬種布魯氏菌	Brucella suis
豬肺炎支原體	Mycoplasma hyopneumoniae
豬與低分子量	porcine & low molecular weight
豬薩佩羅病毒	Porcine sapelovirus
豬血清蛋白質	Swine serum albumin
貓白血病病毒	Feline leukemia virus
貓血巴爾通體	Haemobartonella felis
貓血清白蛋白	Cat serum albumin
貝氏等孢球蟲	Isospora belli
負荷試驗類型	Stress test type
財務責任金額	Financial responsibility amount
貧血評價組套	Anemia Evaluation Panel
貨件追蹤號碼	Shipment tracking number
責任主治醫師	Responsible attending physicican information
資格確認附件	Eligibility acknowledgement attachment
資源患者病歷	FHIR resource patient medical record
資產標籤編號	Asset tag number
購貨發票附件	Purchase invoice attachment
贝氏等孢球虫	Isospora belli
负荷试验类型	Stress test type
财务责任金额	Financial responsibility amount
责任主治医师	Responsible attending physicican information
货件追踪号码	Shipment tracking number
贫血评价组套	Anemia Evaluation Panel
购货发票附件	Purchase invoice attachment
资产标签编号	Asset tag number
资格确认附件	Eligibility acknowledgement attachment
资源患者病历	FHIR resource patient medical record
起始地点信息	Origination site information
起始地点纬度	Origination site latitude
起始地点经度	Origination site longitude
起始地點信息	Origination site information
起始地點經度	Origination site longitude
起始地點緯度	Origination site latitude
起搏时间间隔	Pacing interval
起搏時間間隔	Pacing interval
超声扫描质量	Ultrasound scan quality
超声检查日期	Date ultrasound
超氧物歧化酶	Superoxide dismutase
超聲掃描質量	Ultrasound scan quality
超聲檢查日期	Date ultrasound
跌倒風險評估	Fall risk assessment
跌倒风险评估	Fall risk assessment
跌倒高度範圍	Height range of fall
跌倒高度范围	Height range of fall
跛行严重程度	Limp severity
跛行嚴重程度	Limp severity
路邓葡萄球菌	Staphylococcus lugdunensis sodA
路鄧葡萄球菌	Staphylococcus lugdunensis sodA
身体情况评分	Body condition score
身体测量组套	IEEE Rosetta body measurement
身体肌肉质量	Body muscle
身体脂肪质量	Body fat
身體情況評分	Body condition score
身體測量組套	IEEE Rosetta body measurement
身體肌肉質量	Body muscle
身體脂肪質量	Body fat
身高对应体重	Weight-for-length
身高對應體重	Weight-for-length
軍隊患者編號	Military patient number
軸位多重視圖	Views Sunrise + tunnel
軸向測量增量	Axis measurement increment
載脂蛋白A1	Apolipoprotein A1 ApoA1
輔助性T細胞	T helper cells CD3+ CD4+
輪椅推動次數	Number of wheelchair pushes
輸注全血單位	Transfuse whole blood units
輸注抗凝血酶	Transfuse antithrombin
輸注自體全血	Transfuse whole blood autologous
輸血反應日期	Date of transfusion reaction
輸血反應時間	Time of transfusion reaction
輸血反應組套	Transfusion reaction
輸血持續時間	Transfusion duration
輸血結束時間	Transfusion end time
輸血開始時間	Transfusion start time
轉化生長因子	Transforming growth factor beta 1
轉診來源機構	Institution referred from
轉診目標機構	Institution referred to
轉診醫師地址	Referring physician address
轉鐵蛋白受體	Transferrin receptor
轉鐵蛋白組套	Beta-2 transferrin
轉院藥物清單	Transfer medication list
转化生长因子	Transforming growth factor beta 1
转诊医师地址	Referring physician address
转诊来源机构	Institution referred from
转诊目标机构	Institution referred to
转铁蛋白受体	Transferrin receptor
转铁蛋白组套	Beta-2 transferrin
转院药物清单	Transfer medication list
轮椅推动次数	Number of wheelchair pushes
轴位多重视图	Views Sunrise + tunnel
轴向测量增量	Axis measurement increment
载脂蛋白A1	Apolipoprotein A1 ApoA1
辅助性T细胞	T helper cells CD3+ CD4+
输注全血单位	Transfuse whole blood units
输注抗凝血酶	Transfuse antithrombin
输注自体全血	Transfuse whole blood autologous
输血反应日期	Date of transfusion reaction
输血反应时间	Time of transfusion reaction
输血反应组套	Transfusion reaction
输血开始时间	Transfusion start time
输血持续时间	Transfusion duration
输血结束时间	Transfusion end time
辛德毕斯病毒	Sindbis virus
辛德畢斯病毒	Sindbis virus
辦公電話號碼	Business phone number
达雷妥尤单抗	Daratumumab
过压释放设置	Pop off setting
过多残余胞质	excess residual cytoplasm
过氧化物溶血	Peroxide hemolysis
运动强度组套	Exercise intensity
运动持续时间	Exercise duration
运动检查组套	Motor examination
运动系统诊断	Movement system diagnosis
运动耗氧类别	Exercise aerobic category
运动跟踪组套	Exercise tracking
运动阻滞强度	Motor block intensity
运动障碍残疾	Dyskinesia disability
运动障碍疼痛	Dyskinesia pain
运动障碍组套	Dyskinesias
运行时间设置	Run time setting
运输开始时间	Transport start time
近距上轉恢復	Near supravergence recovery
近距上轉開始	Near supravergence break
近距上转开始	Near supravergence break
近距上转恢复	Near supravergence recovery
近距下轉恢復	Near infravergence recovery
近距下轉開始	Near infravergence break
近距下转开始	Near infravergence break
近距下转恢复	Near infravergence recovery
近距散开开始	Near divergence break
近距散开恢复	Near divergence recovery
近距散开模糊	Near divergence blur
近距散開恢復	Near divergence recovery
近距散開模糊	Near divergence blur
近距散開開始	Near divergence break
近距集合开始	Near convergence break
近距集合恢复	Near convergence recovery
近距集合恢復	Near convergence recovery
近距集合模糊	Near convergence blur
近距集合開始	Near convergence break
还原血红蛋白	Deoxyhemoglobin
这是否在农场	Was this on a farm
这里的岛细胞	Islet cell 512
远东拟沙丁鱼	Sardinops melanostictus
远处转移部位	Site of distant metastasis
远距上转恢复	Far supravergence recovery
远距上转散开	Far supravergence break
远距下转开始	Far infravergence break
远距下转恢复	Far infravergence recovery
远距散开开始	Far divergence break
远距散开恢复	Far divergence recovery
远距散开模糊	Far divergence blur
远距集合开始	Far convergence break
远距集合恢复	Far convergence recovery
远距集合模糊	Far convergence blur
逆轉錄酶病毒	Retrovirus
逆转录酶病毒	Retrovirus
透明顆粒管型	Hyaline-granular casts
透明颗粒管型	Hyaline-granular casts
透析通路部位	Dialysis access site
這是否在農場	Was this on a farm
這裡的島細胞	Islet cell 512
通常就寝时间	Usual bedtime
通常就寢時間	Usual bedtime
通常的密实度	Usual consistency
通常的密實度	Usual consistency
通用附加詳情	Generalized additional details
通用附加详情	Generalized additional details
遊離甲狀腺素	Free thyroxine FT4
運動強度組套	Exercise intensity
運動持續時間	Exercise duration
運動檢查組套	Motor examination
運動系統診斷	Movement system diagnosis
運動耗氧類別	Exercise aerobic category
運動跟蹤組套	Exercise tracking
運動阻滯強度	Motor block intensity
運動障礙殘疾	Dyskinesia disability
運動障礙疼痛	Dyskinesia pain
運動障礙組套	Dyskinesias
運行時間設置	Run time setting
運輸開始時間	Transport start time
過壓釋放設置	Pop off setting
過多殘餘胞質	excess residual cytoplasm
過氧化物溶血	Peroxide hemolysis
道心电图组套	12 lead EKG
道心電圖組套	12 lead EKG
達雷妥尤單抗	Daratumumab
遗传变异评估	Genetic variant assessment
遗传变异详情	Genetic variant details
遗传学家审核	Geneticist review
遗传风险算法	Genetic risk algorithm
遠東擬沙丁魚	Sardinops melanostictus
遠處轉移部位	Site of distant metastasis
遠距上轉恢復	Far supravergence recovery
遠距上轉散開	Far supravergence break
遠距下轉恢復	Far infravergence recovery
遠距下轉開始	Far infravergence break
遠距散開恢復	Far divergence recovery
遠距散開模糊	Far divergence blur
遠距散開開始	Far divergence break
遠距集合恢復	Far convergence recovery
遠距集合模糊	Far convergence blur
遠距集合開始	Far convergence break
遺傳學家審核	Geneticist review
遺傳變異評估	Genetic variant assessment
遺傳變異詳情	Genetic variant details
遺傳風險算法	Genetic risk algorithm
還原血紅蛋白	Deoxyhemoglobin
邓肯巴贝斯虫	Babesia duncani
邦戈尔沙门菌	Salmonella enterica+bongori
邦戈爾沙門菌	Salmonella enterica+bongori
邻氨基苯甲酸	Anthranilate
邻甲基马尿酸	Ortho methylhippurate
邻苯二甲酸酐	(Chloramin T+Ethylene oxide+Formaldehyde+Phthalic anhydride)
邻面间隙高度	Interproximal space height
部位編碼系統	Site coding system
部位编码系统	Site coding system
部落隶属关系	Tribal affiliation
部落隸屬關係	Tribal affiliation
都柏林沙門菌	Salmonella dublin
都柏林沙门菌	Salmonella dublin
鄧肯巴貝斯蟲	Babesia duncani
鄰氨基苯甲酸	Anthranilate
鄰甲基馬尿酸	Ortho methylhippurate
鄰苯二甲酸酐	(Chloramin T+Ethylene oxide+Formaldehyde+Phthalic anhydride)
鄰面間隙高度	Interproximal space height
酒精使用障碍	Alcohol use disorder
酒精使用障礙	Alcohol use disorder
酮本胆烷醇酮	11-Ketoetiocholanolone
酮本膽烷醇酮	11-Ketoetiocholanolone
酮类固醇总计	17-Ketosteroids
酮類固醇總計	17-Ketosteroids
酰基甘氨酸类	Acylglycines
酰基肉碱模式	Acylcarnitine pattern
酰基肉碱组套	Acylcarnitine
酶产生型细菌	Bacteria producing DNAse
酶產生型細菌	Bacteria producing DNAse
酸性甘油溶血	Acid glycerol lysis
酿酒酵母抗体	IgG & Saccharomyces cerevisiae
醋酸曲安奈德	Triamcinolone acetonide
醋酸甲地孕酮	Megestrol acetate
醫囑開始日期	Order start date
醫學檢查證明	Proof of medical test certificate
醫學總監審核	Medical director review
醫療裝置類型	Medical device type
醫療記錄小節	Chart section
醫院入院日期	Hospital admission date
醫院入院診斷	Hospital admission Dx
醫院出院去向	Hospital discharge disposition
醫院出院日期	Hospital discharge date
醫院出院藥物	Hospital discharge medications
醫院出院診斷	Hospital discharge Dx
醫院出院隨訪	Hospital discharge follow-up
醫院床位附件	Hospital beds attachment
醫院所賦予的	hospital assigned
醫院病程記錄	Hospital course note
醫院腫瘤登記	NAACCR hospital tumor registration
醯基甘氨酸類	Acylglycines
醯基肉鹼模式	Acylcarnitine pattern
醯基肉鹼組套	Acylcarnitine
釀酒酵母抗體	IgG & Saccharomyces cerevisiae
采用乳头标记	W nipple markers
采用内翻应力	W varus stress
采用右侧弯曲	W R-bending
采用外翻应力	W valgus stress
采用完全伸展	W full extension
采用室内空气	on room air
采用左侧弯曲	W L-bending
采用手工压迫	W manual stress
采用清醒镇静	W conscious sedation
采用被动背屈	W forced dorsiflexion
采用过度伸展	W hyperextension
采用重力应力	W gravity stress
采集持续时间	Specimen collection
采集监督水平	Collection supervision level
采集结束日期	Collection end date
采集结束时间	Collection end time
采集起始日期	Collection start date
采集起始时间	Collection start time
里昂葡萄球菌	Staphylococcus lugdunensis
重叠屈光柱面	Over refraction cylinder
重叠屈光球面	Over refraction sphere
重新評估記錄	Reevaluation note
重新评估记录	Reevaluation note
重疊屈光柱面	Over refraction cylinder
重疊屈光球面	Over refraction sphere
金丝雀痘病毒	Canarypox virus
金絲雀痘病毒	Canarypox virus
鈣磷乘積組套	Calcium-phosphorus product
鈷胺素類之後	Cobalamins
鉛筆狀紅細胞	Pencil cells
銅綠假單胞菌	Pseudomonas aeruginosa
銳尖北美雲杉	Picea pungens
鋸齒狀紅細胞	Burr cells
錯位咬合指數	Malocclusion index
鏈球菌溶血素	Streptolysin O
鏈黴菌蛋白酶	Streptomyces proteinase
鏡片適配情況	Linsensitz
鏡片類型距離	Lens type far
鐮刀形紅細胞	Sickle cells
鐵飽和度目標	Iron saturation goal
钙磷乘积组套	Calcium-phosphorus product
钴胺素类之后	Cobalamins
铁饱和度目标	Iron saturation goal
铅笔状红细胞	Pencil cells
铜绿假单胞菌	Pseudomonas aeruginosa
链球菌溶血素	Streptolysin O
链霉菌蛋白酶	Streptomyces proteinase
锐尖北美云杉	Picea pungens
错位咬合指数	Malocclusion index
锯齿状红细胞	Burr cells
镜片类型距离	Lens type far
镜片适配情况	Linsensitz
镰刀形红细胞	Sickle cells
閉合間隙牙齒	Closed-spaced teeth
開放間隙牙齒	Open-spaced teeth
間甲基馬尿酸	Meta methylhippurate
間甲腎上腺素	Metanephrine
間質浸潤深度	Depth of stromal invasion
關節內鏡檢查	Arthroscopy study
闭合间隙牙齿	Closed-spaced teeth
问题加剧因素	Problem exacerbating factors
问题历史标志	Problem historical indicator
问题发生情况	Problem occurrence
问题控制程度	Problem level of control
问题既往评价	Problem prior evaluation
问题时间过程	Problem time course
问题缓解因素	Problem alleviating factors
间甲基马尿酸	Meta methylhippurate
间甲肾上腺素	Metanephrine
间质浸润深度	Depth of stromal invasion
阳性的组织块	Tissue blocks positive for DCIS
阳性边缘处的	Gleason score at positive margin
阴道加德纳菌	Gardnerella vaginalis
阴道毛滴虫病	Trichomonas vaginalis
阻塞性低通气	Obstructive hypopnea
阻塞性低通氣	Obstructive hypopnea
阿斯巴甜代糖	Aspartame
阿片制剂组套	Opiates
阿片制剂阳性	Opiates positive
阿片製劑組套	Opiates
阿片製劑陽性	Opiates positive
阿留申病病毒	Aleutian disease virus
附加用药说明	Medication additional instruction
附加用藥說明	Medication additional instruction
附着蜱的日期	Date tick attached
附著蜱的日期	Date tick attached
院前运输方式	Pre-hospital transport mode
院前運輸方式	Pre-hospital transport mode
陰道加德納菌	Gardnerella vaginalis
陰道毛滴蟲病	Trichomonas vaginalis
陽性的組織塊	Tissue blocks positive for DCIS
陽性邊緣處的	Gleason score at positive margin
随意活动努力	Voluntary activity effort
随意活动模式	Voluntary activity pattern
随访信息来源	Source of follow-up information
隐私政策确认	Privacy policy acknowledgment
障碍或无能力	Impairment or incapacity
障礙或無能力	Impairment or incapacity
隨意活動努力	Voluntary activity effort
隨意活動模式	Voluntary activity pattern
隨訪信息來源	Source of follow-up information
隱私政策確認	Privacy policy acknowledgment
难以踏上路牙	Trouble stepping up onto curb
雇主电话号码	Employer phone number
雇主邮政编码	Employer postal code
雙目狀態代碼	Binocular status code
雙目狀態文本	Binocular status text
雙相障礙類型	Bipolar disorder type
雙芽巴貝斯蟲	Babesia bigemina
雞傷寒沙門菌	Salmonella gallinarum
雞滑膜支原體	Mycoplasma synoviae
雞白痢沙門菌	Salmonella pullorum
雞血清蛋白質	Chicken serum proteins
離肛緣的距離	Distance from anal verge
離開通知記錄	Departure notification note
難以踏上路牙	Trouble stepping up onto curb
雪腐鐮刀菌醇	Nivalenol
雪腐镰刀菌醇	Nivalenol
雪鞋野兔病毒	Snowshoe hare virus
雷夫利珠单抗	Ravulizumab
雷夫利珠單抗	Ravulizumab
雷射治療方案	YAG Rx
電力獲取條件	Access to electricity
電子通信信息	Electronic communication information
電子通訊模式	Telecommunication mode
電子通訊組套	Telecommunication
電子通訊類型	Telecommunication type
電子郵件地址	Email address
電解質醫囑組	Electrolytes 1998
霍氏博德特菌	Bordetella holmesii
静脉注射部位	IV site
静脉管腔容积	Venous lumen volume
靜脈注射部位	IV site
靜脈管腔容積	Venous lumen volume
非依賴型抗體	B2GP1 independent
非依赖型抗体	B2GP1 independent
非典型斑点型	atypic speckled
非典型斑點型	atypic speckled
非前向运动型	nonprogressive
非前向運動型	nonprogressive
非洲猪瘟病毒	African swine fever virus
非洲立克次体	Rickettsia africae
非洲立克次體	Rickettsia africae
非洲豬瘟病毒	African swine fever virus
非洲馬瘟病毒	African horse sickness virus
非洲马瘟病毒	African horse sickness virus
非特异性试剂	polyspecific reagent
非特異性試劑	polyspecific reagent
非結合型雌酮	Estrone
非结合型雌酮	Estrone
非葡糖醛酸化	non-glucuronidated
非补体结合型	non-complement fixing
非補體結合型	non-complement fixing
非造血干细胞	Non-hematopoietic stem cells
非造血幹細胞	Non-hematopoietic stem cells
面积变化分数	Fractional area change
面積變化分數	Fractional area change
面部测量方法	Facial measurement method
面部測量方法	Facial measurement method
響應團隊名稱	Response team name
順丁烯二酸酐	Maleic anhydride
預期分娩地點	Expected delivery location
預期局限目標	Projected goal of limitation
預計出院日期	Anticipated discharge date
預防措施小節	Precautions section
頭孢替安己酯	Cefotiam hexetil
頭孢甲氧黴素	cefOXitin
額外損傷原因	Additional cause of injury
顺丁烯二酸酐	Maleic anhydride
预期分娩地点	Expected delivery location
预期局限目标	Projected goal of limitation
预计出院日期	Anticipated discharge date
预防措施小节	Precautions section
额外损伤原因	Additional cause of injury
風疹病毒抗體	Rubella virus
風疹病毒狀態	Rubella virus status
風疹監測組套	Rubella surveillance
風險評估原因	Reason for risk assessment
風險評估報告	Risk assessment report
風險調整因素	Risk adjustment factor
风疹病毒抗体	Rubella virus
风疹病毒状态	Rubella virus status
风疹监测组套	Rubella surveillance
风险评估原因	Reason for risk assessment
风险评估报告	Risk assessment report
风险调整因素	Risk adjustment factor
食物摄入组套	Food intake
食物攝入組套	Food intake
食物数量组套	Food amounts
食物數量組套	Food amounts
食管测压检查	Esophageal manometry study
食管測壓檢查	Esophageal manometry study
飽和度調整至	saturation adjusted to 0
饱和度调整至	saturation adjusted to 0
首次反应日期	Date first reaction
首次反應日期	Date first reaction
首次妊娠年齡	Age at first pregnancy
首次妊娠年龄	Age at first pregnancy
首次就診日期	Date of first visit
首次就诊日期	Date of first visit
首次癌症診斷	First cancer diagnosis
首次癌症诊断	First cancer diagnosis
首次診斷地點	Place of 1st Dx
首次诊断地点	Place of 1st Dx
首要健康状况	Primary health condition
首要健康狀況	Primary health condition
首要功能限制	Primary functional limitation
首选疫苗类型	Preferred vaccine type
首选通信地址	Preferred mailing address
首選疫苗類型	Preferred vaccine type
首選通信地址	Preferred mailing address
香草酰甘氨酸	Vanilloylglycine
香草醯甘氨酸	Vanilloylglycine
馬來布魯線蟲	Brugia malayi
馬動脈炎病毒	Equine arteritis virus
馬流產沙門菌	Salmonella abortus equi
馬生殖泰勒菌	Taylorella equigenitalis
馬蘇裡拉奶酪	Mozzarella
馬血清蛋白質	Horse serum proteins
馴鹿上皮細胞	Reindeer epithelium
驗證錯誤摘要	Validation error summary
驗證錯誤詳情	Validation error details
马动脉炎病毒	Equine arteritis virus
马来布鲁线虫	Brugia malayi
马流产沙门菌	Salmonella abortus equi
马生殖泰勒菌	Taylorella equigenitalis
马苏里拉奶酪	Mozzarella
马血清蛋白质	Horse serum proteins
驯鹿上皮细胞	Reindeer epithelium
验证错误摘要	Validation error summary
验证错误详情	Validation error details
骨骼中的牙齒	Tooth in bone
骨骼中的牙齿	Tooth in bone
骨骼发育阶段	Bone development stage
骨骼外的牙齒	Tooth out of bone
骨骼外的牙齿	Tooth out of bone
骨骼發育階段	Bone development stage
骨髓抽吸報告	Bone marrow aspiration report
骨髓抽吸报告	Bone marrow aspiration report
髓系肉瘤分析	Myeloid sarcoma analysis
髓过氧化物酶	Myeloperoxidase
髓過氧化物酶	Myeloperoxidase
體力勞動強度	Physical intensity of work
體力活動組套	Physical
體外受精供體	IVF donor
體外受精妊娠	In vitro fertilization pregnancy
體格檢查發現	Physical findings
體檢合格記錄	Medical clearance note
體液化學報告	Body fluid chemistry report
體溫測量部位	Body temperature measurement site
體積目標控制	volume targeted control
體質指數公式	Body mass index formula
體重百分位數	Body weight percentile
體重變化目標	Body weight change goal
高压保持时间	High pressure hold time
高壓保持時間	High pressure hold time
高敏肌鈣蛋白	High sensitivity troponin hs-cTn
高敏肌钙蛋白	High sensitivity troponin hs-cTn
高粱軸黑粉菌	Sphacelotheca cruenta
高粱轴黑粉菌	Sphacelotheca cruenta
高鐵血紅蛋白	Methemoglobin MetHb
高铁血红蛋白	Methemoglobin MetHb
鮑曼不動桿菌	Acinetobacter baumannii
鲍曼不动杆菌	Acinetobacter baumannii
鳥嘌呤脫氨酶	Guanine deaminase
鴿子抗體組套	Pigeon antibody
鸚鵡皰疹病毒	Psittacid herpesvirus 1
鸟嘌呤脱氨酶	Guanine deaminase
鸡伤寒沙门菌	Salmonella gallinarum
鸡滑膜支原体	Mycoplasma synoviae
鸡白痢沙门菌	Salmonella pullorum
鸡血清蛋白质	Chicken serum proteins
鸽子抗体组套	Pigeon antibody
鹦鹉疱疹病毒	Psittacid herpesvirus 1
鹽酸環丙沙星	Ciprofloxacin
麥醇溶蛋白肽	Gliadin peptide
麦醇溶蛋白肽	Gliadin peptide
麻疹病毒抗体	Measles virus
麻疹病毒抗體	Measles virus
麻疹病毒状态	Measles virus status
麻疹病毒狀態	Measles virus status
麻醉持續時間	Anesthesia duration
麻醉持续时间	Anesthesia duration
麻風分枝桿菌	Mycobacterium leprae
麻风分枝杆菌	Mycobacterium leprae
黃嘌呤衍生物	Xanthine derivatives
黃素單核苷酸	Flavin mononucleotide
黃線狹鱈魚卵	Gadus chalcogrammus roe
黄嘌呤衍生物	Xanthine derivatives
黄素单核苷酸	Flavin mononucleotide
黄线狭鳕鱼卵	Gadus chalcogrammus roe
黑核桃树花粉	Juglans nigra pollen
黑核桃樹花粉	Juglans nigra pollen
黑框警告小節	Boxed warning section
黑框警告小节	Boxed warning section
黑肉叶刺茎藜	Sarcobatus vermiculatus
黑肉葉刺莖藜	Sarcobatus vermiculatus
鼠伤寒沙门菌	Salmonella typhimurium
鼠傷寒沙門菌	Salmonella typhimurium
鼠源巴貝斯蟲	Babesia microti
鼠源巴贝斯虫	Babesia microti
鼻疽菌素之后	1 mL mallein ID
鼻疽菌素之後	1 mL mallein ID
B型鈉尿肽	B-type natriuretic peptide BNP
B型钠尿肽	B-type natriuretic peptide BNP
C反应蛋白	C reactive protein CRP
C反應蛋白	C reactive protein CRP
D-二聚体	D dimer
D-二聚體	D dimer
N端交联肽	Collagen crosslinked N-telopeptide NTx
N端交聯肽	Collagen crosslinked N-telopeptide NTx
α 亚单位	Alpha subunit
α 亚麻酸	Alpha linolenate
α 亞單位	Alpha subunit
α 亞麻酸	Alpha linolenate
α 球蛋白	Alpha globulin
α 生育酚	Alpha tocopherol
α 皮五醇	Alpha cortol
α 胸腺素	Alpha thymosin
α 萘酯酶	Alpha naphthylesterase
α-亚单位	Alpha subunit
α-亚麻酸	Alpha linolenate
α-亞單位	Alpha subunit
α-亞麻酸	Alpha linolenate
α-球蛋白	Alpha globulin
α-生育酚	Alpha tocopherol
α-皮五醇	Alpha cortol
α-胸腺素	Alpha thymosin
α-萘酯酶	Alpha naphthylesterase
α1球蛋白	Alpha 1 globulin
α2球蛋白	Alpha 2 globulin
α六氯化苯	Alpha benzene hexachloride
α氨基丁酸	Alpha aminobutyrate
α氨基酸氮	Alpha amino acid nitrogen
α皮酮四醇	Alpha cortolone
α羟基丁酸	Alpha hydroxybutyrate
α羥基丁酸	Alpha hydroxybutyrate
α胺基酸氮	Alpha amino acid nitrogen
α酮戊二酸	Alpha ketoglutarate
α鵝膏蕈鹼	Alpha-amanitin
α鹅膏蕈碱	Alpha-amanitin
β 丙內酯	Beta-propiolactone
β 丙内酯	Beta-propiolactone
β 丙氨酸	Beta alanine
β 內啡肽	Beta endorphin
β 内啡肽	Beta endorphin
β 球蛋白	Beta globulin
β 皮五醇	Beta cortol
β 谷甾醇	Beta sitosterol
β 防御素	Beta defensin
β 防禦素	Beta defensin
β-丙內酯	Beta-propiolactone
β-丙内酯	Beta-propiolactone
β-丙氨酸	Beta alanine
β-內啡肽	Beta endorphin
β-内啡肽	Beta endorphin
β-球蛋白	Beta globulin
β-皮五醇	Beta cortol
β-谷甾醇	Beta sitosterol
β-防御素	Beta defensin
β-防禦素	Beta defensin
β1球蛋白	Beta 1 globulin
β2球蛋白	Beta 2 globulin
β乳球蛋白	Beta lactoglobulin
β促脂解素	Beta lipotropin
β內醯胺酶	Beta lactamase
β内酰胺酶	Beta lactamase
β微管蛋白	Beta tubulin
β微量蛋白	Beta-trace protein
β氨基丁酸	Beta aminobutyrate
β皮酮四醇	Beta cortolone
β羟基丁酸	Beta hydroxybutyrate
β羥基丁酸	Beta hydroxybutyrate
β连环蛋白	Beta catenin
β連環蛋白	Beta catenin
β鵝膏蕈鹼	Beta-amanitin
β鹅膏蕈碱	Beta-amanitin
γ 亚麻酸	Gamma linolenate
γ 亞麻酸	Gamma linolenate
γ 干扰素	Gamma interferon
γ 幹擾素	Gamma interferon
γ 球蛋白	Gamma globulin
γ 生育酚	Gamma tocopherol
γ-亚麻酸	Gamma linolenate
γ-亞麻酸	Gamma linolenate
γ-干扰素	Gamma interferon
γ-幹擾素	Gamma interferon
γ-球蛋白	Gamma globulin
γ-生育酚	Gamma tocopherol
γ2球蛋白	Gamma 2 globulin
γ3球蛋白	Gamma 3 globulin
γ氨基丁酸	Gamma aminobutyrate GABA
γ羟基丁酸	Gamma hydroxybutyrate
γ羥基丁酸	Gamma hydroxybutyrate
γ鵝膏蕈鹼	Gamma-amanitin
γ鹅膏蕈碱	Gamma-amanitin
δ 生育酚	Delta tocopherol
δ-生育酚	Delta tocopherol
δ5孕三醇	Delta 5-Pregnanetriol
ω-3指数	Omega-3 EPA+DHA index Eicosapentaenoate Docosahexaenoate Serum Plasma
ω-3指數	Omega-3 EPA+DHA index Eicosapentaenoate Docosahexaenoate Serum Plasma
ω3 指数	Omega-3 EPA+DHA index Eicosapentaenoate Docosahexaenoate Serum Plasma
ω3 指數	Omega-3 EPA+DHA index Eicosapentaenoate Docosahexaenoate Serum Plasma
一年生滨藜	Saltbush annual
一年生濱藜	Saltbush annual
一年生蓝草	Poa annua
一年生藍草	Poa annua
一磷酸腺苷	Adenosine monophosphate
丁二酰丙酮	Succinylacetone 4,6-dioxoheptanoate Succinylacetone
丁二醯丙酮	Succinylacetone 4,6-dioxoheptanoate Succinylacetone
丁基卡西酮	Butylone
丁氨苯丙酮	buPROPion
丁烯氧化物	1-Butene oxide
丁酰甘氨酸	Butyrylglycine
丁酰甜菜碱	Gamma butyrobetaine
丁酰苷菌素	Butirosin
丁醯甘氨酸	Butyrylglycine
丁醯甜菜鹼	Gamma butyrobetaine
丁醯苷菌素	Butirosin
七氟醚設置	Sevoflurane setting
七氟醚设置	Sevoflurane setting
七氟醚靶值	Sevoflurane target
七羧基卟啉	Heptacarboxylporphyrin
三倍化复制	7kb triplication
三倍化複製	7kb triplication
三唑苯二氮	Triazolam
三日疟原虫	Plasmodium malariae
三日瘧原蟲	Plasmodium malariae
三氟戊肟胺	fluvoxaMINE
三氟甲安定	Halazepam
三氧化二砷	Arsenic trioxide
三氯甲噻嗪	Trichlormethiazide
三甲丙咪嗪	Trimipramine
三甲泼拉嗪	Trimeprazine
三甲潑拉嗪	Trimeprazine
三相类多层	Multisection 3 phase
三相類多層	Multisection 3 phase
三磷酸腺苷	Adenosine triphosphate
三羟基孕酮	Pregnanetriolone
三羥基孕酮	Pregnanetriolone
三裂叶豚草	Ambrosia trifida
三裂葉豚草	Ambrosia trifida
三角叶豚草	Ambrosia deltoidea
三角葉豚草	Ambrosia deltoidea
三重磷酸盐	Triple phosphate
三重磷酸鹽	Triple phosphate
下頜體程度	Mandibular body length
下颌体程度	Mandibular body length
不动杆菌属	Acinetobacter
不動桿菌屬	Acinetobacter
不同步指数	Dyssynchrony index
不同步指數	Dyssynchrony index
不平等指数	Inequality index
不平等指數	Inequality index
不成熟細胞	Immature cells
不成熟细胞	Immature cells
不採用負重	WO weight
不明微生物	XXX microorganism
不易覺察的	insensible
不易觉察的	insensible
不能存活的	nonviable
不自主运动	Involuntary movements
不自主運動	Involuntary movements
不连同衣服	without clothes
不連同衣服	without clothes
不采用负重	WO weight
与总计组套	IgG & IgM &
丙二酰肉碱	Malonylcarnitine (C3-DC)
丙二醯肉鹼	Malonylcarnitine (C3-DC)
丙基戊酸鈉	Valproate
丙基戊酸钠	Valproate
丙烯酰肉碱	Acrylylcarnitine (C3:1)
丙烯酸乙酯	Ethyl acrylate
丙烯酸纖維	Acrylic fiber
丙烯酸纤维	Acrylic fiber
丙烯醯肉鹼	Acrylylcarnitine (C3:1)
丙硫异烟胺	Prothionamide
丙硫氧嘧啶	Propylthiouracil
丙硫異煙胺	Prothionamide
丙酮酸激酶	Pyruvate kinase
丙酰甘氨酸	Propionylglycine
丙酸杆菌科	Propionibacteriaceae
丙酸桿菌科	Propionibacteriaceae
丙醯甘氨酸	Propionylglycine
丝虫属抗体	Filaria
两性霉素乙	Amphotericin B
中华猕猴桃	Actinidia chinensis
中幼粒細胞	Myelocytes
中幼粒细胞	Myelocytes
中度光散射	mid light scatter
中心区厚度	center subfield thickness
中心區厚度	center subfield thickness
中心母細胞	centroblasts
中心母细胞	centroblasts
中心点厚度	center point thickness
中心點厚度	center point thickness
中性粒細胞	Neutrophil
中性粒细胞	Neutrophil
中效胰岛素	Insulin NPH
中效胰島素	Insulin NPH
中期失眠症	Middle insomnia
中華獼猴桃	Actinidia chinensis
中間絲蛋白	Alpha-internexin
中間鏈球菌	Streptococcus intermedius
中间丝蛋白	Alpha-internexin
中间链球菌	Streptococcus intermedius
串珠鐮孢菌	Fusarium moniliforme
串珠镰孢菌	Fusarium moniliforme
临床适应证	Clinical indication
主动脉根部	aorta root
主動脈根部	aorta root
丽波脂肪酶	Lipolase
乙基丙二酸	Ethylmalonate
乙基卡西酮	Ethylone
乙基可拉明	N-ethylnicotinamide
乙基苯丙胺	Ethylamphetamine
乙基麻黃鹼	Etafedrine
乙基麻黄碱	Etafedrine
乙烯乙二醇	Ethylene glycol
乙硫异烟胺	Ethionamide
乙硫異煙胺	Ethionamide
乙酰水杨酸	Acetylsalicylate
乙酰甲胆碱	Methacholine
乙酰赖氨酸	N-alpha acetyllysine
乙酰非那嗪	Acetophenazine
乙酸乙烯酯	Vinyl acetate
乙醯水楊酸	Acetylsalicylate
乙醯甲膽鹼	Methacholine
乙醯賴氨酸	N-alpha acetyllysine
乙醯非那嗪	Acetophenazine
乳制品份数	Dairy servings
乳多空病毒	Papova virus SV40
乳头肌水平	papillary level
乳果糖刺激	Lactulose challenge
乳清酸核苷	Orotidine
乳糜血标本	Sample lipemic
乳糜血標本	Sample lipemic
乳腺珠蛋白	Mammaglobin
乳製品份數	Dairy servings
乳酸脫氫酶	Lactate dehydrogenase LDH
乳酸脱氢酶	Lactate dehydrogenase LDH
乳頭肌水平	papillary level
乳香黃連木	Pistacia lentiscus
乳香黄连木	Pistacia lentiscus
事件零報告	Report no events
事件零报告	Report no events
事前指示类	Advance directives
事前指示類	Advance directives
二乙酰吗啡	Diamorphine
二乙醯嗎啡	Diamorphine
二十酰肉碱	Eicosanoylcarnitine (C20)
二十醯肉鹼	Eicosanoylcarnitine (C20)
二尖瓣水平	mitral level
二手烟暴露	Second hand smoke exposure
二手菸暴露	Second hand smoke exposure
二氢乳清酸	Dihydroorotate
二氢可待因	Dihydrocodeine
二氢吗啡酮	HYDROmorphone
二氢己内酯	Threo-4,5-Dihydrohexanolactone
二氢鞘氨醇	Sphinganine
二氫乳清酸	Dihydroorotate
二氫可待因	Dihydrocodeine
二氫嗎啡酮	HYDROmorphone
二氫己內酯	Threo-4,5-Dihydrohexanolactone
二氫鞘氨醇	Sphinganine
二氯乙基醚	Bis(2-Chloroethyl) ether
二氯联苯胺	Dichlorobenzidine
二氯聯苯胺	Dichlorobenzidine
二氯苯碘胺	Dichlorphenamide
二水草酸鈣	Calcium oxalate dihydrate
二水草酸钙	Calcium oxalate dihydrate
二溴化乙烯	Ethylene dibromide
二球悬铃木	Platanus acerifolia
二球懸鈴木	Platanus acerifolia
二甲基联氨	1,1-Dimethylhydrazine
二甲基聯氨	1,1-Dimethylhydrazine
二甲基色胺	Dimethyltryptamine
二甲戊乐灵	Pendimethalin
二甲戊樂靈	Pendimethalin
二硝基苯酚	Dinitrophenol
二磷酸腺苷	Adenosine diphosphate
二糖酶組套	Disaccharidases
二糖酶组套	Disaccharidases
二羟基己酸	Erythro-4,5-Dihydroxyhexanoate
二羟基胆甾	7-Alpha,12-alpha dihydroxycholest-4-en-3-one & 7-Alpha hydroxy-4-cholesten-3-one
二羥基己酸	Erythro-4,5-Dihydroxyhexanoate
二羥基膽甾	7-Alpha,12-alpha dihydroxycholest-4-en-3-one & 7-Alpha hydroxy-4-cholesten-3-one
二胺氧化酶	Diamine oxidase
五氯硝基苯	Pentachloronitrobenzene
五肽胃泌素	kg calcium & 0
亚乙基硫脲	Ethylene thiourea
亚型欧亚株	Influenza virus A H7 Eurasia
亚油酰肉碱	Linoleoylcarnitine (C18:2)
亚甲基二胺	Methylenediamine
亚硝基吗啉	N-nitrosomorpholine
亚硝基萘酚	Nitrosonaphthol
亚端粒分析	Subtelomere analysis
亚铁螯合酶	Ferrochelatase
亚麻酸摄入	Alpha linolenate intake
亞乙基硫脲	Ethylene thiourea
亞型歐亞株	Influenza virus A H7 Eurasia
亞油醯肉鹼	Linoleoylcarnitine (C18:2)
亞甲基二胺	Methylenediamine
亞硝基嗎啉	N-nitrosomorpholine
亞硝基萘酚	Nitrosonaphthol
亞端粒分析	Subtelomere analysis
亞鐵螯合酶	Ferrochelatase
亞麻酸攝入	Alpha linolenate intake
产生型细菌	Bacteria producing coagulase+protein A
产科学检查	Obstetrical studies
产科学组套	Obstetric 1996
产褥期状态	Puerperium status
亨德拉病毒	Hendra virus
亮氨酸摄入	Leucine intake
亮氨酸攝入	Leucine intake
亮氨酸結晶	Leucine crystals
亮氨酸结晶	Leucine crystals
人博卡病毒	Human bocavirus
人型支原体	Mycoplasma hominis
人型支原體	Mycoplasma hominis
人类抗人类	Human antihuman
人类抗小鼠	Human antimouse
人芽囊原虫	Blastocystis hominis
人芽囊原蟲	Blastocystis hominis
人類抗人類	Human antihuman
人類抗小鼠	Human antimouse
今天已上学	Attended school today
今天已上學	Attended school today
代理人姓名	Proxy name
代謝症候群	Metabolic syndrome
代謝類多層	Multisection metabolic
代谢类多层	Multisection metabolic
代谢综合征	Metabolic syndrome
任务标识符	Task identifier
任務標識符	Task identifier
伊氏錐蟲病	Trypanosoma evansi
伊氏锥虫病	Trypanosoma evansi
伊波拉病毒	Ebola virus
优特克单抗	Ustekinumab
会阴垫计数	Perineal pad
伞枝犁头霉	Absidia corymbifera
传感器部位	Transducer site
伤口冲洗和	Wound irrigation &or cleaning fluid
伤口床组套	Wound bed
伤口引流液	Wound drain fluid
伪牛痘病毒	Pseudocowpox virus
伴前带效应	IgG with prozone effect
伴前帶效應	IgG with prozone effect
伸長海條藻	Himanthalia elongata
伸长海条藻	Himanthalia elongata
似蚓蛔線蟲	Ascaris lumbricoides
似蚓蛔线虫	Ascaris lumbricoides
位多重視圖	Views AP + Y
位多重视图	Views AP + Y
低下型細胞	CD25+CD127Low
低下型细胞	CD25+CD127Low
低度光散射	low light scatter
低聚糖模式	Oligosaccharides pattern
低通气指数	Hypopnea index
低通氣指數	Hypopnea index
住院治疗史	Hospitalization
住院治療史	Hospitalization
体外膜氧合	Extracorporeal membrane oxygenation
体积描记图	Plethysmogram
体脂百分数	Body fat percentage
体重不一致	Body weight discordance
併發症組套	Complications
併發症類型	Type of complication
供体特异性	IgG donor specific
供应品储备	Supply stockpile
供应品项目	Supply item
供應品儲備	Supply stockpile
供應品項目	Supply item
供體特異性	IgG donor specific
依库珠单抗	Eculizumab
依庫珠單抗	Eculizumab
依法韋恩茨	Efavirenz
依法韦恩茨	Efavirenz
依然活着的	still living
依然活著的	still living
依賴型抗體	B2GP1 dependent
依賴性小節	Dependence section
依赖型抗体	B2GP1 dependent
依赖性小节	Dependence section
侧壁和中隔	lateral and septal wall
促卵泡激素	Follitropin
倾斜床检查	Tilt table study
假丝酵母属	Candida sp 6
假絲酵母屬	Candida sp 6
偏苯三酸酐	Trimellitic anhydride
停乳鏈球菌	Streptococcus dysgalactiae
停乳链球菌	Streptococcus dysgalactiae
健康保险卡	Health insurance card
健康保險卡	Health insurance card
側壁和中隔	lateral and septal wall
偽牛痘病毒	Pseudocowpox virus
傘枝犁頭黴	Absidia corymbifera
傳感器部位	Transducer site
傷口床組套	Wound bed
傷口引流液	Wound drain fluid
傷口衝洗和	Wound irrigation &or cleaning fluid
傾斜床檢查	Tilt table study
優特克單抗	Ustekinumab
儿科学分期	Pediatric stage
儿童疾病史	Childhood diseases
儿茶酚胺类	Catecholamines
光滑核膜型	smooth nuclear envelope
克乳糖之前	pre 50 g lactose PO
克乳糖之后	post 50 g lactose PO
克乳糖之後	post 50 g lactose PO
克隆性重排	clonal rearrangements
免疫复合物	Immune complex
免疫球蛋白	Immunoglobulin Ig
免疫複合物	Immune complex
兒科學分期	Pediatric stage
兒童疾病史	Childhood diseases
兒茶酚胺類	Catecholamines
入侵紅火蟻	Solenopsis invicta
入侵红火蚁	Solenopsis invicta
入侵黑火蚁	Solenopsis richteri
入侵黑火蟻	Solenopsis richteri
內上區厚度	inner superior subfield thickness
內下區厚度	inner inferior subfield thickness
內源動態性	intrinsic dynamic
內科併發症	Medical complication
內部斜位片	View Judet internal oblique
內部標識符	Internal identifier
兩性黴素乙	Amphotericin B
公民身份卡	Citizenship card
六氯丁二烯	Hexachlorobutadiene
六羧基卟啉	Hexacarboxylporphyrin
关系家族行	Relationship family line
关联色素痣	Associated nevus
关闭至打开	Closure to opening
其他抗生素	Antibiotic XXX
其他白細胞	Leukocytes other
其他白细胞	Leukocytes other
其他警示史	Other alert
其局部結局	Regional outcomes of
其局部结局	Regional outcomes of
内上区厚度	inner superior subfield thickness
内下区厚度	inner inferior subfield thickness
内源动态性	intrinsic dynamic
内科并发症	Medical complication
内部斜位片	View Judet internal oblique
内部标识符	Internal identifier
再入院标志	Readmission indicator
再入院標誌	Readmission indicator
冷沉淀蛋白	Cryoproteins
冷沉澱蛋白	Cryoproteins
冷缺血时间	Cold ischemic time
冷缺血時間	Cold ischemic time
减慢的活动	Slowed
减速度斜率	Deceleration slope
凝固酶阴性	coagulase negative
凝固酶陰性	coagulase negative
凝块稳固性	Clot firmness
凝塊穩固性	Clot firmness
凝血維生素	Vitamin K intake
凝血维生素	Vitamin K intake
凝血酶峰值	Thrombin peak
凝血酶时间	Thrombin time TT
凝血酶時間	Thrombin time TT
凯氏样蛋白	Kelch-like protein 11
凱氏樣蛋白	Kelch-like protein 11
出芽短梗霉	Aureobasidium pullulans
出芽短梗黴	Aureobasidium pullulans
分枝杆菌株	Mycobacterial strain
分枝桿菌株	Mycobacterial strain
切牙間夾角	Inter incisal angle
切牙间夹角	Inter incisal angle
刚地弓形虫	Toxoplasma gondii
刚果嗜皮菌	Dermatophilus congolensis
初期失眠症	Initial insomnia
初步診斷時	at initial diagnosis
初步诊断时	at initial diagnosis
別異亮氨酸	Alloisoleucine
利妥昔单抗	riTUXimab
利妥昔單抗	riTUXimab
利扎曲普坦	Rizatriptan
别异亮氨酸	Alloisoleucine
制造商名称	Manufacturer name
制造商文本	Producer text
刺梧桐树胶	Karaya gum
刺梧桐樹膠	Karaya gum
刺猬毛癣菌	Trichophyton erinacei
刺蝟毛癬菌	Trichophyton erinacei
剂量有效性	Dose validity
前列腺体积	Prostate volume
前列腺素类	Prostaglandins
前列腺素類	Prostaglandins
前列腺體積	Prostate volume
前后位多层	Multisection AP
前向运动型	progressive
前向運動型	progressive
前庭蜗神经	Vestibulocochlear nerve (CN VIII) exam
前庭蝸神經	Vestibulocochlear nerve (CN VIII) exam
前後位多層	Multisection AP
前淋巴細胞	Prolymphocytes
前淋巴细胞	Prolymphocytes
剖宫产状态	Cesarean status
剖宮產狀態	Cesarean status
剛地弓形蟲	Toxoplasma gondii
剛果嗜皮菌	Dermatophilus congolensis
副流感病毒	Parainfluenza virus
副溶血弧菌	Vibrio cholerae+parahaemolyticus+vulnificus
副痘病毒属	Parapoxvirus
副痘病毒屬	Parapoxvirus
副肠孤病毒	Parechovirus
副腸孤病毒	Parechovirus
劑量有效性	Dose validity
功能性残气	functional residual
功能性殘氣	functional residual
加州山艾树	Artemisia californica
加州山艾樹	Artemisia californica
加拿大蓝草	Poa compressa
加拿大藍草	Poa compressa
加热器功率	Heater power
加热器类型	Heater type
加熱器功率	Heater power
加熱器類型	Heater type
加速度斜率	Acceleration slope
动态型多层	Multisection dynamic
动态平台期	plateau dynamic
动态性总计	total dynamic
动脉通畅性	Arterial patency
動態型多層	Multisection dynamic
動態平臺期	plateau dynamic
動態性總計	total dynamic
動脈通暢性	Arterial patency
化妆品更新	Cosmetic update
化妝品更新	Cosmetic update
北美灌木杨	Alnus rugosa
北美灌木楊	Alnus rugosa
区域口面积	Region orifice area
医嘱标识符	Order identifier
医院出院史	Hospital discharge history
區域口面積	Region orifice area
十七碳烯酸	Heptadecenoate
十二烯二酸	Dodecenedioate
十二烷二酸	Dodecanedioate
十二碳烯酸	Lauroleate
十六烷二酸	Hexadecanedioate
十六碳烯酸	Hexadecenoate
十四烯二酸	Tetradecenedioate
十四烷二酸	Tetradecanedioate
半乳糖吸收	Galactose 1 phosphate
半乳糖摄入	Galactose intake
半乳糖攝入	Galactose intake
半乳糖激酶	Galactokinase
半乳糖耐受	Galactose 1 phosphate
半乳糖耐量	Galactose 1 phosphate
半乳糖血症	Galactosemias
半乳糖負荷	Galactose 1 phosphate
半乳糖负荷	Galactose 1 phosphate
半慢胰岛素	Insulin semilente
半慢胰島素	Insulin semilente
单不饱和型	monounsaturated
单个核细胞	Mononuclear cells
单乙酰吗啡	6-Monoacetylmorphine
单价电解质	Electrolytes 3
单端孢霉烯	Trichothecene
单胺氧化酶	Monoamine oxidase
南美白对虾	Litopenaeus vannamei
南美白對蝦	Litopenaeus vannamei
南非无须鳕	Merluccius capensis
南非無須鱈	Merluccius capensis
博德特菌属	Bordetella
博德特菌屬	Bordetella
卟啉类成分	Porphyrin fractions
卟啉類成分	Porphyrin fractions
卡他莫拉菌	Moraxella catarrhalis
卡副本附加	Member ID card copy attachment
卵形疟原虫	Plasmodium ovale
卵形瘧原蟲	Plasmodium ovale
卵形紅細胞	Ovalocytes
卵形红细胞	Ovalocytes
卵泡刺激素	Follicle stimulating hormone FSH
卵类粘蛋白	Ovomucoid
卵類粘蛋白	Ovomucoid
厂商序列号	Vendor serial number
压力平均值	Pressure mean
压力性损伤	pressure injury
压力最大值	Pressure max
压力点代码	Pressure spot code
压力点文本	Pressure spot text
原位黑素瘤	Melanoma in situ
原单核细胞	Monoblasts
原发性肿瘤	Primary tumor
原單核細胞	Monoblasts
原始粒細胞	Myeloblasts
原始粒细胞	Myeloblasts
原巨核細胞	Megakaryoblasts
原巨核细胞	Megakaryoblasts
原發性腫瘤	Primary tumor
原肌球蛋白	Tropomyosin
去甲丙咪嗪	Desipramine
去甲可待因	Norcodeine
去甲吐根碱	Cephaeline
去甲吐根鹼	Cephaeline
去甲基安定	Nordiazepam
去甲氧安定	Demoxepam
去甲羟安定	Oxazepam
去甲羥安定	Oxazepam
去甲苯福林	Norfenefrine
去甲金霉素	Demeclocycline
去甲金黴素	Demeclocycline
去甲麻黃鹼	Phenylpropanolamine
去甲麻黄碱	Phenylpropanolamine
参考核苷酸	Reference nucleotide
參考核苷酸	Reference nucleotide
双孢子球虫	Coccidia
双氢宝丹酮	Dihydroboldenone
双氯青霉素	Dicloxacillin
反丁烯二酸	Fumarate
反咬合牙齒	Crossbite teeth
反咬合牙齿	Crossbite teeth
反射应激性	Reflex irritability
反射應激性	Reflex irritability
反应性评估	Responsiveness assessment
反應性評估	Responsiveness assessment
反流口面积	Regurgitant orifice area
反流口面積	Regurgitant orifice area
反苯环丙胺	Tranylcypromine
反苯環丙胺	Tranylcypromine
发现镶嵌性	Mosaicism detected
发癣菌之后	1ml trichophyton ID
发酵支原体	Mycoplasma fermentans
受体阻滞剂	Beta blockers
受體阻滯劑	Beta blockers
口形紅細胞	Stomatocytes
口形红细胞	Stomatocytes
口蹄疫病毒	Foot and mouth disease virus
古柯鹼組套	Cocaine
另丁巴比妥	Butabarbital
可卡因组套	Cocaine
可变核苷酸	Variable nucleotide
可用牙間隙	Tooth space available
可用牙间隙	Tooth space available
可能的损伤	Possible injury
可能的損傷	Possible injury
可變核苷酸	Variable nucleotide
右佐匹克隆	Eszopiclone
右旋苯丙胺	Dextroamphetamine
司可巴比妥	Secobarbital
同型瓜氨酸	Homocitrulline
同型胱氨酸	Homocystine
同心毛癣菌	Trichophyton concentricum
同心毛癬菌	Trichophyton concentricum
后前位视图	View PA 45 degree flexion
后叶加压素	Vasopressin
吐綬雞羽毛	Turkey feather
吐绶鸡羽毛	Turkey feather
向日葵种子	Helianthus annuus seed
向日葵種子	Helianthus annuus seed
吗乙苯吡酮	Doxapram
吡啶斯的明	Pyridostigmine
吡氯下氧胺	Carbinoxamine
吡甲四环素	Rolitetracycline
吡甲四環素	Rolitetracycline
含鐵血黃素	Hemosiderin
含铁血黄素	Hemosiderin
听力学检查	Audiology study
周期性腿动	periodic leg movement PLM PLMS
周期性腿動	periodic leg movement PLM PLMS
呼吸机类型	Ventilator type
呼吸機類型	Ventilator type
呼吸波振幅	Respiratory wave amplitude
呼吸音位置	Breath sounds location
呼肠孤病毒	Reovirus
呼腸孤病毒	Reovirus
和抗体组套	Neonatal ABORh & Ab antibody
和抗體組套	Neonatal ABORh & Ab antibody
咖啡因摄入	Caffeine intake
咖啡因攝入	Caffeine intake
咪唑硫嘌呤	azaTHIOprine
哪些清洗液	Which cleaning solutions
唾液鏈球菌	Streptococcus salivarius
唾液链球菌	Streptococcus salivarius
啮蚀艾肯菌	Eikenella corrodens
啼哭或烦躁	crying or irritability
啼哭或煩躁	crying or irritability
喙突蠕孢菌	Setomelanomma rostrata
單不飽和型	monounsaturated
單乙醯嗎啡	6-Monoacetylmorphine
單個核細胞	Mononuclear cells
單價電解質	Electrolytes 3
單端孢黴烯	Trichothecene
單胺氧化酶	Monoamine oxidase
嗅神經檢查	Olfactory nerve (CNI) exam
嗅神经检查	Olfactory nerve (CNI) exam
嗎乙苯吡酮	Doxapram
嗜热放线菌	Thermophilic Actinomycetes
嗜熱放線菌	Thermophilic Actinomycetes
嗜碱性点彩	Basophilic stippling
嗜肺军团菌	Legionella pneumophila
嗜肺軍團菌	Legionella pneumophila
嗜鹼性點彩	Basophilic stippling
噻吩甲苯胺	Methapyrilene
囊性纖維化	Cystic fibrosis
囊性纤维化	Cystic fibrosis
四季秋海棠	Begonia semperflorens
四氢可的松	Tetrahydrocortisone+tetrahydrocortisol+5-alpha tetrahydrocortisol
四氢大麻酚	Tetrahydrocannabinol
四氢皮质酮	Tetrahydrocorticosterone
四氢皮质醇	5-Alpha tetrahydrocortisol
四氫可的松	Tetrahydrocortisone+tetrahydrocortisol+5-alpha tetrahydrocortisol
四氫大麻酚	Tetrahydrocannabinol
四氫皮質酮	Tetrahydrocorticosterone
四氫皮質醇	5-Alpha tetrahydrocortisol
因子多聚体	von Willebrand factor multimers
因子多聚體	von Willebrand factor multimers
固醇类模式	Sterols pattern
固醇類模式	Sterols pattern
图像标识符	Image ID
圖像標識符	Image ID
在何处执行	Where performed
在何處執行	Where performed
在分娩之后	post partum
在分娩之後	post partum
在剂量之后	4H post dose
在劑量之後	4H post dose
在妊娠之前	pre pregnancy
在微环境中	in microenvironment
在微環境中	in microenvironment
在性交之后	post coitus
在性交之後	post coitus
在排尿之前	pre void
在排尿之后	post void
在排尿之後	post void
在採集之後	30M post collection
在沉淀之后	post precipitation
在沉澱之後	post precipitation
在治疗之前	pre treatment
在治疗之后	post treatment
在治療之前	pre treatment
在治療之後	post treatment
在洗涤之前	pre washing
在洗涤之后	post washing
在洗滌之前	pre washing
在洗滌之後	post washing
在浓缩之后	post
在濃縮之後	post
在皮內注射	2D post 0
在皮内注射	2D post 0
在移植之后	post transplant
在移植之後	post transplant
在輸注之前	pre infusion
在輸注之後	post infusion
在輸血之前	pre transfusion
在輸血之後	post transfusion
在输注之前	pre infusion
在输注之后	post infusion
在输血之前	pre transfusion
在输血之后	post transfusion
在运动之前	pre exercise
在进餐之前	pre-meal
在透析之前	pre dialysis
在透析之后	post dialysis
在透析之後	post dialysis
在進餐之前	pre-meal
在運動之前	pre exercise
在采集之后	30M post collection
地中海柏树	Cupressus sempervirens
地中海柏樹	Cupressus sempervirens
地中海粉螟	Ephestia kuehniella
地氟醚設置	Desflurane setting
地氟醚设置	Desflurane setting
地氟醚靶值	Desflurane target
地氯雷他定	Desloratadine
地生隐球菌	Cryptococcus terreus
地生隱球菌	Cryptococcus terreus
坏死梭杆菌	Fusobacterium necrophorum
坐位至立位	Sit to stand
型亚洲亚型	Influenza virus A H5 Asian
型亞洲亞型	Influenza virus A H5 Asian
型前胶原肽	Procollagen type I
型前膠原肽	Procollagen type I
型变种亚型	B variant subtype
型噻奈普汀	Tianeptine-MC5
型抗原組套	Influenza virus A & B
型抗原组套	Influenza virus A & B
型淋巴細胞	Lymphocytes B
型淋巴细胞	Lymphocytes B
型疱疹病毒	Herpes virus 8
型皰疹病毒	Herpes virus 8
型變種亞型	B variant subtype
埃博拉病毒	Ebola virus
城乡连续体	RuralUrban continuum 2000
城鄉連續體	RuralUrban continuum 2000
執行實驗室	Performing laboratory
基因型分型	HIV genotype
基因型分析	HIV genotype
基因型定型	HIV genotype
基因外显子	WT1 gene exon 1+2 transcript
基因外顯子	WT1 gene exon 1+2 transcript
基因标识符	Gene identifier
基因標識符	Gene identifier
基銨化合物	Quaternary ammonium compound
基铵化合物	Quaternary ammonium compound
報告標識符	Report identifier
報告者信息	Reporter information
塔希納病毒	Tahyna virus
塔希纳病毒	Tahyna virus
塞妥珠单抗	Certolizumab
塞妥珠單抗	Certolizumab
墨西哥辣椒	Pepper jalapeno
壓力平均值	Pressure mean
壓力性損傷	pressure injury
壓力最大值	Pressure max
壓力點代碼	Pressure spot code
壓力點文本	Pressure spot text
壞死梭桿菌	Fusobacterium necrophorum
壳三糖苷酶	Chitotriosidase
复苏器类型	Rescuscitator types
外上区厚度	outer superior subfield thickness
外上區厚度	outer superior subfield thickness
外下区厚度	outer inferior subfield thickness
外下區厚度	outer inferior subfield thickness
外源动态性	extrinsic dynamic
外源動態性	extrinsic dynamic
外科併發症	Surgical complication
外科并发症	Surgical complication
外部斜位片	View Judet external oblique
外部标识符	external Identifier
外部標識符	external Identifier
多不飽和型	polyunsaturated
多不饱和型	polyunsaturated
多媒体内容	Multimedia content
多媒體內容	Multimedia content
多巴胺受体	Dopamine receptor D2 long
多巴胺受體	Dopamine receptor D2 long
多巴脫羧酶	L-dopa decarboxylase
多巴脱羧酶	L-dopa decarboxylase
多巴酚丁胺	DOBUTamine
多年生豚草	Ambrosia psilostachya
多氯代联苯	Polychlorinated biphenyl
多氯代聯苯	Polychlorinated biphenyl
多育賽多孢	Scedosporium prolificans
多育赛多孢	Scedosporium prolificans
多药耐药性	multiple drug resistance
多藥耐藥性	multiple drug resistance
多重耐药性	multidrug resistant
多重耐藥性	multidrug resistant
多重視圖與	Views AP + Y
多重视图与	Views AP + Y
大麻环己醇	Cannabicyclohexanol
大麻環己醇	Cannabicyclohexanol
大麻类阳性	Cannabinoids positive
大麻類陽性	Cannabinoids positive
天門冬氨酸	Aspartate
天门冬氨酸	Aspartate
太平洋荚蛏	Siliqua patula
太平洋莢蟶	Siliqua patula
太平洋鯖魚	Scomber japonicus
太平洋鲭鱼	Scomber japonicus
头孢泊肟酯	Cefpodoxime
头孢羟氨苄	Cefadroxil
奥氮平组套	OLANZapine
奧氮平組套	OLANZapine
好食脈孢菌	Neurospora sitophila
好食脉孢菌	Neurospora sitophila
妊娠併發症	Pregnancy complication
妊娠并发症	Pregnancy complication
妊娠或哺乳	Pregnant or nursing
姿势性震颤	Postural tremor
姿勢性震顫	Postural tremor
婴儿室记录	Nursery records
婴儿期期间	during infancy
嬰兒室記錄	Nursery records
嬰兒期期間	during infancy
子宫旁受累	Parametrial involvement
子宫颈厚度	Cervical thickness
子宫颈粘液	Cervical mucus
子宮旁受累	Parametrial involvement
子宮頸厚度	Cervical thickness
子宮頸粘液	Cervical mucus
孕烷二醇酮	Pregnanediolone
安氟醚設置	Enflurane setting
安氟醚设置	Enflurane setting
安氟醚靶值	Enflurane target
宋內志賀菌	Shigella sonnei
宋内志贺菌	Shigella sonnei
完整的口器	Mouth intact
实验室检查	Laboratory studies
实验室注释	Laboratory comment
室管膜細胞	Ependymal cells
室管膜细胞	Ependymal cells
宫颈黏液丝	Spinnbarkeit
宮頸黏液絲	Spinnbarkeit
家族史記錄	Family history notes
家族史记录	Family history notes
寡克隆区带	oligoclonal bands
寡克隆區帶	oligoclonal bands
實驗室檢查	Laboratory studies
實驗室注釋	Laboratory comment
对比敏感度	Contrast sensitivity
对氨基苯酚	Para aminophenol
对氯苯丁胺	Chlorphentermine
对治疗满意	Satisfied with treatment
对照转录物	control transcript
导管内范围	DCIS intraductal extension
對比敏感度	Contrast sensitivity
對氨基苯酚	Para aminophenol
對氯苯丁胺	Chlorphentermine
對治療滿意	Satisfied with treatment
對照轉錄物	control transcript
導管內範圍	DCIS intraductal extension
小叶原位癌	Lobular carcinoma in situ
小巨核細胞	Micromegakaryocytes
小巨核细胞	Micromegakaryocytes
小时之后于	5 day high dose q6h
小時之後於	5 day high dose q6h
小管基底膜	Tubular basement membrane
小花假苍耳	Iva axillaris
小花假蒼耳	Iva axillaris
小葉原位癌	Lobular carcinoma in situ
尖端賽多孢	Scedosporium apiospermum
尖端赛多孢	Scedosporium apiospermum
就业净收入	Employment net income
就业状况史	History of employment status
就業淨收入	Employment net income
就業狀況史	History of employment status
尼泊金丙酯	Propylparaben
尿嘧啶核苷	Uridine
尿沉渣注释	Urine sediment comments
尿沉渣注釋	Urine sediment comments
尿素氮注释	Urea nitrogen comment
尿素氮注釋	Urea nitrogen comment
尿素酶抗体	Helicobacter pylori urease antibody
尿素酶抗體	Helicobacter pylori urease antibody
尿酸鈉結晶	Sodium urate crystals
尿酸銨結晶	Ammonium urate crystals
尿酸钠结晶	Sodium urate crystals
尿酸铵结晶	Ammonium urate crystals
局部淋巴結	Regional lymph nodes
局部淋巴结	Regional lymph nodes
居住地經度	Longitude for the residence
居住地緯度	Latitude for the residence
居住地纬度	Latitude for the residence
居住地经度	Longitude for the residence
屈光度注释	Refraction comment
屈光度注釋	Refraction comment
屈光度测定	Refractive measurements
屈光度測定	Refractive measurements
屈光度类型	Refraction type
屈光度類型	Refraction type
山羊奶奶酪	Goat milk cheese
山羊痘病毒	Capripox virus
岩藻糖苷酶	Alpha fucosidase
嵌沙样病毒	Arenavirus
嵌沙樣病毒	Arenavirus
巖藻糖苷酶	Alpha fucosidase
工业暴露史	Industrial exposure
工作时间表	Work schedule
工作時間表	Work schedule
工業暴露史	Industrial exposure
左乙拉西坦	levETIRAcetam
左旋苯丙胺	Levoamphetamine
左氧氟沙星	levoFLOXacin
左苯异丙胺	Levoamphetamine
左苯異丙胺	Levoamphetamine
巨成紅細胞	Megaloblasts
巨成红细胞	Megaloblasts
巨細胞病毒	Cytomegalovirus CMV
巨细胞病毒	Cytomegalovirus CMV
差异脲原体	Ureaplasma diversum
差異脲原體	Ureaplasma diversum
己烯酰肉碱	Hexenoylcarnitine (C6:1)
己烯醯肉鹼	Hexenoylcarnitine (C6:1)
己酮可可碱	Pentoxifylline
己酮可可鹼	Pentoxifylline
己酰甘氨酸	Hexanoylglycine
己醯甘氨酸	Hexanoylglycine
已二酰肉碱	Adipoylcarnitine (C6-DC)
已二醯肉鹼	Adipoylcarnitine (C6-DC)
已分发数量	Quantity distributed
已分發數量	Quantity distributed
已執行檢測	Test performed
已执行检测	Test performed
已检测人员	People tested
已檢測人員	People tested
已测量体温	Temperature taken
已測量體溫	Temperature taken
已輸注體積	Infused volume
已输注体积	Infused volume
已配发数量	Amount dispensed
已配發數量	Amount dispensed
巴尔马干酪	Cheese parmesan
巴比妥酸类	Barbiturates
巴比妥酸類	Barbiturates
巴爾馬乾酪	Cheese parmesan
巴西坚果树	Rubber tree brazilian
巴西堅果樹	Rubber tree brazilian
布汪巴病毒	Bwamba virus
干扰素本底	Gamma interferon background
干细胞移植	Stem cell transplantation
并发症类型	Type of complication
并发症组套	Complications
幹擾素本底	Gamma interferon background
幹細胞移植	Stem cell transplantation
幼单核细胞	Promonocytes
幼單核細胞	Promonocytes
幼巨核細胞	Promegakaryocytes
幼巨核细胞	Promegakaryocytes
幽門螺桿菌	Helicobacter pylori H pylori
幽门螺杆菌	Helicobacter pylori H pylori
广场恐怖症	Agoraphobias
广泛的妄想	Widespread delusions
庚二酰肉碱	Pimeloylcarnitine (C7-DC)
庚二醯肉鹼	Pimeloylcarnitine (C7-DC)
度匹魯單抗	Dupilumab
度匹鲁单抗	Dupilumab
度多重視圖	Views 90 degree abduction
度多重视图	Views 90 degree abduction
度硫平亚砜	Dothiepin sulfoxide
度硫平亞碸	Dothiepin sulfoxide
廠商序列號	Vendor serial number
廣場恐怖症	Agoraphobias
廣泛的妄想	Widespread delusions
延胡索酸酶	Fumarase
开咬合牙齿	Openbite teeth
异丁基甲醇	Isobutylcarbinol
异丁酰肉碱	Butyrylcarnitine+Isobutyrylcarnitine (C4)
异丁酰辅酶	Isobutyryl-CoA dehydrogenase deficiency
异位妊娠和	Ectopic pregnancy &or abortion
异嗜白细胞	Heterophils
异常染色质	abnormal chromatin
异常血细胞	Abnormal blood cells
异形血小板	Bizarre platelets
异戊巴比妥	Amobarbital
异戊酰肉碱	Isovalerylcarnitine (C5)
异戊酸血症	Isovaleric acidemia
异氟醚设置	Isoflurane setting
异氟醚靶值	Isoflurane target
异硝基丙烷	2-Nitropropane
异麦芽糖酶	Isomaltase
引流液描述	Drainage description
引流液数量	Drainage amount
引流液數量	Drainage amount
引流管編號	Drain number
引流管编号	Drain number
弗吉尼亚栎	Quercus virginiana
弯曲的中片	bent midpiece
弹丸剂类型	Bolus type
弹性蛋白酶	Elastase
彈丸劑類型	Bolus type
彈性蛋白酶	Elastase
彎曲的中片	bent midpiece
当前的胎儿	current fetus
当时我高兴	I was happy
後前位視圖	View PA 45 degree flexion
後葉加壓素	Vasopressin
復甦器類型	Rescuscitator types
循环数设置	Cycles setting
循環數設置	Cycles setting
微孢子虫属	Microsporidia sp 18S
微孢子虫病	Microsporidia
微孢子蟲屬	Microsporidia sp 18S
微孢子蟲病	Microsporidia
微小根毛霉	Rhizomucor pusillus
微小根毛黴	Rhizomucor pusillus
微小脲原体	Ureaplasma parvum
微小脲原體	Ureaplasma parvum
微弱結合型	weakly bound
微弱结合型	weakly bound
微摩鈹刺激	10 umol beryllium stimulation
微摩铍刺激	10 umol beryllium stimulation
微生物管型	Microorganism casts
微細小病毒	Parvovirus B19
微细小病毒	Parvovirus B19
微量白蛋白	Microalbumin
微阵列平台	Microarray platform
微陣列平臺	Microarray platform
心內膜面積	Endocardial area
心内膜面积	Endocardial area
心前区导联	precordial lead
心前區導聯	precordial lead
心外膜面积	Epicardial area
心外膜面積	Epicardial area
心室內傳導	Intraventricular conduction
心室内传导	Intraventricular conduction
心电图印象	EKG impression
心电图导联	Electrocardiograph lead
心电图检查	EKG study
心脏收缩期	Systole 2
心脏舒张期	diastole
心臟收縮期	Systole 2
心臟舒張期	diastole
心血管疾病	Cardiovascular disease 10Y risk
心血管評估	Cardiovascular assessment
心血管评估	Cardiovascular assessment
心電圖印象	EKG impression
心電圖導聯	Electrocardiograph lead
心電圖檢查	EKG study
志賀樣毒素	Shiga toxin stx
志贺样毒素	Shiga toxin stx
急診科問題	ED problem
急診科就診	Emergency department visits
急診科結局	ED outcome
急診科診斷	ED diagnosis
急診科護士	ED nurse
急诊科就诊	Emergency department visits
急诊科护士	ED nurse
急诊科结局	ED outcome
急诊科诊断	ED diagnosis
急诊科问题	ED problem
总 脂肪酸	Fatty acids Moles volume Serum Plasma
总差值评分	Summed difference score
总睡眠时间	total sleep time TST
总负荷评分	Summed stress score
总静息评分	Summed rest score
总风险评分	Total risk score
息止頜間隙	Freeway space
息止颌间隙	Freeway space
息肉茎长度	Polyp stalk length
息肉莖長度	Polyp stalk length
恶性疟原虫	Plasmodium falciparum
患者已恢复	Patient recovered
患者已恢復	Patient recovered
患者标识符	Patient ID
患者標識符	Patient ID
患者目的地	patient destination
惡性瘧原蟲	Plasmodium falciparum
意大利蜜蜂	Apis mellifera
意大利雪松	Cedar italian
意式玉米粥	Polenta
慢性疾病和	Chronic diseases &or immunodeficiency
慢性病标志	Chronic illness indicator
慢性病標誌	Chronic illness indicator
戈利木单抗	Golimumab
戈利木單抗	Golimumab
戈登鏈球菌	Streptococcus gordonii
戈登链球菌	Streptococcus gordonii
戊酰甘氨酸	Valerylglycine
戊醯甘氨酸	Valerylglycine
我喜欢冒险	I enjoy taking risks
我喜歡冒險	I enjoy taking risks
我想要滑水	I would like water skiing
我想要跳伞	I would like parachute jumping
我想要跳傘	I would like parachute jumping
我感到悲伤	I felt sad
我感到悲傷	I felt sad
我担心未来	I worry about the future
我擔心未來	I worry about the future
我紧张不安	I am nervous
我緊張不安	I am nervous
我过得愉快	I had a good time
我過得愉快	I had a good time
房室結動脈	Atrioventricular nodal artery
房室结动脉	Atrioventricular nodal artery
扁叶香子兰	Vanilla planifolia
扁枝衣霉素	Everninomicin
扁枝衣黴素	Everninomicin
扁桃体宽度	Tonsilar width
扁桃體寬度	Tonsilar width
扁葉香子蘭	Vanilla planifolia
手术中总计	total intraoperative
手術中總計	total intraoperative
执行实验室	Performing laboratory
批配送数据	Lot distribution data
批配送數據	Lot distribution data
技师标识符	Technician ID
技師標識符	Technician ID
抑郁症评分	Depression score
抑鬱症評分	Depression score
抗利尿药物	Antidiuretics
抗利尿藥物	Antidiuretics
抗原刺激性	CMV antigen stimulated CD107a+b expressing
抗原变异型	D variant
抗原變異型	D variant
抗精神病药	Antipsychotics
抗精神病藥	Antipsychotics
抗胰蛋白酶	Alpha 1 antitrypsin
抗补体活性	Anticomplementary
抗補體活性	Anticomplementary
报告标识符	Report identifier
报告者信息	Reporter information
拉沙裡菌素	Lasalocid
拉沙里菌素	Lasalocid
拱殖嗜渣螨	Chortoglyphus arcuatus
拱殖嗜渣蟎	Chortoglyphus arcuatus
捐贈的卵子	Donated egg
捐赠的卵子	Donated egg
排便規律性	Bowel movement regularity
排便规律性	Bowel movement regularity
採用伸展位	W extension
採用呼吸機	on ventilator
採用對比劑	W contrast
採用屈曲位	W flexion
採用直立位	W standing
採集標本時	when specimen taken
探診時出血	Bleeding on probing
探诊时出血	Bleeding on probing
提綱式報告	Synoptic report
提纲式报告	Synoptic report
摄入蔬菜和	Vegetable &or fruit frequency
摩根摩根菌	Morganella morganii
操作併發症	Procedure complication
操作同意书	Procedure consent
操作同意書	Procedure consent
操作后诊断	Postprocedure diagnosis
操作并发症	Procedure complication
操作後診斷	Postprocedure diagnosis
操作植入物	Procedure implants
操作适应症	Procedure indications
操作適應症	Procedure indications
攀登楼层数	Flights climbed
攀登樓層數	Flights climbed
攝入蔬菜和	Vegetable &or fruit frequency
支持面附件	Support surfaces attachment
收縮壓公式	Systolic pressure formula
收縮期均值	Systole 2
收縮期最大	Systole 2
收縮期流量	Systolic flow
收縮末期幀	End-systolic frame
收缩压公式	Systolic pressure formula
收缩期均值	Systole 2
收缩期最大	Systole 2
收缩期流量	Systolic flow
收缩末期帧	End-systolic frame
敏感性組套	HIV susceptibility
敏感性组套	HIV susceptibility
数小时之前	hours ago
数据采集于	Data collected
數小時之前	hours ago
數據採集於	Data collected
断发毛癣菌	Trichophyton tonsurans
新型隐球菌	Cryptococcus neoformans
新型隱球菌	Cryptococcus neoformans
新月弯孢菌	Curvularia lunata
新月彎孢菌	Curvularia lunata
新鏈絲菌素	Neomycin
新链丝菌素	Neomycin
斷髮毛癬菌	Trichophyton tonsurans
旋毛形線蟲	Trichinella spiralis
旋毛形线虫	Trichinella spiralis
无乳支原体	Mycoplasma agalactiae
无乳链球菌	Streptococcus agalactiae
无变更通知	No change notification
无定形头部	amorphous head
无热量份数	Empty calorie servings
日期和时间	Date and time
日期和時間	Date and time
早幼粒細胞	Promyelocytes
早幼粒细胞	Promyelocytes
星座鏈球菌	Streptococcus constellatus
星座链球菌	Streptococcus constellatus
显微镜检查	Microscopic exam
显微镜观察	microscopic observation
晚幼粒細胞	Metamyelocytes
晚幼粒细胞	Metamyelocytes
普托尼他嗪	Protonitazene
普拉佐米星	Plazomicin
普託尼他嗪	Protonitazene
普通无花果	Ficus carica
普通無花果	Ficus carica
普通百裡香	Thymus vulgaris
普通百里香	Thymus vulgaris
普魯卡因胺	Procainamide
普鲁卡因胺	Procainamide
暗綠椎枝孢	Spondylocladium atrovirens
暗绿椎枝孢	Spondylocladium atrovirens
最临近边缘	Closest margin
最佳組織塊	Optimal tissue block
最佳组织块	Optimal tissue block
最大羊水池	largest pocket
最臨近邊緣	Closest margin
最重的胎儿	heaviest fetus
最重的胎兒	heaviest fetus
最長清醒期	Longest period of sobriety
最长清醒期	Longest period of sobriety
會陰墊計數	Perineal pad
月經周期日	Day of menstrual cycle
月经周期日	Day of menstrual cycle
有丝分裂器	Nuclear mitotic apparatus
有丝分裂率	Mitotic rate
有丝分裂象	Mitotic figures
有效反流口	Effective regurgitant orifice area
有效口面积	Effective orifice area
有效口面積	Effective orifice area
有机酸血症	Organic acidemias
有核細胞類	Nucleated cells
有核细胞类	Nucleated cells
有機酸血症	Organic acidemias
有絲分裂器	Nuclear mitotic apparatus
有絲分裂率	Mitotic rate
有絲分裂象	Mitotic figures
朊病毒蛋白	Prion protein
服务接受者	WIC services recipient
服务提供者	Provider
服務接受者	WIC services recipient
服務提供者	Provider
木瓜蛋白酶	Papain
未累及边缘	uninvolved margin
未累及邊緣	uninvolved margin
未經刺激的	unstimulated
未經校正的	uncorrected
未經確認的	unidentified
未經鑑定的	Unidentified
未经刺激的	unstimulated
未经校正的	uncorrected
未经确认的	unidentified
未经鉴定的	Unidentified
未阻塞时的	unobstructed
未阻塞時的	unobstructed
本胆烷醇酮	Etiocholanolone
本膽烷醇酮	Etiocholanolone
机动车位置	Vehicle location
机构数据源	Institution data source
李凡他試驗	Rivalta test
李凡他试验	Rivalta test
李斯特菌属	Listeria sp (tuf)
李斯特菌屬	Listeria sp (tuf)
杜勒氏小体	Dohle body
杜勒氏小體	Dohle body
染色体分析	Chromosome analysis
染色体断裂	Chromosome breakage
染色体重排	Chromosome rearrangement
染色體分析	Chromosome analysis
染色體斷裂	Chromosome breakage
染色體重排	Chromosome rearrangement
柔毛山核桃	Carya tomentosa
柠檬酸合酶	Citrate synthase
柯克斯体属	Coxiella
柯克斯體屬	Coxiella
柯萨奇病毒	Coxsackievirus
柯薩奇病毒	Coxsackievirus
标本完整性	Sample integrity
标本抽取自	Specimen drawn from
样冠状病毒	SARS-related coronavirus N
核糖体蛋白	Phospho-S6 ribosomal protein
核糖核酸酶	Ribonuclease
核糖體蛋白	Phospho-S6 ribosomal protein
核纖層蛋白	Lamin
核纤层蛋白	Lamin
核蛋白表达	Nucleoprotein expression
核蛋白表達	Nucleoprotein expression
根分叉分类	Furcation classification
根分叉分類	Furcation classification
格特隐球菌	Cryptococcus gattii+neoformans
格特隱球菌	Cryptococcus gattii+neoformans
案例标识符	Case identifier
案例標識符	Case identifier
桥粒芯蛋白	Desmoglein 1
梅毒螺旋体	Treponema pallidum
梅毒螺旋體	Treponema pallidum
梅氏嗜霉螨	Euroglyphus maynei
梅氏嗜黴蟎	Euroglyphus maynei
检查的限制	Limitations of examination
检测灵敏度	Assay Sensitivity
棕榈酰肉碱	Palmitoylcarnitine (C16)
棕榈酸底物	palmitate substrate
棕櫚酸底物	palmitate substrate
棕櫚醯肉鹼	Palmitoylcarnitine (C16)
植入物元件	Implant component
植物甲萘醌	Phytonadione
椭圆红细胞	Elliptocytes
槭糖浆尿病	Maple syrup urine disease
槭糖漿尿病	Maple syrup urine disease
標本完整性	Sample integrity
標本抽取自	Specimen drawn from
樣冠狀病毒	SARS-related coronavirus N
橋粒芯蛋白	Desmoglein 1
機動車位置	Vehicle location
機構數據源	Institution data source
橢圓紅細胞	Elliptocytes
檢查的限制	Limitations of examination
檢測靈敏度	Assay Sensitivity
檸檬酸合酶	Citrate synthase
欧洲七叶树	Aesculus hippocastanum
欧洲李花粉	Prunus domestica pollen
欧洲玉黍螺	Littorina littorea
欧洲红豆杉	Taxus baccata
欧洲覆盆子	Rubus idaeus
歐洲七葉樹	Aesculus hippocastanum
歐洲李花粉	Prunus domestica pollen
歐洲玉黍螺	Littorina littorea
歐洲紅豆杉	Taxus baccata
歐洲覆盆子	Rubus idaeus
正常染色質	normal chromatin
正常染色质	normal chromatin
正常紅細胞	Normocytic
正常红细胞	Normocytic
正庚酰肉碱	Heptanoylcarnitine (C7)
正庚醯肉鹼	Heptanoylcarnitine (C7)
正規胰島素	Insulin regular
正规胰岛素	Insulin regular
残粒脂蛋白	Remnant lipoprotein
殘粒脂蛋白	Remnant lipoprotein
殼三糖苷酶	Chitotriosidase
母亲标识符	Mother identifier
母親標識符	Mother identifier
每分鐘吸入	inspired per minute
每分鐘呼出	expired per minute
每分钟吸入	inspired per minute
每分钟呼出	expired per minute
毒理学检查	Toxicology studies
毒理学组套	Toxicology
毒理學檢查	Toxicology studies
毒理學組套	Toxicology
比克替拉韋	Bictegravir
比克替拉韦	Bictegravir
毛地黃毒苷	Digitoxin
毛地黄毒苷	Digitoxin
气肿疽梭菌	Clostridium chauvoei
氟氢可的松	Fludrocortisone
氟氫可的松	Fludrocortisone
氟甲砜霉素	Florfenicol
氟甲碸黴素	Florfenicol
氟羟甲睾酮	Fluoxymesterone
氟羥甲睪酮	Fluoxymesterone
氟联苯丙酸	Flurbiprofen
氟聯苯丙酸	Flurbiprofen
氢化可的松	Hydrocortisone
氢化皮质酮	Hydrocorticosterone
氣腫疽梭菌	Clostridium chauvoei
氨基半乳糖	Galactosamine
氨基水杨酸	Para aminosalicylate
氨基水楊酸	Para aminosalicylate
氨基酮戊酸	Delta aminolevulinate
氨基酸变化	Amino acid change
氨基酸摄入	Amino acid intake
氨基酸模式	Amino acid pattern
氨基酸组套	Amino acids
氨基酸血症	Amino acidemias
氨甲丙二酯	Meprobamate
氨苄青霉素	Ampicillin
氨苄青黴素	Ampicillin
氫化可的松	Hydrocortisone
氫化皮質酮	Hydrocorticosterone
氯化烃组套	Chlorinated hydrocarbon
氯化烴組套	Chlorinated hydrocarbon
氯化物組套	Chloride
氯化物组套	Chloride
氯甲苯噻嗪	Diazoxide
氯苯异丙胺	Chloroamphetamine
氯苯朴尔敏	Chlorpheniramine
氯苯樸爾敏	Chlorpheniramine
氯苯異丙胺	Chloroamphetamine
水杨基肉碱	Salicylcarnitine
水杨酰肉碱	Salicylylcarnitine (Salc)
水楊基肉鹼	Salicylcarnitine
水楊醯肉鹼	Salicylylcarnitine (Salc)
水泡带绦虫	Taenia hydatigena
水泡帶絛蟲	Taenia hydatigena
沒食子丹寧	Gallotannin
没食子丹宁	Gallotannin
油橄榄花粉	Olea europaea pollen
油橄欖花粉	Olea europaea pollen
波深度导联	Q wave depth
波深度導聯	Q wave depth
波电轴正面	P wave axis
波電軸正面	P wave axis
注意力涣散	Distractibility
注意力渙散	Distractibility
活动代谢率	Activity metabolic rate
活动和参与	Activities and participation ICF code
活動代謝率	Activity metabolic rate
活動和參與	Activities and participation ICF code
活化型蛋白	Activated protein C resistance
活組織檢查	Biopsy
活组织检查	Biopsy
活肿瘤细胞	Viable tumor cells
活腫瘤細胞	Viable tumor cells
流产同意书	Abortion consent
流出液压力	Effluent pressure
流出液壓力	Effluent pressure
流感病毒甲	Influenza virus A+B
流產同意書	Abortion consent
流程記錄單	Flowsheet
流程记录单	Flowsheet
浆细胞前体	Plasma cell precursor
浆细胞评估	Plasma cells assessment
浓缩红细胞	Packed erythrocytes
浦肯雅細胞	Purkinje cells
浦肯雅细胞	Purkinje cells
海带二糖苷	Laminaribioside
海帶二糖苷	Laminaribioside
海枣树花粉	Phoenix canariensis pollen
海棗樹花粉	Phoenix canariensis pollen
海鷗彎曲菌	Campylobacter lari
海鸥弯曲菌	Campylobacter lari
涕滅威亞碸	Aldicarb sulfoxide
涕灭威亚砜	Aldicarb sulfoxide
淀粉样小体	Amyloid bodies
淋巴母細胞	Lymphoblasts
淋巴母细胞	Lymphoblasts
淋巴瘤細胞	Lymphoma cells
淋巴瘤組套	Lymphoma
淋巴瘤组套	Lymphoma
淋巴瘤细胞	Lymphoma cells
淋巴結累及	Lymph node involvement
淋巴结累及	Lymph node involvement
淋病奈瑟菌	Neisseria gonorrhoeae
深部腱反射	Deep tendon reflex
混伪品组套	Adulterants
混偽品組套	Adulterants
減慢的活動	Slowed
減速度斜率	Deceleration slope
温度传感器	Temperature sensor
游离型成分	free fractionated
游离型组套	free
游离型肉碱	free (C0)
游離型成分	free fractionated
游離型組套	free
游離型肉鹼	free (C0)
湿化器类型	Humidifier types
溫度傳感器	Temperature sensor
溴吡二氮卓	Bromazepam
溴苯海拉明	Bromodiphenhydramine
溶血性标本	Sample hemolyzed
溶血性標本	Sample hemolyzed
溶血鞘磷脂	Lyso-sphingomyelin
溶酶体酶类	Lysosomal enzymes
溶酶體酶類	Lysosomal enzymes
溼化器類型	Humidifier types
滑膜衬细胞	Synovial lining cells
滑膜襯細胞	Synovial lining cells
漿細胞前體	Plasma cell precursor
漿細胞評估	Plasma cells assessment
潮气量设置	Tidal volume setting
潮氣量設置	Tidal volume setting
澱粉樣小體	Amyloid bodies
激肽释放酶	Kallikrein
激肽釋放酶	Kallikrein
濃縮紅細胞	Packed erythrocytes
灌注类多层	Multisection perfusion
灌注類多層	Multisection perfusion
火雞支原體	Mycoplasma meleagridis
火鸡支原体	Mycoplasma meleagridis
灰葡萄孢菌	Botrytis cinerea
烟草吸食者	tobacco smoker
热不稳定型	heat labile
热不稳定性	thermolabile
热带无爪螨	Blomia tropicalis
热缺血时间	Warm ischemic time
烯醇化酶肽	Citrullinated alpha enolase peptide 1
無乳支原體	Mycoplasma agalactiae
無乳鏈球菌	Streptococcus agalactiae
無定形頭部	amorphous head
無熱量份數	Empty calorie servings
無變更通知	No change notification
焦慮症評分	Anxiety score
焦虑症评分	Anxiety score
煮沸的牛奶	Cow milk boiled
熊去氧胆酸	Ursodeoxycholate
熊去氧膽酸	Ursodeoxycholate
熱不穩定型	heat labile
熱不穩定性	thermolabile
熱帶無爪蟎	Blomia tropicalis
熱缺血時間	Warm ischemic time
父亲标识符	Father identifier
父親標識符	Father identifier
牙周病風險	Peridontal risk
牙周病风险	Peridontal risk
牙槽嵴创伤	Alveolar ridge trauma
牙槽嵴創傷	Alveolar ridge trauma
牙科操作史	Dental procedure
牙間隙差異	Tooth space discrepancy
牙间隙差异	Tooth space discrepancy
牙阻生位置	Tooth impaction position
牛乳鐵蛋白	Lactoferrin bovine
牛乳铁蛋白	Lactoferrin bovine
牛冠状病毒	Bovine coronavirus
牛冠狀病毒	Bovine coronavirus
牛型支原体	Mycoplasma bovis
牛型支原體	Mycoplasma bovis
牛巴貝斯蟲	Babesia bovis
牛巴贝斯虫	Babesia bovis
牛疱疹病毒	Bovine herpesvirus 1
牛皰疹病毒	Bovine herpesvirus 1
牛磺石胆酸	Taurolithocholate
牛磺石膽酸	Taurolithocholate
牛細小病毒	Bovine parvovirus
牛细小病毒	Bovine parvovirus
牛輪狀病毒	Bovine rotavirus
牛轮状病毒	Bovine rotavirus
物質標識符	Substance identifier
物质标识符	Substance identifier
特异性阻力	Specific resistance
特慢胰岛素	Insulin ultralente
特慢胰島素	Insulin ultralente
特殊弯孢菌	Curvularia specifera
特殊彎孢菌	Curvularia specifera
特異性阻力	Specific resistance
犬冠状病毒	Canine coronavirus
犬冠狀病毒	Canine coronavirus
犬副痘病毒	Caprine parapoxvirus
犬埃立克体	Ehrlichia canis
犬埃立克體	Ehrlichia canis
犬小孢子菌	Microsporum canis
犬巴貝斯蟲	Babesia canis
犬巴贝斯虫	Babesia canis
犬弓首線蟲	Toxocara canis
犬弓首线虫	Toxocara canis
犬新孢子虫	Neospora caninum
犬新孢子蟲	Neospora caninum
犬疱疹病毒	Canine herpesvirus
犬瘟热病毒	Canine distemper virus
犬瘟熱病毒	Canine distemper virus
犬皰疹病毒	Canine herpesvirus
犬細小病毒	Canine parvovirus
犬细小病毒	Canine parvovirus
狂犬病病毒	Rabies virus
狗上皮細胞	Dog epithelium
狗上皮细胞	Dog epithelium
狗毛屑抗体	Dog dander
狗毛屑抗體	Dog dander
狭叶熏衣草	Lavandula angustifolia
狹葉燻衣草	Lavandula angustifolia
猪上皮细胞	Swine epithelium
猪去氧胆酸	Hyodeoxycholate
猪圆环病毒	Porcine circovirus
猪捷申病毒	Porcine teschovirus
猪放线杆菌	Actinobacillus suis
猪细小病毒	Porcine parvovirus
猪肠道病毒	Porcine enterovirus
猪轮状病毒	Porcine rotavirus
猪鼻支原体	Mycoplasma hyorhinis
猫冠状病毒	Feline coronavirus
猫合胞病毒	Feline syncytial virus
猫弓首线虫	Toxocara cati
猫杯状病毒	Feline calicivirus
猫疱疹病毒	Feline herpesvirus 1
猫阿菲波菌	Afipia felis
猴上皮細胞	Monkey epithelium
猴上皮细胞	Monkey epithelium
玉蜀黍淀粉	Zea mays starch
玉蜀黍澱粉	Zea mays starch
玉蜀黍花粉	Zea mays pollen
环庚基肉碱	Suberylcarnitine (C8-DC)
环形泰勒虫	Theileria annulata
环形红细胞	Anulocytes
环氧苯乙烯	Styrene-7,8-Oxide
环瓜氨酸肽	Cyclic citrullinated peptide
现场的单元	Unit on scene
现时吸烟者	Current smoker
珊瑚状纤维	Coral fibers
珊瑚狀纖維	Coral fibers
現場的單元	Unit on scene
現時吸菸者	Current smoker
球形紅細胞	Spherocytes
球形红细胞	Spherocytes
琥珀酰丙酮	Succinylacetone
琥珀酰嘌呤	Succinylpurines
琥珀酰胆碱	Succinylcholine
琥珀酰腺苷	Succinyladenosine
琥珀醯丙酮	Succinylacetone
琥珀醯嘌呤	Succinylpurines
琥珀醯腺苷	Succinyladenosine
琥珀醯膽鹼	Succinylcholine
瑞士硬干酪	Cheese swiss
瑞士硬幹酪	Cheese swiss
瑞斯托菌素	Ristocetin
瑞斯託菌素	Ristocetin
瑞莎珠单抗	Risankizumab
瑞莎珠單抗	Risankizumab
環庚基肉鹼	Suberylcarnitine (C8-DC)
環形泰勒蟲	Theileria annulata
環形紅細胞	Anulocytes
環氧苯乙烯	Styrene-7,8-Oxide
環瓜氨酸肽	Cyclic citrullinated peptide
瓜綠椎枝孢	Spondylocladium citrovirens
瓜绿椎枝孢	Spondylocladium citrovirens
甘比耳氏栎	Quercus gambelii
甘比耳氏櫟	Quercus gambelii
甘氏巨螯蟹	Macrocheira kaempferi
甘氨石胆酸	Glycolithocholate
甘氨石膽酸	Glycolithocholate
甘氨酸受体	Glycine receptor
甘氨酸受體	Glycine receptor
甘蔗莱西菌	Laceyella sacchari
甘蔗萊西菌	Laceyella sacchari
甘露二糖苷	Mannobioside
生殖支原体	Mycoplasma genitalium
生殖支原體	Mycoplasma genitalium
生育力检查	Fertility studies
生育力檢查	Fertility studies
生長抑制素	Somatostatin
生長發育史	Growth+Development
生长发育史	Growth+Development
生长抑制素	Somatostatin
產生型細菌	Bacteria producing coagulase+protein A
產科學檢查	Obstetrical studies
產科學組套	Obstetric 1996
產褥期狀態	Puerperium status
用力肺活量	Forced vital capacity FVC
用戶標識符	User ID
用户标识符	User ID
甲基丙二酸	Methylmalonate
甲基丙烯酸	Methylacrylate
甲基乙酰胺	N-methylacetamide
甲基乙醯胺	N-methylacetamide
甲基內吸磷	Metasystox
甲基内吸磷	Metasystox
甲基对硫磷	Methyl parathion
甲基對硫磷	Methyl parathion
甲基柠檬酸	2-Methylcitrate
甲基檸檬酸	2-Methylcitrate
甲基特丁酯	Methyl tert-butyl ether
甲基琥珀酸	Methylsuccinate
甲基甲酰胺	Methyl formamide
甲基甲醯胺	Methyl formamide
甲基盐霉素	Narasin
甲基粪卟啉	Methcoproporphyrin
甲基糞卟啉	Methcoproporphyrin
甲基芬太尼	Methylfentanyl
甲基苯丙胺	Methamphetamine
甲基馬尿酸	Methylhippurate
甲基马尿酸	Methylhippurate
甲基鹽黴素	Narasin
甲基麻黃鹼	MethylePHEDrine
甲基麻黄碱	MethylePHEDrine
甲氧基乙醇	2-Methoxyethanol
甲氧异丁嗪	Methotrimeprazine
甲氧滴滴涕	Methoxychlor
甲氧異丁嗪	Methotrimeprazine
甲氧萘丙酸	Naproxen
甲氧酪氨酸	3-Methoxytyramine
甲氧非那明	Methoxyphenamine
甲氧麻黃酮	Mephedrone
甲氧麻黄酮	Mephedrone
甲氨二氮卓	chlordiazePOXIDE
甲氯芬那酸	Meclofenamate
甲烯土霉素	Methacycline
甲烯土黴素	Methacycline
甲状旁腺素	Parathyrin
甲状腺胶质	Thyroid colloidal
甲狀旁腺素	Parathyrin
甲狀腺膠質	Thyroid colloidal
甲砜氯霉素	Thiamphenicol
甲碸氯黴素	Thiamphenicol
甲苯巴比妥	Mephobarbital
甲苯磺丁脲	TOLBUTamide
甲苯酰吡酸	Tolmetin
甲苯醯吡酸	Tolmetin
电影型多层	Multisection cine
电抗相位角	Phase angle Xc
电解质三项	Electrolytes 3
电解质组套	Electrolytes
甾醇类组套	Sterols
甾醇類組套	Sterols
異丁基甲醇	Isobutylcarbinol
異丁醯肉鹼	Butyrylcarnitine+Isobutyrylcarnitine (C4)
異丁醯輔酶	Isobutyryl-CoA dehydrogenase deficiency
異位妊娠和	Ectopic pregnancy &or abortion
異嗜白細胞	Heterophils
異常染色質	abnormal chromatin
異常血細胞	Abnormal blood cells
異形血小板	Bizarre platelets
異戊巴比妥	Amobarbital
異戊酸血症	Isovaleric acidemia
異戊醯肉鹼	Isovalerylcarnitine (C5)
異氟醚設置	Isoflurane setting
異氟醚靶值	Isoflurane target
異硝基丙烷	2-Nitropropane
異麥芽糖酶	Isomaltase
當前的胎兒	current fetus
當時我高興	I was happy
疟原虫阶段	Plasmodium stage
疣状毛癣菌	Trichophyton verrucosum
疣狀毛癬菌	Trichophyton verrucosum
疫苗接种于	Vaccinated at
疫苗接种史	Immunization
疫苗接種史	Immunization
疫苗接種於	Vaccinated at
病变结束段	Lesion end segment
病变起始段	Lesion start segment
病因学因素	Etiological factors
病因學因素	Etiological factors
病情的原因	Condition cause
病毒細胞核	Epstein Barr virus nuclear
病毒編碼型	Epstein-Barr virus-encoded RNA 1
病毒细胞核	Epstein Barr virus nuclear
病毒编码型	Epstein-Barr virus-encoded RNA 1
病理学发现	Pathologic findings
病理学报告	Path report
病理學報告	Path report
病理學發現	Pathologic findings
病理性管型	Pathologic casts
病變結束段	Lesion end segment
病變起始段	Lesion start segment
症状与疾病	Symptoms & diseases
症狀與疾病	Symptoms & diseases
痢疾志賀菌	Shigella dysenteriae
痢疾志贺菌	Shigella dysenteriae
瘧原蟲階段	Plasmodium stage
癌症討論會	Cancer conference
癌症讨论会	Cancer conference
癸三烯肉碱	Decatrienoylcarnitine (C10:3)
癸三烯肉鹼	Decatrienoylcarnitine (C10:3)
癸二烯二酸	Decadienediate
癸二酰肉碱	Sebacylcarnitine (C10-DC)
癸二醯肉鹼	Sebacylcarnitine (C10-DC)
癸烯酰肉碱	Decenoylcarnitine (C10:1)
癸烯醯肉鹼	Decenoylcarnitine (C10:1)
發現鑲嵌性	Mosaicism detected
發酵支原體	Mycoplasma fermentans
白細胞共同	Leukocyte common
白細胞團塊	Leukocyte clumps
白細胞管型	Leukocyte casts
白細胞計數	Leukocyte count WBC
白細胞酯酶	Leukocyte esterase
白细胞共同	Leukocyte common
白细胞团块	Leukocyte clumps
白细胞管型	Leukocyte casts
白细胞计数	Leukocyte count WBC
白细胞酯酶	Leukocyte esterase
白脸大黄蜂	Dolichovespula maculata
白臉大黃蜂	Dolichovespula maculata
白色念珠菌	Candida albicans
白蛋白目标	Albumin goal
白蛋白目標	Albumin goal
百分比校正	Coagulation
百日咳毒素	pertussis toxin
皮炎芽生菌	Blastomyces dermatitidis
皮肤完整性	Skin integrity
皮膚完整性	Skin integrity
盐生膜荚蒌	Hymenoclea salsola
监督者地址	Supervisor address
监督者姓名	Supervisor name
监督者审核	Supervisor review
监督者职位	Supervisor title
盔状红细胞	Helmet cells
盔狀紅細胞	Helmet cells
監督者地址	Supervisor address
監督者姓名	Supervisor name
監督者審核	Supervisor review
監督者職位	Supervisor title
目的地场所	Destination site
目的地場所	Destination site
直接胆红素	Direct bilirubin DBIL
直接膽紅素	Direct bilirubin DBIL
直立位心率	Orthostatic heart rate
直立位血压	Orthostatic blood pressure
直立位血壓	Orthostatic blood pressure
直肠内多层	Multisection endorectal
直腸內多層	Multisection endorectal
眼球能动性	Ocular motility
眼球能動性	Ocular motility
眼科学检查	Ophthalmology studies
眼科學檢查	Ophthalmology studies
睡眠潛伏期	sleep latency sleep onset latency
睡眠潜伏期	sleep latency sleep onset latency
矢状位半径	Sagittal radius
矢状面体位	Sagittal plane body position
矢狀位半徑	Sagittal radius
矢狀面體位	Sagittal plane body position
矫正起始于	Correction since
短暂热病毒	Ephemeral fever virus
短暫熱病毒	Ephemeral fever virus
短螺旋体属	Brachyspira sp nox
短螺旋體屬	Brachyspira sp nox
矯正起始於	Correction since
矽凝血時間	Silica clotting time
硅凝血时间	Silica clotting time
硝基苯乙酸	4-Hydroxy 3-Nitrophenylacetate
硫代硫酸盐	Thiosulfate
硫代硫酸鹽	Thiosulfate
硫戊巴比妥	Thiamylal
硫血紅蛋白	Sulfhemoglobin
硫血红蛋白	Sulfhemoglobin
硫酸皮肤素	Dermatan sulfate
硫酸皮膚素	Dermatan sulfate
硫酸盐摄入	Sulfate intake
硫酸类肝素	Heparan sulfate
硫酸脑苷脂	Sulfatide
硫酸腦苷脂	Sulfatide
硫酸角質素	Keratan sulfate
硫酸角质素	Keratan sulfate
硫酸軟骨素	Chondroitin sulfate
硫酸软骨素	Chondroitin sulfate
硫酸鈣結晶	Calcium sulfate crystals
硫酸钙结晶	Calcium sulfate crystals
硫酸類肝素	Heparan sulfate
硫酸鹽攝入	Sulfate intake
硬脂酰肉碱	Stearoylcarnitine (C18)
硬脂醯肉鹼	Stearoylcarnitine (C18)
碱性磷酸酶	Alkaline phosphatase ALP
碱性蛋白酶	Alkalase
碳氟化合物	Fluorocarbons
碳水化合物	Carbohydrates
碳酸脫水酶	Carbonate dehydratase
碳酸脱水酶	Carbonate dehydratase
碳酸鈣結晶	Calcium carbonate crystals
碳酸钙结晶	Calcium carbonate crystals
磁共振成像	Magnetic resonance imaging MRI
磷脂酰乙醇	Phosphatidylethanol
磷脂酰甘油	Phosphatidylglycerol
磷脂酰肌醇	Phosphatidylinositol
磷脂酰胆碱	Phosphatidylcholine
磷脂醯乙醇	Phosphatidylethanol
磷脂醯甘油	Phosphatidylglycerol
磷脂醯肌醇	Phosphatidylinositol
磷脂醯膽鹼	Phosphatidylcholine
磷酸丝氨酸	Phosphoserine
磷酸乙醇胺	Phosphoethanolamine
磷酸吡哆醛	Pyridoxal phosphate
磷酸盐目标	Phosphate goal
磷酸盐结晶	Phosphate crystals
磷酸絲氨酸	Phosphoserine
磷酸鈣結晶	Calcium phosphate crystals
磷酸钙结晶	Calcium phosphate crystals
磷酸鹽目標	Phosphate goal
磷酸鹽結晶	Phosphate crystals
磷鎂石結晶	Newberyite crystals
磷镁石结晶	Newberyite crystals
磺基丙氨酸	Cysteate
磺胺异嘧唑	sulfiSOXAZOLE
磺胺氯哒嗪	Sulfachloropyridazine
磺胺氯噠嗪	Sulfachloropyridazine
磺胺甲二唑	Sulfamethizole
磺胺甲噁唑	Sulfamethoxazole
磺胺異嘧唑	sulfiSOXAZOLE
礼节性咨询	Courtesy consultation
社交性增強	Increased sociability
社交性增强	Increased sociability
社交恐怖症	Social phobias
社会功能史	Social function
社会史记录	Social history note
社會功能史	Social function
社會史記錄	Social history note
神經中間絲	Neuronal intermediate filament
神經加壓素	Neurotensin
神經磷脂酶	Acid sphingomyelinase
神經管缺損	Neural tube defect
神經絲中鏈	Neurofilament medium chain
神經絲蛋白	Neuronal thread protein
神經絲重鏈	Neurofilament heavy chain
神經鞘磷脂	Sphingomyelin
神經鞘胺醇	Sphingosine
神经丝中链	Neurofilament medium chain
神经丝蛋白	Neuronal thread protein
神经丝重链	Neurofilament heavy chain
神经中间丝	Neuronal intermediate filament
神经加压素	Neurotensin
神经磷脂酶	Acid sphingomyelinase
神经管缺损	Neural tube defect
神经鞘磷脂	Sphingomyelin
神经鞘胺醇	Sphingosine
禁忌證小節	Contraindications section
禁忌证小节	Contraindications section
福氏志賀菌	Shigella flexneri
福氏志贺菌	Shigella flexneri
禮節性諮詢	Courtesy consultation
禽博德特菌	Bordetella avium
禽类血吸虫	Avian schistosomes
禽類血吸蟲	Avian schistosomes
种族或民族	Race or ethnicity
种间长蠕孢	Helminthosporium interseminatum
科尔比干酪	Cheese colby
科爾比乾酪	Cheese colby
移植物部分	Graft portion
種族或民族	Race or ethnicity
種間長蠕孢	Helminthosporium interseminatum
穀氨酸單鈉	Monosodium glutamate
穀草轉氨酶	Aspartate aminotransferase AST
究竟誰抽菸	Who smokes
究竟谁抽烟	Who smokes
空气幕状态	Air curtain status
空氣幕狀態	Air curtain status
空泡化头部	vacuolated head
空泡化頭部	vacuolated head
空肠弯曲菌	Campylobacter jejuni
空腸彎曲菌	Campylobacter jejuni
穿衣或敷料	Dressing
穿透支原体	Mycoplasma penetrans
穿透支原體	Mycoplasma penetrans
突变泰勒虫	Theileria mutans
突触核蛋白	Alpha synuclein
突触泡蛋白	Synaptophysin
突觸核蛋白	Alpha synuclein
突觸泡蛋白	Synaptophysin
突變泰勒蟲	Theileria mutans
窄苞蒲公英	Taraxacum vulgare
站立或坐直	upright standing sitting
第一个标本	1st specimen
第一個標本	1st specimen
第一副眼鏡	First glasses
第一副眼镜	First glasses
第一見證人	First witness
第一见证人	First witness
第三見證人	Third witness
第三见证人	Third witness
第二个标本	2nd specimen
第二個標本	2nd specimen
第二天上午	9 AM 2nd day specimen
第二見證人	Second witness
第二见证人	Second witness
等效球鏡值	Spherical equivalent
等效球镜值	Spherical equivalent
等臂染色体	Chromosome 12p tetrasomy
等臂染色體	Chromosome 12p tetrasomy
筛查提醒函	Screening reminder letter
筛查类多层	Multisection screening
筛查邀请函	Screening invitation letter
管理类性别	Administrative gender
管理類性別	Administrative gender
管道順應性	Tubing compliance
管道顺应性	Tubing compliance
篩查提醒函	Screening reminder letter
篩查邀請函	Screening invitation letter
篩查類多層	Multisection screening
类胰蛋白酶	Tryptase
类风湿因子	Rheumatoid factor RF
类风湿细胞	Ragocytes
粉紅鐮孢菌	Fusarium roseum
粉红镰孢菌	Fusarium roseum
粗心的活动	Reckless
粗心的活動	Reckless
粗球孢子菌	Coccidioides immitis
粗皮山核桃	Carya laciniosa
粘多糖模式	Glycosaminoglycans pattern
粘液瘤病毒	Myxoma virus
粘着斑蛋白	Vinculin
粘著斑蛋白	Vinculin
粘蛋白凝块	Mucin clot
粘蛋白凝塊	Mucin clot
粪类圆线虫	Strongyloides stercoralis
精子穿透力	Spermatozoa penetration
精氨酸刺激	Arginine Stimulation XXX Challenge Panel
精氨酸摄入	Arginine intake
精氨酸攝入	Arginine intake
精氨酸血症	Argininemia
精神分裂症	Schizophrenia
精神病发作	Onset psychiatric illness
精神病發作	Onset psychiatric illness
糖化白蛋白	Glycated albumin
糖原合成酶	Glycogen synthase I
糖尿病状况	Diabetes status
糖尿病狀況	Diabetes status
糖尿病診斷	Diabetic diagnosis
糖尿病诊断	Diabetic diagnosis
糖尿病風險	Diabetes risk
糖尿病风险	Diabetes risk
糖蛋白 1	Beta 2 glycoprotein 1
糞類圓線蟲	Strongyloides stercoralis
紅細胞凝集	Erythrocyte agglutination
紅細胞團塊	Erythrocyte clumps
紅細胞壓積	Hematocrit HCT
紅細胞大小	Erythrocyte size
紅細胞容量	Erythrocyte volume
紅細胞形狀	Erythrocyte shape
紅細胞畸形	Poikilocytosis
紅細胞管型	Erythrocyte casts
紅細胞計數	Erythrocyte count RBC
紅色毛癬菌	Trichophyton rubrum
紙細基格孢	Ulocladium chartarum
索拉非尼碱	Sorafenib N-Oxide
索拉非尼鹼	Sorafenib N-Oxide
紫外線暴露	Ultraviolet light exposure
紫外线暴露	Ultraviolet light exposure
紫色毛癣菌	Trichophyton violaceum
紫色毛癬菌	Trichophyton violaceum
紫附球霉菌	Epicoccum purpurascens
紫附球黴菌	Epicoccum purpurascens
細胞因子類	Cytokines
細胞學報告	Cytology report
細胞學審核	Reviewing cytologist
細胞學檢查	Cytology studies
細胞核抗體	Nuclear
細胞標誌物	Lymphoma - T-cell markers
細胞淋巴瘤	T-cell lymphoma
細胞漿微滴	cytoplasmic droplet
細胞間橋型	intercellular bridge
細菌與酵母	Bacteria & yeast
終期失眠症	Terminal insomnia
終末部振幅	QRS terminal amplitude
終止妊娠時	at cessation of pregnancy
組氨酸攝入	Histidine intake
組織學分級	Histologic grade
組織學類型	Histologic type
組織胞漿菌	Histoplasma
結合膽紅素	Conjugated bilirubin direct DBIL
結果的天數	Days INR result determined
結腸鏡檢查	Colonoscopy study
絕經期年齡	Age at menopause
絕育同意書	Sterilization consent
絮状支原体	Mycoplasma flocculare
絮狀支原體	Mycoplasma flocculare
統計學小節	Statistics section
絲蟲屬抗體	Filaria
經直腸多層	Multisection transrectal
經胸壁多層	Multisection transthoracic
經腹部多層	Multisection transabdominal
經過調整的	adjusted
經過調整至	adjusted to pH 7
經陰道多層	Multisection transvaginal
經食管多層	Multisection transesophageal
綠色氣球菌	Aerococcus viridans
維及尼黴素	Virginiamycin
維吉尼亞櫟	Quercus virginiana
維多珠單抗	Vedolizumab
網織紅細胞	Reticulocyte
綿羊奶奶酪	Sheep milk cheese
線染料結晶	X ray dye crystals
線粒體基因	Mitochondria DNA deletion
緩症鏈球菌	Streptococcus mitis
緩衝液對照	Buffer control
總 脂肪酸	Fatty acids Moles volume Serum Plasma
總差值評分	Summed difference score
總睡眠時間	total sleep time TST
總負荷評分	Summed stress score
總靜息評分	Summed rest score
總風險評分	Total risk score
纈更昔洛韋	valGANciclovir
纈氨酸攝入	Valine intake
纖維蛋白原	Fibrinogen FIB
红细胞凝集	Erythrocyte agglutination
红细胞压积	Hematocrit HCT
红细胞团块	Erythrocyte clumps
红细胞大小	Erythrocyte size
红细胞容量	Erythrocyte volume
红细胞形状	Erythrocyte shape
红细胞畸形	Poikilocytosis
红细胞管型	Erythrocyte casts
红细胞计数	Erythrocyte count RBC
红色毛癣菌	Trichophyton rubrum
纤维蛋白原	Fibrinogen FIB
纸细基格孢	Ulocladium chartarum
线染料结晶	X ray dye crystals
线粒体基因	Mitochondria DNA deletion
组氨酸摄入	Histidine intake
组织学分级	Histologic grade
组织学类型	Histologic type
组织胞浆菌	Histoplasma
细胞因子类	Cytokines
细胞学审核	Reviewing cytologist
细胞学报告	Cytology report
细胞学检查	Cytology studies
细胞标志物	Lymphoma - T-cell markers
细胞核抗体	Nuclear
细胞浆微滴	cytoplasmic droplet
细胞淋巴瘤	T-cell lymphoma
细胞间桥型	intercellular bridge
细菌与酵母	Bacteria & yeast
终期失眠症	Terminal insomnia
终末部振幅	QRS terminal amplitude
终止妊娠时	at cessation of pregnancy
经直肠多层	Multisection transrectal
经胸壁多层	Multisection transthoracic
经腹部多层	Multisection transabdominal
经过调整的	adjusted
经过调整至	adjusted to pH 7
经阴道多层	Multisection transvaginal
经食管多层	Multisection transesophageal
结合胆红素	Conjugated bilirubin direct DBIL
结果的天数	Days INR result determined
结肠镜检查	Colonoscopy study
绝经期年龄	Age at menopause
绝育同意书	Sterilization consent
统计学小节	Statistics section
维及尼霉素	Virginiamycin
维多珠单抗	Vedolizumab
绵羊奶奶酪	Sheep milk cheese
绿色气球菌	Aerococcus viridans
缓冲液对照	Buffer control
缓症链球菌	Streptococcus mitis
缬更昔洛韦	valGANciclovir
缬氨酸摄入	Valine intake
缺乏型細胞	CD59 deficient
缺乏型细胞	CD59 deficient
缺血修飾型	ischemia modified
缺血修饰型	ischemia modified
网织红细胞	Reticulocyte
罗斯纳指数	Rosner index
罗西奥病毒	Rocio virus
罗马诺干酪	Cheese romano
羅斯納指數	Rosner index
羅西奧病毒	Rocio virus
羅馬諾乾酪	Cheese romano
羊口疮病毒	Orf virus
羊口瘡病毒	Orf virus
美味牛肝菌	Boletus edulis
美味猕猴桃	Actinidia deliciosa
美味獼猴桃	Actinidia deliciosa
美国山核桃	Carya illinoensis
美国水青冈	Fagus grandifolia
美國山核桃	Carya illinoensis
美國水青岡	Fagus grandifolia
美欧卡霉素	Miocamycin
美歐卡黴素	Miocamycin
美沙酮組套	Methadone
美沙酮组套	Methadone
美洲山核桃	Carya illinoinensis nut
美洲接骨木	Sambucus nigra
羟丁酰肉碱	2-Methyl-3-Hydroxybutyrylcarnitine (C5-OH)
羟化酶抗体	21-Hydroxylase
羟基三唑仑	Hydroxytriazolam
羟基保泰松	Oxyphenbutazone
羟基可铁宁	Trans-3-Hydroxycotinine
羟基帽柱碱	Mitragynine+7-Hydroxymitragynine
羟基异丁酸	2-Hydroxyisobutyrate
羟基异己酸	2-Hydroxyisocaproate
羟基棕榈酸	3-Hydroxypalmitate
羟基癸二酸	3-Hydroxysebacate
羟基磷灰石	Hydroxyapatite
羟基脯氨酸	Hydroxyproline
羟基苯乙酸	4-Hydroxyphenylacetate
羟基赖氨酸	Hydroxylysine
羟基辛二酸	3-Hydroxysuberate
羟基钙二醇	Ercalcidiol
羟戊丁氨酯	Tybamate
羟甲左吗南	Levorphanol
羟癸酰肉碱	3-Hydroxydecanoylcarnitine (C10-OH)
羟色胺磷酸	Psilocin
羟雌酮组套	2-Hydroxyestrone & 16-Alpha hydroxyestrone
羥丁醯肉鹼	2-Methyl-3-Hydroxybutyrylcarnitine (C5-OH)
羥化酶抗體	21-Hydroxylase
羥基三唑侖	Hydroxytriazolam
羥基保泰松	Oxyphenbutazone
羥基可鐵寧	Trans-3-Hydroxycotinine
羥基帽柱鹼	Mitragynine+7-Hydroxymitragynine
羥基棕櫚酸	3-Hydroxypalmitate
羥基異丁酸	2-Hydroxyisobutyrate
羥基異己酸	2-Hydroxyisocaproate
羥基癸二酸	3-Hydroxysebacate
羥基磷灰石	Hydroxyapatite
羥基脯氨酸	Hydroxyproline
羥基苯乙酸	4-Hydroxyphenylacetate
羥基賴氨酸	Hydroxylysine
羥基辛二酸	3-Hydroxysuberate
羥基鈣二醇	Ercalcidiol
羥戊丁氨酯	Tybamate
羥甲左嗎南	Levorphanol
羥癸醯肉鹼	3-Hydroxydecanoylcarnitine (C10-OH)
羥色胺磷酸	Psilocin
羥雌酮組套	2-Hydroxyestrone & 16-Alpha hydroxyestrone
羧苄青霉素	Carbenicillin
羧苄青黴素	Carbenicillin
羧酸唑吡坦	Zolpidem phenyl-4-carboxylate
義大利蜜蜂	Apis mellifera
義大利雪松	Cedar italian
耐温淀粉酶	Termamyl
耐溫澱粉酶	Termamyl
职业暴露史	Occupational exposure
联系人姓名	Contact name
聯繫人姓名	Contact name
職業暴露史	Occupational exposure
聽力學檢查	Audiology study
肉豆寇烯酸	Myristoleate
肌成束蛋白	Fascin
肌电图检查	Electromyogram study
肌纖維震顫	fibrillation
肌纤维震颤	fibrillation
肌肉松弛剂	Muscle relaxants
肌肉特异性	muscle specific
肌肉特異性	muscle specific
肌肉鬆弛劑	Muscle relaxants
肌酐清除率	Creatinine clearance
肌酐透析液	Creatinine dial fld
肌醇六磷酸	Phytate
肌鈣蛋白I	Troponin I TnI
肌鈣蛋白T	Troponin T TnT
肌钙蛋白I	Troponin I TnI
肌钙蛋白T	Troponin T TnT
肌間線蛋白	Desmin
肌间线蛋白	Desmin
肌電圖檢查	Electromyogram study
肛門鏡檢查	Anoscopy study
肛门镜检查	Anoscopy study
肝功能微小	MicroRNA score of liver function
肝功能評分	MicroRNA score of liver function
肝功能评分	MicroRNA score of liver function
肝肾微粒体	Liver kidney microsomal 1
肝腎微粒體	Liver kidney microsomal 1
肠上皮细胞	Enterocyte
肠促胰液素	Secretin
肠促胰酶肽	Cholecystokinin
肠内管部位	Enteral tube site
肠炎沙门菌	Salmonella enteritidis
肠道沙门菌	Salmonella enterica
肠道腺病毒	Adenovirus 40+41
肠高血糖素	Enteroglucagon
肠鸣音性质	Bowel sounds quality
肠鸣音象限	Bowel sounds quadrant
肩背肌拉力	shoulder shrug
肯塔基蓝草	Poa pratensis
肯塔基藍草	Poa pratensis
肺功能检查	Pulmonary function study
肺功能檢查	Pulmonary function study
肺动脉高压	Pulmonary hypertension
肺動脈高壓	Pulmonary hypertension
肺炎支原体	Mycoplasma pneumoniae
肺炎支原體	Mycoplasma pneumoniae
肺炎鏈球菌	Streptococcus pneumoniae
肺炎链球菌	Streptococcus pneumoniae
肺部血流量	Pulmonic flow
肺齡估計值	Estimated lung age
肺龄估计值	Estimated lung age
肾上腺皮质	Adrenal cortex
肾小管管型	Renal tubular casts
肾造口尿液	urine nephrostomy
肿瘤总面积	Total tumor area
肿瘤标志物	tumor marker
胃排空时间	Gastric emptying time
胃排空時間	Gastric emptying time
胃肠道引流	gastrointestinal drain
胃肠道评估	Gastrointestinal assessment
胃腸道引流	gastrointestinal drain
胃腸道評估	Gastrointestinal assessment
胃蛋白酶类	Pepsins
胃蛋白酶類	Pepsins
胆固醇摄入	Cholesterol intake
胆固醇结晶	Cholesterol crystals
胆固醇酯类	Cholesterol esters
胆固醇酯酶	Cholesterol esterase
胆汁酸模式	Bile acid pattern
胆汁酸组套	Bile acid
胆汁醇模式	Bile alcohols pattern
胆汁醇组套	Bile alcohols
胆红素管型	Bilirubin casts
胆红素结晶	Bilirubin crystals
胆红素过多	Bilirubin excess
胎儿三体型	Fetal trisomy 13+trisomy 18+triploidy risk
胎儿弯曲菌	Campylobacter fetus
胎儿球蛋白	Alpha-1-Fetoprotein
胎兒三體型	Fetal trisomy 13+trisomy 18+triploidy risk
胎兒彎曲菌	Campylobacter fetus
胎兒球蛋白	Alpha-1-Fetoprotein
胎蛋白組套	Alpha-1-fetoprotein
胎蛋白组套	Alpha-1-fetoprotein
胞內勞森菌	Lawsonia intracellularis
胞内劳森菌	Lawsonia intracellularis
胞嘧啶核苷	Cytidine
胭脂树种子	Bixa orellana seed
胭脂樹種子	Bixa orellana seed
胰岛素之后	kg insulin
胰岛素受体	Insulin receptor
胰岛素类型	Insulin type
胰島素之後	kg insulin
胰島素受體	Insulin receptor
胰島素類型	Insulin type
胰高血糖素	Glucagon
胱氨酸組套	Cystine
胱氨酸結晶	Cystine crystals
胱氨酸组套	Cystine
胱氨酸结晶	Cystine crystals
胶体渗透压	Colloid oncotic pressure
胶原交联型	Collagen crosslinked N-telopeptide
胸骨旁短軸	parasternal short axis
胸骨旁短轴	parasternal short axis
胸骨旁長軸	parasternal long axis
胸骨旁长轴	parasternal long axis
胺基酸攝入	Amino acid intake
胺基酸模式	Amino acid pattern
胺基酸組套	Amino acids
胺基酸血症	Amino acidemias
胺基酸變化	Amino acid change
脂肪族羧酸	Aliphatic carboxylate C14-C26
脂肪酸模式	Fatty acids pattern
脂肪酸氧化	Fatty acid oxidation
脂肪酸盐类	Fatty acid salts
脂肪酸組套	Fatty acid
脂肪酸组套	Fatty acid
脂肪酸鹽類	Fatty acid salts
脂蛋白模式	Lipoprotein pattern
脂蛋白目标	Lipoprotein goals
脂蛋白目標	Lipoprotein goals
脂質結合型	lipid bound
脂质结合型	lipid bound
脆弱类杆菌	Bacteroides fragilis
脆弱類桿菌	Bacteroides fragilis
脑室衬细胞	Cerebroventricular lining cells
脑电图检查	Electroencephalography study
脑血管意外	Cerebrovascular accident
脫氧吡啶啉	Deoxypyridinoline
脫氧特窗酸	Erythro-4-Deoxytetronate
脫氧皮質酮	11-Deoxycorticosterone
脫氫皮質酮	6-Alpha hydroxytetrahydro-11-Dehydrocorticosterone
脫氫皮質醇	6-Alpha hydroxytetrahydro-11-Deoxycortisol
脫氫血栓素	11-Dehydro thromboxane beta 2
脫氫表雄酮	Dehydroepiandrosterone
脱氢皮质酮	6-Alpha hydroxytetrahydro-11-Dehydrocorticosterone
脱氢皮质醇	6-Alpha hydroxytetrahydro-11-Deoxycortisol
脱氢血栓素	11-Dehydro thromboxane beta 2
脱氢表雄酮	Dehydroepiandrosterone
脱氧吡啶啉	Deoxypyridinoline
脱氧特窗酸	Erythro-4-Deoxytetronate
脱氧皮质酮	11-Deoxycorticosterone
脲基异丁酸	Beta-ureidoisobutyrate
脲基異丁酸	Beta-ureidoisobutyrate
脲酰丙酸酶	Beta-ureidopropionase
脲醯丙酸酶	Beta-ureidopropionase
腋下位視圖	View Velpeau axillary
腋下位视图	View Velpeau axillary
腎上腺皮質	Adrenal cortex
腎小管管型	Renal tubular casts
腎造口尿液	urine nephrostomy
腐敗支原體	Mycoplasma putrefaciens
腐败支原体	Mycoplasma putrefaciens
腦室襯細胞	Cerebroventricular lining cells
腦血管意外	Cerebrovascular accident
腦電圖檢查	Electroencephalography study
腫瘤標誌物	tumor marker
腫瘤總面積	Total tumor area
腮腺炎病毒	Mumps virus
腸上皮細胞	Enterocyte
腸促胰液素	Secretin
腸促胰酶肽	Cholecystokinin
腸內管部位	Enteral tube site
腸炎沙門菌	Salmonella enteritidis
腸道沙門菌	Salmonella enterica
腸道腺病毒	Adenovirus 40+41
腸高血糖素	Enteroglucagon
腸鳴音性質	Bowel sounds quality
腸鳴音象限	Bowel sounds quadrant
腹腔鏡檢查	Peritoneoscopy study
腹腔镜检查	Peritoneoscopy study
腹膜透析液	Peritoneal dialysis fluid
腺样体宽度	Adenoid width
腺樣體寬度	Adenoid width
腺病毒抗体	Adenovirus
腺病毒抗體	Adenovirus
腺病毒类型	Adenovirus type
腺病毒類型	Adenovirus type
腺苷一磷酸	Adenosine monophosphate
腺苷脫氨酶	Adenosine deaminase
腺苷脱氨酶	Adenosine deaminase
腺苷酸激酶	Adenylate kinase
膀胱頸累及	Bladder neck involvement
膀胱颈累及	Bladder neck involvement
膝关节置换	Knee replacement
膝關節置換	Knee replacement
膠原交聯型	Collagen crosslinked N-telopeptide
膠體滲透壓	Colloid oncotic pressure
膳食与营养	Diet and nutrition
膳食與營養	Diet and nutrition
膳食补充剂	Dietary supplement
膳食補充劑	Dietary supplement
膽固醇攝入	Cholesterol intake
膽固醇結晶	Cholesterol crystals
膽固醇酯酶	Cholesterol esterase
膽固醇酯類	Cholesterol esters
膽汁酸模式	Bile acid pattern
膽汁酸組套	Bile acid
膽汁醇模式	Bile alcohols pattern
膽汁醇組套	Bile alcohols
膽紅素管型	Bilirubin casts
膽紅素結晶	Bilirubin crystals
膽紅素過多	Bilirubin excess
臨床適應證	Clinical indication
自从何时起	Since when
自從何時起	Since when
與總計組套	IgG & IgM &
舒张压公式	Diastolic pressure formula
舒张期流量	Diastolic flow
舒张期终点	Diastolic endpoint
舒张末期帧	End-diastolic frame
舒張壓公式	Diastolic pressure formula
舒張期流量	Diastolic flow
舒張期終點	Diastolic endpoint
舒張末期幀	End-diastolic frame
色氨酸摄入	Tryptophan intake
色氨酸攝入	Tryptophan intake
芒柄花黃素	Formononetin
芒柄花黄素	Formononetin
花生凝集素	Peanut agglutinin
花生四烯酸	Arachidonate
芳香族溶剂	Aromatic solvents
芳香族溶劑	Aromatic solvents
芳香酰胺酶	Arylamidase
芳香醯胺酶	Arylamidase
芽子碱甲酯	Ecgonine methyl ester
芽子鹼甲酯	Ecgonine methyl ester
苄星青霉素	Penicillin G benzathine
苄星青黴素	Penicillin G benzathine
苏氨酸摄入	Threonine intake
苯丙酮酸类	Phenylketones
苯丙酮酸類	Phenylketones
苯乙酰肉碱	Phenylacetylcarnitine PheC2 phenylacetyl carnitine 2-Phenylacetyl
苯乙醯肉鹼	Phenylacetylcarnitine PheC2 phenylacetyl carnitine 2-Phenylacetyl
苯二甲酸酐	Phthalic anhydride
苯基乙醛酸	Phenylglyoxylate
苯基保泰松	Phenylbutazone
苯氧苯丙酸	Fenoprofen
苯甲基氧胺	Phenyltoloxamine
英利昔单抗	inFLIXimab
英利昔單抗	inFLIXimab
茄类镰孢菌	Fusarium solani
茄類鐮孢菌	Fusarium solani
草原看麥娘	Alopercurus pratensis
草原看麦娘	Alopercurus pratensis
草酸鈣指數	Calcium oxalate index
草酸鈣結晶	Calcium oxalate crystals
草酸钙指数	Calcium oxalate index
草酸钙结晶	Calcium oxalate crystals
药物施用者	Medication administered by
药用迷迭香	Rosmarinus officinalis
菌盖疣孢霉	Mycogone perniciosa
菌蓋疣孢黴	Mycogone perniciosa
菠萝蛋白酶	Bromelin
菠蘿蛋白酶	Bromelin
菲律宾帘蛤	Ruditapes philippinarum
菲律賓簾蛤	Ruditapes philippinarum
菸草吸食者	tobacco smoker
萘吡咯戊酮	Naphyrone
葡糖苷酸酶	Bacterial beta-glucuronidase (uidA)
葡糖醛酸化	glucuronidated
葡聚糖摄入	Beta glucan intake
葡聚糖攝入	Beta glucan intake
葡萄属叶子	Vitis sp leaf
葡萄屬葉子	Vitis sp leaf
葡萄球菌属	Staphylococcus sp tuf
葡萄球菌屬	Staphylococcus sp tuf
葡萄糖之后	kg glucose IV
葡萄糖之後	kg glucose IV
葡萄糖刺激	Glucose challenge
葡萄糖四糖	Glucose tetrasaccharide
葡萄糖均值	Estimated average glucose
葡萄糖耐量	Glucose tolerance
葡萄酒摄入	Wine intake
葡萄酒攝入	Wine intake
蓝格兰马草	Bouteloua gracilis
藍格蘭馬草	Bouteloua gracilis
藤黃微球菌	Micrococcus luteus
藤黄微球菌	Micrococcus luteus
藥物施用者	Medication administered by
藥用迷迭香	Rosmarinus officinalis
蘇氨酸攝入	Threonine intake
蛋氨酸亚砜	Methionine sulfoxide
蛋氨酸亞碸	Methionine sulfoxide
蛋氨酸摄入	Methionine intake
蛋氨酸攝入	Methionine intake
蛋白質份數	Protein servings
蛋白質成分	Protein fractions
蛋白質攝入	Protein intake
蛋白質模式	Protein pattern
蛋白質羰基	Protein carbonyl
蛋白質需求	Protein need
蛋白质份数	Protein servings
蛋白质成分	Protein fractions
蛋白质摄入	Protein intake
蛋白质模式	Protein pattern
蛋白质羰基	Protein carbonyl
蛋白质需求	Protein need
蜱鉴定组套	Tick identification
蜱鑑定組套	Tick identification
蝶呤类模式	Pterins pattern
蝶呤类组套	Pterins
蝶呤類模式	Pterins pattern
蝶呤類組套	Pterins
血凝块收缩	Coagulum retraction
血凝块溶解	Coagulum lysis
血凝塊收縮	Coagulum retraction
血凝塊溶解	Coagulum lysis
血小板功能	Platelet function
血小板压积	Plateletcrit
血小板因子	Platelet factor 4
血小板团块	Platelet clump
血小板團塊	Platelet clump
血小板壓積	Plateletcrit
血小板相关	Platelet associated
血小板相關	Platelet associated
血小板組套	Platelets
血小板组套	Platelets
血小板聚集	Platelet aggregation
血小板計數	Platelet count PLT
血小板计数	Platelet count PLT
血栓形成素	Thrombopoietin
血栓球蛋白	Thromboglobulin
血氧飽和度	oxygen saturation SpO2 O2 saturation
血氧饱和度	oxygen saturation SpO2 O2 saturation
血池类多层	Multisection blood pool
血池類多層	Multisection blood pool
血浆甘氨酸	Glycine plas
血浆葡萄糖	Glucose plas
血浆衍生物	Plasma derivative
血液学检查	Hematology studies
血液學檢查	Hematology studies
血液病原体	Blood pathogen
血液病原體	Blood pathogen
血清学检查	Serology studies
血清學檢查	Serology studies
血漿甘氨酸	Glycine plas
血漿葡萄糖	Glucose plas
血漿衍生物	Plasma derivative
血管生成素	Angiopoietin 2 receptor
血管紧张素	Angiotensin
血管緊張素	Angiotensin
血紅蛋白病	Hemoglobin disorders
血細胞壓積	Hematocrit
血红蛋白病	Hemoglobin disorders
血细胞压积	Hematocrit
补体结合型	complement fixing
补偿与部门	compensation and sector
表孕烷醇酮	Epipregnanolone
裂谷热病毒	Rift valley fever virus
裂谷熱病毒	Rift valley fever virus
装置标识符	Device identifier
装置示意图	Diagram of device
補償與部門	compensation and sector
補體結合型	complement fixing
裝置標識符	Device identifier
裝置示意圖	Diagram of device
製造商名稱	Manufacturer name
製造商文本	Producer text
西妥昔单抗	Cetuximab
西妥昔單抗	Cetuximab
西方落叶松	Juniperus occidentalis
西方落葉松	Juniperus occidentalis
西洋梨花粉	Pyrus communis pollen
覆咬合牙齒	Overbite teeth
覆咬合牙齿	Overbite teeth
見證人聲明	Statement of witness
視網膜治療	Retinal treatments
见证人声明	Statement of witness
视网膜治疗	Retinal treatments
角質化牙齦	Keratinized gingiva
角质化牙龈	Keratinized gingiva
解热镇痛药	Analgesics
解熱鎮痛藥	Analgesics
解脲支原体	Ureaplasma urealyticum
解脲支原體	Ureaplasma urealyticum
解脲脲原体	Ureaplasma urealyticum
解脲脲原體	Ureaplasma urealyticum
言語不連貫	Speech incoherent
言語清晰度	Speech clarity
言语不连贯	Speech incoherent
言语清晰度	Speech clarity
設置或環境	Setting
許蘭毛癬菌	Trichophyton schoenleinii
診斷性檢查	Diagnostic studies
診斷確認者	Dx confirmed by
診斷類多層	Multisection diagnostic
調料九裡香	Murraya koenigii
諾氏瘧原蟲	Plasmodium knowlesi
諾氟伏沙明	Norfluvoxamine
諾維氏梭菌	Clostridium novyii
许兰毛癣菌	Trichophyton schoenleinii
设置或环境	Setting
诊断性检查	Diagnostic studies
诊断确认者	Dx confirmed by
诊断类多层	Multisection diagnostic
诺氏疟原虫	Plasmodium knowlesi
诺氟伏沙明	Norfluvoxamine
诺维氏梭菌	Clostridium novyii
调料九里香	Murraya koenigii
谷丙轉氨酶	Alanine aminotransferase ALT
谷丙转氨酶	Alanine aminotransferase ALT
谷氨酸单钠	Monosodium glutamate
谷草转氨酶	Aspartate aminotransferase AST
谷蛋白摄入	Gluten intake
谷蛋白攝入	Gluten intake
豬上皮細胞	Swine epithelium
豬去氧膽酸	Hyodeoxycholate
豬圓環病毒	Porcine circovirus
豬捷申病毒	Porcine teschovirus
豬放線桿菌	Actinobacillus suis
豬細小病毒	Porcine parvovirus
豬腸道病毒	Porcine enterovirus
豬輪狀病毒	Porcine rotavirus
豬鼻支原體	Mycoplasma hyorhinis
貓冠狀病毒	Feline coronavirus
貓合胞病毒	Feline syncytial virus
貓弓首線蟲	Toxocara cati
貓杯狀病毒	Feline calicivirus
貓皰疹病毒	Feline herpesvirus 1
貓阿菲波菌	Afipia felis
貝巴魯病毒	Bebaru virus
資源標識符	Resource identifier
賴氨酸攝入	Lysine intake
賽威蛋白酶	Savinase
贝巴鲁病毒	Bebaru virus
资源标识符	Resource identifier
赖氨酸摄入	Lysine intake
赛威蛋白酶	Savinase
赤羽病病毒	Akabane virus
起始部振幅	QRS initial amplitude
起搏器模式	Pacemaker mode
起搏器类型	Pacemaker type
起搏器速率	Pacemaker rate
起搏器類型	Pacemaker type
跟踪登记处	Following registry
跟蹤登記處	Following registry
身份标识符	NCBI BioProject identifier
身份標識符	NCBI BioProject identifier
軋棉機灰塵	Cotton gin dust
軟弱貧養菌	Abiotrophia defectiva
載脂蛋白B	Apolipoprotein B ApoB
輸注冷沉澱	Transfuse cryoprecipitate
輸注白蛋白	Transfuse albumin
輸注粒細胞	Transfuse granulocytes
輸注紅細胞	Transfuse erythrocytes
輸注血小板	Transfuse platelets
輸血帶編號	Transfusion band number
轉診介紹信	Referral letter
轧棉机灰尘	Cotton gin dust
转诊介绍信	Referral letter
软弱贫养菌	Abiotrophia defectiva
载脂蛋白B	Apolipoprotein B ApoB
输注冷沉淀	Transfuse cryoprecipitate
输注白蛋白	Transfuse albumin
输注粒细胞	Transfuse granulocytes
输注红细胞	Transfuse erythrocytes
输注血小板	Transfuse platelets
输血带编号	Transfusion band number
辛烯酰肉碱	Octenoylcarnitine (C8:1)
辛烯醯肉鹼	Octenoylcarnitine (C8:1)
边界病病毒	Border disease virus
边缘无形体	Anaplasma marginale
过度分叶型	hypersegmented
过氧化氢酶	Catalase
过饱和组套	Supersaturation
还原性物质	Reducing substances
适合性声明	Statement of adequacy
适应症描述	Indications description
选配师代码	Dispenser code
选配师文本	Dispenser text
透明質酸酶	Hyaluronidase
透明质酸酶	Hyaluronidase
透析液流速	Dialysate flow rate
透析袋編號	Dialysis bag number
透析袋编号	Dialysis bag number
通气类多层	Multisection ventilation
通氣類多層	Multisection ventilation
通用标识符	General identifier
通用標識符	General identifier
造血祖細胞	Hematopoietic progenitor cells
造血祖细胞	Hematopoietic progenitor cells
過度分葉型	hypersegmented
過氧化氫酶	Catalase
過飽和組套	Supersaturation
遗传药理学	Pharmacogenetic DNA analysis
適合性聲明	Statement of adequacy
適應症描述	Indications description
選配師代碼	Dispenser code
選配師文本	Dispenser text
遺傳藥理學	Pharmacogenetic DNA analysis
避难所名称	Shelter name
避难所地址	Shelter address
避难所类别	Shelter category
避難所名稱	Shelter name
避難所地址	Shelter address
避難所類別	Shelter category
還原性物質	Reducing substances
邊界病病毒	Border disease virus
邊緣無形體	Anaplasma marginale
那他珠单抗	Natalizumab
那他珠單抗	Natalizumab
邻氯青霉素	Cloxacillin
鄰氯青黴素	Cloxacillin
酞氨苄西林	Talampicillin
酪氨酸摄入	Tyrosine intake
酪氨酸攝入	Tyrosine intake
酪氨酸結晶	Tyrosine crystals
酪氨酸结晶	Tyrosine crystals
酪蛋白摄入	Casein intake
酪蛋白攝入	Casein intake
酮基移换酶	Transketolase
酮基移換酶	Transketolase
酯酶抑制剂	Complement C1 esterase inhibitor
酯酶抑制劑	Complement C1 esterase inhibitor
酸不稳定性	acid labile
酸不穩定性	acid labile
酸性磷酸酶	Acid phosphatase
酸溶血試驗	Acid hemolysis
酸溶血试验	Acid hemolysis
醛固酮受体	Aldosterone receptors
醛固酮受體	Aldosterone receptors
醫囑標識符	Order identifier
醫院出院史	Hospital discharge history
采用伸展位	W extension
采用呼吸机	on ventilator
采用对比剂	W contrast
采用屈曲位	W flexion
采用直立位	W standing
采集标本时	when specimen taken
重叠屈光轴	Over refraction axis
重疊屈光軸	Over refraction axis
重金属组套	Heavy metals
重金属阳性	Heavy metals positive
重金属阴性	Heavy metals negative
重金屬組套	Heavy metals
重金屬陰性	Heavy metals negative
重金屬陽性	Heavy metals positive
野生黑麥草	Elymus triticoides
野生黑麦草	Elymus triticoides
金丝雀粪便	Canary droppings
金丝雀羽毛	Canary feather
金丝雀芒草	Phalaris arundinacea
金刚烷抗性	adamantane resistant
金剛烷抗性	adamantane resistant
金絲雀糞便	Canary droppings
金絲雀羽毛	Canary feather
金絲雀芒草	Phalaris arundinacea
鈉排洩分數	Fractional excretion of sodium
鈍緣支動脈	Obtuse marginal artery
鈍頂節旋藻	Arthrospira platensis
鈣排洩分數	Fractional excretion of calcium
鈹刺激組套	beryllium stimulation
鈾劑量評估	Uranium dose assessment
鉀排洩分數	Fractional excretion of potassium
鉀與鈉組套	Sodium & Potassium
鉤刺霧冰藜	Bassia hyssopifolia
鉻與鈷組套	Chromium & cobalt
鎂排洩分數	Fractional excretion of magnesium
鏈黴親和素	Streptavidin
鐵元素組套	Iron
鐵蛋白目標	Ferritin goal
钙排泄分数	Fractional excretion of calcium
钝缘支动脉	Obtuse marginal artery
钝顶节旋藻	Arthrospira platensis
钠排泄分数	Fractional excretion of sodium
钩刺雾冰藜	Bassia hyssopifolia
钾与钠组套	Sodium & Potassium
钾排泄分数	Fractional excretion of potassium
铀剂量评估	Uranium dose assessment
铁元素组套	Iron
铁蛋白目标	Ferritin goal
铍刺激组套	beryllium stimulation
铬与钴组套	Chromium & cobalt
链霉亲和素	Streptavidin
镁排泄分数	Fractional excretion of magnesium
長雙歧桿菌	Bifidobacterium longum
长双歧杆菌	Bifidobacterium longum
門控類多層	Multisection gated
門診就診類	Outpatient visits
開咬合牙齒	Openbite teeth
間接膽紅素	Indirect bilirubin IBIL
間日瘧原蟲	Plasmodium vivax
間歇型記錄	Interval note
間歇性跛行	Intermittent claudication 4Y risk
間氯苯哌嗪	M-chlorophenylpiperazine
間置移植物	Interposition graft
間質膠原酶	Interstitial collagenase
關係家族行	Relationship family line
關聯色素痣	Associated nevus
關閉至打開	Closure to opening
门控类多层	Multisection gated
门诊就诊类	Outpatient visits
间接胆红素	Indirect bilirubin IBIL
间日疟原虫	Plasmodium vivax
间歇型记录	Interval note
间歇性跛行	Intermittent claudication 4Y risk
间氯苯哌嗪	M-chlorophenylpiperazine
间置移植物	Interposition graft
间质胶原酶	Interstitial collagenase
阪崎肠杆菌	Cronobacter sakazakii
阪崎腸桿菌	Cronobacter sakazakii
阳性异构体	positive isomer
阳性预测值	Positive predictive value
阴性异构体	negative isomer
阴性预测值	Negative predictive value
阴沟肠杆菌	Enterobacter cloacae
阴离子间隙	Anion gap
阴道内多层	Multisection endovaginal
阴道毛滴虫	Trichomonas vaginalis
阴道镜检查	Colposcopy study
阻塞性窒息	Obstructive apnea index
阿拉伯树胶	Gum arabic
阿拉伯樹膠	Gum arabic
阿拉伯糖醇	Arabitol
阿普拉霉素	Apramycin
阿普拉黴素	Apramycin
阿洛巴比妥	Allobarbital
阿莫洛地平	amLODIPine
阿达木单抗	Adalimumab
阿達木單抗	Adalimumab
阿那白滞素	Anakinra
阿那白滯素	Anakinra
降糖药组套	Hypoglycemics
降糖藥組套	Hypoglycemics
除顫器類型	Defibrillator type
除颤器类型	Defibrillator type
陰性異構體	negative isomer
陰性預測值	Negative predictive value
陰溝腸桿菌	Enterobacter cloacae
陰道內多層	Multisection endovaginal
陰道毛滴蟲	Trichomonas vaginalis
陰道鏡檢查	Colposcopy study
陰離子間隙	Anion gap
陽性異構體	positive isomer
陽性預測值	Positive predictive value
隐斜视检查	Heterophoria study
隧道位視圖	(View Sunrise) + (View tunnel
隧道位视图	(View Sunrise) + (View tunnel
隱斜視檢查	Heterophoria study
雌激素受体	Estrogen receptor
雌激素受體	Estrogen receptor
雌激素治疗	Estrogen hormone treatment
雌激素治療	Estrogen hormone treatment
雙孢子球蟲	Coccidia
雙氫寶丹酮	Dihydroboldenone
雙氯青黴素	Dicloxacillin
雞毒支原體	Mycoplasma gallisepticum
雞貧血病毒	Chicken anemia virus
雷諾丁受體	Ryanodine receptor
雷诺丁受体	Ryanodine receptor
電影型多層	Multisection cine
電抗相位角	Phase angle Xc
電解質三項	Electrolytes 3
電解質組套	Electrolytes
需要口譯員	Interpreter needed
需要口译员	Interpreter needed
霍曼斯氏征	Homans sign
霍曼斯氏徵	Homans sign
霍氏肠杆菌	Enterobacter hormaechei
霍氏腸桿菌	Enterobacter hormaechei
非典型結晶	Atypical crystals
非典型结晶	Atypical crystals
非前列腺型	non-prostatic
非天花病毒	non-variola
非定形沉渣	Amorphous sediment
非快速眼动	non-REM NREM
非快速眼動	non-REM NREM
非液化体积	Non-liquefied volume
非液化體積	Non-liquefied volume
非索非那定	Fexofenadine
非肠内菌科	Non-Enterobacteriaceae
非腸內菌科	Non-Enterobacteriaceae
非造血細胞	Nonhematic cells
非造血细胞	Nonhematic cells
面对面视野	Confrontation visual field
面對面視野	Confrontation visual field
面积校正型	area-corrected
面积测量法	Planimetry
面積校正型	area-corrected
面積測量法	Planimetry
靶形紅細胞	Target cells
靶形红细胞	Target cells
靶細胞比率	Positive control
靶细胞比率	Positive control
鞍带石斑鱼	Epinephelus lanceolatus
鞍帶石斑魚	Epinephelus lanceolatus
鞘脂类组套	Sphingolipid
鞘脂類組套	Sphingolipid
須癬毛癬菌	Trichophyton mentagrophytes
頭孢泊肟酯	Cefpodoxime
頭孢羥氨苄	Cefadroxil
頰普雷沃菌	Prevotella buccae
頸項透明層	translucency
類胰蛋白酶	Tryptase
類風溼因子	Rheumatoid factor RF
類風溼細胞	Ragocytes
顯微鏡檢查	Microscopic exam
顯微鏡觀察	microscopic observation
顱內平均值	Intracranial mean
须癣毛癣菌	Trichophyton mentagrophytes
颅内平均值	Intracranial mean
颈项透明层	translucency
颊普雷沃菌	Prevotella buccae
食用黃道蟹	Cancer pagurus
食用黄道蟹	Cancer pagurus
食管鏡檢查	Esophagoscopy study
食管镜检查	Esophagoscopy study
飽和脂肪酸	Saturated fatty acids SFA
餐后小时数	Hours after meal
餐後小時數	Hours after meal
饱和脂肪酸	Saturated fatty acids SFA
香草二乙胺	Etamivan
香草扁桃酸	Vanillylmandelate
馬上皮細胞	Horse epithelium
馬亞羅病毒	Mayaro virus
馬媾疫錐蟲	Trypanosoma equiperdum
馬尿酸結晶	Hippurate crystals
馬拉傲克松	Malaoxon
馬毛屑抗體	Horse dander
馬爾堡病毒	Marburg virus
馬皮毛癬菌	Trichophyton bullosum
駑巴貝斯蟲	Babesia caballi
马上皮细胞	Horse epithelium
马亚罗病毒	Mayaro virus
马媾疫锥虫	Trypanosoma equiperdum
马尔堡病毒	Marburg virus
马尿酸结晶	Hippurate crystals
马拉傲克松	Malaoxon
马毛屑抗体	Horse dander
马皮毛癣菌	Trichophyton bullosum
驽巴贝斯虫	Babesia caballi
骨吸收模式	Bone resorption pattern
骨折或创伤	Fracture or trauma
骨折或創傷	Fracture or trauma
骨连接蛋白	Osteonectin
骨連接蛋白	Osteonectin
骨附着水平	Bone attachment level
骨附著水平	Bone attachment level
髓系祖細胞	Common myeloid progenitor cell
髓系祖细胞	Common myeloid progenitor cell
體外膜氧合	Extracorporeal membrane oxygenation
體積描記圖	Plethysmogram
體脂百分數	Body fat percentage
體重不一致	Body weight discordance
高尿酸血症	Hyperuricemia
高度光散射	high light scatter
高涨的情绪	Elevated mood
高漲的情緒	Elevated mood
高脂質血症	Hyperlipidemia
高脂质血症	Hyperlipidemia
高鐵紅細胞	Siderocytes
高铁红细胞	Siderocytes
髮癬菌之後	1ml trichophyton ID
鮑氏志賀菌	Shigella boydii
鱗皮山核桃	Carya ovata
鲍氏志贺菌	Shigella boydii
鳞皮山核桃	Carya ovata
鳥嘌呤核苷	Guanosine
鳥苷一磷酸	Guanosine monophosphate
鴿圓環病毒	Columbid circovirus
鵝細小病毒	Goose parvovirus
鵝脫氧膽酸	Chenodeoxycholate
鸟嘌呤核苷	Guanosine
鸟苷一磷酸	Guanosine monophosphate
鸡毒支原体	Mycoplasma gallisepticum
鸡贫血病毒	Chicken anemia virus
鸽圆环病毒	Columbid circovirus
鹅细小病毒	Goose parvovirus
鹅脱氧胆酸	Chenodeoxycholate
鹼性磷酸酶	Alkaline phosphatase ALP
鹼性蛋白酶	Alkalase
鹽生膜莢蔞	Hymenoclea salsola
鹿上皮細胞	Deer epithelium
鹿上皮细胞	Deer epithelium
麗波脂肪酶	Lipolase
麥角二乙胺	Lysergate diethylamide
麥角柯寧鹼	Ergocornine
麥角生物鹼	Ergot alkaloid
麥醇溶蛋白	Gliadin
麦角二乙胺	Lysergate diethylamide
麦角柯宁碱	Ergocornine
麦角生物碱	Ergot alkaloid
麦醇溶蛋白	Gliadin
麻醉同意书	Anesthesia consent
麻醉同意書	Anesthesia consent
黃熱病病毒	Yellow fever virus
黃疸性標本	Sample icteric
黃莢種菜豆	Bean wax
黃體生成素	Luteinizing hormone LH
黃鰭金槍魚	Thunnus albacares
黃麴黴毒素	Aflatoxin
黄体生成素	Luteinizing hormone LH
黄曲霉毒素	Aflatoxin
黄热病病毒	Yellow fever virus
黄疸性标本	Sample icteric
黄荚种菜豆	Bean wax
黄鳍金枪鱼	Thunnus albacares
黏液性組分	Mucinous fraction
黏液性组分	Mucinous fraction
黏膜完整性	Mucous membrane integrity
黑三角叶杨	Populus nigra
黑三角葉楊	Populus nigra
黑婆罗门参	Scorzonera hispanica
黑婆羅門參	Scorzonera hispanica
黑洋胡桃树	Walnut black western
黑洋胡桃樹	Walnut black western
鼠科动物毛	Mouse hair
鼠科動物毛	Mouse hair
鼠肺孢子菌	Pneumocystis murina
鼬上皮細胞	Mink epithelium
鼬上皮细胞	Mink epithelium
鼻导管类型	Nasal cannula type
鼻導管類型	Nasal cannula type
鼻飼管部位	Nasogastric tube site
鼻饲管部位	Nasogastric tube site
齒狀突骨折	Dens fracture
齧蝕艾肯菌	Eikenella corrodens
齿状突骨折	Dens fracture
A型肝炎	Hepatitis A HAV
A肝抗體	Hepatitis A virus antibody HAV Ab
D二聚体	D dimer
D二聚體	D dimer
EB病毒	Epstein Barr virus EBV
α 氯丹	Alpha chlordane
α-氯丹	Alpha chlordane
α亚单位	Alpha subunit
α亚麻酸	Alpha linolenate
α亞單位	Alpha subunit
α亞麻酸	Alpha linolenate
α球蛋白	Alpha globulin
α生育酚	Alpha tocopherol
α皮五醇	Alpha cortol
α胸腺素	Alpha thymosin
α萘酯酶	Alpha naphthylesterase
β丙內酯	Beta-propiolactone
β丙内酯	Beta-propiolactone
β丙氨酸	Beta alanine
β內啡肽	Beta endorphin
β内啡肽	Beta endorphin
β球蛋白	Beta globulin
β皮五醇	Beta cortol
β谷甾醇	Beta sitosterol
β防御素	Beta defensin
β防禦素	Beta defensin
γ 氯丹	Gamma chlordane
γ-氯丹	Gamma chlordane
γ亚麻酸	Gamma linolenate
γ亞麻酸	Gamma linolenate
γ干扰素	Gamma interferon
γ幹擾素	Gamma interferon
γ球蛋白	Gamma globulin
γ生育酚	Gamma tocopherol
δ生育酚	Delta tocopherol
ω3指数	Omega-3 EPA+DHA index Eicosapentaenoate Docosahexaenoate Serum Plasma
ω3指數	Omega-3 EPA+DHA index Eicosapentaenoate Docosahexaenoate Serum Plasma
一半时间	half time
一半時間	half time
一氧化氮	Nitric oxide
一氧化碳	carbon monoxide
一粒小麥	Triticum monococcum
一粒小麦	Triticum monococcum
一般方法	General method
一般病史	History general
一般类别	General categories
一般類別	General categories
丁丙諾啡	Buprenorphine
丁丙诺啡	Buprenorphine
丁哌卡因	Bupivacaine
丁基苯酚	4-Tert-Butylphenol
丁氧乙酸	2-Butoxyacetate
丁螺旋酮	busPIRone
丁酰肉碱	Butyrylcarnitine (C4)
丁酸梭菌	Clostridium butyricum
丁醯肉鹼	Butyrylcarnitine (C4)
万古霉素	Vancomycin
三叉神經	Trigeminal nerve (CN V) exam
三叉神经	Trigeminal nerve (CN V) exam
三唾液酸	trisialo
三氟丙嗪	Triflupromazine
三氟化硼	Boron trifluoride
三氟啦嗪	Trifluoperazine
三氟噻吨	Flupenthixol
三氟噻噸	Flupenthixol
三氟甲基	Carboxymefloquine
三氯乙烯	Trichloroethylene
三氯乙烷	Trichloroethane
三氯乙酸	Trichloroacetate
三氯乙醇	Trichloroethanol
三氯噻嗪	Trichlorothiazide
三溴甲烷	Bromoform
三甲利定	Trimeperidine
三甲双酮	Trimethadione
三甲基胺	Trimethylamine N-oxide
三甲雙酮	Trimethadione
三聚乙醛	Paraldehyde
三角叶杨	Populus deltoides
三角葉楊	Populus deltoides
上午标本	morning specimen
上午標本	morning specimen
上唇厚度	Upper lip thickness
上射中距	up intermediate
上射近用	up near
上射远用	up far
上射遠用	up far
上方厚度	superior thickness
上皮細胞	Epithelial cells
上皮细胞	Epithelial cells
下午标本	afternoon specimen
下午標本	afternoon specimen
下射中距	down intermediate
下射近用	down near
下射远用	down far
下射遠用	down far
下方厚度	inferior thickness
下面高角	Lower facial height angle
下頜髁突	mandibular condyle
下颌髁突	mandibular condyle
不存在的	HLA Ag absent
不活动性	immotile
不活動性	immotile
不稳定性	unstable
不穩定性	unstable
不良事件	Adverse event
不透明性	Opacity
与静脉血	Electrolytes 1998 & Venous pH
丙基戊酸	Valproate
丙氧氨酚	Propoxyphene
丙烯亚胺	Propyleneimine
丙烯亞胺	Propyleneimine
丙烯酰胺	Acrylamide
丙烯醯胺	Acrylamide
丙硫喷地	Prothipendyl
丙硫噴地	Prothipendyl
丙糖激酶	Triokinase
丙胺卡因	Prilocaine
丙酰肉碱	Propionylcarnitine (C3)
丙酰马嗪	Propiomazine
丙醯肉鹼	Propionylcarnitine (C3)
丙醯馬嗪	Propiomazine
业余爱好	Hobby
丛生蛋白	Clusterin
东方蜚蠊	Blatta orientalis
东方铁杉	Tsuga canadensis
东莨菪碱	Scopolamine
丝胶蛋白	Sericin
两性霉素	Amphotericin B
两色蜀黍	Grass sorghum
严重疾患	Severely ill
个人信仰	Personal belief
个人最佳	personal best
中值頻率	median frequency
中值频率	median frequency
中度風險	IgG intermediate risk
中度风险	IgG intermediate risk
中心細胞	centrocytes
中心细胞	centrocytes
中毒原因	Cause of intoxication
中毒顆粒	Toxic granules
中毒颗粒	Toxic granules
中間密度	intermediate density
中间密度	intermediate density
临床信息	Clinical information
临床发现	Clinical finding
临床建议	Clinical suggestion
临床报告	Clinical reports
临床数据	Clinical data
临床状态	COVID-19 clinical status
临床病程	Clinical course
临床表现	Clinical presentation
临床记录	Clinical note
临床趋势	Clinical trend
主体对象	Subject
主动脉瓣	aortic valve
主動脈瓣	aortic valve
主題領域	Subject matter domain
主题领域	Subject matter domain
主體對象	Subject
义齿咬合	Denture occlusion
义齿评价	Denture teeth evaluation
乙基吗啡	Ethylmorphine
乙基嗎啡	Ethylmorphine
乙基己基	Di(2-Ethylhexyl) phthalate
乙巯拉嗪	Thiethylperazine
乙巰拉嗪	Thiethylperazine
乙烯基氯	Vinyl chloride
乙烯基溴	Vinyl bromide
乙胺丁醇	Ethambutol
乙胺嘧啶	Pyrimethamine
乙苯妥英	Ethotoin
乙酰丙嗪	Acepromazine
乙酰乙酸	Acetoacetate
乙酰唑胺	acetaZOLAMIDE
乙酰肉碱	Acetylcarnitine (C2)
乙酰胆碱	Acetylcholine
乙酸乙酯	Ethyl acetate
乙醯丙嗪	Acepromazine
乙醯乙酸	Acetoacetate
乙醯唑胺	acetaZOLAMIDE
乙醯肉鹼	Acetylcarnitine (C2)
乙醯膽鹼	Acetylcholine
乙雌烯醇	Ethylestrenol
乳头连线	at nipple line
乳杆菌目	Lactobacillales
乳桿菌目	Lactobacillales
乳清摄入	Whey intake
乳清攝入	Whey intake
乳球蛋白	Lactoglobulin
乳白蛋白	Lactalbumin alpha
乳糖之后	kg lactose PO
乳糖之後	kg lactose PO
乳糖刺激	Lactose challenge
乳糖摄入	Lactose intake
乳糖攝入	Lactose intake
乳糖耐量	Lactose tolerance
乳糜微粒	Chylomicrons
乳糜指数	Lipemic interference index
乳糜指數	Lipemic interference index
乳脂乾酪	Cheese cream
乳脂干酪	Cheese cream
乳鐵蛋白	Lactoferrin
乳铁蛋白	Lactoferrin
乳頭連線	at nipple line
乳香树胶	Mastic gum Pistacia lentiscus
乳香樹膠	Mastic gum Pistacia lentiscus
乾草粉塵	Hay dust
事件描述	Event description
事件組合	Event battery
事件結果	Event outcome
事件组合	Event battery
事件结果	Event outcome
事前指示	Advance directive
二乙醇胺	Diethanolamine
二十烷酸	Arachidate
二唾液酸	disialo
二异丁酮	Diisobutylketone
二氟沙星	Difloxacin
二氢叶酸	Dihydrofolate
二氢己酸	Threo-4,5-Dihydrohexanoate
二氢雄酮	Androstanediol
二氧化氮	Nitrogen dioxide
二氧化矽	Silica
二氧化硅	Silica
二氧化碳	Carbon dioxide
二氫己酸	Threo-4,5-Dihydrohexanoate
二氫葉酸	Dihydrofolate
二氫雄酮	Androstanediol
二氯丙烯	1,3-Dichloropropene
二氯乙烷	Dichloroethane
二氯甲烷	Methylene chloride
二点叶螨	Tetranychus urticae
二烯二酮	Dienedione
二甲亚砜	Dimethylsulfoxide
二甲亚胺	Ethyleneimine
二甲亞碸	Dimethylsulfoxide
二甲亞胺	Ethyleneimine
二甲双胍	metFORMIN
二甲双酮	Dimethadione
二甲氧基	1,1-Dimethoxy-(9Z)octadecene
二甲苯胺	N,N-Dimethylaniline
二甲雙胍	metFORMIN
二甲雙酮	Dimethadione
二異丁酮	Diisobutylketone
二硝基苯	Dinitrobenzene
二硝基酚	2,4-Dinitrophenol
二硫化碳	Carbon disulfide
二粒小麥	Triticum dicoccum
二粒小麦	Triticum dicoccum
二羟蒽醌	Dantron
二羥蒽醌	Dantron
二羧酸盐	C29 dicarboxylate
二羧酸酯	C29 dicarboxylate
二羧酸鹽	C29 dicarboxylate
二苯呋喃	Dibenzofuran
二苯氮卓	Dibenzepin
二苯甲酮	Benzophenone
二點葉蟎	Tetranychus urticae
五唾液酸	pentasialo
五氟利多	Penfluridol
五氯苯酚	Pentachlorophenol
五羟色胺	Serotonin
五羥色胺	Serotonin
亚微颗粒	subparticle
亚洲飞蝗	Locusta migratoria
亚砷酸盐	Arsenite
亚硝戊酯	Amyl nitrite
亚硝酸盐	Nitrite
亚硝酸钠	Sodium nitrite
亚硫酸盐	Sulfites
亚类组套	IgG & IgG subclass
亚群组套	T-cell activated (CD38+HLA-DR+) subsets
亚胺培南	Imipenem
亚麻种子	Linum usitatissimum seed
亚麻纤维	Linen
亞微顆粒	subparticle
亞洲飛蝗	Locusta migratoria
亞砷酸鹽	Arsenite
亞硝戊酯	Amyl nitrite
亞硝酸鈉	Sodium nitrite
亞硝酸鹽	Nitrite
亞硫酸鹽	Sulfites
亞群組套	T-cell activated (CD38+HLA-DR+) subsets
亞胺培南	Imipenem
亞類組套	IgG & IgG subclass
亞麻種子	Linum usitatissimum seed
亞麻纖維	Linen
交换输血	Transfuse blood exchange transfusion
交換輸血	Transfuse blood exchange transfusion
交沙霉素	Josamycine
交沙黴素	Josamycine
产前组套	prenatal
产前记录	Prenatal records
产前诊断	Prenatal diagnosis
亨氏小体	Heinz bodies
亨氏小體	Heinz bodies
亮氨酰基	L-leucyl-L-proline
亮氨醯基	L-leucyl-L-proline
人嵌合性	Human antichimeric
人工假象	Artifact
人工瓣膜	Prosthetic valve type
人心杆菌	Cardiobacterium hominis
人心桿菌	Cardiobacterium hominis
人称代词	Personal pronouns
人稱代詞	Personal pronouns
人群分組	Population
人群分组	Population
人胰岛素	Insulin human
人胰島素	Insulin human
仑伐替尼	Lenvatinib
他克莫司	Tacrolimus
他唑巴坦	Tazobactam
他喷他多	Tapentadol
他噴他多	Tapentadol
他布比妥	Allyl-sec-butyl-barbiturate
他莫昔芬	Endoxifen
他达那非	Tadalafil
他達那非	Tadalafil
付款程序	Payment procedure
代謝組套	Metabolic
代谢组套	Metabolic
任务地点	Location of task
任务描述	Task description
任務地點	Location of task
任務描述	Task description
企业注册	Establishment registration
企业注销	Establishment de-registration
企業註冊	Establishment registration
企業註銷	Establishment de-registration
伊曲康唑	Itraconazole
伊氏錐蟲	Trypanosoma evansi
伊氏锥虫	Trypanosoma evansi
伊潘立酮	Iloperidone
伊馬替尼	Imatinib
伊马替尼	Imatinib
伏立康唑	Voriconazole
伏西瑞韋	Voxilaprevir
伏西瑞韦	Voxilaprevir
伏馬菌素	Fumonisin
伏马菌素	Fumonisin
伐地那非	Vardenafil
休克指数	Shock index
休克指數	Shock index
优势结节	Dominant nodule
会议地点	Location of meeting
会议记录	Conference note
会诊申请	Consultation request
会诊记录	Consultation note
传染病类	Infectious diseases
传真号码	Fax number
伤亡人数	Casualties
伤口体积	Wound volume
伤口分期	Wound stage
伤口引流	wound drain
伤口形状	Wound shape
伤口状态	Wound status
伤口等级	Wound grade
伤口编号	Wound number
伤口评估	Wound assessment
伤口面积	Area of wound
伪麻黄碱	Pseudoephedrine
伴清蛋白	Conalbumin
位移距离	Excursion distance
位移距離	Excursion distance
位置类别	Location category
位置類別	Location category
低分子量	low molecular weight
低度風險	IgG low risk
低度风险	IgG low risk
低色素性	hypochromic
住戶人數	Household size
住戶接觸	Household contacts
住戶特徵	Household characteristics
住户人数	Household size
住户接触	Household contacts
住户特征	Household characteristics
住房特征	Housing characteristics
住房特徵	Housing characteristics
住房状况	Housing condition
住房狀況	Housing condition
住院床位	Inpatient beds
住院治疗	Hospitalizations
住院治療	Hospitalizations
佐匹克隆	Zopiclone
佐米曲坦	ZOLMitriptan
体内水分	Body water
体力活动	Physical Activity
体格检查	Physical exam
体液性质	Body fluid quality
体温组套	Body temperature
体温高于	For temperature above 102
体表面积	Body surface area
体质指数	Body mass index
体重减轻	Weight loss
体重增加	Weight gain
來氟米特	Leflunomide
來法莫林	Lefamulin
來源地區	Region of origin
來源部位	site of origin
來特莫韋	Letermovir
侖伐替尼	Lenvatinib
供应设置	delivered setting
供應設置	delivered setting
供氧方法	Method of oxygen delivery
依从治疗	Adherence to treatment
依他尼酸	Ethacrynate
依匹哌唑	Brexpiprazole
依度沙班	Edoxaban
依從治療	Adherence to treatment
依托度酸	Etodolac
依曲韋林	Etravirine
依曲韦林	Etravirine
依替唑仑	Etizolam
依替唑侖	Etizolam
依替氮卓	Isotonitazene
依替福林	Etilefrine
依維莫司	Everolimus
依维莫司	Everolimus
依託度酸	Etodolac
依諾沙星	Enoxacin
依诺沙星	Enoxacin
依那西普	Etanercept
侧位多层	Multisection lateral
侵袭性癌	Invasive carcinoma
侵襲性癌	Invasive carcinoma
促脂解素	Beta lipotropin
促黃體素	Lutropin
促黄体素	Lutropin
保养良好	Well maintained
保養良好	Well maintained
信号质量	Signal quality
信息來源	Information source
信息来源	Information source
信息組套	Information
信息组套	Information
信號質量	Signal quality
修訂版本	ICD revision comorbidities
修订版本	ICD revision comorbidities
個人信仰	Personal belief
個人最佳	personal best
倍他米松	Betamethasone
假丝酵母	Candida
假体抱怨	Prosthesis complaint
假絲酵母	Candida
假體抱怨	Prosthesis complaint
假麻黃鹼	D-pseudoephedrine
假麻黄碱	D-pseudoephedrine
偏流設置	Bias flow setting
偏流设置	Bias flow setting
偏移距离	Excursive distance
偏移距離	Excursive distance
停业通知	Out of business notification
停業通知	Out of business notification
健康指导	Health counseling Patient education Preventive medicine
健康指導	Health counseling Patient education Preventive medicine
健康證明	Medical fitness certificate
健康证明	Medical fitness certificate
側位多層	Multisection lateral
偽麻黃鹼	Pseudoephedrine
傳染病類	Infectious diseases
傳真號碼	Fax number
傷亡人數	Casualties
傷口分期	Wound stage
傷口引流	wound drain
傷口形狀	Wound shape
傷口狀態	Wound status
傷口等級	Wound grade
傷口編號	Wound number
傷口評估	Wound assessment
傷口面積	Area of wound
傷口體積	Wound volume
僱主名稱	Employer name
僱主國家	Employer country
僱主地址	Employer address
僱主城市	Employer city
僱主州別	Employer state
優勢結節	Dominant nodule
儿童视力	Pediatric visual acuity
儿茶酚胺	Catecholamines
兄弟姐妹	Sibling
充盈速率	Filling rate
光果甘草	Glycyrrhiza glabra
克仑特罗	Clenbusterol
克侖特羅	Clenbusterol
克拉維酸	Clavulanate
克拉维酸	Clavulanate
克拉霉素	Clarithromycin
克拉黴素	Clarithromycin
克林沙星	Clinafloxacin
克氏錐蟲	Trypanosoma cruzi
克氏锥虫	Trypanosoma cruzi
克罗丙胺	Cropropamide
克罗乙胺	Crotetamide
克羅丙胺	Cropropamide
克羅乙胺	Crotetamide
克隆序列	Clonal sequences
克隆頻率	Clonal frequency
克隆频率	Clonal frequency
免收費用	No charge
免收费用	No charge
免疫原性	Immunogenicity
免疫状态	Immune status
免疫狀態	Immune status
免疫缺陷	Immunodeficiency
兒童視力	Pediatric visual acuity
兒茶酚胺	Catecholamines
入射中距	in intermediate
入射近距	in near
入射远距	in far
入射遠距	in far
入院原因	Admission reason
入院日期	Admission date
入院申請	Admission request
入院申请	Admission request
入院类别	Admission category
入院診斷	Admission diagnosis
入院诊断	Admission diagnosis
入院類別	Admission category
內生真菌	Endophyte
內皮細胞	Endothelial cell
內臟脂肪	Visceral fat
內部尺寸	Internal Dimension
內醯胺酶	Beta lactamase
內鏡檢查	Endoscopy study
內陸野櫟	Quercus wislizeni
全氟壬酸	Perfluorononanoate
全氟己酸	Perfluorohexanoate
全氟庚酸	Perfluoroheptanoate
全氟癸酸	Perfluorodecanoate
全氟辛酸	Perfluorooctanoate
全舒张期	holodiastolic
全舒張期	holodiastolic
全身症状	Constitutional symptoms
全身症狀	Constitutional symptoms
全面代謝	Comprehensive metabolic 2000
全面代谢	Comprehensive metabolic 2000
兩性黴素	Amphotericin B
兩色蜀黍	Grass sorghum
六氯乙烷	Hexachloroethane
六氯化苯	Lindane
共病情况	Comorbid condition
共病情況	Comorbid condition
共病評分	Comorbidity score
共病评分	Comorbidity score
关于胎儿	Comment on fetal 22q11
关联病情	Associated condition
关节痛和	Arthralgia &or arthritis
关键图像	Key images
兴趣区域	Region of interest
其他治疗	Additional treatment
其他治療	Additional treatment
其他疗法	other therapy
其他症状	Other symptoms
其他症狀	Other symptoms
其他療法	other therapy
其他細胞	Other cells
其他细胞	Other cells
其他药物	Other medications
其他藥物	Other medications
其他語言	Other language
其他语言	Other language
养母小节	Nursing mothers section
兼容附件	Compatible accessories
内生真菌	Endophyte
内皮细胞	Endothelial cell
内脏脂肪	Visceral fat
内部尺寸	Internal Dimension
内酰胺酶	Beta lactamase
内镜检查	Endoscopy study
内陆野栎	Quercus wislizeni
再次配发	Refills
再次配發	Refills
冷凝集素	Cold agglutinin
冷球蛋白	Cryoglobulin
减速时间	deceleration time
凝乳乳酪	Curd cheese
凝块大小	Clot size
凝块密度	Clot density
凝块强度	Clot strength
凝块形成	Clot formation
凝块生长	Clot growth
凝块硬度	Clot stiffness
凝块角度	Clot angle
凝塊大小	Clot size
凝塊密度	Clot density
凝塊強度	Clot strength
凝塊形成	Clot formation
凝塊生長	Clot growth
凝塊硬度	Clot stiffness
凝塊角度	Clot angle
凝血四項	Coagulation panel
凝血四项	Coagulation panel
凝血指数	Coagulation index
凝血指數	Coagulation index
凝血时间	Clotting time
凝血時間	Clotting time
凝血酶原	Prothrombin
凯托米酮	Ketobemidone
凱託米酮	Ketobemidone
出射中距	out intermediate
出射近距	out near
出射远距	out far
出射遠距	out far
出生国家	Country of birth
出生國家	Country of birth
出生日期	Birth date
出生时间	Birth time
出生時間	Birth time
出生計劃	Birth plan
出生證明	Birth certificate
出生计划	Birth plan
出生证明	Birth certificate
出血时间	Bleeding time
出血時間	Bleeding time
出院原因	Reason for discharge
出院指导	Discharge instructions
出院指導	Discharge instructions
出院日期	Discharge date
出院膳食	Discharge diet
出院診斷	Discharge diagnosis
出院诊断	Discharge diagnosis
分型注释	HLA typing comment
分型注釋	HLA typing comment
分娩日期	Delivery date
分数变化	fractional change
分數變化	fractional change
分期人员	Stager
分期人員	Stager
分期證據	staging evidence
分期证据	staging evidence
分析日期	Date of analysis
分析时间	Time of analysis
分析時間	Time of analysis
分流分数	Shunt fraction
分流分數	Shunt fraction
分流大小	Shunt size
分流方向	Shunt directionality
分級系統	Grading system
分级系统	Grading system
分裂間期	interphase
分裂间期	interphase
分診記錄	Triage note
分诊记录	Triage note
分項帳單	Itemized bill
分项账单	Itemized bill
切割方法	Dissection technique
切达干酪	Cheese cheddar type
切達乾酪	Cheese cheddar type
切除長度	Excised length
切除长度	Excised length
刚果锥虫	Trypanosoma congolense
创伤弧菌	Vibrio vulnificus
创周描述	Periwound description
创缘描述	Edge of wound description
创面面积	Area of wound bed
初步筛查	Initial screening
初步篩查	Initial screening
初步診斷	preliminary diagnosis
初步诊断	preliminary diagnosis
初潮年齡	Age at menarche
初潮年龄	Age at menarche
別嘌呤醇	Allopurinol
別胱硫醚	Allocystathionine
利伐沙班	Rivaroxaban
利匹韋林	Rilpivirine
利匹韦林	Rilpivirine
利多卡因	Lidocaine
利奈唑胺	Linezolid
利巴韋林	Ribavirin
利巴韦林	Ribavirin
利托那韦	Ritonavir
利福喷汀	Rifapentine
利福噴汀	Rifapentine
利福布汀	Rifabutin
利福昔明	rifAXIMin
利託那韋	Ritonavir
别嘌呤醇	Allopurinol
别胱硫醚	Allocystathionine
制备技术	Preparation techniques
制真菌素	Nystatin
刺激物質	Challenge substance
刺激物质	Challenge substance
刺激計數	Number of stimuli
刺激计数	Number of stimuli
刺激速率	Rate of stimuli
刺激部位	Stimulation site
剂量体积	PCA dose volume
剂量总数	Total number of doses
剂量药物	Doses
前切除术	Anterior surgical resection
前切除術	Anterior surgical resection
前列腺素	Prostaglandin F2 alpha
前后维度	AP dimension
前後維度	AP dimension
前房角度	Anterior chamber angle
前白蛋白	Prealbumin PA
前胶原肽	Procollagen type III
前膠原肽	Procollagen type III
前鐵調素	Pro-hepcidin
前铁调素	Pro-hepcidin
剛果錐蟲	Trypanosoma congolense
副基底层	parabasal
副基底層	parabasal
副痘病毒	Parapoxvirus
創傷弧菌	Vibrio vulnificus
創周描述	Periwound description
創緣描述	Edge of wound description
創面面積	Area of wound bed
劑量總數	Total number of doses
劑量藥物	Doses
劑量體積	PCA dose volume
功率水平	Power level
功率設定	Power setting
功率设定	Power setting
功能发现	Functional findings
功能水平	Level of function
功能状态	Functional status
功能狀態	Functional status
功能發現	Functional findings
功能表现	Functional performance
功能表現	Functional performance
加兰他敏	Galantamine
加州刺柏	Juniperus californica
加州胡桃	Juglans california
加州野栎	Quercus agrifolia
加州野櫟	Quercus agrifolia
加州黑栎	Quercus kelloggii
加州黑櫟	Quercus kelloggii
加工乳酪	Processed cheese
加巴喷丁	Gabapentin
加巴噴丁	Gabapentin
加替沙星	Gatifloxacin
加温方法	Warming method
加溫方法	Warming method
加米霉素	Gamithromycin
加米黴素	Gamithromycin
加蘭他敏	Galantamine
加速指数	Acceleration index
加速指數	Acceleration index
加重因素	Exacerbating factors
加雷沙星	Garenoxacin
动眼神经	Oculomotor+trochlear+abducens nerves (CN III+IV+VI) exam
动脉全血	BldA
动脉血气	Arterial blood gas ABG
勃拉睪酮	Bolasterone
勃拉睾酮	Bolasterone
動眼神經	Oculomotor+trochlear+abducens nerves (CN III+IV+VI) exam
動脈全血	BldA
動脈血氣	Arterial blood gas ABG
包斑蛋白	Envoplakin
包装标签	Package label
包裝標籤	Package label
匍匐曲霉	Aspergillus repens
匍匐麴黴	Aspergillus repens
化学检查	Chemistry studies
化学物质	Chemical XXX
化学疗法	chemotherapy
化學檢查	Chemistry studies
化學物質	Chemical XXX
化學療法	chemotherapy
北美圆柏	Juniperus sabinoides
北美圓柏	Juniperus sabinoides
匯總信息	Aggregate information
匹氨西林	Pivampicillin
匹泮哌隆	Pipamperone
区域切面	Region crossection
区域医院	Regional hospitals
区带模式	IgG band pattern
区或郡县	District or county
医学问题	Medical problem
医师专业	Physician specialty
医师代码	Physician code
医疗装置	Medical device
医疗食品	Medical food
医院会诊	Hospital consultations
医院编号	Hospital number
區域切面	Region crossection
區域醫院	Regional hospitals
區帶模式	IgG band pattern
區或郡縣	District or county
十五烷酸	Pentadecanoate
十八烷酸	Octadecanoate
十八碳酯	octadecanoate
半乳糖醇	Galactitol
半球宽度	Hemispheric width
半球寬度	Hemispheric width
半胱氨酸	Hemicystine
协作分期	collaborative staging
協作分期	collaborative staging
单个容器	single container
单个牙区	Single tooth area
单唾液酸	monosialo
单子杜松	Juniperus monosperma
单核细胞	Monocyte
单眼近用	monocular near
单眼远用	monocular far
南欧黑松	Pinus nigra
南歐黑松	Pinus nigra
南部豚草	Ambrosia bidentata
南非紅茶	Aspalathus linearis
南非红茶	Aspalathus linearis
博卡病毒	Adenovirus & Bocavirus
卡博替尼	Cabozantinib
卡博特韋	Cabotegravir
卡博特韦	Cabotegravir
卡可病毒	Cocal virus
卡托普利	Captopril
卡比多巴	Carbidopa
卡比米嗪	Cariprazine
卡泊芬净	Caspofungin
卡泊芬淨	Caspofungin
卡維地洛	Carvedilol
卡维地洛	Carvedilol
卡芦莫南	Carumonam
卡芬太尼	Carfentanil
卡蘆莫南	Carumonam
卡託普利	Captopril
卡那霉素	Kanamycin
卡那黴素	Kanamycin
卡馬特粉	Kamut flour
卡馬西平	carBAMazepine
卡马特粉	Kamut flour
卡马西平	carBAMazepine
卡魯睪酮	Calusterone
卡鲁睾酮	Calusterone
卢非酰胺	Rufinamide
卤化烃类	Hydrocarbons
卧床不起	Confined to bed
卫星结节	Satellite nodules
卫生部门	Health department
印加萝卜	Lepidium meyenii
印加蘿蔔	Lepidium meyenii
印戒細胞	Signet ring cells
印戒细胞	Signet ring cells
印象注释	KW impression comment
印象注釋	KW impression comment
危险因素	Risk factors
危險因素	Risk factors
卵白蛋白	Ovalbumin
卷曲霉素	Capreomycin
厂商名称	Vendor name
厂商型号	Vendor model number
厄他培南	Ertapenem
厄伐环素	Eravacycline
厄伐環素	Eravacycline
厄洛替尼	Erlotinib
压力下降	Pressure drop
压力梯度	Pressure gradient
压缩气体	compressed gas
原发部位	Primary site
原始霉素	Pristinamycin
原始黴素	Pristinamycin
原生动物	Protozoa
原生動物	Protozoa
原發部位	Primary site
原紅細胞	Pronormoblasts
原红细胞	Pronormoblasts
去甲吗啡	Normorphine
去甲嗎啡	Normorphine
去羟肌苷	Didanosine
去羥肌苷	Didanosine
去脂体重	Lean body weight
去脂體重	Lean body weight
参比电极	Reference electrode
参考序列	Reference sequence
参考搏动	Reference beat
參比電極	Reference electrode
參考序列	Reference sequence
參考搏動	Reference beat
双氢睾酮	Androstanolone
双目距离	Binocular distance
双眼中距	binocular intermediate
双眼近用	binocular near
双眼近距	binocular near
双眼远用	binocular far
双眼远距	binocular far
双胎妊娠	Twin pregnancy
双载蛋白	Amphiphysin
双香豆素	Dicoumarol
反向引物	Reverse primer
反向色素	Reverse pigment
反应机制	Reaction mechanism
反应蛋白	C reactive protein
反应风团	Reaction wheal
反應機制	Reaction mechanism
反應蛋白	C reactive protein
反應風團	Reaction wheal
反流体积	Regurgitant volume
反流分数	Regurgitant fraction
反流分數	Regurgitant fraction
反流程度	Regurgitation degree
反流體積	Regurgitant volume
发作状态	Episode status
发作计数	Seizure
发作起始	Seizure onset
发作频率	Seizure frequency
发病日期	Date of onset
发货日期	Shipping date
受孕方法	Conception method
受孕日期	Conception date
受者源性	recipient derived
变异系数	coefficient of variation
变态反应	Allergies
叢生蛋白	Clusterin
口疮病毒	Orf virus
口瘡病毒	Orf virus
古怪妄想	Bizarre delusions
古怪細胞	Bizarre cells
古怪细胞	Bizarre cells
古怪行为	Bizarre behavior
古怪行為	Bizarre behavior
古柯乙烯	Cocaethylene
可安慰性	Consolability
可注射性	injectable
可溶性肝	Soluble liver
右侧卧位	right lateral position
右側臥位	right lateral position
右吗拉胺	Dextromoramide
右嗎拉胺	Dextromoramide
右美沙芬	Dextromethorphan
叶酸受体	Folate receptor alpha
号染色体	Chromosome 17 copy number
司他夫定	Stavudine
司來吉蘭	Selegiline
司坦唑醇	Stanozolol
司来吉兰	Selegiline
司氟沙星	Sparfloxacin
司美匹韋	Simeprevir
司美匹韦	Simeprevir
司腾勃龙	Stenbolone
司騰勃龍	Stenbolone
叹气设置	sigh setting
吉米沙星	Gemifloxacin
吉非替尼	Gefitinib
吉非罗齐	Gemfibrozil
吉非羅齊	Gemfibrozil
同时感染	Coinfection
同時感染	Coinfection
名称标题	name title
名称状态	name status
名稱標題	name title
名稱狀態	name status
后前位片	View PA 45 degree flexion
后面高度	Posterior facial height
吐綬雞肉	Turkey meat
吐绶鸡肉	Turkey meat
吗氯贝胺	Moclobemide
吞噬指数	Phagocytic index
吞噬指數	Phagocytic index
吡仑帕奈	Perampanel
吡侖帕奈	Perampanel
吡利霉素	Pirlimycin
吡利黴素	Pirlimycin
吡咯戊酮	Pyrovalerone
吡嗪酰胺	Pyrazinamide
吡嗪醯胺	Pyrazinamide
吡格列酮	Pioglitazone
吡氧噻嗪	Piroxicam
含氯溶剂	Chlorinated solvents
含氯溶劑	Chlorinated solvents
吲哚洛尔	Pindolol
吲哚洛爾	Pindolol
吲哚甲酸	5-fluoro PB-22 3-carboxyindole
吲哚青綠	Indocyanine green
吲哚青绿	Indocyanine green
吸入气体	Inspired gas
吸入氣體	Inspired gas
吸气储备	Inspiratory reserve
吸气压力	Inspiratory pressure
吸气峰值	peak inspiratory
吸气设置	Inspiration setting
吸氣儲備	Inspiratory reserve
吸氣壓力	Inspiratory pressure
吸氣峰值	peak inspiratory
吸氣設置	Inspiration setting
吸烟状态	Smoking status
吸痰頻率	Suctioning frequency
吸痰频率	Suctioning frequency
吸菸狀態	Smoking status
呋喃唑酮	Furazolidone
呋喃西林	Nitrofurazone
呋芬雷司	Furfenorex
呕吐次数	Emesis
周轉延遲	Turn-around delay
周转延迟	Turn-around delay
周長格式	Perimeter format
周長部位	Circumference site
周长格式	Perimeter format
周长部位	Circumference site
呼吸事件	Respiratory event setting
呼吸时相	Respiratory phase
呼吸時相	Respiratory phase
呼吸暂停	apnea
呼吸暫停	apnea
呼吸模式	Breathing patterns
呼吸浅慢	hypopnea
呼吸淺慢	hypopnea
呼吸状态	Respiratory status
呼吸狀態	Respiratory status
呼吸節律	Respiration rhythm
呼吸节律	Respiration rhythm
呼吸評估	Respiratory assessment
呼吸评估	Respiratory assessment
呼吸运动	breathing movement
呼吸速率	Respiration rate
呼吸運動	breathing movement
呼吸面罩	Respiratory mask
呼气储备	Expiratory reserve
呼气压力	Expiratory pressure
呼气末时	at end expiration
呼气末正	positive end expiratory
呼气结束	end of expiration
呼气设置	Expiration setting
呼气试验	Helicobacter pylori urea breath test
呼气阻力	Expiratory resistance
呼氣儲備	Expiratory reserve
呼氣壓力	Expiratory pressure
呼氣末時	at end expiration
呼氣末正	positive end expiratory
呼氣結束	end of expiration
呼氣設置	Expiration setting
呼氣試驗	Helicobacter pylori urea breath test
呼氣阻力	Expiratory resistance
和睦关系	Rapport
和睦關係	Rapport
咨询记录	Counseling note
咪达唑仑	Midazolam
咪達唑侖	Midazolam
哌仑他韦	Pibrentasvir
哌侖他韋	Pibrentasvir
哌克昔林	Perhexiline
哌柏西利	Palbociclib
哌苯甲醇	Pipradrol
响应团队	Response team
响应延迟	Response delay
哮喘发作	Asthma spells
哮喘發作	Asthma spells
唑尼沙胺	Zonisamide
唑拉西泮	Zolazepam
唤醒级别	Level of arousal
唾液酸酶	Sialidase
問題位置	Problem location
問題列表	Problem list
問題描述	Problem description
問題語境	Problem context
問題頻率	Problem frequency
啤酒摄入	Beer intake
啤酒攝入	Beer intake
啤酒酵母	Yeast brewer's
善意估算	Good faith estimate
喚醒級別	Level of arousal
單個容器	single container
單個牙區	Single tooth area
單唾液酸	monosialo
單子杜松	Juniperus monosperma
單核細胞	Monocyte
單眼近用	monocular near
單眼遠用	monocular far
喷昔洛韦	Penciclovir
嗎氯貝胺	Moclobemide
嘆氣設置	sigh setting
嘔吐次數	Emesis
器官供体	Organ donor
器官供體	Organ donor
器官靶向	Organ target(s)
噬咬細胞	Bite cells
噬咬细胞	Bite cells
噬脂細胞	Lipophages
噬脂细胞	Lipophages
噬鐵細胞	Siderophages
噬铁细胞	Siderophages
噴昔洛韋	Penciclovir
噻吗洛尔	Timolol
噻嗎洛爾	Timolol
噻奈普汀	Tianeptine
噻氯匹定	Ticlopidine
嚴重疾患	Severely ill
四乙基鉛	Tetraethyl lead
四乙基铅	Tetraethyl lead
四唾液酸	tetrasialo
四氢叶酸	Tetrahydrofolate
四氢吡咯	2-Ethylidene-1,5-Dimethyl-3,3-Diphenylpyrrolidine
四氢呋喃	Tetrahydrofuran
四氢西泮	Tetrazepam
四氫吡咯	2-Ethylidene-1,5-Dimethyl-3,3-Diphenylpyrrolidine
四氫呋喃	Tetrahydrofuran
四氫葉酸	Tetrahydrofolate
四氫西泮	Tetrazepam
四氯乙烯	Tetrachloroethylene
四氯乙烷	Tetrachloroethane
四氯化碳	Carbon tetrachloride
四氯化鈦	Titanium tetrachloride
四氯化钛	Titanium tetrachloride
四氯苯酐	Tetrachlorophthalic anhydride
四翅滨藜	Atriplex canescens
四翅濱藜	Atriplex canescens
四肢张力	extremities tone
四肢張力	extremities tone
回流压力	Return pressure
回流壓力	Return pressure
回肠造口	ileostomy
因子替换	actual
因子替換	actual
因子活性	von Willebrand factor
因子組套	von Willebrand
因子组套	von Willebrand
因子評價	von Willebrand evaluation
因子评价	von Willebrand evaluation
国家编号	Country number
图像质量	Image quality
圆形头部	round head
圆形细胞	Round cells
國家編號	Country number
圓形細胞	Round cells
圓形頭部	round head
圖像質量	Image quality
在前一夜	overnight
在场人员	Person present
在場人員	Person present
在狭窄处	at stenosis
在狹窄處	at stenosis
在調度時	at dispatch
在调度时	at dispatch
地克西泮	Diclazepam
地匹哌酮	Dipipanone
地址用途	Address use
地址組套	Address
地址组套	Address
地塞米松	Dexamethasone
地拉韋定	Delavirdine
地拉韦定	Delavirdine
地洛西泮	Delorazepam
地瑞那韋	Darunavir
地瑞那韦	Darunavir
地紅黴素	Dirithromycin
地红霉素	Dirithromycin
地貝卡星	Dibekacin
地贝卡星	Dibekacin
坐立能力	Sitting ability
垂直位移	Vertical displacement
垂直棱镜	Vertical prism
垂直直径	Vertical diameter
垂直直徑	Vertical diameter
垂直稜鏡	Vertical prism
垂直重叠	Vertical overlap
垂直重疊	Vertical overlap
型前病毒	HIV 1 proviral
埃替格韋	Elvitegravir
埃替格韦	Elvitegravir
埃若病毒	Aino virus
培托马尼	Pretomanid
培氟沙星	Pefloxacin
培託馬尼	Pretomanid
培高利特	Pergolide
基因突变	UBA1 gene mutation
基因突變	UBA1 gene mutation
基础代谢	Basic metabolic 2000
基础速率	Basal rate
基礎代謝	Basic metabolic 2000
基礎速率	Basal rate
基線設置	baseline setting
基线设置	baseline setting
報告名稱	Report name
報告周期	Reporting period
報告比率	Reporting rate
報告注釋	Report comment
報告狀態	Report status
報告申請	report request
報告附錄	Report addendum
塗抹細胞	Smudge cells
塞來昔布	Celecoxib
塞来昔布	Celecoxib
增加中距	Add intermediate
增食慾素	Orexin-A
增食欲素	Orexin-A
墨斯卡灵	Mescaline
墨斯卡靈	Mescaline
墨胸胡蜂	Vespa velutina
壓力下降	Pressure drop
壓力梯度	Pressure gradient
壓縮氣體	compressed gas
壬酰肉碱	Nonanoylcarnitine (C9)
壬醯肉鹼	Nonanoylcarnitine (C9)
壮观霉素	Spectinomycin
壯觀黴素	Spectinomycin
壳二糖苷	Chitobioside
处方代码	Prescription code
处方列表	Prescription list
处方文本	Prescription text
处方请求	Prescription request
复发日期	Recurrence date
外來物質	Foreign material
外插容积	Extrapolated volume
外插容積	Extrapolated volume
外来物质	Foreign material
外科助理	Surgery assistant
外科医师	Surgeon
外科醫師	Surgeon
多个胎儿	Fetuses
多主枝孢	Cladosporium herbarum
多個胎兒	Fetuses
多奈哌齊	Donepezil
多奈哌齐	Donepezil
多尼培南	Doripenem
多拉韋林	Doravirine
多拉韦林	Doravirine
多果滨藜	Atriplex polycarpa
多果濱藜	Atriplex polycarpa
多毛蜜蚁	Myrmecia pilosula
多毛蜜蟻	Myrmecia pilosula
多沙唑嗪	Doxazosin
多潘立酮	Domperidone
多种缺陷	multiple defects
多種缺陷	multiple defects
多胎妊娠	Multiple pregnancy
多重視圖	Views
多重视图	Views
多香果树	Pimenta dioica
多香果樹	Pimenta dioica
夜間覺醒	Nighttime awakening
夜间觉醒	Nighttime awakening
大体缺陷	Gross defects
大便常規	Stool routine examination
大便常规	Stool routine examination
大刀鐮孢	Fusarium culmorum
大刀镰孢	Fusarium culmorum
大型动物	large animal
大型動物	large animal
大型碎片	large fragments
大果柏木	Cupressus macrocarpa
大果越橘	Vaccinium macrocarpon
大比目魚	Halibut Hippoglossus hippoglossus
大比目鱼	Halibut Hippoglossus hippoglossus
大眼狮鲈	Stizostedion vitreum
大眼獅鱸	Stizostedion vitreum
大紅細胞	Macrocytes
大綠柄桑	Chlorophora excelsa
大红细胞	Macrocytes
大绿柄桑	Chlorophora excelsa
大肠菌群	Coliform bacteria
大腸菌群	Coliform bacteria
大西洋鮭	Salmo salar
大西洋鯡	Clupea harengus
大西洋鲑	Salmo salar
大西洋鲱	Clupea harengus
大豆灰塵	Glycine max dust
大豆灰尘	Glycine max dust
大量血液	Gross blood
大體缺陷	Gross defects
大麥花粉	Hordeum vulgare pollen
大麦花粉	Hordeum vulgare pollen
大麻二酚	Cannabidiol
大麻纖維	Hemp fiber
大麻纤维	Hemp fiber
大黃粉蟲	Tenebrio mollitor
大黄粉虫	Tenebrio mollitor
天仙子胺	Hyoscyamine
天冬酰胺	Asparagine
天冬醯胺	Asparagine
天花病毒	Variola virus
天青杀素	Azurocidin
天青殺素	Azurocidin
夫拉扎勃	Furazabol
夫沙那韋	Fosamprenavir
夫沙那韦	Fosamprenavir
失效日期	Date of expiration
头孢三嗪	cefTRIAXone
头孢丙烯	Cefprozil
头孢乙腈	Cefacetrile
头孢他啶	cefTAZidime
头孢他美	Cefetamet
头孢克肟	Cefixime
头孢利定	Cephaloridine
头孢匹罗	Cefpirome
头孢卡品	Cefcapene
头孢吡普	Ceftobiprole
头孢吡硫	Cephapirin
头孢吡肟	Cefepime
头孢呋辛	Cefuroxime
头孢哌酮	Cefoperazone
头孢唑兰	Cefozopran
头孢唑林	ceFAZolin
头孢唑肟	Ceftizoxime
头孢喹诺	Cefquinome
头孢噻呋	Ceftiofur
头孢噻肟	Cefotaxime
头孢地嗪	Cefodizime
头孢地尼	Cefdinir
头孢妥仑	Cefditoren
头孢尼西	Cefonicid
头孢布烯	Ceftibuten
头孢德罗	Cefiderocol
头孢拉定	Cephradine
头孢曲秦	Cefatrizine
头孢替坦	cefoTEtan
头孢替安	Cefotiam
头孢氨苄	Cephalexin
头孢洛林	Ceftaroline
头孢特仑	Cefteram
头孢甘酸	Cephaloglycin
头孢甲肟	Cefmenoxime
头孢米诺	Cefminox
头孢维星	Cefovecin
头孢美唑	Cefmetazole
头孢羟唑	Cefamandole
头孢菌素	Cephalosporin
头孢金素	Cephalothin
头孢雷特	Ceforanide
头孢霉菌	Cephalosporine mold
夸大妄想	Grandiose delusions
夹竹桃苷	Oleandrin
夾竹桃苷	Oleandrin
奈法唑酮	Nefazodone
奈非那韋	Nelfinavir
奈非那韦	Nelfinavir
奈韋拉平	Nevirapine
奈韦拉平	Nevirapine
奥利万星	Oritavancin
奥匹哌醇	Opipramol
奥卡西平	OXcarbazepine
奥司他韦	Oseltamivir
奥拉帕尼	Olaparib
奥拉帕维	Elbasvir
奥昔嘌醇	Oxipurinol
奥昔布宁	Oxybutynin
奥比沙星	Orbifloxacin
奥沙普秦	Oxaprozin
奥玛环素	Omadacycline
奥美拉唑	Omeprazole
奥芬太尼	Ocfentanil
奥谱托欣	Optochin
奧利萬星	Oritavancin
奧匹哌醇	Opipramol
奧卡西平	OXcarbazepine
奧司他韋	Oseltamivir
奧拉帕尼	Olaparib
奧拉帕維	Elbasvir
奧昔嘌醇	Oxipurinol
奧昔布寧	Oxybutynin
奧比沙星	Orbifloxacin
奧沙普秦	Oxaprozin
奧瑪環素	Omadacycline
奧美拉唑	Omeprazole
奧芬太尼	Ocfentanil
奧譜託欣	Optochin
奶牛毛屑	Cow dander
妄想情緒	Delusional moods
妄想情绪	Delusional moods
妄想筛查	Delusion screen
妄想篩查	Delusion screen
妄想記錄	Delusion notes
妄想记录	Delusion notes
妊娠信息	Pregnancy information
妊娠小節	Pregnancy section
妊娠小节	Pregnancy section
妊娠摘要	Pregnancy summary
妊娠状态	Pregnancy status
妊娠狀態	Pregnancy status
妊娠疱疹	Herpes gestationis
妊娠皰疹	Herpes gestationis
妊娠結局	Outcome of pregnancy
妊娠结局	Outcome of pregnancy
妥布霉素	Tobramycin
妥布黴素	Tobramycin
妥拉磺脲	TOLAZamide
姓名前綴	Name prefix
姓名前缀	Name prefix
姓名后缀	Name suffix
姓名後綴	Name suffix
姓名用途	Name use
姓名組套	Name
姓名组套	Name
委托状态	State of commission
委托郡县	County of commission
委託狀態	State of commission
委託郡縣	County of commission
威氏分析	Wits analysis
娄地青霉	Penicillium roqueforti
婁地青黴	Penicillium roqueforti
婚姻状况	Marital status
婚姻狀況	Marital status
孔雀粪便	Cockatiel droppings
孔雀糞便	Cockatiel droppings
孔雀羽毛	Cockatiel feather
孔雀血清	Cockatiel serum
孕三烯酮	Gestrinone
孕烯醇酮	Pregnenolone
孕烷醇酮	Pregnanolone
孕酮受体	Progesterone receptor
孕酮受體	Progesterone receptor
孕齡方法	Gestational age method
孕龄方法	Gestational age method
存储位置	Storage location
存儲位置	Storage location
存活細胞	Viable cells
存活细胞	Viable cells
学校代码	School code
學校代碼	School code
安全装备	Safety equipment
安全裝備	Safety equipment
安普那韋	Amprenavir
安普那韦	Amprenavir
安替比林	Antipyrine
安胎方法	Tocolysis method
安非他尼	Amphetaminil
完全溶血	full hemolysis
完成状态	Completion status
完成狀態	Completion status
完整地址	Complete address
宏基因組	Metagenomic DNA and RNA Sequencing
宏基因组	Metagenomic DNA and RNA Sequencing
害嗜鱗蟎	Lepidoglyphus destructor
害嗜鳞螨	Lepidoglyphus destructor
家兔毛屑	Rabbit dander
家庭支出	Household expenditure
家庭收入	Household income
家庭构成	Household composition
家庭構成	Household composition
家独行菜	Lepidium sativum
家獨行菜	Lepidium sativum
家甜食螨	Glycyphagus domesticus
家甜食蟎	Glycyphagus domesticus
密丛毛霉	Mucor plumbeus
密叢毛黴	Mucor plumbeus
密花豚草	Ambrosia confertiflora
寨卡病毒	Zika virus
对硝基酚	Para nitrophenol
对策名称	Countermeasure name
对策报告	Countermeasure report
对策描述	Countermeasure description
对羟福林	Oxedrine
导线状态	Wire status
射血分数	Ejection fraction
射血分數	Ejection fraction
射血时间	Ejection time
射血時間	Ejection time
對硝基酚	Para nitrophenol
對策名稱	Countermeasure name
對策報告	Countermeasure report
對策描述	Countermeasure description
對羥福林	Oxedrine
導線狀態	Wire status
小型动物	small animal
小型動物	small animal
小岛细胞	Islet cell 512
小島細胞	Islet cell 512
小时标本	1H specimen
小時標本	1H specimen
小果野蕉	Musa acuminata
小泰勒虫	Theileria parva
小泰勒蟲	Theileria parva
小牛肝脏	Liver calf
小牛肝臟	Liver calf
小節標題	section heading
小粒咖啡	Coffea arabica
小紅細胞	Microcytes
小組響應	Unit responded
小红细胞	Microcytes
小组响应	Unit responded
小节标题	section heading
小螺旋菌	Spirillum minus
小麥花粉	Triticum aestivum pollen
小麦花粉	Triticum aestivum pollen
小鼠粪便	Mouse droppings
小鼠糞便	Mouse droppings
少根根霉	Rhizopus arrhizus
少根根黴	Rhizopus arrhizus
尖峰計數	Spike
尖峰计数	Spike
尖鐮孢菌	Fusarium oxysporum
尖镰孢菌	Fusarium oxysporum
尖音库蚊	Culex pipiens
尖音庫蚊	Culex pipiens
就业状况	Employment status
就医位置	Encounter location
就業狀況	Employment status
就职行业	Occupation industry
就職行業	Occupation industry
就診日期	Visit date
就診費用	Visit charge
就诊日期	Visit date
就诊费用	Visit charge
就醫位置	Encounter location
尼卡地平	niCARdipine
尼可吗啡	Nicomorphine
尼可嗎啡	Nicomorphine
尼扎替丁	Nizatidine
尼拉帕利	Niraparib
尼替西农	Nitisinone
尼替西農	Nitisinone
尼福西泮	Nifoxipam
尾部卷曲	coiled tail
尾部捲曲	coiled tail
尾部断裂	broken tail
尾部斷裂	broken tail
尾部肿胀	tail swelling
尾部腫脹	tail swelling
尾部重复	duplicate tail
尾部重複	duplicate tail
尿卟啉原	Uroporphyrinogen III synthase
尿布計數	Diaper
尿布计数	Diaper
尿素酶A	Helicobacter pylori urease subunit A
尿胆素原	Urobilinogen
尿膽素原	Urobilinogen
尿酸結晶	Urate crystals
尿酸结晶	Urate crystals
局部多层	Multisection limited
局部多層	Multisection limited
居住县郡	County of residence
居住特点	Characteristics of residence
居住特點	Characteristics of residence
居住縣郡	County of residence
屈光能力	Refractive power
屎肠球菌	Enterococcus faecium
屎腸球菌	Enterococcus faecium
山梨糖醇	Sorbitol
山毛榉树	Beech Fagus IgE Ab
山毛櫸樹	Beech Fagus IgE Ab
山羊乳酪	Goat cheese
岔枝高度	Ramus height
峡谷豚草	Ambrosia ambrosioides
峰值时间	P50 peak time
峰值時間	P50 peak time
峰值頻率	peak frequency
峰值频率	peak frequency
峽谷豚草	Ambrosia ambrosioides
工作人员	Staff
工作人員	Staff
工作經歷	Job experience
工作編號	Job number
工作经历	Job experience
工作编号	Job number
工作职位	Job position
工作職位	Job position
左侧卧位	left lateral position
左側臥位	left lateral position
左旋咪唑	Levamisole
左旋多巴	Levodopa
巨催乳素	Macroprolactin
巨噬細胞	Macrophages
巨噬细胞	Macrophages
巨核細胞	Megakaryocytes
巨核细胞	Megakaryocytes
巨球蛋白	Macroglobulin
己內醯胺	Caprolactam
己内酰胺	Caprolactam
己烯雌酚	Diethylstilbestrol
己糖激酶	Hexokinase
己酰肉碱	Hexanoylcarnitine (C6)
己醯肉鹼	Hexanoylcarnitine (C6)
已故标志	Deceased indicator
已故標誌	Deceased indicator
已施用的	administered
已知暴露	Known exposure
已評估的	DNA marker assessed
已评估的	DNA marker assessed
巴氏小体	Barr bodies
巴氏小體	Barr bodies
巴氏梭菌	Clostridium baratii
巴西坚果	Bertholletia excelsa
巴西堅果	Bertholletia excelsa
巴龍黴素	Paromomycin
巴龙霉素	Paromomycin
布他比妥	Butalbital
布地縮松	Budesonide
布地缩松	Budesonide
布托啡诺	Butorphanol
布氏錐蟲	Trypanosoma brucei
布氏锥虫	Trypanosoma brucei
布瓦西坦	Brivaracetam
布美他尼	Bumetanide
布託啡諾	Butorphanol
帕利瑞韋	Paritaprevir
帕利瑞韦	Paritaprevir
帕唑帕尼	Pazopanib
帕尼培南	Panipenem
帕罗西汀	PARoxetine
帕羅西汀	PARoxetine
常住国家	Country of usual residence
常住國家	Country of usual residence
常现青霉	Penicillium frequentans
常現青黴	Penicillium frequentans
干草粉尘	Hay dust
干预措施	Interventions
平均厚度	mean thickness
平肖桧柏	Juniperus pinchotii
平肖檜柏	Juniperus pinchotii
幹預措施	Interventions
幻覺記錄	Hallucination notes
幻觉记录	Hallucination notes
幼稚細胞	Blasts
幼稚细胞	Blasts
幼紅細胞	Normoblasts
幼红细胞	Normoblasts
庆大霉素	Gentamicin
床位标识	Bed identification
床位標識	Bed identification
床位状态	Bed state
床位狀態	Bed state
床位类别	Bed category
床位類別	Bed category
应变速率	Strain rate
底部面板	Bottom
庚酰肉碱	Heptanoylcarnitine (C7)
庚醯肉鹼	Heptanoylcarnitine (C7)
度洛西汀	DULoxetine
度魯特韋	Dolutegravir
度鲁特韦	Dolutegravir
康复处方	Prescription for rehabilitation
康复预后	Prognosis for rehabilitation
康復處方	Prescription for rehabilitation
康復預後	Prognosis for rehabilitation
廠商名稱	Vendor name
廠商型號	Vendor model number
延胡索酸	Fumarate
开始呼叫	beginning of call
开始日期	Start date
开始时间	Start time
开始溶血	beginning hemolysis
开灯时间	lights on time wake time
异亮氨酸	Isoleucine
异位妊娠	Ectopic pregnancy
异佛尔酮	Isophorone
异卡波肼	Isocarboxazid
异型增生	dysplastic
异帕米星	Isepamicin
异常中片	abnormal midpiece
异常主段	abnormal principal pieces
异常区带	abnormal band
异常头部	abnormal head
异常尾部	abnormal tail
异常结果	Abnormal findings interpretation Narrative
异柠檬酸	Isocitrate
异株荨麻	Urtica dioica
异狄氏剂	Endrin
异粪卟啉	Isocoproporphyrin
异维甲酸	ISOtretinoin
异色瓢虫	Harmonia axyridis
异黄蝶呤	Isoxanthopterin
弯孢霉菌	Bipolanis curvularia
弯曲菌属	Campylobacter
強制言語	Pressured speech
強力黴素	Doxycycline
弹性纤维	Elastic fibers
强制言语	Pressured speech
强力霉素	Doxycycline
彈性纖維	Elastic fibers
彎孢黴菌	Bipolanis curvularia
彎曲菌屬	Campylobacter
当前职位	Current employment
影像所見	Imaging Study observation Narrative findings
影像所见	Imaging Study observation Narrative findings
影像表现	Imaging Study observation Narrative findings impression
影像表現	Imaging Study observation Narrative findings impression
影响因素	Contributing factor
影响妄想	Delusions of influence
影响程度	Impact level
影響因素	Contributing factor
影響妄想	Delusions of influence
影響程度	Impact level
径向应变	Radial strain
後前位片	View PA 45 degree flexion
後面高度	Posterior facial height
徑向應變	Radial strain
復發日期	Recurrence date
循环系统	Circulatory system
循环肿瘤	Circulating tumor
循環系統	Circulatory system
循環腫瘤	Circulating tumor
微孢子虫	Microsporidia
微孢子蟲	Microsporidia
微生物学	Microbiology CNAMTS
微生物學	Microbiology CNAMTS
微管蛋白	Beta tubulin
微角塵蟎	Dermatophagoides microceras
微角尘螨	Dermatophagoides microceras
微量蛋白	Beta-trace protein
德国小蠊	Blatella germanica
德國小蠊	Blatella germanica
心力衰竭	Heart failure 4Y risk
心包引流	pericardial drain
心包积液	Pericardial effusion
心包積液	Pericardial effusion
心壁節段	Wall segment
心壁节段	Wall segment
心室功能	Ventricular function
心室导线	Ventricular wire
心室導線	Ventricular wire
心室形态	Ventricular morphology
心室形態	Ventricular morphology
心尖旋轉	Apical rotation
心尖旋转	Apical rotation
心底旋轉	Basal rotation
心底旋转	Basal rotation
心律失常	Arrhythmia
心律监测	Cardiac rhythm monitoring
心律監測	Cardiac rhythm monitoring
心房导线	Atrial wire
心房導線	Atrial wire
心收縮期	Systole 2
心收缩期	Systole 2
心率節律	Heart rate rhythm
心率节律	Heart rate rhythm
心理功能	Mental function
心理状况	Mental status
心理狀況	Mental status
心肌缺血	Myocardial ischemia
心肌質量	Myocardial
心肌质量	Myocardial
心脏停搏	Cardiac arrest
心臟停搏	Cardiac arrest
心輸出量	Cardiac output
心输出量	Cardiac output
快感缺乏	Anhedonia
快速眼动	REM sleep rapid eye movement
快速眼動	REM sleep rapid eye movement
思想化声	Thought echo
思想化聲	Thought echo
思想广播	Thought broadcast
思想廣播	Thought broadcast
思想插入	Thought insertion
思想退縮	Thought withdrawal
思想退缩	Thought withdrawal
思維奔逸	Racing thoughts
思维奔逸	Racing thoughts
急性肝炎	Acute hepatitis 2000
性別認同	Gender identity
性别认同	Gender identity
性行为史	Sexual behavior
性行為史	Sexual behavior
总体健康	General health
总状毛霉	Mucor racemosus
总状花藜	Chenopodium botrys
总粪卟啉	Coproporphyrin 3
总胃泌素	Gastrin-34
总胆固醇	Total cholesterol TC
总胆红素	Total bilirubin TBIL
总脂肪酸	Fatty acids Moles volume Serum Plasma
总脂蛋白	Lipoprotein (little a)
总计目标	total goal
总计设置	total setting
恆定設置	constant setting
恒定设置	constant setting
恢复蛋白	Recoverin
恢复证明	Recovery certificate
恢復蛋白	Recoverin
恢復證明	Recovery certificate
恩夫韋地	Enfuvirtide
恩夫韦地	Enfuvirtide
恩曲他滨	Emtricitabine
恩曲他濱	Emtricitabine
恩替卡韋	Entecavir
恩替卡韦	Entecavir
恩諾沙星	Enrofloxacin
恩诺沙星	Enrofloxacin
患者人数	Number of patients
患者人數	Number of patients
患者位置	Patient location
患者到达	patient arrival
患者到達	patient arrival
患者失踪	Patient disappearance
患者失蹤	Patient disappearance
患者摘要	Patient summary
患者病史	Patient history
患者症状	Patient symptoms
患者症狀	Patient symptoms
情况状态	Condition status
情況狀態	Condition status
意外事件	accident
意外接触	unexpected contact
意外接觸	unexpected contact
意大利松	Pinus pinea
意識水平	Level of consciousness
意识水平	Level of consciousness
愛帕琳肽	Apelin
感官症状	Sensory symptoms
感官症狀	Sensory symptoms
感情迟钝	Blunted affect
感情遲鈍	Blunted affect
感染等級	Infection grade
感染等级	Infection grade
感覺異常	Paresthesia
感觉异常	Paresthesia
慢胰岛素	Insulin Lente
慢胰島素	Insulin Lente
慶大黴素	Gentamicin
應變速率	Strain rate
戊巴比妥	PENTobarbital
戊烯二酸	Glutaconate
成像检查	Imaging study
成像檢查	Imaging study
成骨細胞	Osteoblasts
成骨细胞	Osteoblasts
我想要哭	I felt like crying
戒烟日期	Date quit tobacco smoking
戒菸日期	Date quit tobacco smoking
截肢風險	Amputation risk
截肢风险	Amputation risk
戶外活動	Outdoor
户外活动	Outdoor
房室間期	Atrioventricular interval
房室间期	Atrioventricular interval
房間號碼	Room number
房间号码	Room number
所抽香烟	Cigarettes smoked
所抽香菸	Cigarettes smoked
所接受的	Received COVID-19 vaccine
所混合的	pooled
手术边缘	Surgical margin DCIS involvement
手術邊緣	Surgical margin DCIS involvement
手部优势	Hand dominance - 42Mo
手部優勢	Hand dominance - 42Mo
扎來普隆	Zaleplon
扎来普隆	Zaleplon
扎西他滨	Zalcitabine
扎西他濱	Zalcitabine
扎那米韋	Zanamivir
扎那米韦	Zanamivir
托拉塞米	Torsemide
托拉菌素	Tulathromycin
托氟沙星	Tosufloxacin
托洛病毒	Torovirus
托珠单抗	Tocilizumab
托莫西汀	Atomoxetine
扩展青霉	Penicillium expansum
扭轉牙齒	Rotated teeth
扭轉速率	Twist rate
扭转牙齿	Rotated teeth
扭转速率	Twist rate
批次組套	Batch
批次组套	Batch
抓握力量	Grip strength
抗原組套	Rh antigens & K
抗原组套	Rh antigens & K
抗坏血酸	Ascorbate
抗壞血酸	Ascorbate
抗惊厥药	Anticonvulsants
抗抑郁药	Antidepressants
抗抑鬱藥	Antidepressants
抗核抗体	Antinuclear antibody ANA
抗核抗體	Antinuclear antibody ANA
抗氧化剂	Antioxidants
抗氧化劑	Antioxidants
抗溶解性	lytic resistant
抗組胺藥	Histamine H1 receptor antagonist
抗组胺药	Histamine H1 receptor antagonist
抗酒石酸	tartrate resistant
抗驚厥藥	Anticonvulsants
护士姓名	Nurse name
报告名称	Report name
报告周期	Reporting period
报告比率	Reporting rate
报告注释	Report comment
报告状态	Report status
报告申请	report request
报告附录	Report addendum
抱子甘蓝	Brassica oleracea var gemmifera
抱子甘藍	Brassica oleracea var gemmifera
担心跌倒	Worried about falling
担架用途	Purpose of stretcher
拉氧头孢	Moxalactam
拉氧頭孢	Moxalactam
拉沙病毒	Lassa virus
拉科酰胺	Lacosamide
拉科醯胺	Lacosamide
拉米夫定	lamiVUDine
拉維紀草	Levisticum officinale
拉维纪草	Levisticum officinale
拉莫三嗪	lamoTRIgine
拉貝洛爾	Labetalol
拉贝洛尔	Labetalol
拓扑替康	Topotecan
拓撲替康	Topotecan
拔管时间	Time of extubation
拔管時間	Time of extubation
持續時長	duration
持續時間	QRS duration
持續氣流	Continuous flow
持续时长	duration
持续时间	QRS duration
持续气流	Continuous flow
指数组套	LACE index
指数评分	LACE index score
指数风险	C14-C24 index risk
指數組套	LACE index
指數評分	LACE index score
指數風險	C14-C24 index risk
指标描述	Measure description
指標描述	Measure description
指状青霉	Penicillium digitatum
指狀青黴	Penicillium digitatum
振荡电位	Oscillatory potentials
振蕩電位	Oscillatory potentials
捐贈物品	Donated item
捐赠物品	Donated item
损伤位置	Injury location ICD code
损伤地点	Injury location
损伤意图	Injury intent
捲曲黴素	Capreomycin
排便模式	Bowel elimination pattern
排便頻率	Bowel movement frequency
排便频率	Bowel movement frequency
排出評估	Output assessment
排出评估	Output assessment
排卵日期	Ovulation date
排尿模式	Voiding pattern
排空耗时	Voiding time
排空耗時	Voiding time
採用上肢	with use of upper extremities
採用吸氣	W inspiration
採用呼氣	W expiration
採用坐姿	W sitting
採用應激	W stress
採用握拳	W clenched fist
採用氧氣	on oxygen
採用負重	W weight
採用運動	W exercise
採用麻醉	W anesthesia
採購成本	Purchase cost
採購活動	Purchase
採集方法	Collection method
採集日期	Collection date
採集時間	Collection time
採集環境	Collection setting
探診深度	Probing depth
探诊深度	Probing depth
探針廠商	FISH probe vendor
探針部位	Probe site
探针厂商	FISH probe vendor
探针部位	Probe site
接受移植	Transplanted received
接收日期	Date received
接收設施	Receiving facility
接收设施	Receiving facility
接生人员	Birth attendant
接生人員	Birth attendant
接納治療	Acceptance of treatment
接纳治疗	Acceptance of treatment
推导方法	Derivation method
推導方法	Derivation method
推荐瓶数	vials recommended
推荐随访	Recommended follow-up
推薦瓶數	vials recommended
推薦隨訪	Recommended follow-up
掷孢酵母	Sporobolomyces roseus
描述小節	Description section
描述小节	Description section
提出問題	Presenting problem
提出问题	Presenting problem
插入活动	Insertional
插入活動	Insertional
插入深度	Insertion depth
插入部位	Insertion site
插管时间	Time of intubation
插管時間	Time of intubation
損傷位置	Injury location ICD code
損傷地點	Injury location
損傷意圖	Injury intent
搏动指数	Pulsatility index
搏動指數	Pulsatility index
搖蚊幼蟲	Chironomus thummi
摇蚊幼虫	Chironomus thummi
摘要目的	Summary purpose
摩渗间隙	Osmol gap
摩滲間隙	Osmol gap
操作发现	Procedure findings
操作嘗試	Procedure attempts
操作处置	Procedure disposition
操作尝试	Procedure attempts
操作成功	Procedure successful
操作描述	Procedure description
操作方法	Procedure method
操作日期	Date of procedure
操作發現	Procedure findings
操作處置	Procedure disposition
操作記錄	Procedure note
操作记录	Procedure note
操作难度	Procedure difficulty
操作難度	Procedure difficulty
操作項目	Procedure
操作順序	Procedure sequence
操作项目	Procedure
操作顺序	Procedure sequence
操作麻醉	Procedure anesthesia
擔心跌倒	Worried about falling
擔架用途	Purpose of stretcher
擲孢酵母	Sporobolomyces roseus
擴展青黴	Penicillium expansum
攀登高度	Elevation climbed
支付來源	Payment source
支付来源	Payment source
支付診斷	Payment diagnosis
支付诊断	Payment diagnosis
收縮末期	end systole
收缩末期	end systole
放大工具	Magnification instrument
放射性碘	Radioactive iodine
放射治疗	radiation
放射治療	radiation
教育記錄	Education note
教育记录	Education note
散大蜗牛	Helix aspersa
散大蝸牛	Helix aspersa
散装原料	Bulk ingredient
散裝原料	Bulk ingredient
整个面部	Face all
整個面部	Face all
敷料用途	Dressing purpose
文化程度	Highest level of education
文拉法辛	Venlafaxine
文档名称	Document name
文档摘要	Document summary
文档种类	Kind of document
文檔名稱	Document name
文檔摘要	Document summary
文檔種類	Kind of document
斜角半径	Bevel radius
斜角半徑	Bevel radius
斜角宽度	Bevel width
斜角寬度	Bevel width
斯利潘托	Stiripentol
斯利潘託	Stiripentol
新安替根	Pyrilamine
新斯的明	Neostigmine
新生細胞	Neoplastic cells
新生细胞	Neoplastic cells
新生霉素	Novobiocin
新生黴素	Novobiocin
新鮮氣體	Fresh gas
新鮮茴香	Foeniculum vulgare fresh
新鲜气体	Fresh gas
新鲜茴香	Foeniculum vulgare fresh
旅行县郡	County of travel
旅行国家	Country of travel
旅行國家	Country of travel
旅行城市	City of travel
旅行州別	State of travel
旅行州别	State of travel
旅行縣郡	County of travel
旅行記錄	Travel note
旅行记录	Travel note
无唾液酸	asialo
无核小体	Anucleated bodies
既往病史	Past illness
日期範圍	Date range
日期范围	Date range
日本扁柏	Chamaecyparis obtusa
日本柳杉	Cryptomeria japonica
日本稷子	Echinochloa crus-galli
日本赤杨	Japanese alder
日本赤楊	Japanese alder
早产症状	Preterm labor symptoms
早期妊娠	1st trimester
早產症狀	Preterm labor symptoms
时间安排	Timing
时间积分	Velocity-time integral 2
昆諾阿藜	Chenopodium quinoa
昆诺阿藜	Chenopodium quinoa
易位分析	Translocation analysis
星状病毒	Astrovirus
星狀病毒	Astrovirus
時間安排	Timing
時間積分	Velocity-time integral 2
晚上标本	evening specimen
晚上標本	evening specimen
普卢沙星	Prulifloxacin
普多沙星	Pradofloxacin
普拉洛尔	Practolol
普拉洛爾	Practolol
普瑞巴林	Pregabalin
普盧沙星	Prulifloxacin
普罗帕酮	Propafenone
普罗替林	Protriptyline
普罗林坦	Prolintane
普羅帕酮	Propafenone
普羅替林	Protriptyline
普羅林坦	Prolintane
普萘洛尔	Propranolol
普萘洛爾	Propranolol
普通伊蚊	Aedes communis
普通甜菜	Beta vulgaris
普魯卡因	Procaine
普魯氯嗪	Prochlorperazine
普鲁卡因	Procaine
普鲁氯嗪	Prochlorperazine
暂停设置	pause setting
暂时戒烟	Temporary smoking cessation
暗色菌科	Dematiaceae
暫停設置	pause setting
暫時戒菸	Temporary smoking cessation
暴露來源	Exposure source
暴露描述	Exposure description
暴露来源	Exposure source
暴露途径	Exposure route
暴露途徑	Exposure route
曲伐沙星	Trovafloxacin
曲安西龍	Triamcinolone
曲安西龙	Triamcinolone
曲率半径	Curvature radius
曲率半徑	Curvature radius
曲美苄胺	Trimethobenzamide
曲霉菌落	Aspergillus colony
更昔洛韋	Ganciclovir
更昔洛韦	Ganciclovir
替加环素	Tigecycline
替加環素	Tigecycline
替唑尼特	Tizoxanide
替扎尼定	tiZANidine
替拉那韋	Tipranavir
替拉那韦	Tipranavir
替换说明	Substitution instruction
替換說明	Substitution instruction
替比夫定	Telbivudine
替米考星	Tilmicosin
替考拉宁	Teicoplanin
替考拉寧	Teicoplanin
替莫西林	Temocillin
替諾福韋	Tenofovir
替诺福韦	Tenofovir
替馬沙星	Temafloxacin
替马沙星	Temafloxacin
最大尺寸	max dimension
最大溶解	Maximum lysis
最大維度	max dimension
最大维度	max dimension
最終篩查	Final screening
最終診斷	final diagnosis
最终筛查	Final screening
最终诊断	final diagnosis
會診申請	Consultation request
會診記錄	Consultation note
會議地點	Location of meeting
會議記錄	Conference note
月經狀態	Menstrual status
月經發現	Menses finding
月经发现	Menses finding
月经状态	Menstrual status
有效日期	Expiration date
有机酸类	Organic acids
有核細胞	Nucleated cells
有核细胞	Nucleated cells
有機酸類	Organic acids
服务节段	Episode
服務節段	Episode
木槿花茶	Hibiscus tea
木糖吸收	Xylose absorption
未竟事务	Unfinished business
未竟事務	Unfinished business
未經孵育	unincubated
未经孵育	unincubated
未飽和的	unsaturated
未饱和的	unsaturated
末次經期	Last menstrual period
末次经期	Last menstrual period
札如病毒	Sapovirus
术中总计	total intraoperative
术中观察	intraoperative observation
术前照片	Preoperative photo
术后康复	Postoperative rehabilitation
术后照片	Postoperative photo
机械辅助	mechanical
杀虫剂类	Pesticides
杂交草莓	Boysenberry
杂色曲霉	Aspergillus versicolor
杂音位置	Murmur location
杂音性质	Murmur quality
杂音时机	Murmur timing
杂音等级	Murmur grade
杂音音高	Murmur pitch
杂项检查	Miscellaneous studies
杆状细菌	Bacilliform bacteria
杆狀細菌	Bacilliform bacteria
杆菌肽锌	Bacitracin zinc
杜氏小体	Dohle body
杜氏小體	Dohle body
来氟米特	Leflunomide
来法莫林	Lefamulin
来源地区	Region of origin
来源部位	site of origin
来特莫韦	Letermovir
杯状病毒	Calicivirus
杯狀病毒	Calicivirus
東方蜚蠊	Blatta orientalis
東方鐵杉	Tsuga canadensis
東莨菪鹼	Scopolamine
板层小体	Lamellar bodies
板層小體	Lamellar bodies
构巢曲霉	Aspergillus nidulans
枕額直徑	Occipital frontal diameter
枕额直径	Occipital frontal diameter
林可霉素	Lincomycin
林可黴素	Lincomycin
果糖刺激	Fructose challenge
果糖摄入	Fructose intake
果糖攝入	Fructose intake
果糖激酶	Fructokinase
枝状枝孢	Cladosporium cladosporioides
枝狀枝孢	Cladosporium cladosporioides
枯草杆菌	Bacillus subtilis
枯草桿菌	Bacillus subtilis
染料木素	Genistein
染色不均	Anisochromasia
染色体与	X & Y chromosome
染色体和	X & Y chromosome
染色方法	Stain method
染色體和	X & Y chromosome
染色體與	X & Y chromosome
柠檬香茅	Cymbopogon citratus
柱鏡中距	Cylinder intermediate
柱鏡模式	Cylinder mode
柱鏡近距	Cylinder near 2
柱鏡遠距	Cylinder far
柱镜中距	Cylinder intermediate
柱镜模式	Cylinder mode
柱镜近距	Cylinder near 2
柱镜远距	Cylinder far
标本体积	Specimen volume
标本制备	Specimen preparation
标本大小	Specimen size
标本容器	Specimen container
标本年龄	Specimen age
标本来源	Specimen source
标本状况	Specimen condition
标本送往	Date specimen sent to CDC
标本部位	Specimen site
标本重量	Specimen weight
标本长度	Specimen length
标识信息	Identifying information
校准说明	Calibration instructions
校核标记	Edit flags
校核標記	Edit flags
校準說明	Calibration instructions
核多形性	Nuclear pleomorphism
核对状态	Verification status
核對狀態	Verification status
核桃花粉	Juglans regia pollen
核梭杆菌	Fusobacterium nucleatum
核梭桿菌	Fusobacterium nucleatum
核糖体的	Ribosomal P
核糖體的	Ribosomal P
核苷酸酶	Pyrimidine-5'-Nucleotidase
根尖发育	Root apex development
根尖發育	Root apex development
根部发育	Root development
根部發育	Root development
根部長度	Root length
根部长度	Root length
格佐普韋	Grazoprevir
格佐普韦	Grazoprevir
格列喹酮	Gliquidone
格列甲嗪	glipiZIDE
格列美脲	Glimepiride
格列苯脲	glyBURIDE
格列齊特	Gliclazide
格列齐特	Gliclazide
格卡瑞韋	Glecaprevir
格卡瑞韦	Glecaprevir
格帕沙星	Grepafloxacin
格魯米特	Glutethimide
格鲁米特	Glutethimide
案例報告	Case report
案例总数	Total cases
案例报告	Case report
案例總數	Total cases
桿菌肽鋅	Bacitracin zinc
梨状头部	pyriform head
梨狀頭部	pyriform head
梭鏈孢酸	Fusidate
梭链孢酸	Fusidate
检查发现	Examination findings
检查建议	Study recommendation
检查所见	Examination findings Study observation Narrative
检查报告	Study report
检查清单	Checklist
检查级别	Examination level
检查结果	Examination results Study observation Narrative
检查诊断	Study diagnosis
检测依据	Detection basis
检测极限	Detection limit
棉花纖維	Cotton fibers
棉花纤维	Cotton fibers
棕榈油酸	Palmitoleate
棕櫚油酸	Palmitoleate
棘紅細胞	Acanthocytes
棘红细胞	Acanthocytes
棱镜中距	Prism intermediate
棱镜模式	Prism mode
棱镜近距	Prism near
棱镜远距	Prism far
棱镜遮盖	Prism cover
植入物卡	Implant card
椎体滑脱	Spondylolisthesis
椎體滑脫	Spondylolisthesis
業餘愛好	Hobby
概括分期	Derived SEER summary stage 2000
榛子花粉	Corylus avellana pollen
構巢麴黴	Aspergillus nidulans
標本來源	Specimen source
標本大小	Specimen size
標本容器	Specimen container
標本年齡	Specimen age
標本狀況	Specimen condition
標本製備	Specimen preparation
標本送往	Date specimen sent to CDC
標本部位	Specimen site
標本重量	Specimen weight
標本長度	Specimen length
標本體積	Specimen volume
標識信息	Identifying information
模式設置	Mode setting
模式设置	Mode setting
機械輔助	mechanical
檢查報告	Study report
檢查建議	Study recommendation
檢查所見	Examination findings Study observation Narrative
檢查清單	Checklist
檢查發現	Examination findings
檢查級別	Examination level
檢查結果	Examination results Study observation Narrative
檢查診斷	Study diagnosis
檢測依據	Detection basis
檢測極限	Detection limit
檸檬香茅	Cymbopogon citratus
次級氣體	Secondary gas
次级气体	Secondary gas
次要問題	Secondary problem
次要问题	Secondary problem
次黃嘌呤	Hypoxanthine
次黄嘌呤	Hypoxanthine
欧洲刺柏	Juniperus communis
欧洲女贞	Ligustrum vulgare
欧洲板栗	Castanea sativa
欧洲梣木	Fraxinus excelsior
欧洲油菜	Brassica napus
欧洲醋栗	Ribes grossularia
欧洲马鹿	Cervus elaphus
款項來源	Payment sources
款项来源	Payment sources
歐洲刺柏	Juniperus communis
歐洲女貞	Ligustrum vulgare
歐洲板慄	Castanea sativa
歐洲梣木	Fraxinus excelsior
歐洲油菜	Brassica napus
歐洲醋慄	Ribes grossularia
歐洲馬鹿	Cervus elaphus
正向引物	Forward primer
正常头部	normal head
正常形态	normal morphology
正常形態	normal morphology
正常活力	normal
正常頭部	normal head
正痘病毒	Orthopoxvirus
死亡人数	Deaths
死亡人數	Deaths
死亡安排	Death arrangements
死亡小結	Summary of death note
死亡小结	Summary of death note
死亡年齡	Age at death
死亡年龄	Age at death
死亡日期	Date of death
死亡时间	Time of death
死亡時間	Time of death
死亡證明	Death certificate
死亡证明	Death certificate
残余肿瘤	Residual tumor
残余风险	SMA residual risk
残基片段	Gastrin
残疾状态	Disability status
殘基片段	Gastrin
殘疾狀態	Disability status
殘餘腫瘤	Residual tumor
殘餘風險	SMA residual risk
殺蟲劑類	Pesticides
殼二糖苷	Chitobioside
母亲年龄	Maternal age
母体血清	Maternal serum
母親年齡	Maternal age
母體血清	Maternal serum
毒曲菌素	Malignin
比伐卢定	Bivalirudin
比伐盧定	Bivalirudin
比哌立登	Biperiden
比沙可啶	Bisacodyl
比較視圖	View comparison
比较视图	View comparison
比阿培南	Biapenem
毕业州别	Graduation state
毕业年份	Graduation year
毛发分布	Body hair distribution
毛癣菌属	Trichophyton
毛癬菌屬	Trichophyton
毛髮分布	Body hair distribution
气体流量	Gas flow
气体组套	Gas
气囊布置	Airbag deployment
气泡细胞	Blister cells
气流受限	flow limitation
氟哌利多	Droperidol
氟哌啶醇	Haloperidol
氟喹諾酮	Fluoroquinolone
氟喹诺酮	Fluoroquinolone
氟奋乃静	fluPHENAZine
氟奮乃靜	fluPHENAZine
氟尼縮松	Flunisolide
氟尼缩松	Flunisolide
氟尿嘧啶	Fluorouracil
氟斯必灵	Fluspirilene
氟斯必靈	Fluspirilene
氟普唑仑	Flualprazolam
氟普唑侖	Flualprazolam
氟氧头孢	Flomoxef
氟氧頭孢	Flomoxef
氟氯西林	Floxacillin
氟溴唑仑	Flubromazolam
氟溴唑侖	Flubromazolam
氟溴西泮	Flubromazepam
氟烷設置	Halothane setting
氟烷设置	Halothane setting
氟烷靶值	Halothane target
氟硝安定	Flunitrazepam
氟罗沙星	Fleroxacin
氟羅沙星	Fleroxacin
氟胞嘧啶	5-Fluorocytosine
氟胺安定	Flurazepam
氢氟噻嗪	Hydroflumethiazide
氢氯噻嗪	hydroCHLOROthiazide
氣囊布置	Airbag deployment
氣泡細胞	Blister cells
氣流受限	flow limitation
氣體流量	Gas flow
氣體組套	Gas
氧代丁酸	2-Methyl-3-Oxobutyrate
氧化亚氮	Nitrous oxide
氧化亞氮	Nitrous oxide
氧气供给	Oxygen delivery
氧气气流	oxygen flow
氧气设置	oxygen setting
氧气附件	Oxygen attachment
氧气靶值	Oxygen target
氧氟沙星	Ofloxacin
氧氣供給	Oxygen delivery
氧氣氣流	oxygen flow
氧氣設置	oxygen setting
氧氣附件	Oxygen attachment
氧氣靶值	Oxygen target
氧烯洛尔	Oxprenolol
氧烯洛爾	Oxprenolol
氧飽和度	oxygen saturation SpO2 O2 saturation
氧饱和度	oxygen saturation SpO2 O2 saturation
氨丁三醇	Tromethamine
氨基丁酸	Gamma aminobutyrate GABA
氨基吡啉	Aminopyrine
氨基咪唑	5-Aminoimidazole-4-carboxamide
氨基己酸	Aminocaproate
氨基末端	N-terminal
氨基比林	Dipyrone
氨基甲苯	2-Aminotoluene
氨基苯酸	Aminobenzoate
氨基酸氮	Alpha amino acid nitrogen
氨基酸类	Amino acids
氨己烯酸	Vigabatrin
氨甲喋呤	Methotrexate
氨甲庚醇	Heptaminol
氨甲酰基	N-carbamoyl beta alanine
氨甲醯基	N-carbamoyl beta alanine
氨砜噻吨	Thiothixene
氨碸噻噸	Thiothixene
氨磺必利	Amisulpride
氨苯蝶啶	Triamterene
氨酰化酶	Aminoacylase-1 deficiency
氨酰心安	Atenolol
氨醯化酶	Aminoacylase-1 deficiency
氨醯心安	Atenolol
氫氟噻嗪	Hydroflumethiazide
氫氯噻嗪	hydroCHLOROthiazide
氯丁二烯	2-Chloro-1,3-Butadiene
氯乙基醚	Bis(2-Chloroethyl) ether
氯乙酰苯	2-Chloroacetophenone
氯乙醯苯	2-Chloroacetophenone
氯司替勃	Clostebol
氯哌噻吨	Clopenthixol
氯哌噻噸	Clopenthixol
氯唑沙宗	Chlorzoxazone
氯四环素	Chlortetracycline
氯四環素	Chlortetracycline
氯普唑仑	Loprazolam
氯普唑侖	Loprazolam
氯普噻吨	Chlorprothixene
氯普噻噸	Chlorprothixene
氯法齊明	Clofazimine
氯法齐明	Clofazimine
氯洁霉素	Clindamycin
氯潔黴素	Clindamycin
氯甲西泮	Lormetazepam
氯硝唑仑	Clonazolam
氯硝唑侖	Clonazolam
氯硝安定	clonazePAM
氯碳头孢	Loracarbef
氯碳頭孢	Loracarbef
氯磺丙脲	chlorproPAMIDE
氯米帕明	clomiPRAMINE
氯美乍酮	Chlormezanone
氯美噻唑	Clomethiazole
氯羟安定	LORazepam
氯羥安定	LORazepam
氯胍三嗪	Cycloguanil
氯苄雷司	Clobenzorex
氯貝丁酯	Clofibrate
氯贝丁酯	Clofibrate
氯雷他定	Loratadine
氰鈷胺素	Cyanocobalamin
氰钴胺素	Cyanocobalamin
水化状态	Hydration status
水化狀態	Hydration status
水合氯醛	Chloral hydrate
水平內收	Horizontal adduction
水平内收	Horizontal adduction
水平棱镜	Horizontal prism
水平直径	Horizontal diameter
水平直徑	Horizontal diameter
水平稜鏡	Horizontal prism
水平重叠	Horizontal overlap
水平重疊	Horizontal overlap
水杨尿酸	Salicylurate
水杨酰胺	Salicylamide
水果份数	Fruit servings
水果份數	Fruit servings
水楊尿酸	Salicylurate
水楊醯胺	Salicylamide
水肿部位	Edema site
水腫部位	Edema site
水質硬度	Hardness
水质硬度	Hardness
水鈷胺素	Aquacobalamin
水钴胺素	Aquacobalamin
汇总信息	Aggregate information
汉坦病毒	Hantavirus
沃尼妙林	Valnemulin
沃替西汀	Vortioxetine
沙奎那韋	Saquinavir
沙奎那韦	Saquinavir
沙拉沙星	Sarafloxacin
沙漠豚草	Ambrosia dumosa
沛馬沙星	Premafloxacin
沛马沙星	Premafloxacin
沟通方式	Mode of communication
沟通计划	REMS communication plan
油类份数	Oil servings
油酰肉碱	Oleoylcarnitine (C18:1)
油醯肉鹼	Oleoylcarnitine (C18:1)
油類份數	Oil servings
治疗之后	post EDTA therapy
治疗信息	Treatment information
治疗意图	Therapeutic intent
治疗效果	Treatment effectiveness
治疗状态	Treatment status
治疗结果	Therapeutic results
治療之後	post EDTA therapy
治療信息	Treatment information
治療意圖	Therapeutic intent
治療效果	Treatment effectiveness
治療狀態	Treatment status
治療結果	Therapeutic results
沼泽地松	Iva ciliata
沼泽豚草	Ragweed marsh
沼澤地松	Iva ciliata
沼澤豚草	Ragweed marsh
泊利噻嗪	Polythiazide
泊沙康唑	Posaconazole
法布裡病	Fabry disease
法布里病	Fabry disease
法律文书	Legal document
法律文書	Legal document
法罗培南	Faropenem
法羅培南	Faropenem
法莫替丁	Famotidine
泛影酸盐	Diatrizoate
泛影酸鹽	Diatrizoate
泛昔洛韋	Famciclovir
泛昔洛韦	Famciclovir
波兰小麦	Triticum polonicum
波形來源	Waveform origin
波形名称	Waveform name
波形名稱	Waveform name
波形图像	Waveform image
波形圖像	Waveform image
波形来源	Waveform origin
波形蛋白	Vimentin
波旁病毒	Bourbon virus
波普瑞韋	Boceprevir
波普瑞韦	Boceprevir
波玛唑仑	Bromazolam
波瑪唑侖	Bromazolam
波蘭小麥	Triticum polonicum
泮库溴铵	Pancuronium
泮庫溴銨	Pancuronium
泰乐菌素	Tylosin
泰利霉素	Telithromycin
泰利黴素	Telithromycin
泰地唑胺	Tedizolid
泰地罗新	Tildipirosin
泰地羅新	Tildipirosin
泰妙菌素	Tiamulin
泰樂菌素	Tylosin
泼尼松龙	prednisoLONE
洋車前子	Psyllium seed
洋车前子	Psyllium seed
洛匹那韋	Lopinavir
洛匹那韦	Lopinavir
洛哌丁胺	Loperamide
洛美沙星	Lomefloxacin
活动水平	Activity level
活動水平	Activity level
活化蛋白	Activated protein C resistance
派拉唑仑	Pyrazolam
派拉唑侖	Pyrazolam
浆细胞样	plasmacytoid
浆细胞类	Plasma cells
浆膜分类	Serosal classification
测试剂量	Test dose
测量部位	Measurement site
海他西林	Hetacillin
海藻糖酶	Trehalase
涂抹细胞	Smudge cells
涕滅威碸	Aldicarb sulfone
涕灭威砜	Aldicarb sulfone
液体平衡	Fluid balance
液体排出	Fluid output
液体摄入	Fluid intake
液体需求	Fluid need
液體平衡	Fluid balance
液體排出	Fluid output
液體攝入	Fluid intake
液體需求	Fluid need
淀粉颗粒	Starch granules
淋巴系統	Lymphatic
淋巴系统	Lymphatic
淋巴細胞	Lymphocyte
淋巴結病	Lymphadenopathy
淋巴细胞	Lymphocyte
淋巴结病	Lymphadenopathy
深度知覺	Depth perception
深度知觉	Depth perception
混合检查	Mixing studies
混合檢查	Mixing studies
混杂因素	Confounding factors
混雜因素	Confounding factors
清创方法	Debridement method
清創方法	Debridement method
清洁方法	Cleaning method
清潔方法	Cleaning method
清除速率	Washout rate
渗透脆性	Osmotic fragility
減速時間	deceleration time
温度设置	Temperature setting
測試劑量	Test dose
測量部位	Measurement site
游泳距离	Swimming distance
游离型与	free & Valproate
游离脂滴	Free lipid droplets
游離型與	free & Valproate
游離脂滴	Free lipid droplets
溃疡状态	Ulceration status
溝通方式	Mode of communication
溝通計劃	REMS communication plan
溫度設置	Temperature setting
溴烯比妥	Brallobarbital
溴苯那敏	Brompheniramine
溶血指数	Hemolysis interference index
溶血指數	Hemolysis interference index
滑膜細胞	Synovial cells
滑膜细胞	Synovial cells
滤器压力	Filter pressure
滤过分数	Filtration Fraction
滥用小节	Abuse section
滥用药物	Drugs of abuse 5
滲透脆性	Osmotic fragility
滷化烴類	Hydrocarbons
漢坦病毒	Hantavirus
漿細胞樣	plasmacytoid
漿細胞類	Plasma cells
漿膜分類	Serosal classification
潑尼松龍	prednisoLONE
潛血組套	Occult blood
潜血组套	Occult blood
潰瘍狀態	Ulceration status
澱粉顆粒	Starch granules
澳洲坚果	Macadamia integrifolia
澳洲堅果	Macadamia integrifolia
激素疗法	hormonal therapy
激素療法	hormonal therapy
濫用小節	Abuse section
濫用藥物	Drugs of abuse 5
濾器壓力	Filter pressure
濾過分數	Filtration Fraction
灌注指数	Perfusion index
灌注指數	Perfusion index
灌洗液量	Lavage amount
灰綠麴黴	Aspergillus glaucus
灰绿曲霉	Aspergillus glaucus
灰黃黴素	Griseofulvin
灰黄霉素	Griseofulvin
炔己蚁胺	Ethinamate
炔己蟻胺	Ethinamate
烟碱尿酸	Nicotinurate
烟草制品	Tobacco product
热带火蚁	Solenopsis geminata
热量摄入	Calorie intake
热量摄取	Calorie intake
热量需求	Calorie need
烯丙吗啡	Nalorphine
烯丙嗎啡	Nalorphine
烯丙基氯	Allyl chloride
烯丙洛尔	Alprenolol
烯丙洛爾	Alprenolol
烯醇化酶	Enolase
無唾液酸	asialo
無核小體	Anucleated bodies
照片記錄	Photo documentation
照片记录	Photo documentation
熄灯时间	lights off time bedtime
熄燈時間	lights off time bedtime
熱帶火蟻	Solenopsis geminata
熱量攝入	Calorie intake
熱量攝取	Calorie intake
熱量需求	Calorie need
營養狀況	Nutrition status
營養評估	Nutrition assessment
營養配方	nutritional formula
爆发计数	Burst
爆发速率	Burst rate
爆發計數	Burst
爆發速率	Burst rate
爱帕琳肽	Apelin
父亲信息	Paternal information
父親信息	Paternal information
牙修复体	Dental prosthesis
牙修復體	Dental prosthesis
牙模数量	Number of impressions
牙模數量	Number of impressions
牙科預後	Dental prognosis
牙科预后	Dental prognosis
牙齒位置	Tooth position
牙齒擁擠	Crowded teeth
牙齿位置	Tooth position
牙齿拥挤	Crowded teeth
牛带绦虫	Taenia saginata
牛帶絛蟲	Taenia saginata
牛放線菌	Actinomyces bovis
牛放线菌	Actinomyces bovis
牛痘病毒	Vaccinia virus
牛瘟病毒	Rinderpest virus
牛磺胆酸	Taurocholate
牛磺膽酸	Taurocholate
牛胰岛素	Insulin bovine
牛胰島素	Insulin bovine
特丁硫磷	Terbufos
特布他林	Terbutaline
特异青霉	Penicillium notatum
特拉万星	Telavancin
特拉匹韋	Telaprevir
特拉匹韦	Telaprevir
特拉唑嗪	Terazosin
特拉萬星	Telavancin
特比萘芬	Terbinafine
特異青黴	Penicillium notatum
特立氟胺	Teriflunomide
特非那定	Terfenadine
犬恶丝虫	Dirofilaria immitis
犬惡絲蟲	Dirofilaria immitis
犬科动物	canine
犬科動物	canine
犬腺病毒	Canine adenovirus 1
状况报告	Situational report
犹太墙草	Parietaria judaica
狀況報告	Situational report
独立程度	Level of independence
狭窄分类	Stenosis classification
狭窄程度	Stenosis degree
狹窄分類	Stenosis classification
狹窄程度	Stenosis degree
猪囊尾蚴	Taenia solium larva
猪尾导管	Pigtail catheter
猪带绦虫	Taenia solium
猪支原体	Mycoplasma suis
猪瘟病毒	Classical swine fever virus
猪胰岛素	Insulin porcine
猪腺病毒	Porcine adenovirus
猪链球菌	Streptococcus suis
献血日期	Date of blood donation
猴发癣菌	Trichophyton simii
猴痘病毒	Monkeypox virus
猴面包树	Adansonia digitata
猴髮癬菌	Trichophyton simii
猴麵包樹	Adansonia digitata
猶太牆草	Parietaria judaica
獨立程度	Level of independence
獻血日期	Date of blood donation
环丙安定	Prazepam
环丙沙星	Ciprofloxacin
环丝氨酸	cycloSERINE
环向应变	Circumferential strain
环孢菌素	cycloSPORINE
环氟拉嗪	Diclofenac
环氧乙烷	Ethylene oxide
环氧化酶	Cyclooxygenase 2
环磷酰胺	Cyclophosphamide
环苯扎林	Cyclobenzaprine
现场延迟	Scene delay
现有疾病	Present illness
玻连蛋白	Vitronectin
玻連蛋白	Vitronectin
班奇病毒	Banzi virus
班貝黴素	Bambermycins
班贝霉素	Bambermycins
現場延遲	Scene delay
現有疾病	Present illness
球孢子菌	Coccidioides
球孢枝孢	Cladosporium sphaerospermum
球形指数	Sphericity index
球形指數	Sphericity index
球毛壳菌	Chaetomium globosum
球毛殼菌	Chaetomium globosum
球状细菌	Coccal bacteria
球狀細菌	Coccal bacteria
球茎茴香	Foeniculum vulgare var
球莖茴香	Foeniculum vulgare var
球鏡中距	Sphere intermediate
球镜中距	Sphere intermediate
球面距离	Sphere far
球面距離	Sphere far
球黑孢菌	Nigrospora sphaerica
理想体重	Ideal body weight
理想體重	Ideal body weight
琥珀乙烷	Ethosuximide
瑞博西尼	Ribociclib
瑞卡帕布	Rucaparib
瑞戈非尼	Regorafenib
瑞扎芬净	Rezafungin
瑞扎芬淨	Rezafungin
瑞替加滨	Ezogabine
瑞替加濱	Ezogabine
瑞格列奈	Repaglinide
瑞波西汀	Reboxetine
環丙安定	Prazepam
環丙沙星	Ciprofloxacin
環向應變	Circumferential strain
環孢菌素	cycloSPORINE
環氟拉嗪	Diclofenac
環氧乙烷	Ethylene oxide
環氧化酶	Cyclooxygenase 2
環磷醯胺	Cyclophosphamide
環絲氨酸	cycloSERINE
環苯扎林	Cyclobenzaprine
瓜拉那树	Paullinia cupana
瓜拉那樹	Paullinia cupana
瓣叶分离	Leaflet separation
瓣叶厚度	Leaflet thickness
瓣尖分离	Cusp separation
瓣尖分離	Cusp separation
瓣葉分離	Leaflet separation
瓣葉厚度	Leaflet thickness
甘氨胆酸	Cholylglycine
甘氨膽酸	Cholylglycine
甘油三酯	Triglycerides TG
甘草次酸	18-Beta glycyrrhetinate
甘蔗花粉	Saccharum officinarum pollen
生前意愿	Living will
生前意願	Living will
生命状态	Vital status
生命狀態	Vital status
生存質量	Survival quality
生存质量	Survival quality
生殖細胞	Germ cells
生殖细胞	Germ cells
生物活性	bioavailable
生物源性	biogenic
生物蝶呤	Biopterin
生物計數	Organism
生物计数	Organism
生理死腔	Physiological dead space
生育酚类	Beta+gamma tocopherol
生育酚類	Beta+gamma tocopherol
生長激素	Growth hormone GH
生長階段	Growth phase
生长激素	Growth hormone GH
生长阶段	Growth phase
產前組套	prenatal
產前記錄	Prenatal records
產前診斷	Prenatal diagnosis
用力吸气	forced inspiration
用力吸氣	forced inspiration
用力呼气	Volume expired during 1
用力呼氣	Volume expired during 1
用力阶段	Exertion phase
用力階段	Exertion phase
用药目的	Medication purpose
用藥目的	Medication purpose
甲乙双酮	Paramethadione
甲乙哌酮	Methyprylon
甲乙雙酮	Paramethadione
甲卡西酮	Methcathinone
甲哌卡因	Mepivacaine
甲地拉嗪	Methdilazine
甲型肝炎	Hepatitis A HAV
甲基多巴	3-O-Methyldopa
甲基戊烷	2-Methylpentane
甲基戊酸	2-Oxo,3-Methylvalerate
甲基組胺	N-methylhistamine
甲基组胺	N-methylhistamine
甲基联氨	Methyl hydrazine
甲基聯氨	Methyl hydrazine
甲巯咪唑	methIMAzole
甲巰咪唑	methIMAzole
甲托尼氮	Metonitazene
甲氧乙酸	Methoxyacetate
甲氧氟烷	Methoxyflurane
甲氧甲酚	Creosol
甲氧西林	Methicillin
甲氯噻嗪	Methyclothiazide
甲氯环素	Meclocycline
甲氯環素	Meclocycline
甲氯西泮	Meclonazepam
甲泼尼龙	Methylprednisolone
甲潑尼龍	Methylprednisolone
甲状腺素	Thyroxine T4
甲狀腺素	Thyroxine T4
甲硫哒嗪	Thioridazine
甲硫噠嗪	Thioridazine
甲磺达嗪	Sulforidazine
甲磺達嗪	Sulforidazine
甲羟戊酸	Mevalonate
甲羥戊酸	Mevalonate
甲肝抗体	Hepatitis A virus antibody HAV Ab
甲胎蛋白	Alpha fetoprotein AFP
甲苯噻嗪	Xylazine
甲託尼氮	Metonitazene
电子设施	eFacility
电解质类	Electrolytes 3
电话号码	Phone number
畢業州別	Graduation state
畢業年份	Graduation year
番木鱉鹼	Strychnine
番木鳖碱	Strychnine
番茄紅素	Lycopene
番茄红素	Lycopene
異亮氨酸	Isoleucine
異位妊娠	Ectopic pregnancy
異佛爾酮	Isophorone
異卡波肼	Isocarboxazid
異型增生	dysplastic
異帕米星	Isepamicin
異常中片	abnormal midpiece
異常主段	abnormal principal pieces
異常區帶	abnormal band
異常尾部	abnormal tail
異常結果	Abnormal findings interpretation Narrative
異常頭部	abnormal head
異株蕁麻	Urtica dioica
異檸檬酸	Isocitrate
異狄氏劑	Endrin
異糞卟啉	Isocoproporphyrin
異維甲酸	ISOtretinoin
異色瓢蟲	Harmonia axyridis
異黃蝶呤	Isoxanthopterin
當前職位	Current employment
疫苗标签	Vaccine label
疫苗標籤	Vaccine label
疼痛发作	Pain onset
疼痛性質	Pain quality
疼痛性质	Pain quality
疼痛放射	Pain radiation
疼痛發作	Pain onset
疼痛程度	Pain level
疼痛类别	Pain category
疼痛量表	Pain scale
疼痛類別	Pain category
疾病分期	Disease stage
疾病範圍	Extent of disease
疾病类别	Disease category
疾病結局	Disease outcome
疾病结局	Disease outcome
疾病范围	Extent of disease
疾病類別	Disease category
病人相关	patient-related
病人相關	patient-related
病假表格	Sick leave form
病历编号	Medical record number
病变大小	Lesion size
病史貢獻	Medical history contribution
病史贡献	Medical history contribution
病歷編號	Medical record number
病毒多价	Powassan virus polyvalent E
病毒多價	Powassan virus polyvalent E
病毒早期	Epstein Barr virus early
病毒衣壳	Epstein Barr virus capsid
病毒衣殼	Epstein Barr virus capsid
病理学家	Pathologist
病理學家	Pathologist
病理管型	Pathologic casts in Urine sediment Light microscopy
病程信函	Progress letter
病程記錄	Progress note
病程记录	Progress note
病變大小	Lesion size
症状起始	Symptom onset
症狀起始	Symptom onset
癌症治疗	Cancer treatment
癌症治療	Cancer treatment
癌症登記	Cancer registry
癌症登记	Cancer registry
癌症筛查	Cancer screening
癌症篩查	Cancer screening
癌症診斷	Cancer diagnosis
癌症诊断	Cancer diagnosis
癌胚抗原	Carcinoembryonic antigen CEA
癸烯二酸	Decenedioate
癸酰肉碱	Decanoylcarnitine (C10)
癸醯肉鹼	Decanoylcarnitine (C10)
登記報告	Registry report
登记报告	Registry report
登革病毒	Dengue virus
發作狀態	Episode status
發作計數	Seizure
發作起始	Seizure onset
發作頻率	Seizure frequency
發病日期	Date of onset
發貨日期	Shipping date
白喉毒素	Diphtheria toxin
白念珠菌	Candida albicans
白斑狗魚	Esox lucius
白斑狗鱼	Esox lucius
白毛莨碱	Hydrastine
白毛莨鹼	Hydrastine
白酒摄入	Distilled alcohol intake
白酒攝入	Distilled alcohol intake
白鮭魚卵	Whitefish roe
白鲑鱼卵	Whitefish roe
皮肤压伤	skin pressure injury
皮肤抗体	Skin
皮肤真菌	Dermatophytes
皮肤色调	Skin tone
皮肤评估	Skin assessment
皮肤黄染	Xanthochromia
皮膚壓傷	skin pressure injury
皮膚抗體	Skin
皮膚真菌	Dermatophytes
皮膚色調	Skin tone
皮膚評估	Skin assessment
皮膚黃染	Xanthochromia
皱叶欧芹	Petroselinum crispum
皱叶甘蓝	Brassica oleracea var
皱叶酸模	Rumex crispus
皺葉歐芹	Petroselinum crispum
皺葉甘藍	Brassica oleracea var
皺葉酸模	Rumex crispus
监测指导	Monitoring instruction
监测检查	Esophageal pH monitoring study
监督记录	Supervisory note
盖塔病毒	Getah virus
監測指導	Monitoring instruction
監測檢查	Esophageal pH monitoring study
監督記錄	Supervisory note
盧非醯胺	Rufinamide
直径乘积	Diameter product
直徑乘積	Diameter product
相位偏移	Phase shift
相位带宽	Phase bandwidth
相位帶寬	Phase bandwidth
相关情况	Associated situation
相关病史	relevant Hx
相对湿度	Relative humidity
相對溼度	Relative humidity
相思豆碱	Abrine
相思豆鹼	Abrine
相關情況	Associated situation
相關病史	relevant Hx
真菌毒素	Mycotoxin
真菌菌落	Fungal colony
眼头反射	Oculocephalic reflex
眼球震顫	Nystagmus
眼球震颤	Nystagmus
眼睛問題	Eye problem
眼睛问题	Eye problem
眼科治疗	Ophthalmologic treatment
眼科治療	Ophthalmologic treatment
眼科药物	Ophthalmic medications
眼科藥物	Ophthalmic medications
眼鏡處方	Prescription for eyewear
眼镜处方	Prescription for eyewear
眼頭反射	Oculocephalic reflex
睡眠开始	sleep onset
睡眠效率	sleep efficiency
睡眠状态	Sleep status
睡眠狀態	Sleep status
睡眠開始	sleep onset
睪酮受體	Androgen receptor
睾酮受体	Androgen receptor
瞳孔反应	Pupillary response
瞳孔反應	Pupillary response
瞳孔形状	Pupil shape
瞳孔形狀	Pupil shape
瞳孔直径	Pupil diameter
瞳孔直徑	Pupil diameter
瞳孔評估	Pupil assessment
瞳孔评估	Pupil assessment
矫正代码	Correction code
短密青霉	Penicillium brevicompactum
短密青黴	Penicillium brevicompactum
短柄帚霉	Scopulariopsis brevicaulis
短柄帚黴	Scopulariopsis brevicaulis
矯正代碼	Correction code
石茅高梁	Sorghum halepense
码校验和	CRC checksum
砖粉沉积	Brickdust deposit
砷甜菜碱	Arsenobetaine
砷甜菜鹼	Arsenobetaine
硝化甘油	Nitroglycerin
硝唑尼特	Nitazoxanide
硝基丙烷	2-Nitropropane
硝基安定	Nitrazepam
硝基联苯	P-nitrobiphenyl
硝基聯苯	P-nitrobiphenyl
硝羟喹啉	Nitroxoline
硝羥喹啉	Nitroxoline
硝苯地平	NIFEdipine
硝酸丁酯	Butyl nitrate
硫氮卓酮	dilTIAZem
硫氰化物	Thiocyanate
硫苷脂酶	Sulfatidase
硫辛酰胺	lipoamide
硫辛醯胺	lipoamide
硫酸乙酯	Ethyl sulfate
硫酸雌酮	Estrone sulfate
硫鳥嘌呤	6-Thioguanine
硫鸟嘌呤	6-Thioguanine
硬粒小麥	Triticum durum
硬粒小麦	Triticum durum
碎片数量	Number of fragmented pieces
碎片數量	Number of fragmented pieces
碘酞酸盐	Iothalamate
碘酞酸鹽	Iothalamate
碳酸氢盐	Bicarbonate
碳酸氫鹽	Bicarbonate
碳青霉烯	Carbapenem
碳青黴烯	Carbapenem
碼校驗和	CRC checksum
磚粉沉積	Brickdust deposit
磨坊灰塵	Grain mill dust
磨坊灰尘	Grain mill dust
磨牙关系	Molar relationship
磨牙關係	Molar relationship
磷脂抗体	Phospholipid
磷脂抗體	Phospholipid
磷苯妥英	Fosphenytoin
磷酸化酶	Phosphorylase
磺胺吡啶	Sulfapyridine
磺胺嘧啶	sulfADIAZINE
磺胺噻唑	Sulfathiazole
磺胺米隆	Mafenide
磺胺結晶	Sulfonamide crystals
磺胺结晶	Sulfonamide crystals
磺达肝素	Fondaparinux
磺達肝素	Fondaparinux
磺酰脲类	Sulfonylurea
磺醯脲類	Sulfonylurea
禁食状态	Fasting status
禁食狀態	Fasting status
福尔可定	Pholcodine
福爾可定	Pholcodine
离体头部	isolated head
离体尾部	isolated tail
禽痘病毒	Avian pox virus
禽腺病毒	Avian adenovirus 2
禽蛋全卵	Egg whole
禽蛋蛋清	Egg white
私人处方	Private prescription
私人處方	Private prescription
秋水仙碱	Colchicine
秋水仙鹼	Colchicine
种族划分	Ethnicity
种族背景	Ethnic background
秸秆粉尘	Straw dust
秸稈粉塵	Straw dust
移交情况	Handover
移交情況	Handover
移动功能	Mobility
移動功能	Mobility
移民身份	Immigration status
移行細胞	Transitional cells
移行细胞	Transitional cells
稀释倍数	Dilution factor
稀釋倍數	Dilution factor
稜鏡中距	Prism intermediate
稜鏡模式	Prism mode
稜鏡近距	Prism near
稜鏡遠距	Prism far
稜鏡遮蓋	Prism cover
種族劃分	Ethnicity
種族背景	Ethnic background
稳定阶段	plateau
稻黑孢霉	Nigrospora oryzae
稻黑孢黴	Nigrospora oryzae
穀氨醯胺	Glutamine
穀物份數	Grain servings
穀物灰塵	Grain dust
穀胱甘肽	Glutathione
穩定階段	plateau
空气气流	air flow
空氣氣流	air flow
空腹血糖	Fasting plasma glucose FPG
突眼基底	Exopthalmia base
突眼注释	Exopthalmia comment
突眼注釋	Exopthalmia comment
窄带密度	narrow density
窄帶密度	narrow density
立体视觉	Stereopsis
立體視覺	Stereopsis
竖毛窃蠹	Prototheca
站所名称	Station name
站所名稱	Station name
端粒分析	Telomere analysis
竹桃霉素	Oleandomycin
竹桃黴素	Oleandomycin
等位状态	Allelic state
等位狀態	Allelic state
筛查技术	Screen techniques
筛查范围	Screening extent
简单名称	simple name
管理医师	Physician managing
管理醫師	Physician managing
節律片斷	Rhythm segment
節肢動物	Arthropod
節育方法	Birth control method
篩查技術	Screen techniques
篩查範圍	Screening extent
簡單名稱	simple name
米卡芬净	Micafungin
米卡芬淨	Micafungin
米安舍林	Mianserin
米諾地爾	Minoxidil
米诺地尔	Minoxidil
米那普仑	Milnacipran
米那普侖	Milnacipran
类型描述	Type description
类维生素	Vitamin A
粗足粉螨	Acarus siro
粗足粉蟎	Acarus siro
粪产碱菌	Alcaligenes faecalis
粪肠球菌	Enterococcus faecalis
精原細胞	Spermatogonia
精原细胞	Spermatogonia
精囊侵袭	Seminal vesicle invasion
精囊侵襲	Seminal vesicle invasion
精子中片	Sperm midpiece
精子凝集	Sperm agglutination
精子头部	Sperm head
精子尾部	Sperm tail
精子抗体	Spermatozoa
精子抗體	Spermatozoa
精子活力	Spermatozoa motility
精子評價	Spermatozoa evaluation
精子评价	Spermatozoa evaluation
精子頭部	Sperm head
精母細胞	Spermatocytes
精母细胞	Spermatocytes
精氨酸酶	Arginase
糖原合酶	Glycogen synthase
糞產鹼菌	Alcaligenes faecalis
糞腸球菌	Enterococcus faecalis
系統流量	Systemic flow
系統評審	Review of systems
系统流量	Systemic flow
系统评审	Review of systems
約束記錄	Restraint note
紅系細胞	Erythroid cells
紅綠平衡	Red green balance
納多洛爾	Nadolol
索他洛尔	Sotalol
索他洛爾	Sotalol
索利霉素	Solithromycin
索利黴素	Solithromycin
索拉非尼	SORAfenib
索氏梭菌	Clostridium sordellii
索賠附件	claims attachment
索赔附件	claims attachment
索非布韋	Sofosbuvir
索非布韦	Sofosbuvir
紫叶菊苣	Cichorium intybus var
紫花苜蓿	Medicago sativa
紫葉菊苣	Cichorium intybus var
累計劑量	Cumulative dose
累计剂量	Cumulative dose
細小病毒	Parvovirus B19
細環病毒	Torque teno virus
細胞亞群	T-cell subsets CD4 & CD8
細胞內液	Intracellular fluid
細胞分數	Cell fractions
細胞前體	B-cell precursors
細胞外液	Extracellular fluid
細胞學家	Cytologist
細胞懸液	Cell suspension
細胞生長	Cell growth
細胞療法	Cellular therapy
細胞色素	Coenzyme Q cytochrome C reductase
細胞間質	Intercellular substance
細胞骨架	Cytoskeleton
細菌毒力	Bacterial virulence
細菌莢膜	Bacterial capsule
組成部分	Components
組氨瑞林	Histrelin
組織多肽	Tissue polypeptide
組織晶片	Tissue chips
組織核心	Tissue cores
組織細胞	Histiocytes
組織速度	Tissue velocity
結晶組套	Crystals
結束時間	End time
結核桿菌	Mycobacterium tuberculosis
結石分析	Calculus analysis
結締組織	Connective tissue
結腸造口	colostomy
給藥途徑	Medication route
絨毛梣木	Fraxinus velutina
絨毛蛋白	Villin
絲膠蛋白	Sericin
經子宮頸	transcervical
經濟特徵	Economic characteristics
經過校正	corrected
經過針對	adjusted for eGFR
綠咖啡豆	Coffee bean green
綠膿桿菌	Pseudomonas aeruginosa
綠色木黴	Trichoderma viride
維帕他韋	Velpatasvir
維拉佐酮	Vilazodone
維拉帕米	Verapamil
網狀細胞	Reticulum cell
網狀組織	Reticulum
網硬蛋白	Reticulin
網膜受累	Omental involvement
綿羊乳清	Sheep whey
綿羊乳酪	Sheep cheese
線索細胞	Clue cells
編碼系統	Coding system
緩解因素	Alleviating factors
緩解狀態	Remission status
縮二乳酸	Lactyl lactate
縱向半徑	Longitudinal radius
縱向應變	Longitudinal strain
總狀毛黴	Mucor racemosus
總狀花藜	Chenopodium botrys
總糞卟啉	Coproporphyrin 3
總胃泌素	Gastrin-34
總脂肪酸	Fatty acids Moles volume Serum Plasma
總脂蛋白	Lipoprotein (little a)
總膽固醇	Total cholesterol TC
總膽紅素	Total bilirubin TBIL
總計目標	total goal
總計設置	total setting
總體健康	General health
績效比率	Performance rate
纖溶酶原	Plasminogen
纖維攝入	Fiber intake
纖維蛋白	Fibrin D-dimer
红系细胞	Erythroid cells
红绿平衡	Red green balance
纤溶酶原	Plasminogen
纤维摄入	Fiber intake
纤维蛋白	Fibrin D-dimer
约束记录	Restraint note
纳多洛尔	Nadolol
纵向半径	Longitudinal radius
纵向应变	Longitudinal strain
线索细胞	Clue cells
组成部分	Components
组氨瑞林	Histrelin
组织多肽	Tissue polypeptide
组织核心	Tissue cores
组织细胞	Histiocytes
组织芯片	Tissue chips
组织速度	Tissue velocity
细小病毒	Parvovirus B19
细环病毒	Torque teno virus
细胞亚群	T-cell subsets CD4 & CD8
细胞内液	Intracellular fluid
细胞分数	Cell fractions
细胞前体	B-cell precursors
细胞外液	Extracellular fluid
细胞学家	Cytologist
细胞悬液	Cell suspension
细胞生长	Cell growth
细胞疗法	Cellular therapy
细胞色素	Coenzyme Q cytochrome C reductase
细胞间质	Intercellular substance
细胞骨架	Cytoskeleton
细菌毒力	Bacterial virulence
细菌荚膜	Bacterial capsule
经子宫颈	transcervical
经济特征	Economic characteristics
经过校正	corrected
经过针对	adjusted for eGFR
绒毛梣木	Fraxinus velutina
绒毛蛋白	Villin
结晶组套	Crystals
结束时间	End time
结核杆菌	Mycobacterium tuberculosis
结石分析	Calculus analysis
结缔组织	Connective tissue
结肠造口	colostomy
给药途径	Medication route
绩效比率	Performance rate
维帕他韦	Velpatasvir
维拉佐酮	Vilazodone
维拉帕米	Verapamil
绵羊乳清	Sheep whey
绵羊乳酪	Sheep cheese
绿咖啡豆	Coffee bean green
绿脓杆菌	Pseudomonas aeruginosa
绿色木霉	Trichoderma viride
缓解因素	Alleviating factors
缓解状态	Remission status
编码系统	Coding system
缩二乳酸	Lactyl lactate
缺失牙齒	Missing teeth
缺失牙齿	Missing teeth
缺损位置	Coloboma location
缺損位置	Coloboma location
缺血等級	Ischemia grade
缺血等级	Ischemia grade
网状组织	Reticulum
网状细胞	Reticulum cell
网硬蛋白	Reticulin
网膜受累	Omental involvement
罗哌卡因	Ropivacaine
罗库溴铵	Rocuronium
罗格列酮	Rosiglitazone
罗索沙星	Rosoxacin
罗红霉素	Roxithromycin
罗阿丝虫	Loa loa
罗马甜瓜	Cucumis melo cantalupensis
罪恶妄想	Delusions of guilt
罪惡妄想	Delusions of guilt
羅哌卡因	Ropivacaine
羅庫溴銨	Rocuronium
羅格列酮	Rosiglitazone
羅紅黴素	Roxithromycin
羅索沙星	Rosoxacin
羅阿絲蟲	Loa loa
羅馬甜瓜	Cucumis melo cantalupensis
羊乳乾酪	Cheese roquefort
羊乳干酪	Cheese roquefort
羊毛甾醇	Lanosterol
羊水体积	amniotic fluid volume
羊水指数	Amniotic fluid index
羊水指數	Amniotic fluid index
羊水體積	amniotic fluid volume
美他沙酮	Metaxalone
美克洛嗪	Meclizine
美国干酪	Cheese American
美国梧桐	Platanus occidentalis
美国防风	Pastinaca sativa
美国鳄梨	Persea americana
美國乾酪	Cheese American
美國梧桐	Platanus occidentalis
美國防風	Pastinaca sativa
美國鱷梨	Persea americana
美多洛尔	Metoprolol
美多洛爾	Metoprolol
美托咪定	Medetomidine
美托拉宗	metOLazone
美替拉酮	metyraPONE
美替諾龍	Metenolone
美替诺龙	Metenolone
美沙比妥	Metharbital
美洛西林	Mezlocillin
美洲大蠊	Periplaneta americana
美洲梣木	Fraxinus americana
美洲雀稗	Paspalum notatum
美洲駝毛	Llama fur
美洲驼毛	Llama fur
美洲黑栎	Quercus velutina
美洲黑櫟	Quercus velutina
美索巴莫	Methocarbamol
美索达嗪	Mesoridazine
美索達嗪	Mesoridazine
美罗培南	Meropenem
美羅培南	Meropenem
美舍唑咪	methazolAMIDE
美芬丁胺	Mephentermine
美芬妥英	Mephenytoin
美芬雷司	Mefenorex
美託咪定	Medetomidine
美託拉宗	metOLazone
美达西泮	Medazepam
美達西泮	Medazepam
美金刚胺	Memantine
美金剛胺	Memantine
羟吗啡酮	oxyMORphone
羟四环素	Oxytetracycline
羟基丁酸	2-Methyl-3-Hydroxybutyrate
羟基丙酸	3-Hydroxypropionate
羟基安定	Temazepam
羟基己酸	3-Hydroxyhexanoate
羟基戊酸	2-Methyl-3-Hydroxyvalerate
羟基氯喹	Hydroxychloroquine
羟基癸酸	3-Hydroxydecanoate
羟基辛酸	3-Hydroxyoctanoate
羟甲烯龙	Oxymetholone
羟甲睾酮	Oxymesterone
羟甲雄酮	Drostanolone
羟脯氨酸	Hydroxyproline
羟苯丁酯	Butylparaben
羟苯乙酯	Ethylparaben
羟赖氨酸	Hydroxylysine
羟钴胺素	Hydroxocobalamin
群体大小	Population size
群體大小	Population size
羥嗎啡酮	oxyMORphone
羥四環素	Oxytetracycline
羥基丁酸	2-Methyl-3-Hydroxybutyrate
羥基丙酸	3-Hydroxypropionate
羥基安定	Temazepam
羥基己酸	3-Hydroxyhexanoate
羥基戊酸	2-Methyl-3-Hydroxyvalerate
羥基氯喹	Hydroxychloroquine
羥基癸酸	3-Hydroxydecanoate
羥基辛酸	3-Hydroxyoctanoate
羥甲烯龍	Oxymetholone
羥甲睪酮	Oxymesterone
羥甲雄酮	Drostanolone
羥脯氨酸	Hydroxyproline
羥苯丁酯	Butylparaben
羥苯乙酯	Ethylparaben
羥賴氨酸	Hydroxylysine
羥鈷胺素	Hydroxocobalamin
羧基末端	C-terminal
義大利松	Pinus pinea
義齒咬合	Denture occlusion
義齒評價	Denture teeth evaluation
翁比他韋	Ombitasvir
翁比他韦	Ombitasvir
翻盖面板	Flap
翻蓋面板	Flap
耐受剂量	Tolerated dose
耐受劑量	Tolerated dose
职业危害	Occupational hazard
职业岗位	Career position
职业行业	Occupation industry CDC Census code
职务称号	Job title
職務稱號	Job title
職業危害	Occupational hazard
職業崗位	Career position
職業行業	Occupation industry CDC Census code
肉毒梭菌	Clostridium botulinum
肉碱酯类	Carnitine esters
肉类纤维	Meat fibers
肉豆蔻衣	Mace
肉豆蔻酸	Myristate
肉類纖維	Meat fibers
肉鹼酯類	Carnitine esters
肌养蛋白	Dysferlin
肌动蛋白	Actin
肌動蛋白	Actin
肌巨蛋白	Titin
肌束震顫	fasciculation
肌束震颤	fasciculation
肌球蛋白	Myosin
肌紅蛋白	Myoglobin MYO
肌红蛋白	Myoglobin MYO
肌肉张力	Muscle tone
肌肉張力	Muscle tone
肌酐組套	Creatinine
肌酐组套	Creatinine
肌酸激酶	Creatine kinase CK
肌鈣蛋白	Troponin
肌钙蛋白	Troponin
肌養蛋白	Dysferlin
肛門排氣	Passing flatus
肛门排气	Passing flatus
肝功能类	MicroRNA score of liver function
肝功能類	MicroRNA score of liver function
肝片吸虫	Fasciola hepatica
肝片吸蟲	Fasciola hepatica
肝細胞癌	Hepatocellular carcinoma risk
肝细胞癌	Hepatocellular carcinoma risk
肝脏重量	liver weight
肝臟重量	liver weight
肝鐵指數	Hepatic iron index
肝铁指数	Hepatic iron index
肠内菌科	Enterobacteriaceae
肠杆菌目	Enterobacterales
肠杆菌科	Enterobacteriaceae
肠球菌种	Enterococcus
肠道准备	Bowel preparation
肠道病毒	Enterovirus
肠镜检查	Enteroscopy study
股骨長度	Femur length
股骨长度	Femur length
肥大細胞	Mast cells
肥大细胞	Mast cells
肺內分流	Shunt intrapulmonary
肺内分流	Shunt intrapulmonary
肺孢子菌	Pneumocystis
肺泡容积	Alveolar volume
肺泡容積	Alveolar volume
肺泡通气	Alveolar ventilation
肺泡通氣	Alveolar ventilation
肺炎概率	Pneumonia probability
肺癌抗体	Lung cancer antibody
肺癌抗體	Lung cancer antibody
肺癌筛查	Lung cancer screening
肺癌篩查	Lung cancer screening
肺癌組套	Lung cancer
肺癌组套	Lung cancer
肺部检查	Pulmonary studies
肺部檢查	Pulmonary studies
肼苯达嗪	hydrALAZINE
肼苯達嗪	hydrALAZINE
肾上腺素	EPINEPHrine
肾脏长度	Kidney length
肿瘤出芽	Tumor budding
肿瘤大小	Tumor size
肿瘤定量	Tumor quantitation
肿瘤抗原	Tumor Ag 90
肿瘤病史	Neoplastic disease
肿瘤穿孔	Tumor perforation
肿瘤细胞	Tumor cells
肿瘤退缩	Tumor regression
肿瘤部位	Tumor site
胃蛋白酶	Pepsin
胃造口管	gastrostomy tube
胆汁引流	biliary drain
胆甾烷醇	Cholestanol
胆碱酯酶	Cholinesterase
胆红素钙	Calcium bilirubinate
胆绿蛋白	Choleglobin
胆色素原	Porphobilinogen
胆钙化醇	Cholecalciferol
背景染色	Background stain
背部面板	Back
胍基丙酸	Amino beta guanidinopropionate
胍基乙酸	Guanidinoacetate
胎儿性别	Fetal sex
胎儿粪便	Meconium
胎儿血液	Fetal blood
胎兒性別	Fetal sex
胎兒糞便	Meconium
胎兒血液	Fetal blood
胞衬蛋白	Fodrin
胞襯蛋白	Fodrin
胡宁病毒	Junin virus
胡寧病毒	Junin virus
胡萝卜素	Carotene
胡蘿蔔素	Carotene
胡蜂毒液	Wasp venom
胫后动脉	posterior tibial artery
胰岛素原	Proinsulin
胰岛细胞	Pancreatic islet cell
胰島素原	Proinsulin
胰島細胞	Pancreatic islet cell
胰抑制素	Pancreastatin
胰石蛋白	Pancreatic stone protein
胰蛋白酶	Trypsin
胱抑素C	Cystatin C
胶原纤维	Collagen fibers
胶状小体	Gelatinous bodies
胸腔插管	chest tube
胸腔面积	Thoracic area
胸腔面積	Thoracic area
胸腺嘧啶	Thymine
胸苷激酶	Thymidine kinase
胺基酸氮	Alpha amino acid nitrogen
胺基酸類	Amino acids
能量含量	Energy content
脂氧合酶	Lipoxygenase
脂类组套	Lipid
脂肪小体	Oval fat bodies (globules)
脂肪小體	Oval fat bodies (globules)
脂肪摄入	Fat intake
脂肪攝入	Fat intake
脂肪組套	Fat
脂肪组套	Fat
脂肪酸类	Fatty acids
脂肪酸類	Fatty acids
脂肪需求	Fat need
脂蛋白a	Lipoprotein a Lp(a)
脂蛋白类	Lipoprotein (little a)
脂蛋白類	Lipoprotein (little a)
脂類組套	Lipid
脈搏波形	Pulse wave form
脈搏波速	Pulse wave velocity
脉搏波形	Pulse wave form
脉搏波速	Pulse wave velocity
脊柱减压	Spine decompression
脊柱感染	Spine infection
脊柱減壓	Spine decompression
脊柱畸形	Spine deformity
脊柱肿瘤	Spine tumor
脊柱腫瘤	Spine tumor
脊柱融合	Spine fusion
脑半乳糖	Galactose 1 phosphate
脑室引流	cerebral ventricle drain
脑监测仪	Cerebral monitor
脛後動脈	posterior tibial artery
脫氧肌苷	Deoxyinosine
脫氧膽酸	Deoxycholate
脱氧肌苷	Deoxyinosine
脱氧胆酸	Deoxycholate
脲气球菌	Aerococcus urinae
脲氣球菌	Aerococcus urinae
腋下位片	View Velpeau axillary
腎上腺素	EPINEPHrine
腎臟長度	Kidney length
腐敗梭菌	Clostridium septicum
腐败梭菌	Clostridium septicum
腐食酪螨	Tyrophagus putrescentiae
腐食酪蟎	Tyrophagus putrescentiae
腦半乳糖	Galactose 1 phosphate
腦室引流	cerebral ventricle drain
腦監測儀	Cerebral monitor
腫瘤出芽	Tumor budding
腫瘤大小	Tumor size
腫瘤定量	Tumor quantitation
腫瘤抗原	Tumor Ag 90
腫瘤病史	Neoplastic disease
腫瘤穿孔	Tumor perforation
腫瘤細胞	Tumor cells
腫瘤退縮	Tumor regression
腫瘤部位	Tumor site
腸內菌科	Enterobacteriaceae
腸桿菌目	Enterobacterales
腸桿菌科	Enterobacteriaceae
腸球菌種	Enterococcus
腸道準備	Bowel preparation
腸道病毒	Enterovirus
腸鏡檢查	Enteroscopy study
腹腔引流	peritoneal drain
腺体分化	Glandular differentiation
腺體分化	Glandular differentiation
膀胱冲洗	urinary bladder irrigation
膀胱細胞	Bladder cells
膀胱细胞	Bladder cells
膀胱肿瘤	Bladder tumor
膀胱腫瘤	Bladder tumor
膀胱衝洗	urinary bladder irrigation
膠原纖維	Collagen fibers
膠狀小體	Gelatinous bodies
膽汁引流	biliary drain
膽甾烷醇	Cholestanol
膽紅素鈣	Calcium bilirubinate
膽綠蛋白	Choleglobin
膽色素原	Porphobilinogen
膽鈣化醇	Cholecalciferol
膽鹼酯酶	Cholinesterase
臥床不起	Confined to bed
臨床信息	Clinical information
臨床報告	Clinical reports
臨床建議	Clinical suggestion
臨床數據	Clinical data
臨床狀態	COVID-19 clinical status
臨床病程	Clinical course
臨床發現	Clinical finding
臨床表現	Clinical presentation
臨床記錄	Clinical note
臨床趨勢	Clinical trend
自主通气	Voluntary ventilation
自主通氣	Voluntary ventilation
自发活动	Spontaneous
自尊增強	Increased self-esteem
自尊增强	Increased self-esteem
自我管理	Self management
自杀倾向	Suicidality
自杀意图	Suicidal intent
自杀意念	Suicidal ideation
自杀计划	Suicide plan
自殺傾向	Suicidality
自殺意圖	Suicidal intent
自殺意念	Suicidal ideation
自殺計劃	Suicide plan
自發活動	Spontaneous
自身抗体	Autoantibodies
自身抗體	Autoantibodies
臭春黃菊	Anthemis cotula
臭春黄菊	Anthemis cotula
臭氧天数	Number of days ozone
臭氧天數	Number of days ozone
與靜脈血	Electrolytes 1998 & Venous pH
興趣區域	Region of interest
舌下神經	Hypoglossal nerve (CN XII) exam
舌下神经	Hypoglossal nerve (CN XII) exam
舌咽神經	Glossopharyngeal nerve (CN IX) exam
舌咽神经	Glossopharyngeal nerve (CN IX) exam
舒尼替尼	Sunitinib
舒张早期	early diastole
舒张末期	end diastole
舒張早期	early diastole
舒張末期	end diastole
舒替兰酶	Maxatase
舒替蘭酶	Maxatase
舒緩激肽	Bradykinin
舒缓激肽	Bradykinin
舒芬太尼	SUFentanil
舒馬曲坦	SUMAtriptan
舒马曲坦	SUMAtriptan
艰难梭菌	Clostridioides difficile
艱難梭菌	Clostridioides difficile
色覺組套	Color vision
色觉组套	Color vision
艾司唑仑	Estazolam
艾司唑侖	Estazolam
艾拉普林	Iclaprim
艾沙康唑	Isavuconazole
节律片断	Rhythm segment
节肢动物	Arthropod
节育方法	Birth control method
芒果花粉	Mangifera indica pollen
芬乙茶碱	Fenetylline
芬乙茶鹼	Fenetylline
芬坎法明	Fencamfamin
芬普雷司	Fenproporex
芬氟拉明	Fenfluramine
芬納西泮	Phenazepam
芬纳西泮	Phenazepam
芬美曲秦	Phenmetrazine
花生油酸	Vaccenate
花茎甘蓝	Brassica oleracea var italica
花莖甘藍	Brassica oleracea var italica
苄吡二胺	Tripelennamine
苄基哌嗪	Benzylpiperazine
苄川三氯	Benzotrichloride
苄氟噻嗪	Bendroflumethiazide
苄青霉素	Penicillin G
苄青黴素	Penicillin G
苄非他明	Benzfetamine
苏沃雷生	Suvorexant
苯丁酰脲	Pheneturide
苯丁醯脲	Pheneturide
苯丙氨酸	Phenylalanine
苯丙胺类	Amphetamines
苯丙胺類	Amphetamines
苯丙酮酸	Phenylpyruvate
苯並二氮	Benzodiazepines
苯乙哌啶	Diphenoxylate
苯乙酰脲	Phenacemide
苯乙醯脲	Phenacemide
苯二氮类	Benzodiazepines
苯二氮類	Benzodiazepines
苯佐卡因	Benzocaine
苯佐那酯	Benzonatate
苯別膽烷	Prostanozol
苯别胆烷	Prostanozol
苯吡拉明	Doxylamine
苯哌利多	Benperidol
苯巴比妥	PHENobarbital
苯并二氮	Benzodiazepines
苯异丙胺	Amphetamines
苯异妥英	Pemoline
苯扎托品	Benztropine
苯扎託品	Benztropine
苯替酪胺	Bentiromide
苯海拉明	diphenhydrAMINE
苯环利定	Phencyclidine
苯環利定	Phencyclidine
苯甲曲秦	Phendimetrazine
苯甲酸鈉	Sodium benzoate
苯甲酸钠	Sodium benzoate
苯異丙胺	Amphetamines
苯異妥英	Pemoline
苯酰肉碱	Benzoylcarnitine (BzCn)
苯醯肉鹼	Benzoylcarnitine (BzCn)
茄葡柄霉	Stemphylium solani
茄葡柄黴	Stemphylium solani
茅屋芝士	Cottage cheese
茚地那韋	Indinavir
茚地那韦	Indinavir
茶碱胆碱	Oxytriphylline
茶苯海明	dimenhyDRINATE
茶鹼膽鹼	Oxytriphylline
草茎点霉	Phoma herbarum
草莖點黴	Phoma herbarum
荧光偏振	Fluorescence polarization
药房偏好	Pharmacy preference
药物代码	Medication code
药物作用	Medication role
药物使用	Drug use
药物名称	Medication name
药物处方	Prescription for medication
药物建议	Medication recommendation
药物批号	Medication lot number
药物批次	Medication batch ID
药物摘要	Medication summary
药物施用	Medication administration
药物治疗	medication
药物结晶	Drug crystals
药用墙草	Parietaria officinalis
药用芦笋	Asparagus officinalis
莫匹罗星	Mupirocin
莫匹羅星	Mupirocin
莫能菌素	Monensin
莫西沙星	Moxifloxacin
莫达非尼	Modafinil
莫達非尼	Modafinil
莫雷西嗪	Moricizine
莴苣缬草	Valerianella locusta
菌斑指数	Plaque index
菌斑指數	Plaque index
菌落計數	Colony
菌落计数	Colony
菜子甾醇	Brassicasterol
菜油固醇	Campesterol
菲尼布特	Phenibut
菸草製品	Tobacco product
菸鹼尿酸	Nicotinurate
萘丁美酮	Nabumetone
营养状况	Nutrition status
营养评估	Nutrition assessment
营养配方	nutritional formula
萬古黴素	Vancomycin
萵苣纈草	Valerianella locusta
葉酸受體	Folate receptor alpha
葡糖苷酶	Acid alpha glucosidase
葡糖苷酸	Aldosterone-18-glucuronide
葡萄球菌	Staphylococcus
葡萄酒醋	Wine Vinegar
葵花鸚鵡	Cockatoo
葵花鹦鹉	Cockatoo
蓋塔病毒	Getah virus
蓖麻蛋白	Ricin
蓝色巢豆	Lathyrus sativus
蔗糖摄入	Sucrose intake
蔗糖攝入	Sucrose intake
蔬菜份数	Vegetable servings
蔬菜份數	Vegetable servings
蔬菜纖維	Vegetable fibers
蔬菜纤维	Vegetable fibers
蔷薇霉素	Rosamicin
蕨样结晶	Ferning
蕨樣結晶	Ferning
薔薇黴素	Rosamicin
藍色巢豆	Lathyrus sativus
藥房偏好	Pharmacy preference
藥物代碼	Medication code
藥物作用	Medication role
藥物使用	Drug use
藥物名稱	Medication name
藥物建議	Medication recommendation
藥物批次	Medication batch ID
藥物批號	Medication lot number
藥物摘要	Medication summary
藥物施用	Medication administration
藥物治療	medication
藥物結晶	Drug crystals
藥物處方	Prescription for medication
藥用牆草	Parietaria officinalis
藥用蘆筍	Asparagus officinalis
蘇沃雷生	Suvorexant
蘑菇毒素	Mushroom toxins
處方代碼	Prescription code
處方列表	Prescription list
處方文本	Prescription text
處方請求	Prescription request
虚无妄想	Nihilistic delusions
虛無妄想	Nihilistic delusions
號染色體	Chromosome 17 copy number
虫媒病毒	Arbovirus
蛋白激酶	Protein kinase
蜂窝材料	Cellular material
蜂窩材料	Cellular material
蜡叶峨参	Anthriscus cerefolium
蜱的状态	Condition of tick
蜱的狀態	Condition of tick
蝇类幼虫	Fly larvae
蝇类成虫	Adult fly
融合宽度	Fusion width
融合寬度	Fusion width
螢光偏振	Fluorescence polarization
螺旋霉素	Spiramycin
螺旋黴素	Spiramycin
蟲媒病毒	Arbovirus
蟾毒色胺	Bufotenine
蠅類幼蟲	Fly larvae
蠅類成蟲	Adult fly
蠟葉峨參	Anthriscus cerefolium
血压方法	Blood pressure method
血压组套	Blood pressure
血吸虫卵	Schistosoma ova
血吸蟲卵	Schistosoma ova
血型抗体	Blood group antibody
血型抗體	Blood group antibody
血型組套	ABO & Rh
血型组套	ABO & Rh
血壓方法	Blood pressure method
血壓組套	Blood pressure
血尿素氮	Blood urea nitrogen BUN
血库会诊	Blood bank consult
血库检查	Blood bank studies
血库注释	Blood bank comment
血库警示	Blood bank alert
血庫會診	Blood bank consult
血庫檢查	Blood bank studies
血庫注釋	Blood bank comment
血庫警示	Blood bank alert
血影細胞	ghost cells
血影细胞	ghost cells
血气分析	Blood gas analysis
血气检查	Blood gas studies
血氣分析	Blood gas analysis
血氣檢查	Blood gas studies
血流半径	Flow radius
血流半徑	Flow radius
血流逆轉	Blood flow reversal
血流逆转	Blood flow reversal
血流速度	Blood flow velocity
血流速率	Blood flow rate
血流阻力	Hemodynamic resistance
血浆容量	Plasma volume
血液制品	Blood product
血液流速	Blood flow rate
血液肿瘤	Hematologic cancer
血液腫瘤	Hematologic cancer
血液製品	Blood product
血液速度	Blood velocity-time integral 2
血漿容量	Plasma volume
血紅蛋白	Hemoglobin
血红蛋白	Hemoglobin
血脂全套	Lipid panel
血脂四項	Lipid panel
血脂四项	Lipid panel
行为状态	behavior state
行动目的	Purpose of action
行动计划	Action plan
行動目的	Purpose of action
行動計劃	Action plan
行為狀態	behavior state
行走距离	Walking distance
行走距離	Walking distance
行走速度	Walking speed
行进距离	Distance traveled
行進距離	Distance traveled
術中總計	total intraoperative
術中觀察	intraoperative observation
術前照片	Preoperative photo
術後康復	Postoperative rehabilitation
術後照片	Postoperative photo
衔接蛋白	Adaptor Protein 3 Beta2
衛星結節	Satellite nodules
衛生部門	Health department
补体活性	Complement
补充小节	Supplements section
补充报告	supplemental reports
表雄甾酮	Epiandrosterone
袖套压力	Cuff pressure
袖套壓力	Cuff pressure
袖套大小	Cuff size
被动妄想	Delusions of passivity
被動妄想	Delusions of passivity
被害妄想	Persecutory delusions
裂紅細胞	Schistocytes
裂红细胞	Schistocytes
装置名称	Device name
補充報告	supplemental reports
補充小節	Supplements section
補體活性	Complement
裝置名稱	Device name
製備技術	Preparation techniques
褥垫灰尘	Mattress dust
褥墊灰塵	Mattress dust
褪黑激素	Melatonin
西司他丁	Cilastatin
西咪替丁	Cimetidine
西多福韋	Cidofovir
西多福韦	Cidofovir
西布曲明	Sibutramine
西方狍肉	European roe venison
西梭霉素	Sisomicin
西梭黴素	Sisomicin
西沙必利	Cisapride
西洋冰草	Pascopyrum smithii
西洋醒香	Syringa vulgaris
西番莲果	Passiflora edulis
西番蓮果	Passiflora edulis
西罗莫司	Sirolimus
西羅莫司	Sirolimus
西諾氨酯	Cenobamate
西諾沙星	Cinoxacin
西诺氨酯	Cenobamate
西诺沙星	Cinoxacin
西部水麻	Acnida tamariscina
西部白松	Pinus monticola
西部黃松	Pinus ponderosa
西部黄松	Pinus ponderosa
西酞普兰	Citalopram
西酞普蘭	Citalopram
視力檢查	Visual acuity study
視力測試	Vision testing
視力組套	Visual acuity
視力附件	Vision attachment
視野缺損	Visual field defects
視黃酯類	Retinyl esters
視黃酸酯	Retinoate esters
覺醒次數	Number of awakenings
覺醒狀態	State of arousal
觀察場所	Observation setting
觀察日期	Date of observation
觀察距離	Viewing distance
观察场所	Observation setting
观察日期	Date of observation
观察距离	Viewing distance
视力检查	Visual acuity study
视力测试	Vision testing
视力组套	Visual acuity
视力附件	Vision attachment
视野缺损	Visual field defects
视黄酯类	Retinyl esters
视黄酸酯	Retinoate esters
觉醒次数	Number of awakenings
觉醒状态	State of arousal
角状中片	angled midpiece
角狀中片	angled midpiece
角膜厚度	Cornea thickness
角膜曲率	Corneal curvature
解决阶段	Resolution phase
解旋速率	Untwist rate
解決階段	Resolution phase
触珠蛋白	Haptoglobin
觸珠蛋白	Haptoglobin
言語錯亂	Speech disturbance
言语错乱	Speech disturbance
計劃參與	Program participation
計量單位	Unit of measure
託拉塞米	Torsemide
託拉菌素	Tulathromycin
託氟沙星	Tosufloxacin
託洛病毒	Torovirus
託珠單抗	Tocilizumab
託莫西汀	Atomoxetine
記帳代碼	CPT billing code
記錄日期	Date recorded
記錄部位	Recording site
記錄電極	Recording electrode
訪談日期	Date of interview
設備計數	Device
設施位置	Facility location
診斷印象	Impression
診斷年齡	Age at diagnosis
診斷建議	Diagnosis recommendations
診斷意見	Impression
診斷日期	Date of diagnosis
診斷類別	Diagnosis category
評估信息	Assessment information
評估小節	Assessment section
評估記錄	Assessment note
評價記錄	Evaluation note
評級來源	Source of rating
試管編號	Tube number
試驗名稱	Trial name
試驗方法	Test method
誇大妄想	Grandiose delusions
認知功能	Cognitive function
語言變體	Language variant
調寧蛋白	Calponin
調度中心	Dispatch center
調度延遲	Dispatch delay
調用結束	end of call
調節寬度	Accommodation width
諮詢記錄	Counseling note
諾乙雄龍	Norethandrolone
諾司替勃	Norclostebol
諾如病毒	Norovirus
諾氟沙星	Norfloxacin
諾米芬辛	Nomifensine
證據等級	Level of evidence
證書編號	CMS certification number
警告小節	Warnings section
警告小节	Warnings section
警示类别	Alert category
警示類別	Alert category
護士姓名	Nurse name
變態反應	Allergies
變異係數	coefficient of variation
计划参与	Program participation
计量单位	Unit of measure
认知功能	Cognitive function
记录日期	Date recorded
记录电极	Recording electrode
记录部位	Recording site
记账代码	CPT billing code
设备计数	Device
设施位置	Facility location
访谈日期	Date of interview
证书编号	CMS certification number
证据等级	Level of evidence
评价记录	Evaluation note
评估信息	Assessment information
评估小节	Assessment section
评估记录	Assessment note
评级来源	Source of rating
诊断印象	Impression
诊断年龄	Age at diagnosis
诊断建议	Diagnosis recommendations
诊断意见	Impression
诊断日期	Date of diagnosis
诊断类别	Diagnosis category
试管编号	Tube number
试验名称	Trial name
试验方法	Test method
语言变体	Language variant
诺乙雄龙	Norethandrolone
诺司替勃	Norclostebol
诺如病毒	Norovirus
诺氟沙星	Norfloxacin
诺米芬辛	Nomifensine
调宁蛋白	Calponin
调度中心	Dispatch center
调度延迟	Dispatch delay
调用结束	end of call
调节宽度	Accommodation width
谷氨酰胺	Glutamine
谷物份数	Grain servings
谷物灰尘	Grain dust
谷胱甘肽	Glutathione
豆甾烷醇	Stigmastanol
豎毛竊蠹	Prototheca
豪达奶酪	Gouda
豪達奶酪	Gouda
豬囊尾蚴	Taenia solium larva
豬尾導管	Pigtail catheter
豬帶絛蟲	Taenia solium
豬支原體	Mycoplasma suis
豬瘟病毒	Classical swine fever virus
豬胰島素	Insulin porcine
豬腺病毒	Porcine adenovirus
豬鏈球菌	Streptococcus suis
貝西沙星	Besifloxacin
貝達喹啉	Bedaquiline
負面發聲	Negative vocalization
貧窮妄想	Delusions of poverty
貫葉連翹	Hypericum perforatum
質量指數	Mass index
質量衰減	CT attenuation of
賴甲環素	Lymecycline
賴諾普利	Lisinopril
賽克力嗪	Cyclizine
賽洛西賓	Psilocybin
贝西沙星	Besifloxacin
贝达喹啉	Bedaquiline
负面发声	Negative vocalization
质量指数	Mass index
质量衰减	CT attenuation of
贫穷妄想	Delusions of poverty
贯叶连翘	Hypericum perforatum
赖甲环素	Lymecycline
赖诺普利	Lisinopril
赛克力嗪	Cyclizine
赛洛西宾	Psilocybin
起始地点	Origination site
起始地點	Origination site
起始坐标	Start coordinates
起始坐標	Start coordinates
起搏方法	Pacing method
超二倍体	hyperdiploid
超二倍體	hyperdiploid
超声类别	Ultrasound class
超声衰减	Ultrasound attenuation
超聲衰減	Ultrasound attenuation
超聲類別	Ultrasound class
足够的骨	Bone adequate
足夠的骨	Bone adequate
跌倒高度	Height of fall
跑行距离	Running distance
跑行距離	Running distance
距离注释	Far vision comment
距离符号	Distance signs
距離注釋	Far vision comment
距離符號	Distance signs
身份鉴定	Identity testing
身份鑑定	Identity testing
身体语言	Body language
身体运动	body movement
身体部位	Body site
身体骨骼	Body bone
身體語言	Body language
身體運動	body movement
身體部位	Body site
身體骨骼	Body bone
身高方法	Body height method
軌跡偏差	Trajectory deviation
軸位斷面	Transverse section
軸向中距	Axis intermediate
軸向近距	Axis near
軸向遠距	Axis far
輪狀病毒	Rotavirus
輸注全血	Transfuse whole blood
輸注劑量	Infusion dose
輸注時間	Infusion time
輸注血漿	Transfuse plasma
輸注體積	Infusion volume
輸血反應	Transfusion reaction
輸血日期	Transfusion date
輸血服務	transfusion service
輸血狀態	Transfusion status
輸血體積	Transfusion volume
轉診信息	Referral information
轉診記錄	Referral note
轉醛醇酶	Transaldolase
轉鐵蛋白	Transferrin
轨迹偏差	Trajectory deviation
转诊信息	Referral information
转诊记录	Referral note
转醛醇酶	Transaldolase
转铁蛋白	Transferrin
轮状病毒	Rotavirus
轴位断面	Transverse section
轴向中距	Axis intermediate
轴向近距	Axis near
轴向远距	Axis far
输注体积	Infusion volume
输注全血	Transfuse whole blood
输注剂量	Infusion dose
输注时间	Infusion time
输注血浆	Transfuse plasma
输血体积	Transfusion volume
输血反应	Transfusion reaction
输血日期	Transfusion date
输血服务	transfusion service
输血状态	Transfusion status
辛卡利特	Sincalide
辛古柯鹼	dibucaine
辛可卡因	dibucaine
辛烯二酸	Octenedioate
辛酰肉碱	Octanoylcarnitine (C8)
辛醯肉鹼	Octanoylcarnitine (C8)
边缘累及	Margin involvement
达卡他韦	Daclatasvir
达峰时间	Time to peak
达巴万星	Dalbavancin
达托霉素	DAPTOmycin
达比加群	Dabigatran
达氟沙星	Danofloxacin
过多活动	Excessive
过多睡眠	Excessive sleep
过夜存放	overnight dwell
过度自责	Excessive self reproach
过硫酸铵	Ammonium persulfate
过量磷脂	excess phospholipid
运动强度	Exercise intensity
运动耐力	Exercise tolerance
运动范围	Range of motion
运动距离	Exercise distance
运动频率	Exercise frequency
运输延迟	Transport delay
运输方向	Transport direction
运输方式	Transport mode
运输方法	Transport method
远处转移	Distant metastases
连同衣服	with clothes
连环蛋白	Beta catenin
迪拉馬尼	Delamanid
迪拉马尼	Delamanid
迴腸造口	ileostomy
迷走神經	Vagus nerve (CN X) exam
迷走神经	Vagus nerve (CN X) exam
退休日期	Date of retirement
选择聚合	Selection aggregation
透明管型	Hyaline casts
透明質酸	Hyaluronate
透明质酸	Hyaluronate
透析患者	dialysis patient
透析記錄	Dialysis records
透析记录	Dialysis records
透膜压力	Transmembrane pressure
透膜壓力	Transmembrane pressure
透鏡光柵	Lenticulation
透镜光栅	Lenticulation
通常职业	Usual occupation
通常職業	Usual occupation
通常行业	Usual industry
通常行業	Usual industry
通气不足	hypoventilation
通气方式	Ventilation mode
通气阈值	Ventilatory threshold
通氣不足	hypoventilation
通氣方式	Ventilation mode
通氣閾值	Ventilatory threshold
通用描述	General description
通訊狀態	Communication status
通讯状态	Communication status
通路压力	Access pressure
通路壓力	Access pressure
速度指数	Velocity index
速度指數	Velocity index
造紙胡蜂	Polistes dominulus
造纸胡蜂	Polistes dominulus
連同衣服	with clothes
連環蛋白	Beta catenin
遊泳距離	Swimming distance
運動強度	Exercise intensity
運動範圍	Range of motion
運動耐力	Exercise tolerance
運動距離	Exercise distance
運動頻率	Exercise frequency
運輸延遲	Transport delay
運輸方向	Transport direction
運輸方式	Transport mode
運輸方法	Transport method
過多活動	Excessive
過多睡眠	Excessive sleep
過夜存放	overnight dwell
過度自責	Excessive self reproach
過硫酸銨	Ammonium persulfate
過量磷脂	excess phospholipid
達卡他韋	Daclatasvir
達峰時間	Time to peak
達巴萬星	Dalbavancin
達比加群	Dabigatran
達氟沙星	Danofloxacin
達託黴素	DAPTOmycin
遠處轉移	Distant metastases
選擇聚合	Selection aggregation
邊緣累及	Margin involvement
那格列奈	Nateglinide
邮政编码	Postal code
郵政編碼	Postal code
酒精使用	Alcohol use
酪农干酪	Cheese cottage
酪胺摄入	Tyramine intake
酪胺攝入	Tyramine intake
酪農乾酪	Cheese cottage
酮戊二酸	Alpha ketoglutarate
酮类固醇	17-Ketosteroids
酮类溶剂	Ketone solvents
酮類固醇	17-Ketosteroids
酮類溶劑	Ketone solvents
酰基肉碱	Acylcarnitine
酰脲丙酸	Ureidopropionate
酵母氨酸	Saccharopine
酵母菌落	Yeast colony
酸牛乳酒	Kefir
酿酒酵母	Saccharomyces cerevisiae
醇脫氫酶	Alcohol dehydrogenase
醇脱氢酶	Alcohol dehydrogenase
醋丁洛尔	Acebutolol
醋丁洛爾	Acebutolol
醋磺己脲	acetoHEXAMIDE
醫學問題	Medical problem
醫師代碼	Physician code
醫師專業	Physician specialty
醫療裝置	Medical device
醫療食品	Medical food
醫院會診	Hospital consultations
醫院編號	Hospital number
醯基肉鹼	Acylcarnitine
醯脲丙酸	Ureidopropionate
釀酒酵母	Saccharomyces cerevisiae
采用上肢	with use of upper extremities
采用吸气	W inspiration
采用呼气	W expiration
采用坐姿	W sitting
采用应激	W stress
采用握拳	W clenched fist
采用氧气	on oxygen
采用负重	W weight
采用运动	W exercise
采用麻醉	W anesthesia
采购成本	Purchase cost
采购活动	Purchase
采集方法	Collection method
采集日期	Collection date
采集时间	Collection time
采集环境	Collection setting
重复序列	CAG repeats
重复计数	Repetition
重氮甲烷	Diazomethane
重複序列	CAG repeats
重複計數	Repetition
野猪毛屑	Wild boar dander
野生燕麥	Trisetum paniceum
野生燕麦	Trisetum paniceum
野豬毛屑	Wild boar dander
金刚烷胺	Amantadine
金剛烷胺	Amantadine
金合欢树	Acacia longifolia
金合歡樹	Acacia longifolia
金氏金菌	Kingella kingae
針狀頭部	pin head
針頭口徑	Needle gauge
鈍葉酸模	Rumex obtusifolius
鈣磷乘積	Calcium-phosphorus product
鈣結合素	Calretinin
鈣衛蛋白	Calprotectin
鈷胺素類	Cobalamins
鉗形細胞	Pincer cells
鉴别诊断	Differential diagnosis
鉴定准则	Identification criteria
銜接蛋白	Adaptor Protein 3 Beta2
鋸齒速度	Alias velocity
錐形頭部	tapering head
鍛鍊強度	Workout intensity
鍛鍊活動	Exercise
鎮靜程度	Sedation level
鏈球菌性	Streptococcal
鏡下檢查	Scopic exam
鏡片安裝	Lens fitting
鐘面方向	Clock face direction
鐵結合力	Iron binding capacity
鐵飽和度	Iron saturation
鑑別診斷	Differential diagnosis
鑑定準則	Identification criteria
针头口径	Needle gauge
针状头部	pin head
钙卫蛋白	Calprotectin
钙磷乘积	Calcium-phosphorus product
钙结合素	Calretinin
钝叶酸模	Rumex obtusifolius
钟面方向	Clock face direction
钳形细胞	Pincer cells
钴胺素类	Cobalamins
铁结合力	Iron binding capacity
铁饱和度	Iron saturation
链球菌性	Streptococcal
锥形头部	tapering head
锯齿速度	Alias velocity
锻炼强度	Workout intensity
锻炼活动	Exercise
镇静程度	Sedation level
镜下检查	Scopic exam
镜片安装	Lens fitting
長葉百合	Lilium longiflorum
長葉車前	Plantago lanceolata
長黃胡蜂	Dolichovespula arenaria
長黴乾酪	Cheese mold type
长叶百合	Lilium longiflorum
长叶车前	Plantago lanceolata
长霉干酪	Cheese mold type
长黄胡蜂	Dolichovespula arenaria
開始呼叫	beginning of call
開始日期	Start date
開始時間	Start time
開始溶血	beginning hemolysis
開燈時間	lights on time wake time
間二氯苯	1,3-Dichlorobenzene
間皮細胞	Mesothelial cells
間質浸潤	Stromal invasion
闊葉梣木	Fraxinus latifolia
關於胎兒	Comment on fetal 22q11
關節痛和	Arthralgia &or arthritis
關聯病情	Associated condition
關鍵圖像	Key images
问题位置	Problem location
问题列表	Problem list
问题描述	Problem description
问题语境	Problem context
问题频率	Problem frequency
间二氯苯	1,3-Dichlorobenzene
间皮细胞	Mesothelial cells
间质浸润	Stromal invasion
阔叶梣木	Fraxinus latifolia
阳性对照	Positive control
阴性对照	Negative control
阴茎动脉	penile artery
阴道累及	Vaginal involvement
阻力指数	Resistivity index
阻力指數	Resistivity index
阿他那韋	Atazanavir
阿他那韦	Atazanavir
阿加曲班	Argatroban
阿卡地新	Acadesine
阿司咪唑	Astemizole
阿哌沙班	Apixaban
阿塞那平	Asenapine
阿尼利定	Anileridine
阿尼芬净	Anidulafungin
阿尼芬淨	Anidulafungin
阿巴卡韋	Abacavir
阿巴卡韦	Abacavir
阿德福韋	Adefovir
阿德福韦	Adefovir
阿扎他定	Azatadine
阿托伐醌	Atovaquone
阿拉伯糖	Arabinose
阿明洛芬	Alminoprofen
阿昔洛韋	Acyclovir
阿昔洛韦	Acyclovir
阿普唑仑	ALPRAZolam
阿普唑侖	ALPRAZolam
阿普比妥	Aprobarbital
阿替卡因	Articaine
阿月浑子	Pistacia vera
阿月渾子	Pistacia vera
阿比特龍	Abiraterone
阿比特龙	Abiraterone
阿法罗定	Alphaprodine
阿法羅定	Alphaprodine
阿洛西林	Azlocillin
阿片制剂	Opiates
阿片製劑	Opiates
阿祖培南	Razupenem
阿立哌唑	ARIPiprazole
阿立必利	Alizapride
阿米替林	Amitriptyline
阿米洛利	aMILoride
阿糖尿苷	Uracil arabinoside
阿糖胞苷	Cytarabine
阿維巴坦	Avibactam
阿维巴坦	Avibactam
阿美西林	Almecillin
阿芬太尼	Alfentanil
阿莫沙平	Amoxapine
阿託伐醌	Atovaquone
阿齊黴素	Azithromycin
阿齐霉素	Azithromycin
附着水平	Attachment level
附著水平	Attachment level
降植烷酸	Pristanate
降鈣素原	Procalcitonin PCT
降钙素原	Procalcitonin PCT
院前摘要	Prehospital summary
除顫劑量	Defibrillation dose
除顫方式	Mode of defibrillation
除顫時間	Time of defibrillation
除颤剂量	Defibrillation dose
除颤方式	Mode of defibrillation
除颤时间	Time of defibrillation
陰性對照	Negative control
陰莖動脈	penile artery
陰道累及	Vaginal involvement
陽性對照	Positive control
随意活动	Voluntary
随机血糖	Random glucose
随访医师	Physician follow up
随访方法	Follow-up approach
随访来源	Follow-up source
随访组套	Follow-up
随访预期	Follow-up expectation
隐球菌属	Cryptococcus
隐私政策	Privacy policy
隧道位片	(View Sunrise) + (View tunnel
隨意活動	Voluntary
隨機血糖	Random glucose
隨訪來源	Follow-up source
隨訪方法	Follow-up approach
隨訪組套	Follow-up
隨訪醫師	Physician follow up
隨訪預期	Follow-up expectation
隱球菌屬	Cryptococcus
隱私政策	Privacy policy
雀类粪便	Finch droppings
雀类羽毛	Finch feather
雀類糞便	Finch droppings
雀類羽毛	Finch feather
雄烯三醇	Androstenetriol
雄烯二酮	Androstenedione
雄烯二醇	Androstenediol
雇主名称	Employer name
雇主国家	Employer country
雇主地址	Employer address
雇主城市	Employer city
雇主州别	Employer state
雙氫睪酮	Androstanolone
雙目距離	Binocular distance
雙眼中距	binocular intermediate
雙眼近用	binocular near
雙眼近距	binocular near
雙眼遠用	binocular far
雙眼遠距	binocular far
雙胎妊娠	Twin pregnancy
雙載蛋白	Amphiphysin
雙香豆素	Dicoumarol
雜交草莓	Boysenberry
雜色麴黴	Aspergillus versicolor
雜音位置	Murmur location
雜音性質	Murmur quality
雜音時機	Murmur timing
雜音等級	Murmur grade
雜音音高	Murmur pitch
雜項檢查	Miscellaneous studies
離體尾部	isolated tail
離體頭部	isolated head
雪松木屑	Cedar dust
雷尼替丁	raNITIdine
雷特拉韋	Raltegravir
雷特拉韦	Raltegravir
雷美替胺	Ramelteon
雷莫拉宁	Ramoplanin
雷莫拉寧	Ramoplanin
雷迪帕韋	Ledipasvir
雷迪帕韦	Ledipasvir
電子設施	eFacility
電解質類	Electrolytes 3
電話號碼	Phone number
需要收費	Subject to charges
需要收费	Subject to charges
霉菌菌落	Mold colony
霍乱弧菌	Vibrio cholerae
霍亂弧菌	Vibrio cholerae
青紋乾酪	Cheese blue
青纹干酪	Cheese blue
青霉素钾	Penicillin G potassium
青黴素鉀	Penicillin G potassium
静脉全血	BldV
静脉吸毒	Injection drug use
靜脈全血	BldV
靜脈吸毒	Injection drug use
非仰卧位	non-supine
非仰臥位	non-supine
非实验室	non lab
非實驗室	non lab
非尼拉敏	Pheniramine
非整倍体	aneuploid
非整倍體	aneuploid
非洲梧桐	Triplochiton scleroxylon
非蛋白質	nonprotein
非蛋白质	nonprotein
非达霉素	Fidaxomicin
非達黴素	Fidaxomicin
非那佐辛	Phenazocine
非那吡啶	Phenazopyridine
非那沙星	Finafloxacin
非那雄胺	Finasteride
非麻醉性	non-narcotic
面积应变	Area strain
面積應變	Area strain
面粉粉尘	Flour dust
面部上部	Face upper
面部下部	Face low
面部中部	Face mid
面部测量	Facial measurement
面部測量	Facial measurement
面部錐形	Facial taper
面部锥形	Facial taper
靶細胞比	Positive control
靶细胞比	Positive control
韓蛙皮素	Bombesin
韩蛙皮素	Bombesin
響應團隊	Response team
響應延遲	Response delay
頂部面板	Top
頂體缺陷	acrosome defects
順氯氨鉑	CISplatin
預期壽命	Life expectancy
預期結局	Expected outcomes
預約摘要	Appointment summary
頜動瞬目	Jaw winking
頦部厚度	Chin thickness
頭孢三嗪	cefTRIAXone
頭孢丙烯	Cefprozil
頭孢乙腈	Cefacetrile
頭孢他啶	cefTAZidime
頭孢他美	Cefetamet
頭孢克肟	Cefixime
頭孢利定	Cephaloridine
頭孢匹羅	Cefpirome
頭孢卡品	Cefcapene
頭孢吡普	Ceftobiprole
頭孢吡硫	Cephapirin
頭孢吡肟	Cefepime
頭孢呋辛	Cefuroxime
頭孢哌酮	Cefoperazone
頭孢唑林	ceFAZolin
頭孢唑肟	Ceftizoxime
頭孢唑蘭	Cefozopran
頭孢喹諾	Cefquinome
頭孢噻呋	Ceftiofur
頭孢噻肟	Cefotaxime
頭孢地嗪	Cefodizime
頭孢地尼	Cefdinir
頭孢妥侖	Cefditoren
頭孢尼西	Cefonicid
頭孢布烯	Ceftibuten
頭孢德羅	Cefiderocol
頭孢拉定	Cephradine
頭孢曲秦	Cefatrizine
頭孢替坦	cefoTEtan
頭孢替安	Cefotiam
頭孢氨苄	Cephalexin
頭孢洛林	Ceftaroline
頭孢特侖	Cefteram
頭孢甘酸	Cephaloglycin
頭孢甲肟	Cefmenoxime
頭孢米諾	Cefminox
頭孢維星	Cefovecin
頭孢美唑	Cefmetazole
頭孢羥唑	Cefamandole
頭孢菌素	Cephalosporin
頭孢金素	Cephalothin
頭孢雷特	Ceforanide
頭孢黴菌	Cephalosporine mold
頸內動脈	internal carotid artery
頸總動脈	common carotid artery
顆粒直徑	Particle diameter
類型描述	Type description
類維生素	Vitamin A
顳上厚度	temporal superior thickness
顳下厚度	inferior temporal thickness
顳側厚度	temporal thickness
顶体缺陷	acrosome defects
顶部面板	Top
顺氯氨铂	CISplatin
预期寿命	Life expectancy
预期结局	Expected outcomes
预约摘要	Appointment summary
颈内动脉	internal carotid artery
颈总动脉	common carotid artery
颌动瞬目	Jaw winking
颏部厚度	Chin thickness
颗粒直径	Particle diameter
颞上厚度	temporal superior thickness
颞下厚度	inferior temporal thickness
颞侧厚度	temporal thickness
風扇轉速	Fan speed
風溼三項	Rheumatoid panel
風疹病毒	Rubella virus
風疹診斷	Rubella diagnosis
風險評價	Risk evaluation
风扇转速	Fan speed
风湿三项	Rheumatoid panel
风疹病毒	Rubella virus
风疹诊断	Rubella diagnosis
风险评价	Risk evaluation
食慾下降	Decreased appetite
食慾增強	Increased appetite
食欲下降	Decreased appetite
食欲增强	Increased appetite
食用鳥蛤	Cerastoderma edule
食用鸟蛤	Cerastoderma edule
食管長度	Esophagus length
食管长度	Esophagus length
飢餓激素	Ghrelin
飲酒年數	Number of Y alcohol consumed
飲酒模式	Alcohol use pattern
飲酒環境	Alcohol consumption environment
養母小節	Nursing mothers section
餐后血糖	Postprandial glucose
餐後血糖	Postprandial glucose
饥饿激素	Ghrelin
饮酒年数	Number of Y alcohol consumed
饮酒模式	Alcohol use pattern
饮酒环境	Alcohol consumption environment
首次接触	first contact
首次接觸	first contact
首要問題	Primary problem
首要问题	Primary problem
首餐食物	First food
香子兰酸	Vanillate
香子蘭酸	Vanillate
香花薄荷	Origanum majorana
馬拉威若	Maraviroc
馬普替林	Maprotiline
馬毛癬菌	Trichophyton equinum
馬波沙星	Marbofloxacin
馬泰勒蟲	Theileria equi
馬立巴韋	Maribavir
馬紅球菌	Rhodococcus equi
馬腺病毒	Equine adenovirus
馬鏈球菌	Streptococcus equinus
駕駛執照	Driver license
駱駝毛屑	Camel dander
騎行距離	Cycling distance
驗屍多層	Multisection post mortem
马拉维若	Maraviroc
马普替林	Maprotiline
马毛癣菌	Trichophyton equinum
马波沙星	Marbofloxacin
马泰勒虫	Theileria equi
马立巴韦	Maribavir
马红球菌	Rhodococcus equi
马腺病毒	Equine adenovirus
马链球菌	Streptococcus equinus
驾驶执照	Driver license
骆驼毛屑	Camel dander
验尸多层	Multisection post mortem
骑行距离	Cycling distance
骨折年齡	Fracture age
骨折年龄	Fracture age
骨膜蛋白	Periostin
骨齡方法	Bone age method
骨龄方法	Bone age method
髓系細胞	Myeloid cells
髓系细胞	Myeloid cells
體內水分	Body water
體力活動	Physical Activity
體格檢查	Physical exam
體液性質	Body fluid quality
體溫組套	Body temperature
體溫高於	For temperature above 102
體表面積	Body surface area
體質指數	Body mass index
體重增加	Weight gain
體重減輕	Weight loss
高倍視野	HPF
高倍视野	HPF
高分子量	high molecular weight
高尔基体	Golgi apparatus
高度風險	IgG high risk
高度风险	IgG high risk
高爾基體	Golgi apparatus
高色素性	hyperchromic
魯拉西酮	Lurasidone
鲁拉西酮	Lurasidone
鴿子糞便	Pigeon droppings
鴿子羽毛	Pigeon feather
鴿子血清	Pigeon serum
鴿銳緣蜱	Argas reflexus
鸚鵡糞便	Parrot droppings
鸚鵡羽毛	Parrot feather
鸚鵡血清	Parrot serum
鸽子粪便	Pigeon droppings
鸽子羽毛	Pigeon feather
鸽子血清	Pigeon serum
鸽锐缘蜱	Argas reflexus
鹦鹉粪便	Parrot droppings
鹦鹉羽毛	Parrot feather
鹦鹉血清	Parrot serum
麥角克鹼	Ergocristine
麥角固醇	Ergosterol
麥角生鹼	Ergosine
麥角纈鹼	Ergovaline
麥角隱亭	Ergocryptine
麦角克碱	Ergocristine
麦角固醇	Ergosterol
麦角生碱	Ergosine
麦角缬碱	Ergovaline
麦角隐亭	Ergocryptine
麴黴菌落	Aspergillus colony
麵粉粉塵	Flour dust
麻疹病毒	Measles virus
麻醉記錄	Anesthesia records
麻醉记录	Anesthesia records
麻風桿菌	Mycobacterium leprae
麻风杆菌	Mycobacterium leprae
黃斑格柵	Macular grid
黃斑水腫	Macular edema
黃疸指數	Icteric interference index
黃瘤細胞	Xanthoma cells
黄斑格栅	Macular grid
黄斑水肿	Macular edema
黄疸指数	Icteric interference index
黄瘤细胞	Xanthoma cells
黑核桃树	Juglans nigra
黑核桃樹	Juglans nigra
黑穗醋慄	Ribes nigrum
黑穗醋栗	Ribes nigrum
黑胸大蠊	Periplaneta fuliginosa
黑麥花粉	Secale cereale pollen
黑麦花粉	Secale cereale pollen
黴菌菌落	Mold colony
鼻上厚度	nasal superior thickness
鼻下厚度	nasal inferior thickness
鼻侧厚度	nasal thickness
鼻側厚度	nasal thickness
齊多夫定	Zidovudine
齊拉西酮	Ziprasidone
齊美利定	Zimelidine
齐多夫定	Zidovudine
齐拉西酮	Ziprasidone
齐美利定	Zimelidine
齒冠長度	Crown length
齲齒風險	Caries risk
齿冠长度	Crown length
龋齿风险	Caries risk
1秒率	Forced expiratory volume in 1 second/Forced vital capacity ratio
Z分数	Z-score Z score
Z分數	Z-score Z score
Z評分	Z-score Z score
Z评分	Z-score Z score
α氯丹	Alpha chlordane
γ氯丹	Gamma chlordane
一枝黃	Chrysothamnus nauseosus
一枝黄	Chrysothamnus nauseosus
一氯胺	Monochloramine
一秒率	Forced expiratory volume in 1 second/Forced vital capacity ratio
一般性	general
丁卡因	Tetracaine
丁替林	Butriptyline
丁香树	Syzygium aromaticum
丁香樹	Syzygium aromaticum
七氟醚	Sevoflurane
七羧酸	Heptacarboxylate
三乙胺	Triethylamine
三体性	Trisomy
三叶草	Clover
三氯苯	1,2,4-Trichlorobenzene
三烯酸	Trienoate
三甲威	3,4,5-trimethylphenyl methylcarbamate
三甲胺	Trimethylamine
三硫磷	Carbophenothion
三羟基	trihydroxy
三羥基	trihydroxy
三葉草	Clover
三體性	Trisomy
三齒蒿	Artemisia tridentata
三齿蒿	Artemisia tridentata
下頜弓	Mandibular arc
下頜角	Gonial angle
下颌弓	Mandibular arc
下颌角	Gonial angle
不成熟	immature
丙二酸	Malonate
丙二醇	Propylene glycol
丙二醛	Malondialdehyde
丙內酯	Beta-propiolactone
丙内酯	Beta-propiolactone
丙吡胺	Disopyramide
丙咪嗪	Imipramine
丙氨酸	Alanine
丙烯腈	Acrylonitrile
丙烯酸	Acrylate
丙烯醛	Acrylaldehyde
丙环定	Procyclidine
丙環定	Procyclidine
丙磺舒	Probenecid
丙酮酸	Pyruvate
丛生松	Pinus virginiana
丝氨酸	Serine
丝虫属	Filaria
丝衣霉	Byssochlamys
丝酵母	Candida
中卟啉	Mesoporphyrin
中心体	centrosomal
中心體	centrosomal
中枢性	central
中樞性	central
中間名	Middle name
中间名	Middle name
丹曲林	Dantrolene
丹那唑	Danazol
主保险	Primary insurance
主保險	Primary insurance
主动脉	aorta
主動脈	aorta
乌头酸	Aconitate
乌桕树	Sapium sebiferum
乙二醇	Glycol
乙拌磷	Disulfoton
乙硫磷	Ethion
乙酯类	ethyl esters
乙酯類	ethyl esters
乙酰基	N-acetyl-L-glutamate
乙酰胺	Acetamide
乙醇胺	Ethanolamine
乙醛酸	Glyoxylate
乙醯基	N-acetyl-L-glutamate
乙醯胺	Acetamide
九重葛	Bougainvillea
乳果糖	Lactulose
乳清酸	Orotate
乳糖酶	Lactase
二丁酮	Dibutylone
二乙胺	Diethylamine
二乙醚	Diethyl ether
二倍体	diploid
二倍體	diploid
二嗪农	Diazinon
二嗪農	Diazinon
二恶英	Dioxin
二惡英	Dioxin
二戊酮	Dipentylone
二甘醇	Diethylene glycol
二甲苯	Dimethylbenzene
二硝基	4,6-Dinitro-O-Cresol
二糖酶	Disaccharidases
二羟基	dihydroxy
二羥基	dihydroxy
二羧酸	Dicarboxylate C6-C8-C10
二聚体	dimeric
二聚體	dimeric
二頂徑	Biparietal diameter
二頂骨	biparietal
二顶径	Biparietal diameter
二顶骨	biparietal
五卟啉	Pemptoporphyrin
五敛子	Averrhoa carambola
五斂子	Averrhoa carambola
五羧酸	Pentacarboxylate
五針松	Pinus strobus
五针松	Pinus strobus
亚单位	beta subunit
亚油酸	Linoleate
亚甲基	4,4'-Methylene bis(2-Chloroaniline)
亚甲蓝	Methylene blue
亞單位	beta subunit
亞油酸	Linoleate
亞甲基	4,4'-Methylene bis(2-Chloroaniline)
亞甲藍	Methylene blue
产奶量	Milk production
产科学	Obstetric 1996
亮氨酸	Leucine
亲合力	IgG avidity
他克林	Tacrine
代謝率	Metabolic rate
代谢率	Metabolic rate
仰卧位	supine
仰臥位	supine
优势手	Dominant nodule
优降宁	Pargyline
传染病	Infectious disease
位視圖	View
位视图	View
低聚糖	Oligosaccharides
低通气	Hypopnea
低通氣	Hypopnea
佐替平	Zotepine
体吸虫	Schistosoma
体温单	Temperature charts
体细胞	Somatic cells
併發症	Complications
來曲唑	Letrozole
侧卧位	lateral position
侧面板	Side
保存液	Preservation fluid
俯卧位	prone position
俯臥位	prone position
倍硫磷	Fenthion
偃麥草	Agropyron repens
偃麦草	Agropyron repens
假苍耳	Iva xanthifolia
假菌丝	pseudohyphae
假菌絲	pseudohyphae
假蒼耳	Iva xanthifolia
假豚草	Franseria acanthicarpa
偏侧性	Laterality
偏側性	Laterality
偏头侧	View 45 degree cephalic angle
偏尾侧	View 10 degree caudal angle
偏尾側	View 10 degree caudal angle
偏頭側	View 45 degree cephalic angle
側臥位	lateral position
側面板	Side
催乳素	Prolactin PRL
催产素	Oxytocin
催產素	Oxytocin
傳染病	Infectious disease
優勢手	Dominant nodule
優降寧	Pargyline
儿茶酚	Catechol
充盈期	Filling period
兆碱基	Megabase
兆鹼基	Megabase
光密度	Optical density
克勒草	Grass koehlers
克次体	Rickettsia
克次體	Rickettsia
克滅鼠	Coumafuryl
克灭鼠	Coumafuryl
克菌丹	Captan
克霉唑	Clotrimazole
克黴唑	Clotrimazole
兒茶酚	Catechol
入院时	at admission
入院時	at admission
內分流	Shunt
內啡肽	Beta endorphin
內因子	Intrinsic factor
內毒素	Endotoxin
內源性	intrinsic
內皮素	Endothelin I
八氯丹	Oxychlordane
公證人	Notary
公证人	Notary
六氯苯	Hexachlorobenzene
六氯酚	Hexachlorophene
六羧酸	Hexacarboxylate
关节内	W In-111 intrajoint
兴奋剂	Stimulants
兹克威	Mexacarbate
兹皮菌	Nannizzia
内分流	Shunt
内啡肽	Beta endorphin
内因子	Intrinsic factor
内毒素	Endotoxin
内源性	intrinsic
内皮素	Endothelin I
军团菌	Legionella
冠心病	Coronary heart disease 10Y risk
冬肥草	Ceratoides arborescens
冲洗剂	Flush
减速度	Deceleration
几何学	Geometry
凤尾鱼	Engraulis encrasicolus
出生地	Birthplace
出生时	at birth
出生時	at birth
出血量	Blood loss
出院时	at discharge
出院時	at discharge
分娩前	ante partum
分娩时	at delivery
分娩時	at delivery
判准则	Medication
判準則	Medication
利培酮	risperiDONE
利尿剂	Diuretics
利尿劑	Diuretics
利福平	rifAMPin
利鈉肽	Natriuretic peptide
利钠肽	Natriuretic peptide
利馬豆	Phaseolus limensis
利马豆	Phaseolus limensis
刷状缘	Brush border
刷狀緣	Brush border
刺叶栎	Quercus ilex
刺山柑	Capparis spinosa
刺激后	C peptide post XXX challenge
刺激後	C peptide post XXX challenge
刺葉櫟	Quercus ilex
刺角瓜	Cucumis metuliferus
前列腺	prostate
前病毒	HIV 1 proviral
前胶原	Procollagen type I
前膠原	Procollagen type I
前面高	Anterior facial height
前驅體	prohormone precursor proprotein pro
前驱体	prohormone precursor proprotein pro
剪股穎	Agrostis stolonifera
剪股颖	Agrostis stolonifera
副神經	Accessory nerve (CN XI) exam
副神经	Accessory nerve (CN XI) exam
功率譜	Power spectrum
功率谱	Power spectrum
功能性	functional
加州艾	Artemisia douglasiana
加速度	Acceleration 2
动物胶	Gelatin
动脉血	Arterial blood
劳卡尼	Lorcainide
勃地酮	Boldenone
動物膠	Gelatin
動脈血	Arterial blood
勞卡尼	Lorcainide
匍柄霉	Stemphylium botryosum
匍柄黴	Stemphylium botryosum
化妆品	Cosmetic
化妝品	Cosmetic
十氯酮	Chlordecone
半乳糖	Galactose
卑霉素	Avilamycin
卑黴素	Avilamycin
单型群	monotypic population
单峰驼	Camelus dromedarius milk
单糖类	Monosaccharides
南欧蒜	Allium ampeloprasum
南歐蒜	Allium ampeloprasum
南瓜籽	Cucurbita pepo seed
卟啉类	Porphyrins
卟啉類	Porphyrins
卡巴氧	Carbadox
卡拉胶	Carageenan
卡拉膠	Carageenan
卡西酮	Cathinone
卫生巾	Sanitary pads
卵圆孔	foramen ovale
卵圓孔	foramen ovale
卷心菜	Brassica oleracea var capitata
厚中片	thick midpiece
原卟啉	Protoporphyrin
原发性	primary
原發性	primary
参考齿	Reference tooth
參考齒	Reference tooth
双头部	duplicate head
双孢菇	Agaricus bisporus
双峰群	dual population
双环胺	Dicyclomine
双硫磷	Temephos
双硫醒	Disulfiram
双鞭藻	Dinoflagellate
反应熵	Response entropy
反应素	Reagin
反應熵	Response entropy
反應素	Reagin
反枝苋	Amaranthus retroflexus
反枝莧	Amaranthus retroflexus
反油酸	trans-Vaccenate C18:1w7 Vaccenic
取条件	Access
取條件	Access
变应原	Allergen
叢生松	Pinus virginiana
口面积	Orifice area
口面積	Orifice area
口香糖	Chewing gum
古柯鹼	Cocaine
可乐定	cloNIDine
可乐果	Cola acuminata
可乐树	Cola
可卡因	Cocaine
可可碱	Theobromine
可可豆	Theobroma cacao
可可鹼	Theobromine
可待因	Codeine
可拉明	Nikethamide
可樂定	cloNIDine
可樂果	Cola acuminata
可樂樹	Cola
可溶性	soluble
可的松	Cortisone
可鐵寧	Cotinine
可铁宁	Cotinine
可靠性	Credibility of information
右心室	right ventricle
合杀威	Bufencarb
合殺威	Bufencarb
后前位	View PA 45 degree flexion
后颅底	Posterior cranial base
吐根碱	Emetine
吐根鹼	Emetine
吐綬雞	Turkey
吐绶鸡	Turkey
向日葵	Helianthus annuus pollen
吗拉宗	Morazone
吗茚酮	Molindone
吡咯酸	Piromidate
吡哆酸	4-Pyridoxate
吡哆醇	Pyridoxine
吡哆醛	Pyridoxal
吡哌酸	Pipemidate
吡哌醇	Pirmenol
吡啶啉	Pyridinoline
吩噻嗪	Phenothiazines
吸气压	Inspiratory pressure
吸氣壓	Inspiratory pressure
吸烟量	Smoking consumption
吸菸量	Smoking consumption
呋塞米	Furosemide
呼吸商	Respiratory quotient
呼吸机	Ventilator
呼吸機	Ventilator
呼吸音	Breath sounds
呼气压	Expiratory pressure
呼气末	at end expiration
呼氣壓	Expiratory pressure
呼氣末	at end expiration
咖啡因	Caffeine
咖啡豆	Coffee bean
咪康唑	Miconazole
咸鱼食	Saline fish feed
哈密瓜	Cantaloupe Cucumis melo cantalupensis
哌唑嗪	Prazosin
哌啶酸	Pipecolate
哌替啶	Meperidine
哌甲酯	Methylphenidate
哌迷清	Pimozide
响应度	Level of responsiveness
哺乳期	Lactation
唑吡坦	Zolpidem
唾液腺	Salivary gland
唾液酸	Sialate
啤酒花	Humulus lupus
單型群	monotypic population
單峰駝	Camelus dromedarius milk
單糖類	Monosaccharides
喹乙宗	Quinethazone
喹啉酸	Quinolinate
喹硫平	QUEtiapine
嗅神經	Olfactory nerve (CNI) exam
嗅神经	Olfactory nerve (CNI) exam
嗎拉宗	Morazone
嗎茚酮	Molindone
嗜中性	neutrophilic
嗜酸性	eosinophilic
噁喹酸	Oxolinate
噻加宾	tiaGABine
噻加賓	tiaGABine
噻嗪类	Thiazides
噻嗪類	Thiazides
噻鼠酮	Difethialone
四环素	Tetracycline
四環素	Tetracycline
固位力	Retention
固体类	Solids
固體類	Solids
土曲霉	Aspergillus terreus
土荆芥	Chenopodium ambrosioides
土荊芥	Chenopodium ambrosioides
土麴黴	Aspergillus terreus
地乐酚	Dinoseb
地佐辛	Dezocine
地址行	Address line
地樂酚	Dinoseb
地氟醚	Desflurane
地虫磷	Fonofos
地蟲磷	Fonofos
地高辛	Digoxin
坎利酮	Canrenone
垂叶榕	Ficus benjamina
垂葉榕	Ficus benjamina
型多层	Multisection
型多層	Multisection
型抗体	Antibody type
型抗體	Antibody type
培养基	Culture medium
培拉嗪	Perazine
培養基	Culture medium
基底膜	Basement membrane
基甲酮	Methyl
報春花	Primrose
墨蝶呤	Sepiapterin
壁細胞	Parietal cell
壁细胞	Parietal cell
壬二酸	Azelate
壬烯酸	Decenoate
壮核桃	Juglans cinerea
壯核桃	Juglans cinerea
夏南瓜	Squash summer
外源性	exotic
多巴胺	DOPamine
多慮平	Doxepin
多染性	Polychromasia
多相波	polyphasics
多萜醇	Dolichol
多虑平	Doxepin
多鋸鱸	Polyprion americanus
多锯鲈	Polyprion americanus
大分子	macromolecular
大洋鱸	Sebastes marinus
大洋鲈	Sebastes marinus
大滨藜	Atriplex lentiformis
大濱藜	Atriplex lentiformis
大白菜	Brassica rapa ssp
大菱鮃	Scophtalmus maximus
大菱鲆	Scophtalmus maximus
大螯虾	Homarus gammarus
大螯蝦	Homarus gammarus
大血管	large vessel
大麻类	Cannabinoids
大麻籽	Cannabis sativa
大麻酚	Cannabinol
大麻類	Cannabinoids
大鼠毛	Rat hair
天上午	9 AM 2nd day specimen
天然色	Natural color
夸西泮	Quazepam
奇偶性	Parity
奋乃静	Perphenazine
奎尼丁	quiNIDine
奥克榄	Aucoumea klaineana
奥曲肽	Octreotide
奥氮平	OLANZapine
奥硝唑	Ornidazole
奧克欖	Aucoumea klaineana
奧曲肽	Octreotide
奧氮平	OLANZapine
奧硝唑	Ornidazole
奮乃靜	Perphenazine
妊娠史	History of pregnancies
妊娠期	gestational
妥卡胺	Tocainide
委任书	Power of attorney
委任書	Power of attorney
娘家姓	Maiden name
孕三醇	Pregnanetriol
孕二醇	Pregnanediol
存在的	HLA Ag present
孢杆菌	Bacillus
孢桿菌	Bacillus
安康魚	Lophius piscatorius
安康鱼	Lophius piscatorius
安氟醚	Enflurane
安眠药	Hypnotics
安眠藥	Hypnotics
实验室	laboratory
宫颈和	Cervical &or Vaginal cytology study
宮頸和	Cervical &or Vaginal cytology study
家兔毛	Rabbit hair
家兔肉	Rabbit meat
家山羊	Capra aegagrus hircus
家蟋蟀	Acheta domesticus
寄生虫	Parasite
寄生蟲	Parasite
實驗室	laboratory
对比剂	W
对氧磷	Paraoxon
对硫磷	Parathion
对草快	Paraquat
对象齿	Subject tooth
导管后	postductal
封閉性	OKT3 blocking
封闭性	OKT3 blocking
對比劑	W
對氧磷	Paraoxon
對硫磷	Parathion
對草快	Paraquat
對象齒	Subject tooth
導管後	postductal
小扁豆	Lentils Lens esculenta
小牛肉	Veal
小而密	small dense
小脈管	small vessel
小脉管	small vessel
小豆蔻	Elettaria cardamomum
小酸模	Rumex acetosella
尾尖部	tail tip
尿卟啉	Uroporphyrin
尿嘧啶	Uracil
尿囊素	Allantoine
尿失禁	urinary incontinence
尿常規	Urinalysis UA
尿常规	Urinalysis UA
尿流量	Urine flow
尿素氮	Blood urea nitrogen BUN
尿素酶	Helicobacter pylori urease
尿胆元	Urobilinogen
尿胆原	Urobilinogen
尿胆素	Urobilin
尿膽元	Urobilinogen
尿膽原	Urobilinogen
尿膽素	Urobilin
尿蓝母	Indicans
尿藍母	Indicans
尿酸鈉	Sodium urate
尿酸銨	Ammonium urate
尿酸钠	Sodium urate
尿酸铵	Ammonium urate
尿黑酸	Homogentisate
居住州	State of residence
屋塵蟎	Dermatophagoides sp House dust mite IgE Ab
屋尘螨	Dermatophagoides sp House dust mite IgE Ab
山核桃	Carya
山梨酸	Sorbic acid
山毛榉	Beech Fagus IgE Ab
山毛櫸	Beech Fagus IgE Ab
山羊奶	Goat milk
山羊肉	Goat meat
山金車	Arnica montana
山金车	Arnica montana
岛细胞	Islet cell
峰时间	Time
峰時間	Time
島細胞	Islet cell
左心室	Ventricle left
左心房	left atrium
巧克力	Chocolate
己二酸	Adipate adipic acid
已就业	Employed
已就業	Employed
已評估	DNA marker assessed
已评估	DNA marker assessed
巴比妥	Barbital
巴氯芬	Baclofen
布洛啡	Brorphine
帆鱗鮃	Lepidorhombus whiffiagonis
帆鳞鲆	Lepidorhombus whiffiagonis
希帕胺	Xipamid
帚石南	Calluna vulgaris
带状核	band form
带绦虫	Taenia
帶狀核	band form
帶絛蟲	Taenia
帽柱碱	Mitragynine
帽柱鹼	Mitragynine
干体重	Dry body weight
干扰素	Interferon
干朽菌	Serpula lacrymans
平台期	plateau
平均值	mean
平滑肌	Smooth muscle
平臺期	plateau
年風險	Stroke 10Y risk
年风险	Stroke 10Y risk
年齡組	Age
年龄组	Age
并发症	Complications
幹擾素	Interferon
幹朽菌	Serpula lacrymans
幹體重	Dry body weight
幾何學	Geometry
广玉兰	Magnolia grandiflora
庚二酸	Pimelate
庞贝病	Pompe disease
度屈曲	W 90 degree flexion
度硫平	Dothiepin
度風險	IgG
度风险	IgG
廣玉蘭	Magnolia grandiflora
开窗术	Fenestration
异丁烷	Isobutane
异丁醇	Isobutanol
异丙嗪	Promethazine
异丙酚	Propofol
异丙醇	Isopropanol
异丙醚	Isopropyl ether
异嗜性	Heterophile
异康唑	Isoconazole
异柳磷	Isofenphos
异氟醚	Isoflurane
异氰酸	Isocyanate
异烟肼	Isoniazid
异辛烷	Isooctane
弓形体	Toxoplasma gondii
弓形虫	Toxoplasma gondii
弓形蟲	Toxoplasma gondii
弓形體	Toxoplasma gondii
引物組	Primer
引物组	Primer
弥散量	Diffusion capacity
弯曲菌	Campylobacter
弹丸剂	bolus
彈丸劑	bolus
彌散量	Diffusion capacity
彎曲菌	Campylobacter
形态学	Morphology
形態學	Morphology
律师函	Legal letter
律師函	Legal letter
後前位	View PA 45 degree flexion
後顱底	Posterior cranial base
循环数	Cycles
循環數	Cycles
微生物	Microorganism
微覺醒	microarousal arousal
微觉醒	microarousal arousal
微鈣化	Microcalcifications
微钙化	Microcalcifications
德特菌	Bordetella
心包液	pericard fld
心搏量	Stroke volume
心电图	Electrocardiogram ECG EKG
心磷脂	Cardiolipin
心肌酶	Cardiac enzymes
心腔內	Intrachamber
心腔内	Intrachamber
心血管	Cardiovascular
心鈉素	Atrial natriuretic factor
心钠素	Atrial natriuretic factor
心電圖	Electrocardiogram ECG EKG
志賀菌	Shigella
志贺菌	Shigella
念珠菌	Candida
性取向	Sexual orientation
总代谢	Total metabolism
总体积	total volume
总蛋白	Total protein TP
总评分	Total score
恩卡尼	Encainide
恶虫威	Bendiocarb
惡蟲威	Bendiocarb
愛庚嗪	Ethoheptazine
戈謝病	Gaucher disease
戈谢病	Gaucher disease
戊二酸	Glutarate
戊二醛	Glutaraldehyde
戊唑星	Pentazocine
戊四氮	Pentetrazol
戊基醚	Amyl ether
戊酮酸	Levulinate
成日期	Date
我怕高	I am afraid of heights
截止点	Cutoff
截止點	Cutoff
所申請	requested
所申请	requested
所輸送	delivered
所输送	delivered
扁桃酸	Mandelate
扑米酮	Primidone
托吡酯	Topiramate
扩展版	extended
抑制剂	Protein C inhibitor
抑制劑	Protein C inhibitor
抗生素	Antibiotic XXX
报春花	Primrose
抵抗素	Resistin
挥发性	volatile
捲心菜	Brassica oleracea var capitata
接合性	Zygosity
接診時	at intake
接诊时	at intake
推断的	presumptive
推斷的	presumptive
描述符	Descriptor
揮發性	volatile
撲米酮	Primidone
操作史	History of procedures
擴展版	extended
支原体	Mycoplasma
支原體	Mycoplasma
收穫的	recovered
收穫蟻	Pogonomyrmex barbatus
收縮力	Contractility
收縮期	systole
收缩力	Contractility
收缩期	systole
收获的	recovered
收获蚁	Pogonomyrmex barbatus
改良版	Modified SOFA score
放射性	Radioactivity
放線菌	Actinomycetes
放線酮	Cycloheximide
放线菌	Actinomycetes
放线酮	Cycloheximide
敌敌畏	Dichlorvos
敌鼠钠	Diphacinone
敵敵畏	Dichlorvos
敵鼠鈉	Diphacinone
斑丘疹	Maculopapular rash
断年龄	Age
新喋呤	Neopterin
新抗凝	Acenocoumarol
新烟碱	Anabasine
新菸鹼	Anabasine
斷年齡	Age
方程式	Equation
无定形	amorphous
无机碳	Carbon
早产儿	Premature infant
早產兒	Premature infant
曲唑酮	traZODone
曲霉属	Aspergillus sp CYP51
曲霉菌	Aspergillus
曲馬多	traMADol
曲马多	traMADol
曼原虫	Leishmania
曼原蟲	Leishmania
替代液	Replacement fluid
替利定	Tilidine
替硝唑	Tinidazole
最临近	closest
最大值	max
最小值	min
最臨近	closest
月份数	Months
月份數	Months
月桂树	Laurus nobilis
月桂樹	Laurus nobilis
月桂酸	Laurate
月經史	Menstrual History
月经史	Menstrual History
期均值	Systole
期年齡	Age
期年龄	Age
期日期	Date
期最大	Systole
木棉花	Kapok
木糖醇	Xylitol
木菠萝	Artocarpus heterophyllus
木菠蘿	Artocarpus heterophyllus
木酮糖	Xylulose
木麻黃	Casuarina equisetifolia
木麻黄	Casuarina equisetifolia
杀草快	Diquat
杀螨酯	Chlorobenzilate
杀鼠迷	Coumatetralyl
杆菌肽	Bacitracin
杏仁奶	Almond milk
杏鮑菇	Pleurotus eryngii
杏鲍菇	Pleurotus eryngii
来曲唑	Letrozole
杨叶桦	Betula populifolia
松果菊	Echinacea
松節油	Turpentine
松节油	Turpentine
极长链	very long chain C22-C26
果糖胺	Fructosamine
枝杆菌	Mycobacterium
枝桿菌	Mycobacterium
染色性	High DNA stainability
染色質	Chromatin
染色质	Chromatin
柠檬酸	Citrate
查日期	Date
查条件	Visual
查條件	Visual
标准化	normalized
标准差	standard deviation
标识符	Identifier
校驗和	CRC checksum
校验和	CRC checksum
核小体	Nucleosome
核小體	Nucleosome
核糖体	Ribosomal P
核糖醇	Ribitol
核糖體	Ribosomal P
核黃素	Riboflavin
核黄素	Riboflavin
根霉菌	Rhizopus
根黴菌	Rhizopus
栽培棉	Cotton cultivated
桿菌肽	Bacitracin
梯牧草	Phleum pratense
棉短絨	Cotton linters
棉短绒	Cotton linters
棒曲霉	Aspergillus clavatus
棒麴黴	Aspergillus clavatus
棘球蚴	Hydatid cyst
植烷酸	Phytanate
椰子奶	Cocos nucifera milk
楊葉樺	Betula populifolia
極長鏈	very long chain C22-C26
槭糖浆	Maple syrup
槭糖漿	Maple syrup
標準化	normalized
標準差	standard deviation
標識符	Identifier
横截面	Cross section
横断面	transverse
横纹肌	Striated muscle
橫截面	Cross section
橫斷面	transverse
橫紋肌	Striated muscle
檸檬酸	Citrate
次保险	Secondary insurance
次保險	Secondary insurance
次卟啉	Deuteroporphyrin
欧椴树	Citrus aurantifolia tree
欧洲李	Prunus domestica
欧洲鳎	Solea solea
歐椴樹	Citrus aurantifolia tree
歐洲李	Prunus domestica
歐洲鰨	Solea solea
正常的	Normal
正螯虾	Astacus astacus
正螯蝦	Astacus astacus
正銳波	positive sharp waves
正锐波	positive sharp waves
正餐类	Meals
正餐類	Meals
残杀威	Propoxur
残气量	Residual volume RV
殘殺威	Propoxur
殘氣量	Residual volume RV
段水平	Level
殺草快	Diquat
殺蟎酯	Chlorobenzilate
殺鼠迷	Coumatetralyl
每小时	per hour 1 hour hourly
每小時	per hour 1 hour hourly
毒抗原	Influenza
毒杀芬	Toxaphene
毒死蜱	Chlorpyrifos
毒殺芬	Toxaphene
毒漆藤	Poison ivy
毒莠定	Picloram
比目魚	Halibut Hippoglossus hippoglossus
比目鱼	Halibut Hippoglossus hippoglossus
毛癣菌	Trichophyton
毛癬菌	Trichophyton
毛細胞	Hairy cells
毛细胞	Hairy cells
毛霉菌	Mucor
毛黴菌	Mucor
氏梭菌	Clostridium
氏錐蟲	Trypanosoma
氏锥虫	Trypanosoma
气球菌	Aerococcus
氟乐灵	Trifluralin
氟乙酸	Monofluoroacetate
氟化氢	Hydrogen fluoride
氟化氫	Hydrogen fluoride
氟化物	Fluoride
氟卡尼	Flecainide
氟康唑	Fluconazole
氟摄入	Fluoride intake
氟攝入	Fluoride intake
氟樂靈	Trifluralin
氟甲喹	Flumequine
氟甲龍	Fluorometholone
氟甲龙	Fluorometholone
氟苯基	3-(4-fluorobenzoyl)propionate
氟西汀	FLUoxetine
氢可酮	HYDROcodone
氢离子	Hydrogen ion
氣球菌	Aerococcus
氧化剂	Oxidants
氧化劑	Oxidants
氧化硼	Boron oxide
氧化鋁	Aluminum oxide
氧化铝	Aluminum oxide
氧含量	Oxygen content
氧容量	Oxygen capacity
氧摄取	Oxygen extraction
氧攝取	Oxygen extraction
氧消耗	Oxygen consumption
氧設置	Oxygen setting
氧设置	Oxygen setting
氧雄龍	Oxandrolone
氧雄龙	Oxandrolone
氨哮素	Clenbuterol
氨基酸	Amino acid
氨溴索	Ambroxol
氨硫脲	Thiacetazone
氨磺磷	Famphur
氨苯砜	Dapsone
氨苯碸	Dapsone
氫可酮	HYDROcodone
氫離子	Hydrogen ion
氮組套	Nitrogen
氮组套	Nitrogen
氯丙嗪	chlorproMAZINE
氯乙基	Bis(2-Chloroethyl) ether
氯乙烷	Chloroethane
氯化氢	Hydrogen chloride
氯化氫	Hydrogen chloride
氯化物	Chloride
氯吡啶	2-Amino-5-chloropyridine
氯噻嗪	Chlorothiazide
氯噻酮	Chlorthalidone
氯己定	Chlorhexidine
氯巴詹	cloBAZam
氯摄入	Chloride intake
氯攝入	Chloride intake
氯氮平	cloZAPine
氯汞君	Chlormerodrin
氯沙坦	Losartan
氯环嗪	Chlorocycline
氯環嗪	Chlorocycline
氯甲烷	Chloromethane
氯胺酮	Ketamine
氯酸盐	Chlorate
氯酸鹽	Chlorate
氯霉素	Chloramphenicol
氯黴素	Chloramphenicol
氯鼠酮	Chlorophacinone
氰化物	Cyanide
氰噻嗪	Pericyazine
氰氨鈣	Calcium cyanamide
氰氨钙	Calcium cyanamide
水平面	horizontal plane
水杨酸	Salicylates
水楊酸	Salicylates
水蛭素	Hirudin
汞撒利	Mersalyl
沙丁魚	Sardina pilchardus
沙丁鱼	Sardina pilchardus
沙門菌	Salmonella
沙门菌	Salmonella
沙鼠毛	Gerbil hair
油菜籽	Brassica rapa
治疗史	Procedure History of Procedure Treatment history
治疗性	therapeutic
治療史	Procedure History of Procedure Treatment history
治療性	therapeutic
泄分数	Fractional
泌乳素	Prolactin PRL
波深度	Q wave depth
波移位	ST wave displacement
泰勒虫	Theileria
泰勒蟲	Theileria
泵模式	Pump mode
泵状态	Pump status
泵狀態	Pump status
泼尼松	predniSONE
洋李干	Prune
洋李幹	Prune
洋甘草	Glycyrrhiza lepidota
洛沙平	Loxapine
洩分數	Fractional
活細胞	Viable cell
活细胞	Viable cell
浅睡眠	Light sleep N1 N2 stage 1 stage 2 non-REM
浆细胞	Plasma cells
海岸槭	Acer macrophyllum
涕滅威	Aldicarb
涕灭威	Aldicarb
淀粉酶	Amylase
淋巴結	Lymph node(s)
淋巴结	Lymph node(s)
深睡眠	Deep sleep N3 N4 slow wave sleep SWS
混伪品	Adulterants
混偽品	Adulterants
混合性	mixed
淺睡眠	Light sleep N1 N2 stage 1 stage 2 non-REM
清醒期	wake awake wakefulness
渗出物	Exudate
渗透压	Osmolality
減速度	Deceleration
温度差	Temperature difference
游离壁	freewall
游离酸	free acid
游離壁	freewall
游離酸	free acid
游霉素	Natamycin
湿地松	Pinus elliottii
溫度差	Temperature difference
溴乙烷	Ethyl bromide
溴哌醇	Bromperidol
溴己新	Bromhexine
溴敌隆	Bromadiolone
溴敵隆	Bromadiolone
溴磺酞	Bromsulphthalein
溴苄銨	Bretylium
溴苄铵	Bretylium
溴鼠灵	Brodifacoum
溴鼠靈	Brodifacoum
溶菌酶	Lysozyme
溶血性	beta-hemolytic
溶血素	Hemolysin
溶酶体	Lysosome
溶酶體	Lysosome
溼地松	Pinus elliottii
滅克磷	Ethoprop
滅吐靈	Metoclopramide
滅多威	Methomyl
滅蟻靈	Dechlorane
滑膜腔	synovial
滨海栎	Quercus parvula
滲出物	Exudate
滲透壓	Osmolality
漿細胞	Plasma cells
潑尼松	predniSONE
潘生丁	Dipyridamole
潮气量	Tidal volume
潮氣量	Tidal volume
澱粉酶	Amylase
激活物	X(little a) activator
激素原	prohormone precursor proprotein pro
激肽原	Kininogen
濱海櫟	Quercus parvula
灌肠剂	enema
灌腸劑	enema
火炬松	Pinus taeda
火雞肉	Turkey meat Meleagris gallopavo
火鸡肉	Turkey meat Meleagris gallopavo
灭克磷	Ethoprop
灭吐灵	Metoclopramide
灭多威	Methomyl
灭蚁灵	Dechlorane
灯笼果	Physalis peruviana
灯笼椒	Pepper bell
灰山鶉	Perdix perdix
灰山鹑	Perdix perdix
灰桤木	Alnus incana
灰榿木	Alnus incana
炔諾酮	Norethindrone
炔诺酮	Norethindrone
点压低	J point depression
点试验	Worth
烏桕樹	Sapium sebiferum
烏頭酸	Aconitate
烟曲霉	Aspergillus fumigatus
烟酰胺	Nicotinamide
烯丙醇	Allyl alcohol
無定形	amorphous
無機碳	Carbon
煙醯胺	Nicotinamide
煙麴黴	Aspergillus fumigatus
燈籠果	Physalis peruviana
燈籠椒	Pepper bell
燕麥草	Arrhenatherum elatius
燕麦草	Arrhenatherum elatius
爱庚嗪	Ethoheptazine
牙动度	Tooth mobility
牙動度	Tooth mobility
牙槽嵴	Alveolar ridge
牙科学	dental
牙科學	dental
牙菌斑	Dental plaque
牙間隙	Tooth space
牙间隙	Tooth space
牙阻生	Tooth impaction
牛內耳	Bovine inner ear
牛内耳	Bovine inner ear
牛尾草	Festuca elatior
牛明胶	Gelatin bovine
牛明膠	Gelatin bovine
牛磺酸	Taurine
牛肝脏	Liver beef
牛肝臟	Liver beef
牛角椒	Pepper cayenne
牵引中	in traction
特康唑	Terconazole
特纖汀	Speciociliatine
特纤汀	Speciociliatine
牽引中	in traction
状态熵	State entropy
状杆菌	Corynebacterium
狀態熵	State entropy
狀桿菌	Corynebacterium
狄氏剂	Dieldrin
狄氏劑	Dieldrin
狗尾草	Panicum milliaceum
狗毛屑	Dog dander
狗牙根	Cynodon dactylon
猪明胶	Gelatin porcine
猪毛菜	Salsola kali
猪胆酸	Hyocholate
猫毛屑	Cat dander
玉蜀黍	Zea mays
玫瑰茄	Hibiscus sabdariffa
环丙烷	Cyclopropane
环噻嗪	Cyclothiazide
环己烷	Cyclohexane
环己酮	Cyclohexanone
环己醇	Cyclohexanol
球蛋白	Globulin GLB
琥珀酸	Succinate
環丙烷	Cyclopropane
環噻嗪	Cyclothiazide
環己烷	Cyclohexane
環己酮	Cyclohexanone
環己醇	Cyclohexanol
瓜尔豆	Cyamopsis tetragonoloba
瓜氨酸	Citrulline
瓜爾豆	Cyamopsis tetragonoloba
甘氨酸	Glycine
甘油酸	Glycerate
甘紫菜	Pyropia tenera
甘露糖	Mannose
甘露醇	Mannitol
甜樱桃	Prunus avium
甜橙树	Citrus sinensis tree
甜橙樹	Citrus sinensis tree
甜櫻桃	Prunus avium
甜菜籽	Beta vulgaris seed
生物碱	Alkaloid
生物素	Biotin
生物鹼	Alkaloid
生育酚	Beta+gamma tocopherol
產奶量	Milk production
產科學	Obstetric 1996
用药史	Medication use
用藥史	Medication use
甲下角	Nail angle
甲喹酮	Methaqualone
甲基化	methylated
甲基汞	Methylmercury
甲基溴	Methyl bromide
甲基碘	Methyl iodide
甲拌磷	Phorate
甲氟喹	Mefloquine
甲滅酸	Mefenamate
甲灭酸	Mefenamate
甲状腺	thyroid
甲狀腺	thyroid
甲琥胺	Methsuximide
甲病毒	Alphavirus
甲睪酮	methylTESTOSTERone
甲睾酮	methylTESTOSTERone
甲硝唑	metroNIDAZOLE
甲萘醌	Menadione
甲諾酮	Methylnortestosterone
甲诺酮	Methylnortestosterone
甲酚类	Cresols
甲酚類	Cresols
电解质	Electrolytes
番木瓜	Carica papaya
番石榴	Psidium guajava
番紅花	Crocus sativus
番红花	Crocus sativus
異丁烷	Isobutane
異丁醇	Isobutanol
異丙嗪	Promethazine
異丙酚	Propofol
異丙醇	Isopropanol
異丙醚	Isopropyl ether
異嗜性	Heterophile
異康唑	Isoconazole
異柳磷	Isofenphos
異氟醚	Isoflurane
異氰酸	Isocyanate
異煙肼	Isoniazid
異辛烷	Isooctane
疟原虫	Plasmodium
疼痛和	Pain &or agitation severity
病历类	Medical records
病歷類	Medical records
病毒株	Viral strain
病理学	pathology
病理學	pathology
痘病毒	Poxvirus
瘤胃酸	Rumenate
瘧原蟲	Plasmodium
癸二酸	Sebacate
登录号	Accession Number
登錄號	Accession Number
白三烯	Leukotriene E4 Panel
白乾酪	Cheese mozzarella
白兰瓜	Honeydew melon Cucumis melo inodorus
白千层	Melaleuca leucadendron
白千層	Melaleuca leucadendron
白地霉	Geotrichum candidum
白地黴	Geotrichum candidum
白干酪	Cheese mozzarella
白扁柏	Cedar white
白桑树	Morus alba
白桑樹	Morus alba
白桤木	Alnus rhombifolia
白桦树	Betula verrucosa
白榿木	Alnus rhombifolia
白樺樹	Betula verrucosa
白消安	Busulfan
白球比	Albumin globulin ratio A/G
白細胞	Leukocytes
白细胞	Leukocytes
白胡椒	Pepper white
白蘭瓜	Honeydew melon Cucumis melo inodorus
白蛋白	Albumin ALB
的关系	Relationship
的原因	Reason
的反应	Response
的反應	Response
的多层	Multisection
的多層	Multisection
的引导	Guidance
的引導	Guidance
的想法	Thoughts
的数量	Number
的數量	Number
的日期	Date
的时间	Time
的時間	Time
的牙齒	Tooth
的牙齿	Tooth
的視圖	View
的视图	View
的距离	Distance
的距離	Distance
的關係	Relationship
皇后葵	Syagrus romanzoffianum
皮蝇磷	Fenchlorphos
皮蠅磷	Fenchlorphos
皮質酮	Corticosterone
皮質醇	Cortisol
皮质酮	Corticosterone
皮质醇	Cortisol
益康唑	Econazole
盐霉素	Salinomycin
相位熵	Phase entropy
相位角	Phase angle Xc
相对值	relative
相對值	relative
真菌株	Fungal strain
真蛸胺	Octopamine
眼內壓	Intraocular pressure
眼内压	Intraocular pressure
眼前段	Eye anterior segment
眼压计	Tonometer
眼后段	Eye posterior segment
眼壓計	Tonometer
眼外部	Eye external
眼後段	Eye posterior segment
眼病史	Ocular history
着丝点	Centromere
睡眠期	sleep
睪內酯	Testolactone
睾内酯	Testolactone
矢状位	sagittal
矢狀位	sagittal
短叶松	Pinus echinata
短葉松	Pinus echinata
石胆酸	Lithocholate
石膽酸	Lithocholate
石花菜	Gelidium amansii
矽酸鹽	Silicate
码系统	Coding
砷胆碱	Arsenocholine
砷膽鹼	Arsenocholine
硅酸盐	Silicate
硒摄入	Selenium intake
硒攝入	Selenium intake
硝基苯	Nitrobenzene
硝基酚	Nitrophenol
硝酸根	Nitrate
硫化氢	Hydrogen sulfide
硫化氫	Hydrogen sulfide
硫化物	Sulfide
硫化羰	Carbonyl sulfide
硫噻嗪	Sulthiame
硫培南	Sulopenem
硫胺素	Thiamine
硫酰胺	Sulphonamide
硫酸化	sulfated
硫酸盐	Sulfate
硫酸类	Sulfate
硫酸酯	Sulfate
硫酸類	Sulfate
硫酸鹽	Sulfate
硫醯胺	Sulphonamide
硬叶榆	Ulmus crassifolia
硬葉榆	Ulmus crassifolia
硼摄入	Boron intake
硼攝入	Boron intake
碘化物	Iodide
碘摄入	Iodine intake
碘攝入	Iodine intake
碘海醇	Iohexol
碱剩余	Base excess
碱缺失	Base deficit
碳酸鈣	Calcium carbonate
碳酸钙	Calcium carbonate
碼系統	Coding
磁共振	Magnetic resonance imaging MRI
磷化氢	Phosphine
磷化氫	Phosphine
磷化物	Phosphide
磷化鋅	Zinc phosphide
磷化锌	Zinc phosphide
磷壁酸	Teichoate
磷摄入	Phosphorus intake
磷攝入	Phosphorus intake
磷脂磷	Phospholipid phosphorus
磷脂酶	Phospholipase
磷脂酸	Phosphatidate
磷酸化	phosphorylated 217
磷酸盐	Phosphate
磷酸酶	Phosphatase
磷酸鈣	Calcium phosphate
磷酸钙	Calcium phosphate
磷酸鹽	Phosphate
磷霉素	Fosfomycin
磷黴素	Fosfomycin
神經元	Neuronal
神經絲	Neurofilament
神經酸	Nervonate
神经丝	Neurofilament
神经元	Neuronal
神经酸	Nervonate
福來君	Pholedrine
福来君	Pholedrine
离开时	at exit
秘魯兔	Chinchilla
秘鲁兔	Chinchilla
移交至	Transferred to
程序化	programmed
稳定性	Stability
穀氨酸	Glutamate
穩定性	Stability
空泡化	vacuolated
穿孔素	Perforin
立克体	Ehrlichia
立克體	Ehrlichia
竹荚鱼	Trachurus japonicus
竹莢魚	Trachurus japonicus
简要版	brief
管理性	administrative
簡要版	brief
米勃龍	Mibolerone
米勃龙	Mibolerone
米帕林	Quinacrine
米托坦	Mitotane
米曲霉	Aspergillus oryzae
米氮平	Mirtazapine
米託坦	Mitotane
米麴黴	Aspergillus oryzae
类多层	Multisection
类肝素	Heparinoid
粉塵蟎	Dermatophagoides farinae
粉尘螨	Dermatophagoides farinae
粒小麥	Triticum
粒小麦	Triticum
粒細胞	Granulocytes
粒细胞	Granulocytes
粘多糖	Glycosaminoglycans
粘菌素	Colistin
粪常规	Stool routine examination
粪胆素	Stercobilin
精氨酸	Arginine
精細胞	Spermatids
精细胞	Spermatids
精蛋白	Protamine
糖化物	Saccharides
糖基化	glycated
糖萝卜	Beet
糖蘿蔔	Beet
糖醛酸	Uronate
糞常規	Stool routine examination
糞膽素	Stercobilin
紅外光	infrared
紅果桑	Morus rubra
紅染料	Red dye
紅梣木	Fraxinus pennsylvanica
紅榿木	Alnus rubra
紅氨醇	Erythroamino alcohol
紅甜菜	Beet red
紅細胞	Erythrocytes
紅花槭	Acer rubrum
紅芸豆	Bean kidney red
紅菊苣	Cichorium intybus var foliosum
紅蛋白	Hemoglobin
紅辣椒	Pepper red
紅醋慄	Ribes sylvestre
紅鯛魚	Snapper red
紅黴素	Erythromycin
納布啡	Nalbuphine
納曲酮	Naltrexone
納曲醇	6-Beta naltrexol
納洛醇	Naloxol
素方花	Jasminum officinale
紧张症	Catatonia
紫杉醇	PACLitaxel
紫貽貝	Mytilus edulis
紫贻贝	Mytilus edulis
紫霉素	Viomycin
紫黴素	Viomycin
細胞學	Cytology
細胞核	Nuclear
細胞漿	Cytoplasmic
細菌株	Bacterial strain
細香蔥	Allium schoenoprasum
組氨酸	Histidine
組織學	Histology
結合酸	combined acid
絕對值	absolute
絕經前	premenopausal
絕經後	postmenopausal
絨毛膜	Chorion
絨毛草	Holcus lanatus
絲氨酸	Serine
絲蟲屬	Filaria
絲衣黴	Byssochlamys
絲酵母	Candida
經孵育	incubated
綠草定	Triclopyr
維生素	Vitamin
綿羊奶	Sheep milk
綿羊毛	Sheep wool
緊張症	Catatonia
線粒體	Mitochondria M2
總代謝	Total metabolism
總蛋白	Total protein TP
總評分	Total score
總體積	total volume
繼發性	secondary
纈氨酸	Valine
續時長	Duration
纖毛化	ciliated
红外光	infrared
红果桑	Morus rubra
红染料	Red dye
红桤木	Alnus rubra
红梣木	Fraxinus pennsylvanica
红氨醇	Erythroamino alcohol
红甜菜	Beet red
红细胞	Erythrocytes
红花槭	Acer rubrum
红芸豆	Bean kidney red
红蛋白	Hemoglobin
红辣椒	Pepper red
红醋栗	Ribes sylvestre
红霉素	Erythromycin
红鲷鱼	Snapper red
纤毛化	ciliated
纳布啡	Nalbuphine
纳曲酮	Naltrexone
纳曲醇	6-Beta naltrexol
纳洛醇	Naloxol
线粒体	Mitochondria M2
组氨酸	Histidine
组织学	Histology
细胞学	Cytology
细胞核	Nuclear
细胞浆	Cytoplasmic
细菌株	Bacterial strain
细香葱	Allium schoenoprasum
经孵育	incubated
绒毛膜	Chorion
绒毛草	Holcus lanatus
结合酸	combined acid
绝对值	absolute
绝经前	premenopausal
绝经后	postmenopausal
继发性	secondary
续时长	Duration
维生素	Vitamin
绵羊奶	Sheep milk
绵羊毛	Sheep wool
绿草定	Triclopyr
缬氨酸	Valine
罂粟碱	Papaverine
罂粟籽	Papaver somniferum
罌粟籽	Papaver somniferum
罌粟鹼	Papaverine
罗非鱼	Tilapia
羅非魚	Tilapia
美哌隆	Melperone
美国榆	Ulmus americana
美國榆	Ulmus americana
美沙酮	Methadone
美睪酮	Mesterolone
美睾酮	Mesterolone
美西律	Mexiletine
美雄酮	Metandienone
美雄醇	Methandriol
羔羊肉	Lamb meat
羟乙酸	Glycolate
羟勃龙	Oxabolone
羟化酶	21-Hydroxylase
羟考酮	oxyCODONE
羟色胺	Serotonin
羟雄酮	11-Hydroxyandrosterone
群勃龍	Trenbolone
群勃龙	Trenbolone
羥乙酸	Glycolate
羥勃龍	Oxabolone
羥化酶	21-Hydroxylase
羥考酮	oxyCODONE
羥色胺	Serotonin
羥雄酮	11-Hydroxyandrosterone
羧化酶	Carboxylase
羧戊基	XLR-11 N-(4-hydroxypentyl)
羽叶槭	Acer negundo
羽葉槭	Acer negundo
耐热性	Thermotolerance
耐熱性	Thermotolerance
联苯胺	4-Biphenylamine
聚乙醛	Metaldehyde
聚合体	aggregate
聚合酶	Polymerase
聚合體	aggregate
聯苯胺	4-Biphenylamine
肉豆蔻	Nutmeg
肌內膜	Endomysium
肌内膜	Endomysium
肌氨酸	Sarcosine
肌纖膜	Muscle sarcolemma
肌纤膜	Muscle sarcolemma
肝功能	Liver function panel LFT
肝硬度	Liver stiffness
肝細胞	Hepatocyte liver cell
肝细胞	Hepatocyte liver cell
肠内管	enteral tube
肠毒素	Enterotoxin
肠系膜	mesenteric
肠肽酶	Enteropeptidase
肠鸣音	Bowel sounds
肱动脉	Brachial artery
肱動脈	Brachial artery
育亨宾	Yohimbine
育亨賓	Yohimbine
育畜磷	Crufomate
肺总量	Total lung capacity TLC
肺活量	Vital capacity VC
肺總量	Total lung capacity TLC
肺静脉	pulmonary vein A wave
肺靜脈	pulmonary vein A wave
肾上腺	Adrenal
肾功能	Renal function panel
肾动脉	kidney artery
肾原性	nephrogenous
肾源性	renal
肾素原	Prorenin
肿瘤芽	Tumor buds
胃动素	Motilin
胃動素	Motilin
胃大弯	greater curvature
胃大彎	greater curvature
胃小弯	lesser curvature
胃小彎	lesser curvature
胃泌素	Gastrin
胃肠外	parenteral
胃腸外	parenteral
胆固醇	Cholesterol
胆汁酸	Bile acid
胆汁醇	Bile alcohols
胆甾烯	7-Alpha hydroxy-4-cholesten-3-one
胆甾烷	Cholestane-3-beta, 5-alpha, 6-beta triol
胆红素	Bilirubin
胆色素	Porphobilin
背棘鰩	Raja clavata
背棘鳐	Raja clavata
胍法辛	Guanfacine
胎先露	Fetal presentation
胞內菌	Intracellular bacteria
胞内菌	Intracellular bacteria
胞嘧啶	Cytosine
胡椒树	Schinus molle
胡椒樹	Schinus molle
胡瓜魚	Smelt
胡瓜鱼	Smelt
胡萝卜	Daucus carota
胡蘿蔔	Daucus carota
胫动脉	tibial artery
胰多肽	Pancreatic polypeptide
胰岛素	Insulin
胰島素	Insulin
胰癌胚	Pancreatic oncofetal
胱氨酸	Cystine
胱硫醚	Cystathionine beta synthase
胶原酶	Collagenase
胸腺素	Alpha thymosin
胸膜液	plr fld
胺基酸	Amino acid
胺碘酮	Amiodarone
脂內酯	Adipolactone
脂内酯	Adipolactone
脂联素	Adiponectin
脂聯素	Adiponectin
脂肪族	aliphatic
脂肪酸	Fatty acid omega-3 & omega-6
脂蛋白	Lipoprotein
脑脊液	CSF
脑重量	Brain weight
脑钠肽	B-type natriuretic peptide BNP
脛動脈	tibial artery
脫氫酶	Dehydrogenase
脯氨酸	Proline
脱氢酶	Dehydrogenase
脲原体	Ureaplasma
脲原體	Ureaplasma
腎上腺	Adrenal
腎功能	Renal function panel
腎動脈	kidney artery
腎原性	nephrogenous
腎源性	renal
腎素原	Prorenin
腦脊液	CSF
腦重量	Brain weight
腦鈉肽	B-type natriuretic peptide BNP
腫瘤芽	Tumor buds
腸內管	enteral tube
腸毒素	Enterotoxin
腸繫膜	mesenteric
腸肽酶	Enteropeptidase
腸鳴音	Bowel sounds
腹膜液	periton fld
腹膜腔	peritoneal
腺嘌呤	Adenine
腺病毒	Adenovirus
膠原酶	Collagenase
膦甲酸	Foscarnet
膽固醇	Cholesterol
膽汁酸	Bile acid
膽汁醇	Bile alcohols
膽甾烯	7-Alpha hydroxy-4-cholesten-3-one
膽甾烷	Cholestane-3-beta, 5-alpha, 6-beta triol
膽紅素	Bilirubin
膽色素	Porphobilin
自发性	spontaneous
自發性	spontaneous
致幻剂	Hallucinogens
致幻劑	Hallucinogens
興奮劑	Stimulants
舍吲哚	Sertindole
舍曲林	Sertraline
舒喘宁	Albuterol
舒喘寧	Albuterol
舒巴坦	Sulbactam
舒张期	diastole
舒張期	diastole
舒必利	Sulpiride
舒林酸	Sulindac
色氨酸	Tryptophan
艾氏剂	Aldrin
艾氏劑	Aldrin
芬太尼	fentaNYL
芬氯磷	Fenclorvos
芬特明	Phentermine
花旗松	Pseudotsuga taxifolia
花椰菜	Brassica oleracea var botrytis
花生酸	Arachidate C20:0 Eicosanoate
苄噻嗪	Benzthiazide
苄基氯	Benzyl chloride
苏丹草	Sorghum sudanense
苏丹蝇	Cladotanytarsus lewisi
苏合香	Liquidambar styraciflua
苏氨酸	Threonine
苏氨醇	Threoamino alcohol
苏糖醇	Threitol
苣荬菜	Cichorium endivia
苣蕒菜	Cichorium endivia
苯丙胺	Amphetamine
苯乙烯	Styrene
苯乙肼	Phenelzine
苯乙胺	Phenethylamine
苯乙酮	Acetophenone
苯乙酸	Phenylacetate
苯乳酸	Phenyllactate
苯二胺	1,4-Benzenediamine
苯妥英	Phenytoin
苯海索	Trihexyphenidyl
苯琥胺	Phensuximide
苯甲酸	Benzoate
苯甲醇	Benzyl alcohol
苯甲醛	Benzaldehyde
苯福林	Phenylephrine
苹果树	Malus sylvestris tree
苹果酸	Malate
茚甲新	Indomethacin
茲克威	Mexacarbate
茲皮菌	Nannizzia
茴香籽	Foeniculum vulgare seed
草不綠	Alachlor
草不绿	Alachlor
草木犀	Clover sweet
草氨酰	Oxamyl
草氨醯	Oxamyl
草滅平	Amiben
草灭平	Amiben
草甘膦	Glyphosate
草茴香	Anethum graveolens
草藻滅	Endothall
草藻灭	Endothall
草酸鈣	Calcium oxalate
草酸钙	Calcium oxalate
药物类	Drugs
菌鞭毛	Salmonella
萄球菌	Staphylococcus
萘啶酸	Nalidixate
萘酯酶	Alpha naphthylesterase
萜品醇	Terpineol
落羽松	Taxodium distichum
落花生	Arachis hypogaea
著絲點	Centromere
葛縷子	Carum carvi
葛缕子	Carum carvi
葡聚糖	1,3 beta glucan
葡萄乾	Raisin
葡萄干	Raisin
葡萄柚	Citrus paradisis
葡萄糖	Glucose
葫芦巴	Trigonella foenum-graecum
葫蘆巴	Trigonella foenum-graecum
蒂巴因	Thebaine
蓖麻碱	Ricinine
蓖麻鹼	Ricinine
蔓足綱	Cirripedia
蔓足纲	Cirripedia
蔗糖酶	Sucrase
薄中片	thin midpiece
薄荷醇	Menthol
藏黃牛	Bos taurus
藏黄牛	Bos taurus
藥物類	Drugs
藻青菌	Cyanobacterium
蘇丹草	Sorghum sudanense
蘇丹蠅	Cladotanytarsus lewisi
蘇合香	Liquidambar styraciflua
蘇氨酸	Threonine
蘇氨醇	Threoamino alcohol
蘇糖醇	Threitol
蘋果樹	Malus sylvestris tree
蘋果酸	Malate
虫螨威	Carbofuran
蚋整体	Gnat whole body
蚋整體	Gnat whole body
蛋氨酸	Methionine
蛋白氮	Protein nitrogen
蛋白質	Protein
蛋白质	Protein
蛋白酶	Proteinase 3
蜜蜂花	Melissa officinalis
蜜酒酸	Mead acid
蝇毒磷	Coumaphos
螺內酯	Spironolactone
螺内酯	Spironolactone
螺旋体	Spirochete
螺旋體	Spirochete
蟲蟎威	Carbofuran
蠅毒磷	Coumaphos
蠓叮咬	Midge stinging
血卟啉	Hematoporphyrin
血容量	Blood volume
血小板	Platelets
血常規	Complete blood count CBC
血常规	Complete blood count CBC
血普舒	Resperine
血杆菌	Haemophilus
血栓素	Thromboxane beta 2
血桿菌	Haemophilus
血清鐵	Serum iron Fe
血清铁	Serum iron Fe
血管內	Intravascular
血管内	Intravascular
衛生巾	Sanitary pads
衝洗劑	Flush
表氯醇	Epichlorohydrin
表睪酮	Epitestosterone
表睾酮	Epitestosterone
裙带菜	Undaria pinnatifida
裙帶菜	Undaria pinnatifida
褪色柳	Salix discolor
西兰花	Broccoli
西洋梨	Pyrus communis
西洋棉	Cotton western
西玛津	Simazine
西瑪津	Simazine
西維因	Carbaryl
西维因	Carbaryl
西葫芦	Cucurbita pepo
西葫蘆	Cucurbita pepo
西蓝花	Broccoli
西藍花	Broccoli
西蘭花	Broccoli
西風古	Pigweed rough
西风古	Pigweed rough
覆咬合	Overbite
視黃酸	Retinoate
視黃醇	Retinol
親合力	IgG avidity
视黄酸	Retinoate
视黄醇	Retinol
角叶杨	Populus
角葉楊	Populus
角蛋白	Keratin
角鯊烯	Squalene
角鲨烯	Squalene
触痛点	Pain trigger point
觸痛點	Pain trigger point
託吡酯	Topiramate
診日期	Date
誇西泮	Quazepam
變應原	Allergen
诊日期	Date
谷地栎	Quercus lobata
谷地櫟	Quercus lobata
谷氨酸	Glutamate
谷甾醇	Beta sitosterol
谷硫磷	Azinphos-methyl
谷蛋白	Gluten
豆瓣菜	Nasturtium officinale
豆甾醇	Stigmasterol
豬明膠	Gelatin porcine
豬毛菜	Salsola kali
豬膽酸	Hyocholate
貓毛屑	Cat dander
貝斯蟲	Babesia
責任方	Responsible party
賴氨酸	Lysine
賽吸磷	Crotoxyphos
賽庚啶	Cyproheptadine
賽洛欣	Psilocin
贝斯虫	Babesia
责任方	Responsible party
赖氨酸	Lysine
赛吸磷	Crotoxyphos
赛庚啶	Cyproheptadine
赛洛欣	Psilocin
赤藓红	Erythrosine B
赤藓醇	Erythritol
赤蘚紅	Erythrosine B
赤蘚醇	Erythritol
超广谱	extended spectrum
超廣譜	extended spectrum
軍團菌	Legionella
軟骨素	Chondroitin-6-sulfate
軸長度	Axial length
輔因子	Cofactor
輕瀉劑	Laxatives
輸方式	Transport
輻射松	Pinus radiata
软骨素	Chondroitin-6-sulfate
轴长度	Axial length
轻泻剂	Laxatives
辅因子	Cofactor
辐射松	Pinus radiata
输方式	Transport
辛二酸	Suberate
辣薄荷	Mentha piperita
过表达	overexpressing HPV E6+E7
连蛋白	Zonulin
适应症	Indication ICD code
适应证	Indication
选择素	E selectin
透明度	Clarity
透析液	Dialysate fluid
透照度	Transillumination
速滅磷	Mevinphos
速灭磷	Mevinphos
連蛋白	Zonulin
遊黴素	Natamycin
過表達	overexpressing HPV E6+E7
適應症	Indication ICD code
適應證	Indication
選擇素	E selectin
邻甲酚	Orthocresol
鄰甲酚	Orthocresol
酒石黃	Tartrazine
酒石黄	Tartrazine
酚磺酞	Phenolsulphonphthalein
酪氨酸	Tyrosine
酪蛋白	Casein
酪酪肽	Peptide YY
酮丁酸	2-Ketobutyrate
酮咯酸	Ketorolac
酮康唑	Ketoconazole
酮洛芬	Ketoprofen
酮脂酰	3-ketoacyl-CoA thiolase
酮脂醯	3-ketoacyl-CoA thiolase
酵母样	yeastlike
酵母樣	yeastlike
酵母菌	Yeast
酸乙酯	Ethyl
酸乳酪	Yogurt
酸性紅	Azorubine
酸性红	Azorubine
酸果蔓	Vaccinium oxycoccos
酸腺苷	Adenosine
醛固酮	Aldosterone
醛縮酶	Aldolase
醛缩酶	Aldolase
重視圖	Views
重视图	Views
重量差	Weight difference
重金属	Heavy metals
重金屬	Heavy metals
野燕麥	Avena sativa
野燕麦	Avena sativa
野猪肉	Wild boar meat
野蚕丝	Silk wild
野蠶絲	Silk wild
野豬肉	Wild boar meat
金头鲷	Sparus aurata
金雀儿	Cytisus scoparius
金雀兒	Cytisus scoparius
金頭鯛	Sparus aurata
釣鮟鱇	Lophius piscatoris
鈉攝入	Sodium intake
鈉洛酮	Naloxone
鈣三醇	Calcitriol
鈣二醇	Calcidiol
鈣化醇	Calciferol
鈣攝入	Calcium intake
鈣目標	Calcium goal
鈣結晶	Calcium
鈣鎂磷	Calcium magnesium phosphate
鈷攝入	Cobalt intake
鉀攝入	Potassium intake
鉀目標	Potassium goal
鉬攝入	Molybdenum intake
鉻攝入	Chromium intake
鉻組套	Chromium
鉻酸鹽	Chromate
銀白楊	Populus alba
銅攝入	Copper intake
銅組套	Copper
銨離子	Ammonium ion
鋅攝入	Zinc intake
錳攝入	Manganese intake
錳組套	Manganese
鎂攝入	Magnesium intake
鎂磷石	Newberyite
鎮靜劑	Tranquilizers
鏈格孢	Alternaria alternata
鏈激酶	Streptokinase
鏈球菌	Streptococcus
鏈甾醇	Desmosterol
鏈黴素	Streptomycin
鐮孢菌	Fusarium
鐵攝入	Iron intake
鐵蛋白	Ferritin
鐵調素	Hepcidin
钓鮟鱇	Lophius piscatoris
钙三醇	Calcitriol
钙二醇	Calcidiol
钙化醇	Calciferol
钙摄入	Calcium intake
钙目标	Calcium goal
钙结晶	Calcium
钙镁磷	Calcium magnesium phosphate
钠摄入	Sodium intake
钠洛酮	Naloxone
钴摄入	Cobalt intake
钼摄入	Molybdenum intake
钾摄入	Potassium intake
钾目标	Potassium goal
铁摄入	Iron intake
铁蛋白	Ferritin
铁调素	Hepcidin
铜摄入	Copper intake
铜组套	Copper
铬摄入	Chromium intake
铬组套	Chromium
铬酸盐	Chromate
铵离子	Ammonium ion
银白杨	Populus alba
链格孢	Alternaria alternata
链激酶	Streptokinase
链球菌	Streptococcus
链甾醇	Desmosterol
链霉素	Streptomycin
锌摄入	Zinc intake
锰摄入	Manganese intake
锰组套	Manganese
镁摄入	Magnesium intake
镁磷石	Newberyite
镇静剂	Tranquilizers
镰孢菌	Fusarium
長效性	long acting
長芒莧	Amaranthus palmeri
長葉松	Pinus palustris
長角豆	Ceratonia siliqua
長額蝦	Pandalus borealis
长叶松	Pinus palustris
长效性	long acting
长芒苋	Amaranthus palmeri
长角豆	Ceratonia siliqua
长额虾	Pandalus borealis
開窗術	Fenestration
間皮素	Mesothelin
間羥胺	Metaraminol
間隔壁	septal wall
關節內	W In-111 intrajoint
间皮素	Mesothelin
间羟胺	Metaraminol
间隔壁	septal wall
防御素	Beta defensin
防禦素	Beta defensin
阻塞性	obstructive
阿坎酸	Acamprosate
阿大林	Carbromal
阿库铵	Alcuronium
阿庫銨	Alcuronium
阿托品	Atropine
阿米巴	Amoeba
阿託品	Atropine
阿霉素	DOXOrubicin
阿黴素	DOXOrubicin
附带的	incidental
附帶的	incidental
降烟碱	Nornicotine
降糖药	Hypoglycemics
降糖藥	Hypoglycemics
降菸鹼	Nornicotine
降鈣素	Calcitonin
降钙素	Calcitonin
除草剂	Herbicide
除草劑	Herbicide
除虫菊	Chrysanthemum cinerariifolium
除蟲菊	Chrysanthemum cinerariifolium
隐斜视	Heterophoria
隐球菌	Cryptococcus
隱斜視	Heterophoria
隱球菌	Cryptococcus
雀麥草	Bromus inermis
雀麦草	Bromus inermis
雌三醇	Estriol
雌二醇	Estradiol E2
雌激素	Estrogen
雙孢菇	Agaricus bisporus
雙峰群	dual population
雙環胺	Dicyclomine
雙硫磷	Temephos
雙硫醒	Disulfiram
雙鞭藻	Dinoflagellate
雙頭部	duplicate head
雞油菌	Cantharellus cibarius
雞糞便	Chicken droppings
雞羽毛	Chicken feather
雞血清	Chicken serum
離開時	at exit
雷伯菌	Klebsiella
電解質	Electrolytes
霍金素	Hawkinsin
青光眼	Glaucoma
青辣椒	Pepper green
青霉素	Penicillin
青霉胺	Penicillamine
青黴素	Penicillin
青黴胺	Penicillamine
静置性	stationary
静脉血	Venous blood
靜置性	stationary
靜脈血	Venous blood
非氨酯	Felbamate
面神經	Facial nerve (CN VII) exam
面神经	Facial nerve (CN VII) exam
鞘內壓	Intrathecal pressure
鞘内压	Intrathecal pressure
鞘磷脂	Sphingomyelin
響應度	Level of responsiveness
順應性	Compliance
預測值	predicted
預產期	Estimated date of delivery
預計法	predicted
頜凸角	Angle of convexity
頰黏膜	Buccal mucosa
類多層	Multisection
類肝素	Heparinoid
顺应性	Compliance
预产期	Estimated date of delivery
预测值	predicted
预计法	predicted
颊粘膜	Buccal mucosa
颌凸角	Angle of convexity
飄浮菱	Trapa natans
飘浮菱	Trapa natans
食慾素	Orexin-A
食欲素	Orexin-A
香碗豆	Pisum sativum var
香脂杨	Populus balsamifera
香脂楊	Populus balsamifera
馬吲哚	Mazindol
馬尿酸	Hippurate
馬拉松	Malathion
馬毛屑	Horse dander
馬鈴薯	Solanum tuberosum
马吲哚	Mazindol
马尿酸	Hippurate
马拉松	Malathion
马毛屑	Horse dander
马铃薯	Solanum tuberosum
骨宽度	Bone width
骨寬度	Bone width
骨鈣素	Osteocalcin BGP
骨钙素	Osteocalcin BGP
骨長度	Bone length
骨长度	Bone length
骨高度	Bone height
髓磷脂	Myelin
體吸蟲	Schistosoma
體溫單	Temperature charts
體細胞	Somatic cells
高氯酸	Perchlorate
高肌肽	Homocarnosine
高血糖	High blood glucose
魚子醬	Caviar
魯氏菌	Brucella
魴魚卵	Lumpfish roe
鱷梨醇	Perseitol
鱼子酱	Caviar
鲁氏菌	Brucella
鲂鱼卵	Lumpfish roe
鳄梨醇	Perseitol
鳥嘌呤	Guanine
鳥氨酸	Ornithine
鳳尾魚	Engraulis encrasicolus
鴕鳥肉	Ostrich meat
鴨羽毛	Duck feather
鵝羽毛	Goose feather
鵝肌肽	Anserine
鵪鶉肉	Quail meat
鵪鶉蛋	Quail egg
鷹嘴豆	Cicer arientinum
鸟嘌呤	Guanine
鸟氨酸	Ornithine
鸡油菌	Cantharellus cibarius
鸡粪便	Chicken droppings
鸡羽毛	Chicken feather
鸡血清	Chicken serum
鸭羽毛	Duck feather
鸵鸟肉	Ostrich meat
鹅羽毛	Goose feather
鹅肌肽	Anserine
鹌鹑肉	Quail meat
鹌鹑蛋	Quail egg
鹰嘴豆	Cicer arientinum
鹹魚食	Saline fish feed
鹼剩餘	Base excess
鹼缺失	Base deficit
鹽黴素	Salinomycin
麒麟菜	Eucheuma
麥芽糖	Maltose
麥草畏	Dicamba
麥角胺	Ergotamine
麦芽糖	Maltose
麦草畏	Dicamba
麦角胺	Ergotamine
麴黴屬	Aspergillus sp CYP51
麴黴菌	Aspergillus
麻醉剂	Narcotics
麻醉劑	Narcotics
麻黃鹼	ePHEDrine
麻黄碱	ePHEDrine
黃南瓜	Squash yellow
黃原膠	Xanthan gum
黃嘌呤	Xanthine
黃尿酸	Xanthurenate
黃染料	Yellow dye
黃病毒	Flavivirus
黃秋葵	Abelmoschus esculentus
黃粉蟲	Tenebrio molitor
黃花柳	Salix caprea
黃花茅	Anthoxanthum odoratum
黃花高	Arbekacin
黃蓍膠	Gum Tragacanth
黃蝶呤	Xanthopterin
黃香附	Cyperus esculentus
黃麴黴	Aspergillus flavus
黄南瓜	Squash yellow
黄原胶	Xanthan gum
黄嘌呤	Xanthine
黄尿酸	Xanthurenate
黄曲霉	Aspergillus flavus
黄染料	Yellow dye
黄病毒	Flavivirus
黄秋葵	Abelmoschus esculentus
黄粉虫	Tenebrio molitor
黄花柳	Salix caprea
黄花茅	Anthoxanthum odoratum
黄花高	Arbekacin
黄蓍胶	Gum Tragacanth
黄蝶呤	Xanthopterin
黄香附	Cyperus esculentus
黏液丝	Mucus strands
黏液絲	Mucus strands
黑曲霉	Aspergillus niger
黑根霉	Rhizopus nigricans
黑根黴	Rhizopus nigricans
黑梣木	Fraxinus nigra
黑洋槐	Robinia pseudoacacia
黑線鱈	Melanogrammus aeglefinus
黑线鳕	Melanogrammus aeglefinus
黑胡椒	Piper nigrum
黑色素	Melanin
黑麴黴	Aspergillus niger
點壓低	J point depression
點試驗	Worth
鼠尾草	Salvia officinalis
鼠得克	Difenacoum
鼻唇角	Naso-labial angle
鼻病毒	Rhinovirus
鼻胃管	nasogastric tube
龍膽酸	Gentisate
龍頭竹	Bambusa vulgaris
龐貝病	Pompe disease
龙头竹	Bambusa vulgaris
龙胆酸	Gentisate
A肝	Hepatitis A HAV
C肽	C peptide
丁香	Clove Syzygium aromaticum Eugenia caryophyllata
七氯	Heptachlor
上侧	superior
上側	superior
上段	Upper segment
下侧	inferior
下側	inferior
下射	down
下段	Lower segment
中和	Neut
中型	medium
中幼	polychromatophilic
中性	neutral
中片	midpiece
中距	intermediate
中部	mid
临床	clinical
主要	primary
主訴	Chief complaint
主诉	Chief complaint
主軸	Major axis
主轴	Major axis
乐果	Dimethoate
乙炔	Acetylene
乙苯	Ethyl benzene
乳清	Cow whey
乳胶	Latex
乳膠	Latex
乾燥	dried
乾重	dry weight
云杉	Picea excelsa
亚麻	Linum usitatissimum
亞麻	Linum usitatissimum
人参	Panax ginseng
人參	Panax ginseng
体温	Body temperature
体表	Body surface
体重	Body weight
來檬	Citrus aurantifolia
供体	donor
供體	donor
侵袭	invasion
侵襲	invasion
倭瓜	Squash
備註	Comments
內徑	Internal diameter
內旋	Internal rotation
兵豆	Lens esculenta
其他	other
内径	Internal diameter
内旋	Internal rotation
冠臀	crown rump
凤梨	Ananas comosus
出射	out
出芽	budding
出院	discharge
刺柏	Juniper
刺苋	Pigweed spiny
刺莧	Pigweed spiny
剂型	Dose form
剂量	dose
前体	prohormone precursor proprotein pro
前后	anterior-posterior
前後	anterior-posterior
前體	prohormone precursor proprotein pro
剩余	remaining
剩餘	remaining
劑型	Dose form
劑量	dose
加速	Acceleration
北艾	Artemisia vulgaris
单体	monomeric
单链	DNA single strand
卤虫	Artemia salina
印象	Impression
卵泡	Follicles
卵黃	Egg yolk
卵黄	Egg yolk
原始	original
双眼	binocular
双链	DNA double strand
口腔	oral
右侧	right
右側	right
叶杨	Populus
叶酸	Folate
同意	Consent
名字	First name
后壁	posterior wall
听阈	Hearing threshold
吸入	inspired
呕吐	emesis
周围	circumferential
周圍	circumferential
周長	Circumference
周长	Circumference
呼出	expired
呼气	expiration
呼氣	expiration
咖哩	Curry
唾液	salivary
喘定	Dyphylline
單鏈	DNA single strand
單體	monomeric
嘔吐	emesis
图表	Diagram
圖表	Diagram
地肤	Kochia scoparia
地膚	Kochia scoparia
坐姿	sitting
垂直	perpendicular
基線	baseline
基线	baseline
墙草	Wall pellitory
增厚	Thickening
备注	Comments
外展	Abduction
外旋	External rotation
大便	stool
大型	large
大蒜	Allium sativum
大豆	Glycine max
大麥	Hordeum vulgare
大麦	Hordeum vulgare
大麻	Hemp
失禁	incontinent
头围	Head circumference
头部	head
奎宁	quiNINE
奎寧	quiNINE
奶粉	Milk powder
姓氏	Last name
姜黄	Curcuma longa
孕酮	Progesterone PROG
孕齡	Gestational age
孕龄	Gestational age
安定	diazePAM
实耗	elapsed
实际	actual
家兔	Rabbit
家馬	Equus caballus
家马	Equus caballus
宽大	broad
實耗	elapsed
實際	actual
寬大	broad
小型	small
小麥	Triticum aestivum
小麦	Triticum aestivum
尾尖	tail tip
尾部	tail
尿液	urine
尿素	Urea
尿酸	Uric acid UA
局部	limited
工作	Work
左侧	left
左側	left
左移	left shift
巨型	giant
巨藻	Kelp
差值	difference
干燥	dried
干重	dry weight
平坦	flat
平菇	Pleurotus ostreatus
应力	W
废丝	Silk waste
庸鰈	Hippoglossus hippoglossus
庸鲽	Hippoglossus hippoglossus
廢絲	Silk waste
建議	Recommendation
建议	Recommendation
异型	variant
异常	abnormal
引文	Citation
強直	Rigidity
强直	Rigidity
当前	current
彩超	Color Doppler ultrasound
後壁	posterior wall
心尖	apical
心房	atrium
心率	Heart rate
心肌	Myocardium
心脏	cardiac
心臟	cardiac
忍冬	Honeysuckle
快速	rapid
性状	Character
性狀	Character
总体	overall
总结	Summary
息肉	Polyps
意見	Recommendation
意见	Recommendation
慢速	slow
應力	W
成熟	mature
打鼾	snore snoring
扩充	extended
扩展	extended
批号	Lot number
批號	Lot number
指定	given
指数	index
指數	index
提綱	synoptic
提纲	synoptic
摘要	Summary note
擴充	extended
擴展	extended
支持	Support
斑豆	Bean pinto
新鮮	fresh
新鲜	fresh
无机	inorganic
晚幼	orthochromic
普通	usual
有机	organic
有核	nucleated
有機	organic
有毒	toxic
期別	Stage
期别	Stage
木糖	Xylose
木薯	Manihot esculenta crantz
末端	end
术中	during surgery
术前	preoperative
术后	postoperative
朴树	Celtis occidentalis
杀菌	Bactericidal
杂项	misc
杏树	Prunus dulcis
杏樹	Prunus dulcis
来檬	Citrus aurantifolia
松子	Pinus edulis
极化	Polarization
枕骨	occipital
枯烯	Cumene
枸树	Broussonetia papyrifera
枸樹	Broussonetia papyrifera
柑橘	Citrus reticulata
柠檬	Citrus limon
柱鏡	Cylinder
柱镜	Cylinder
柳兰	Chamerion angustifolium
柳蘭	Chamerion angustifolium
标准	standard
核型	Karyotype
核桃	Juglans regia
核磁	Magnetic resonance imaging MRI
核糖	Ribose
根霉	Rhizopus
根黴	Rhizopus
桃子	Prunus persica
案例	case
桥粒	Desmosome
检查	study
棉籽	Cottonseed
棉酚	Gossypol
椰子	Cocos nucifera
椴树	Tilia cordata
椴樹	Tilia cordata
極化	Polarization
榔榆	Ulmus pumila
榛子	Corylus avellana
樂果	Dimethoate
標準	standard
樟脑	Camphor
樟腦	Camphor
横向	transverse
横面	horizontal plane
樸樹	Celtis occidentalis
橄榄	Olea europaea
橄欖	Olea europaea
橋粒	Desmosome
橫向	transverse
橫面	horizontal plane
檢查	study
檸檬	Citrus limon
次要	secondary
欧鲽	Pleuronectes platessa
歐鰈	Pleuronectes platessa
正常	normal
步数	Number of steps
步數	Number of steps
残余	residual
殘餘	residual
殺菌	Bactericidal
母菊	Matricaria chamomilla
比剂	W
比劑	W
比較	Comparison
比较	Comparison
毛霉	Mucor
毛黴	Mucor
气味	Odor
气道	airway
氢醌	Hydroquinone
氣味	Odor
氣道	airway
氨氮	Ammonia nitrogen
氫醌	Hydroquinone
氯仿	Chloroform
氯化	chlorinated
氯喘	Clorprenaline
氯氮	Clorazepate
水痘	Varicella zoster
水稻	Oryza sativa
水蚤	Daphnia
水麻	Amaranthus tuberculatus
沙鼠	Gerbil
油桃	Prunus persica var nucipersica
油椰	Elaeis guineensis
油酸	Oleate C18:1w9
泛酸	Pantothenate
波峰	peak
波谷	trough
洋槐	Locust tree
洋艾	Artemisia absinthium
洋葱	Allium cepa
洋蓟	Cynara scolymus
洋蔥	Allium cepa
洋薊	Cynara scolymus
流产	Abortions
流產	Abortions
浊度	Turbidity
海枣	Phoenix dactylifera
海棗	Phoenix dactylifera
深层	deep
深層	deep
深部	deep
温度	Temperature
溫度	Temperature
滨菊	Chrysanthemum leucanthemum
滨藜	Saltbush
滷蟲	Artemia salina
潛行	Undermining
潜行	Undermining
濁度	Turbidity
濱菊	Chrysanthemum leucanthemum
濱藜	Saltbush
火蚁	Solenopsis
火蟻	Solenopsis
火雞	Turkey Meleagris gallopavo
火鸡	Turkey Meleagris gallopavo
烟草	Nicotiana tabacum
烟酸	Niacin
烧伤	burn
無機	inorganic
煙酸	Niacin
熊葱	Allium ursinum
熊蔥	Allium ursinum
熊蜂	Bombus terrestris
燒傷	burn
牆草	Wall pellitory
牙鱈	Whiting
牙鳕	Whiting
牛奶	Cow milk
牛至	Origanum vulgare
牡蛎	Ostrea edulis
牡蠣	Ostrea edulis
狐狸	Fox
环境	ambient
环状	cyclic
环面	Torus
现行	current
現行	current
球菌	Cocci bacteria
環境	ambient
環狀	cyclic
環面	Torus
甘蔗	Saccharum officinarum
甘薯	Ipomoea batatas
甜橙	Citrus sinensis
甜瓜	Cucumis melo
生产	Births
生產	Births
甲肝	Hepatitis A HAV
电位	Electrical potential
电子	Electron
番茄	Lycopersicon lycopersicum
異型	variant
異常	abnormal
當前	current
疥螨	Sarcoptes scabiei
疥蟎	Sarcoptes scabiei
病灶	Foci
白杨	Populus tremula
白栎	Quercus alba
白楊	Populus tremula
白櫟	Quercus alba
白豆	Bean white
白鮭	Whitefish
白鲑	Whitefish
皮肤	Skin
皮膚	Skin
皮蠹	Trogoderma angustum
盐草	Distichlis spicata
睁眼	eye opening
睜眼	eye opening
睪酮	Testosterone TES
睾酮	Testosterone TES
瞳距	Pupillary distance
短軸	Minor axis
短轴	Minor axis
石棉	Asbestos
石榴	Punica granatum
矽酮	Silicone
硅酮	Silicone
硫脂	Sulfatides
硼酸	Borate
碎裂	disintegrated
碳酸	Carbonate
磺胺	Sulfonamide
种族	Race
稠度	Consistency
種族	Race
突眼	Exopthalmia
窦道	Tunneling
竇道	Tunneling
章魚	Octopus vulgaris
章鱼	Octopus vulgaris
竹笋	Phyllostachys pubescens
竹筍	Phyllostachys pubescens
竹芋	Maranta arundinacea
简要	brief
箭魚	Xiphias gladius
箭鱼	Xiphias gladius
簡要	brief
粗針	core needle
粗针	core needle
粘性	Viscosity
粘膜	mucosal
精子	Spermatozoa
精液	Seminal fluid
糖枫	Maple sugar
糖楓	Maple sugar
紅櫟	Quercus rubra
紅花	Carthamus tinctorius
紋理	Texture
素原	B
細針	fine needle
終末	end
結論	Conclusion
綠豆	Vigna radiata
維度	dimension
網織	reticulated
線蟲	Anisakis
縮窄	Coarctation
總結	Summary
總體	overall
红栎	Quercus rubra
红花	Carthamus tinctorius
纹理	Texture
线虫	Anisakis
细针	fine needle
终末	end
结论	Conclusion
维度	dimension
绿豆	Vigna radiata
缩窄	Coarctation
网织	reticulated
罗勒	Ocimum basilicum
羅勒	Ocimum basilicum
美学	Aesthetics
美學	Aesthetics
羟嗪	hydrOXYzine
羥嗪	hydrOXYzine
职业	Occupation History of Occupation
職業	Occupation History of Occupation
聽閾	Hearing threshold
肌酐	Creatinine CRE
肌酸	Creatine
肝功	Liver function panel LFT
肥大	Hypertrophy
肺泡	alveolar
肾功	Renal function panel
肾素	Renin
胃管	gastric tube
胃酸	Gastric acid
胆汁	Bile
胎位	Fetal position
胎儿	fetal
胎兒	fetal
胎盘	placenta
胎盤	placenta
胞浆	cytoplasmic
胞漿	cytoplasmic
胡蜂	Vespa crabro
胡麻	Sesamum indicum
胸廓	thorax
胸片	Chest radiograph CXR
脂类	Lipids
脂類	Lipids
脈壓	Pulse pressure
脉压	Pulse pressure
脫落	Exfoliation
脱落	Exfoliation
腎功	Renal function panel
腎素	Renin
腰果	Anacardium occidentale
腹围	Abdominal circumference
腹圍	Abdominal circumference
膽汁	Bile
臨床	clinical
自主	spontaneous
自体	autologous
自體	autologous
臭椿	Ailanthus altissima
色覺	Color vision
色觉	Color vision
芒果	Mangifera indica
芥菜	Mustard
芥酸	Fatty acids very long chain C22:1n9 Erucate
芦苇	Phragmites communis
芦荟	Aloe vera
芫荽	Coriandrum sativum
芹菜	Apium graveolens
苍耳	Xanthium commune
苯环	Benzene ring
苯環	Benzene ring
苹果	Malus sylvestris
茄子	Solanum melongena
茴芹	Pimpinella anisum
草莓	Fragaria vesca
草酸	Oxalate
荔枝	Litchi chinensis
荞麦	Fagopyrum esculentum
莱基	Mesityl oxide
莳萝	Cuminum cyminum
莴苣	Lactuca sativa
菊糖	Inulin
菊苣	Cichorium intybus
菌丝	hyphae
菌絲	hyphae
菜椒	Capsicum annuum
菠菜	Spinacia oleracea
菸草	Nicotiana tabacum
萊基	Mesityl oxide
萌出	Eruption
萝卜	Raphanus sativus
萵苣	Lactuca sativa
葉楊	Populus
葉酸	Folate
葎草	Humulus japonicus
葡萄	Vitis vinifera
蒔蘿	Cuminum cyminum
蒼耳	Xanthium commune
蓖麻	Ricinus communis
蓝莓	Vaccinium myrtillus
蔗糖	Sucrose
蕎麥	Fagopyrum esculentum
薑黃	Curcuma longa
薯蓣	Dioscorea batatas
薯蕷	Dioscorea batatas
藍莓	Vaccinium myrtillus
藜麥	Quinoa Chenopodium quinoa
藜麦	Quinoa Chenopodium quinoa
藻类	Algae
藻類	Algae
蘆葦	Phragmites communis
蘆薈	Aloe vera
蘋果	Malus sylvestris
蘑菇	Mushroom
蘿蔔	Raphanus sativus
虫卵	Ova and parasites Parasite ova
虹鱒	Oncorhynchus mykiss
虹鳟	Oncorhynchus mykiss
蚋类	Simulium venustum
蚋類	Simulium venustum
蚕豆	Vicia faba
蜂蜜	Honey
蟲卵	Ova and parasites Parasite ova
蠕虫	Helminth
蠕蟲	Helminth
蠶豆	Vicia faba
血沉	Erythrocyte sedimentation rate ESR
血流	Blood flow
血浆	plasma
血清	serum
血漿	plasma
術中	during surgery
術前	preoperative
術後	postoperative
表浅	superficial
表淺	superficial
表皮	Epidermis
裂縫	clefted
裂缝	clefted
西瓜	Citrullus lanatus
視力	Visual acuity
覺醒	arousal awakening
视力	Visual acuity
觉醒	arousal awakening
角树	Carpinus betulus
角樹	Carpinus betulus
言語	verbal
言语	verbal
討論	Discussion
讨论	Discussion
谷象	Sitophilus granarius
豇豆	Vigna sinensis
豌豆	Pisum sativum
豚草	Ambrosia elatior
貧化	depleted
贫化	depleted
超声	Ultrasound US
超聲	Ultrasound US
身高	Body height
軸位	transverse
轴位	transverse
辣根	Armoracia rusticana
辣椒	Capsicum frutescens
近端	proximal
近距	near
远处	distant
远距	far
透射	Transmission
速度	velocity
遠處	distant
遠距	far
酚丁	Oxyphenisatin
酚酞	Phenolphthalein
酮体	Ketones
酮體	Ketones
酸度	Acidity
重鏈	heavy chain
重链	heavy chain
銀杏	Ginkgo
銀柳	Elaeagnus angustifolia
銀槭	Maple silver
银杏	Ginkgo
银柳	Elaeagnus angustifolia
银槭	Maple silver
長軸	Long axis
长轴	Long axis
閃輝	Flare
閉合	occlusion
閏盤	Intercalated disk
闪辉	Flare
闭合	occlusion
闰盘	Intercalated disk
阳性	positive
陡峭	steep
陽性	positive
随访	Follow-up
隨訪	Follow-up
雉雞	Pheasant
雉鸡	Pheasant
雏菊	Bellis perennis
雙眼	binocular
雙鏈	DNA double strand
雛菊	Bellis perennis
雜項	misc
雞肉	Chicken meat
雪松	Libocedrus decurrens
雲杉	Picea excelsa
零食	Snacks
電位	Electrical potential
電子	Electron
青豆	Bean green
青鱈	Pollachius virens
青鳕	Pollachius virens
静息	resting
靜息	resting
頭圍	Head circumference
頭部	head
額面	frontal plane
顏色	Color
顳側	temporal
颜色	Color
额面	frontal plane
颞侧	temporal
香草	Vanilla Vanilla planifolia
香蕈	Agaricus hortensis
馬奶	Mare milk
馬肉	Horse meat
馬蠅	Gasterophilus intestinalis
马奶	Mare milk
马肉	Horse meat
马蝇	Gasterophilus intestinalis
體溫	Body temperature
體表	Body surface
體重	Body weight
鯉魚	Carp
鯊魚	Shark
鯕鰍	Coryphaena hippurus
鯖魚	Scomber scombrus
鯰魚	Ictalurus punctatus
鰻鱺	Anguilla anguilla
鱈魚	Gadus morhua
鱸魚	Micropterus salmoides
鲈鱼	Micropterus salmoides
鲤鱼	Carp
鲨鱼	Shark
鲭鱼	Scomber scombrus
鲯鳅	Coryphaena hippurus
鲶鱼	Ictalurus punctatus
鳕鱼	Gadus morhua
鳗鲡	Anguilla anguilla
鳳梨	Ananas comosus
鴨肉	Duck meat
鴨茅	Dactylis glomerata
鵝肉	Goose meat
鸡肉	Chicken meat
鸭肉	Duck meat
鸭茅	Dactylis glomerata
鹅肉	Goose meat
鹽草	Distichlis spicata
鹿毛	Deer hair
麥塵	Wheat dust
麥芽	Malt
麥麩	Bran wheat
麦尘	Wheat dust
麦芽	Malt
麦麸	Bran wheat
黃瓜	Cucumis sativus
黃豆	Bean yellow
黄瓜	Cucumis sativus
黄豆	Bean yellow
黏膜	mucosal
黑柳	Salix nigra
黑莓	Rubus fruticosus
黑蚁	Monomorium minimum
黑蟻	Monomorium minimum
黑豆	Bean black
黑麥	Secale cereale
黑麦	Secale cereale
鼻侧	nasal
鼻側	nasal
鼾声	snore snoring
鼾聲	snore snoring
龍蒿	Artemisia dracunculus
龙蒿	Artemisia dracunculus
氯	Chloride Cl
磷	Phosphate P
鈉	Sodium Na
鈣	Calcium Ca
鉀	Potassium K
鎂	Magnesium Mg
鐵	Iron Fe
钙	Calcium Ca
钠	Sodium Na
钾	Potassium K
铁	Iron Fe
镁	Magnesium Mg
